method_id,method_label,coverage,mean_len,sd_len,scenario_id,scenario_label,rep,seed,tau_quantile,tau,n,test_frac,p,beta_scale,sigma,cens_target,alpha,B,split_frac,censor_rate_emp,admin_mass_emp
cp_cox_full,CP + Cox,0.8816666666666667,1.1265230895193565,0.20236838195605228,aft_lognormal_linear,Log-Normal AFT (Linear),1,20430416,0.7,1.5613287635690443,2000,0.3,3,0.3,0.7,0.2,0.1,1500,0.5,0.41,0.20785714285714285
cp_cox_halfsplit,CP + Cox (Half-Split),0.8783333333333333,1.1297303403859251,0.19474869798897165,aft_lognormal_linear,Log-Normal AFT (Linear),1,20430416,0.7,1.5613287635690443,2000,0.3,3,0.3,0.7,0.2,0.1,1500,0.5,0.41,0.20785714285714285
cp_cox_full,CP + Cox,0.925,1.2361676316630696,0.172417721154042,aft_lognormal_linear,Log-Normal AFT (Linear),2,20430417,0.7,1.6377713071231406,2000,0.3,3,0.3,0.7,0.2,0.1,1500,0.5,0.43714285714285717,0.21714285714285714
cp_cox_halfsplit,CP + Cox (Half-Split),0.9266666666666666,1.2557943257111746,0.16612117747596192,aft_lognormal_linear,Log-Normal AFT (Linear),2,20430417,0.7,1.6377713071231406,2000,0.3,3,0.3,0.7,0.2,0.1,1500,0.5,0.43714285714285717,0.21714285714285714
cp_cox_full,CP + Cox,0.9133333333333333,1.1071081410774604,0.21635492813894094,aft_lognormal_linear,Log-Normal AFT (Linear),3,20430418,0.7,1.543620200540166,2000,0.3,3,0.3,0.7,0.2,0.1,1500,0.5,0.41,0.21785714285714286
cp_cox_halfsplit,CP + Cox (Half-Split),0.9266666666666666,1.1172268509466532,0.2183007278420532,aft_lognormal_linear,Log-Normal AFT (Linear),3,20430418,0.7,1.543620200540166,2000,0.3,3,0.3,0.7,0.2,0.1,1500,0.5,0.41,0.21785714285714286
cp_cox_full,CP + Cox,0.89,1.1002454462281195,0.16406103482086667,aft_lognormal_linear,Log-Normal AFT (Linear),4,20430419,0.7,1.5284986820364819,2000,0.3,3,0.3,0.7,0.2,0.1,1500,0.5,0.3985714285714286,0.21142857142857144
cp_cox_halfsplit,CP + Cox (Half-Split),0.8866666666666667,1.0947811570634038,0.1592606530643199,aft_lognormal_linear,Log-Normal AFT (Linear),4,20430419,0.7,1.5284986820364819,2000,0.3,3,0.3,0.7,0.2,0.1,1500,0.5,0.3985714285714286,0.21142857142857144
cp_cox_full,CP + Cox,0.915,1.1486679763831211,0.1957175539521108,aft_lognormal_linear,Log-Normal AFT (Linear),5,20430420,0.7,1.5780712536753878,2000,0.3,3,0.3,0.7,0.2,0.1,1500,0.5,0.4014285714285714,0.2042857142857143
cp_cox_halfsplit,CP + Cox (Half-Split),0.9,1.1295139670710976,0.20663250163516717,aft_lognormal_linear,Log-Normal AFT (Linear),5,20430420,0.7,1.5780712536753878,2000,0.3,3,0.3,0.7,0.2,0.1,1500,0.5,0.4014285714285714,0.2042857142857143
cp_cox_full,CP + Cox,0.905,1.0651246267635115,0.18023647271787988,aft_lognormal_linear,Log-Normal AFT (Linear),6,20430421,0.7,1.4916201107215623,2000,0.3,3,0.3,0.7,0.2,0.1,1500,0.5,0.4107142857142857,0.21357142857142858
cp_cox_halfsplit,CP + Cox (Half-Split),0.91,1.0762380407408265,0.1718980270762346,aft_lognormal_linear,Log-Normal AFT (Linear),6,20430421,0.7,1.4916201107215623,2000,0.3,3,0.3,0.7,0.2,0.1,1500,0.5,0.4107142857142857,0.21357142857142858
cp_cox_full,CP + Cox,0.905,1.1718488795235895,0.20144217253431976,aft_lognormal_linear,Log-Normal AFT (Linear),7,20430422,0.7,1.6141002190977858,2000,0.3,3,0.3,0.7,0.2,0.1,1500,0.5,0.4207142857142857,0.22214285714285714
cp_cox_halfsplit,CP + Cox (Half-Split),0.8983333333333333,1.1523749794555092,0.21712359965481878,aft_lognormal_linear,Log-Normal AFT (Linear),7,20430422,0.7,1.6141002190977858,2000,0.3,3,0.3,0.7,0.2,0.1,1500,0.5,0.4207142857142857,0.22214285714285714
cp_cox_full,CP + Cox,0.8816666666666667,1.1464730716622165,0.17931196001075358,aft_lognormal_linear,Log-Normal AFT (Linear),8,20430423,0.7,1.5701488095808027,2000,0.3,3,0.3,0.7,0.2,0.1,1500,0.5,0.40714285714285714,0.23
cp_cox_halfsplit,CP + Cox (Half-Split),0.8783333333333333,1.142739020611313,0.18317027496981295,aft_lognormal_linear,Log-Normal AFT (Linear),8,20430423,0.7,1.5701488095808027,2000,0.3,3,0.3,0.7,0.2,0.1,1500,0.5,0.40714285714285714,0.23
cp_cox_full,CP + Cox,0.8883333333333333,1.0935135844565333,0.18218833936216144,aft_lognormal_linear,Log-Normal AFT (Linear),9,20430424,0.7,1.5454638102348097,2000,0.3,3,0.3,0.7,0.2,0.1,1500,0.5,0.3871428571428571,0.20142857142857143
cp_cox_halfsplit,CP + Cox (Half-Split),0.885,1.091305583397469,0.18035091275049844,aft_lognormal_linear,Log-Normal AFT (Linear),9,20430424,0.7,1.5454638102348097,2000,0.3,3,0.3,0.7,0.2,0.1,1500,0.5,0.3871428571428571,0.20142857142857143
cp_cox_full,CP + Cox,0.8766666666666667,1.1109909880012752,0.19269955417447582,aft_lognormal_linear,Log-Normal AFT (Linear),10,20430425,0.7,1.5665568267584975,2000,0.3,3,0.3,0.7,0.2,0.1,1500,0.5,0.4064285714285714,0.2007142857142857
cp_cox_halfsplit,CP + Cox (Half-Split),0.8916666666666667,1.1531229354235786,0.157445257794566,aft_lognormal_linear,Log-Normal AFT (Linear),10,20430425,0.7,1.5665568267584975,2000,0.3,3,0.3,0.7,0.2,0.1,1500,0.5,0.4064285714285714,0.2007142857142857
cp_cox_full,CP + Cox,0.9016666666666666,1.1607232116587256,0.17933104243176937,aft_lognormal_linear,Log-Normal AFT (Linear),11,20430426,0.7,1.5921749472460438,2000,0.3,3,0.3,0.7,0.2,0.1,1500,0.5,0.40714285714285714,0.21428571428571427
cp_cox_halfsplit,CP + Cox (Half-Split),0.88,1.1346975146704708,0.20204897768171184,aft_lognormal_linear,Log-Normal AFT (Linear),11,20430426,0.7,1.5921749472460438,2000,0.3,3,0.3,0.7,0.2,0.1,1500,0.5,0.40714285714285714,0.21428571428571427
cp_cox_full,CP + Cox,0.9133333333333333,1.1375405473030675,0.20086975528338039,aft_lognormal_linear,Log-Normal AFT (Linear),12,20430427,0.7,1.547843520212803,2000,0.3,3,0.3,0.7,0.2,0.1,1500,0.5,0.4042857142857143,0.19714285714285715
cp_cox_halfsplit,CP + Cox (Half-Split),0.9116666666666666,1.1499214657149603,0.1721505835946078,aft_lognormal_linear,Log-Normal AFT (Linear),12,20430427,0.7,1.547843520212803,2000,0.3,3,0.3,0.7,0.2,0.1,1500,0.5,0.4042857142857143,0.19714285714285715
cp_cox_full,CP + Cox,0.8966666666666666,1.1431093675816846,0.15367948135171247,aft_lognormal_linear,Log-Normal AFT (Linear),13,20430428,0.7,1.5214216814287516,2000,0.3,3,0.3,0.7,0.2,0.1,1500,0.5,0.43,0.205
cp_cox_halfsplit,CP + Cox (Half-Split),0.8733333333333333,1.1096674264707052,0.17579140492521844,aft_lognormal_linear,Log-Normal AFT (Linear),13,20430428,0.7,1.5214216814287516,2000,0.3,3,0.3,0.7,0.2,0.1,1500,0.5,0.43,0.205
cp_cox_full,CP + Cox,0.87,1.1353262795784549,0.204869107106895,aft_lognormal_linear,Log-Normal AFT (Linear),14,20430429,0.7,1.5672314985358062,2000,0.3,3,0.3,0.7,0.2,0.1,1500,0.5,0.39,0.20285714285714285
cp_cox_halfsplit,CP + Cox (Half-Split),0.88,1.1433760170542921,0.21141960466895265,aft_lognormal_linear,Log-Normal AFT (Linear),14,20430429,0.7,1.5672314985358062,2000,0.3,3,0.3,0.7,0.2,0.1,1500,0.5,0.39,0.20285714285714285
cp_cox_full,CP + Cox,0.9066666666666666,1.1658041821771032,0.22810158810626344,aft_lognormal_linear,Log-Normal AFT (Linear),15,20430430,0.7,1.6101979447747907,2000,0.3,3,0.3,0.7,0.2,0.1,1500,0.5,0.4114285714285714,0.21928571428571428
cp_cox_halfsplit,CP + Cox (Half-Split),0.9083333333333333,1.1550263114714217,0.23955506556051276,aft_lognormal_linear,Log-Normal AFT (Linear),15,20430430,0.7,1.6101979447747907,2000,0.3,3,0.3,0.7,0.2,0.1,1500,0.5,0.4114285714285714,0.21928571428571428
cp_cox_full,CP + Cox,0.9066666666666666,1.1601518187865767,0.22249166950040591,aft_lognormal_linear,Log-Normal AFT (Linear),16,20430431,0.7,1.593159829855027,2000,0.3,3,0.3,0.7,0.2,0.1,1500,0.5,0.3892857142857143,0.19714285714285715
cp_cox_halfsplit,CP + Cox (Half-Split),0.92,1.1928191815568572,0.1855284714143444,aft_lognormal_linear,Log-Normal AFT (Linear),16,20430431,0.7,1.593159829855027,2000,0.3,3,0.3,0.7,0.2,0.1,1500,0.5,0.3892857142857143,0.19714285714285715
cp_cox_full,CP + Cox,0.8816666666666667,1.0619638327407088,0.19858005770779683,aft_lognormal_linear,Log-Normal AFT (Linear),17,20430432,0.7,1.5127960224482693,2000,0.3,3,0.3,0.7,0.2,0.1,1500,0.5,0.4,0.21142857142857144
cp_cox_halfsplit,CP + Cox (Half-Split),0.92,1.1193637933951885,0.15419866442168984,aft_lognormal_linear,Log-Normal AFT (Linear),17,20430432,0.7,1.5127960224482693,2000,0.3,3,0.3,0.7,0.2,0.1,1500,0.5,0.4,0.21142857142857144
cp_cox_full,CP + Cox,0.9033333333333333,1.136008789242546,0.18514362776233684,aft_lognormal_linear,Log-Normal AFT (Linear),18,20430433,0.7,1.5629035099643804,2000,0.3,3,0.3,0.7,0.2,0.1,1500,0.5,0.42142857142857143,0.21642857142857144
cp_cox_halfsplit,CP + Cox (Half-Split),0.9066666666666666,1.1273433644008917,0.2127313616712172,aft_lognormal_linear,Log-Normal AFT (Linear),18,20430433,0.7,1.5629035099643804,2000,0.3,3,0.3,0.7,0.2,0.1,1500,0.5,0.42142857142857143,0.21642857142857144
cp_cox_full,CP + Cox,0.915,1.163585604388362,0.12922605349733926,aft_lognormal_linear,Log-Normal AFT (Linear),19,20430434,0.7,1.5435570626579873,2000,0.3,3,0.3,0.7,0.2,0.1,1500,0.5,0.41928571428571426,0.22785714285714287
cp_cox_halfsplit,CP + Cox (Half-Split),0.9,1.128768760067238,0.16297760718362497,aft_lognormal_linear,Log-Normal AFT (Linear),19,20430434,0.7,1.5435570626579873,2000,0.3,3,0.3,0.7,0.2,0.1,1500,0.5,0.41928571428571426,0.22785714285714287
cp_cox_full,CP + Cox,0.9033333333333333,1.1199115573078802,0.19006073285172648,aft_lognormal_linear,Log-Normal AFT (Linear),20,20430435,0.7,1.584352592763175,2000,0.3,3,0.3,0.7,0.2,0.1,1500,0.5,0.41928571428571426,0.21285714285714286
cp_cox_halfsplit,CP + Cox (Half-Split),0.905,1.1360338566529962,0.1871736179573448,aft_lognormal_linear,Log-Normal AFT (Linear),20,20430435,0.7,1.584352592763175,2000,0.3,3,0.3,0.7,0.2,0.1,1500,0.5,0.41928571428571426,0.21285714285714286
cp_cox_full,CP + Cox,0.8833333333333333,1.064404809358236,0.21934589251644224,aft_lognormal_linear,Log-Normal AFT (Linear),21,20430436,0.7,1.5307499954192283,2000,0.3,3,0.3,0.7,0.2,0.1,1500,0.5,0.41285714285714287,0.20642857142857143
cp_cox_halfsplit,CP + Cox (Half-Split),0.8916666666666667,1.0848510861894494,0.20872047719067058,aft_lognormal_linear,Log-Normal AFT (Linear),21,20430436,0.7,1.5307499954192283,2000,0.3,3,0.3,0.7,0.2,0.1,1500,0.5,0.41285714285714287,0.20642857142857143
cp_cox_full,CP + Cox,0.91,1.1137205811912778,0.2179142401763182,aft_lognormal_linear,Log-Normal AFT (Linear),22,20430437,0.7,1.545880339376204,2000,0.3,3,0.3,0.7,0.2,0.1,1500,0.5,0.42428571428571427,0.2042857142857143
cp_cox_halfsplit,CP + Cox (Half-Split),0.9433333333333334,1.207103839704725,0.1347986757541226,aft_lognormal_linear,Log-Normal AFT (Linear),22,20430437,0.7,1.545880339376204,2000,0.3,3,0.3,0.7,0.2,0.1,1500,0.5,0.42428571428571427,0.2042857142857143
cp_cox_full,CP + Cox,0.8983333333333333,1.1496994153274507,0.20806118612954286,aft_lognormal_linear,Log-Normal AFT (Linear),23,20430438,0.7,1.59452509307472,2000,0.3,3,0.3,0.7,0.2,0.1,1500,0.5,0.42857142857142855,0.21357142857142858
cp_cox_halfsplit,CP + Cox (Half-Split),0.885,1.1318773416338945,0.22218266443934848,aft_lognormal_linear,Log-Normal AFT (Linear),23,20430438,0.7,1.59452509307472,2000,0.3,3,0.3,0.7,0.2,0.1,1500,0.5,0.42857142857142855,0.21357142857142858
cp_cox_full,CP + Cox,0.8983333333333333,1.217479065714026,0.19333093817319325,aft_lognormal_linear,Log-Normal AFT (Linear),24,20430439,0.7,1.6436869526267972,2000,0.3,3,0.3,0.7,0.2,0.1,1500,0.5,0.4,0.21428571428571427
cp_cox_halfsplit,CP + Cox (Half-Split),0.895,1.211264079338457,0.19412486124562306,aft_lognormal_linear,Log-Normal AFT (Linear),24,20430439,0.7,1.6436869526267972,2000,0.3,3,0.3,0.7,0.2,0.1,1500,0.5,0.4,0.21428571428571427
cp_cox_full,CP + Cox,0.9016666666666666,1.1178981383610747,0.20936276422308633,aft_lognormal_linear,Log-Normal AFT (Linear),25,20430440,0.7,1.5759441306354631,2000,0.3,3,0.3,0.7,0.2,0.1,1500,0.5,0.40785714285714286,0.19142857142857142
cp_cox_halfsplit,CP + Cox (Half-Split),0.9233333333333333,1.1522437450168768,0.19593783432389336,aft_lognormal_linear,Log-Normal AFT (Linear),25,20430440,0.7,1.5759441306354631,2000,0.3,3,0.3,0.7,0.2,0.1,1500,0.5,0.40785714285714286,0.19142857142857142
cp_cox_full,CP + Cox,0.89,1.0737273490836081,0.1928068571021965,aft_lognormal_linear,Log-Normal AFT (Linear),26,20430441,0.7,1.5282371764360174,2000,0.3,3,0.3,0.7,0.2,0.1,1500,0.5,0.43214285714285716,0.21714285714285714
cp_cox_halfsplit,CP + Cox (Half-Split),0.9016666666666666,1.0925477649612574,0.17881262719117474,aft_lognormal_linear,Log-Normal AFT (Linear),26,20430441,0.7,1.5282371764360174,2000,0.3,3,0.3,0.7,0.2,0.1,1500,0.5,0.43214285714285716,0.21714285714285714
cp_cox_full,CP + Cox,0.9333333333333333,1.2001555467773983,0.204901574776998,aft_lognormal_linear,Log-Normal AFT (Linear),27,20430442,0.7,1.6351385908449345,2000,0.3,3,0.3,0.7,0.2,0.1,1500,0.5,0.4064285714285714,0.21785714285714286
cp_cox_halfsplit,CP + Cox (Half-Split),0.9283333333333333,1.1737995715927463,0.2280629484300205,aft_lognormal_linear,Log-Normal AFT (Linear),27,20430442,0.7,1.6351385908449345,2000,0.3,3,0.3,0.7,0.2,0.1,1500,0.5,0.4064285714285714,0.21785714285714286
cp_cox_full,CP + Cox,0.8766666666666667,1.0992543382089424,0.1943664852240748,aft_lognormal_linear,Log-Normal AFT (Linear),28,20430443,0.7,1.5689250187933927,2000,0.3,3,0.3,0.7,0.2,0.1,1500,0.5,0.39071428571428574,0.20785714285714285
cp_cox_halfsplit,CP + Cox (Half-Split),0.8866666666666667,1.1178498385372329,0.180945608112343,aft_lognormal_linear,Log-Normal AFT (Linear),28,20430443,0.7,1.5689250187933927,2000,0.3,3,0.3,0.7,0.2,0.1,1500,0.5,0.39071428571428574,0.20785714285714285
cp_cox_full,CP + Cox,0.8833333333333333,1.0989922427992636,0.2078577263533993,aft_lognormal_linear,Log-Normal AFT (Linear),29,20430444,0.7,1.5252610117722896,2000,0.3,3,0.3,0.7,0.2,0.1,1500,0.5,0.41714285714285715,0.21428571428571427
cp_cox_halfsplit,CP + Cox (Half-Split),0.8883333333333333,1.097686928325503,0.2076720747662205,aft_lognormal_linear,Log-Normal AFT (Linear),29,20430444,0.7,1.5252610117722896,2000,0.3,3,0.3,0.7,0.2,0.1,1500,0.5,0.41714285714285715,0.21428571428571427
cp_cox_full,CP + Cox,0.9233333333333333,1.1898630957939393,0.16471527453300508,aft_lognormal_linear,Log-Normal AFT (Linear),30,20430445,0.7,1.5849708649399477,2000,0.3,3,0.3,0.7,0.2,0.1,1500,0.5,0.4085714285714286,0.2092857142857143
cp_cox_halfsplit,CP + Cox (Half-Split),0.91,1.153090412647105,0.20418673052377823,aft_lognormal_linear,Log-Normal AFT (Linear),30,20430445,0.7,1.5849708649399477,2000,0.3,3,0.3,0.7,0.2,0.1,1500,0.5,0.4085714285714286,0.2092857142857143
cp_cox_full,CP + Cox,0.8683333333333333,1.5431523916630752,0.1780649265297561,aft_lognormal_linear,Log-Normal AFT (Linear),1,20440416,0.8,1.9776295132359722,2000,0.3,3,0.3,0.7,0.2,0.1,1500,0.5,0.3292857142857143,0.12357142857142857
cp_cox_halfsplit,CP + Cox (Half-Split),0.8916666666666667,1.5862294493563713,0.13384371705697828,aft_lognormal_linear,Log-Normal AFT (Linear),1,20440416,0.8,1.9776295132359722,2000,0.3,3,0.3,0.7,0.2,0.1,1500,0.5,0.3292857142857143,0.12357142857142857
cp_cox_full,CP + Cox,0.915,1.6415636153799638,0.16326650313756988,aft_lognormal_linear,Log-Normal AFT (Linear),2,20440417,0.8,2.070781851516716,2000,0.3,3,0.3,0.7,0.2,0.1,1500,0.5,0.33214285714285713,0.12285714285714286
cp_cox_halfsplit,CP + Cox (Half-Split),0.9216666666666666,1.6477420216420864,0.16463500091840252,aft_lognormal_linear,Log-Normal AFT (Linear),2,20440417,0.8,2.070781851516716,2000,0.3,3,0.3,0.7,0.2,0.1,1500,0.5,0.33214285714285713,0.12285714285714286
cp_cox_full,CP + Cox,0.9033333333333333,1.7822948874392415,0.2125379252227724,aft_lognormal_linear,Log-Normal AFT (Linear),3,20440418,0.8,2.234159054812764,2000,0.3,3,0.3,0.7,0.2,0.1,1500,0.5,0.32071428571428573,0.13428571428571429
cp_cox_halfsplit,CP + Cox (Half-Split),0.9066666666666666,1.773024212132716,0.21627518972504173,aft_lognormal_linear,Log-Normal AFT (Linear),3,20440418,0.8,2.234159054812764,2000,0.3,3,0.3,0.7,0.2,0.1,1500,0.5,0.32071428571428573,0.13428571428571429
cp_cox_full,CP + Cox,0.9366666666666666,1.5973600237789254,0.19654942910007234,aft_lognormal_linear,Log-Normal AFT (Linear),4,20440419,0.8,2.0272039878242714,2000,0.3,3,0.3,0.7,0.2,0.1,1500,0.5,0.33285714285714285,0.13285714285714287
cp_cox_halfsplit,CP + Cox (Half-Split),0.9366666666666666,1.6077548573806173,0.18346193051843707,aft_lognormal_linear,Log-Normal AFT (Linear),4,20440419,0.8,2.0272039878242714,2000,0.3,3,0.3,0.7,0.2,0.1,1500,0.5,0.33285714285714285,0.13285714285714287
cp_cox_full,CP + Cox,0.8833333333333333,1.5674860582074879,0.19647591711084267,aft_lognormal_linear,Log-Normal AFT (Linear),5,20440420,0.8,2.0094172138084554,2000,0.3,3,0.3,0.7,0.2,0.1,1500,0.5,0.3335714285714286,0.12928571428571428
cp_cox_halfsplit,CP + Cox (Half-Split),0.905,1.6285679053858146,0.1522214982688045,aft_lognormal_linear,Log-Normal AFT (Linear),5,20440420,0.8,2.0094172138084554,2000,0.3,3,0.3,0.7,0.2,0.1,1500,0.5,0.3335714285714286,0.12928571428571428
cp_cox_full,CP + Cox,0.8866666666666667,1.61554363627264,0.18050075789334585,aft_lognormal_linear,Log-Normal AFT (Linear),6,20440421,0.8,2.042107357208727,2000,0.3,3,0.3,0.7,0.2,0.1,1500,0.5,0.31357142857142856,0.1407142857142857
cp_cox_halfsplit,CP + Cox (Half-Split),0.8933333333333333,1.6385384041514721,0.1616348133164112,aft_lognormal_linear,Log-Normal AFT (Linear),6,20440421,0.8,2.042107357208727,2000,0.3,3,0.3,0.7,0.2,0.1,1500,0.5,0.31357142857142856,0.1407142857142857
cp_cox_full,CP + Cox,0.9,1.7031443231868353,0.20422611005140728,aft_lognormal_linear,Log-Normal AFT (Linear),7,20440422,0.8,2.135337266763278,2000,0.3,3,0.3,0.7,0.2,0.1,1500,0.5,0.33,0.13
cp_cox_halfsplit,CP + Cox (Half-Split),0.875,1.6531766053850563,0.23953666084471797,aft_lognormal_linear,Log-Normal AFT (Linear),7,20440422,0.8,2.135337266763278,2000,0.3,3,0.3,0.7,0.2,0.1,1500,0.5,0.33,0.13
cp_cox_full,CP + Cox,0.9233333333333333,1.5847908160505348,0.15472003982951008,aft_lognormal_linear,Log-Normal AFT (Linear),8,20440423,0.8,2.006297898780093,2000,0.3,3,0.3,0.7,0.2,0.1,1500,0.5,0.36357142857142855,0.12714285714285714
cp_cox_halfsplit,CP + Cox (Half-Split),0.9,1.541890356888253,0.19358236246259738,aft_lognormal_linear,Log-Normal AFT (Linear),8,20440423,0.8,2.006297898780093,2000,0.3,3,0.3,0.7,0.2,0.1,1500,0.5,0.36357142857142855,0.12714285714285714
cp_cox_full,CP + Cox,0.9066666666666666,1.6174319691528083,0.16162347656258613,aft_lognormal_linear,Log-Normal AFT (Linear),9,20440424,0.8,2.019753541063662,2000,0.3,3,0.3,0.7,0.2,0.1,1500,0.5,0.3092857142857143,0.12357142857142857
cp_cox_halfsplit,CP + Cox (Half-Split),0.905,1.609599792456524,0.17463366539930036,aft_lognormal_linear,Log-Normal AFT (Linear),9,20440424,0.8,2.019753541063662,2000,0.3,3,0.3,0.7,0.2,0.1,1500,0.5,0.3092857142857143,0.12357142857142857
cp_cox_full,CP + Cox,0.8883333333333333,1.5964679061233291,0.17164441945123735,aft_lognormal_linear,Log-Normal AFT (Linear),10,20440425,0.8,2.0119094670216295,2000,0.3,3,0.3,0.7,0.2,0.1,1500,0.5,0.32,0.12
cp_cox_halfsplit,CP + Cox (Half-Split),0.9116666666666666,1.6357775318805943,0.16907865035845773,aft_lognormal_linear,Log-Normal AFT (Linear),10,20440425,0.8,2.0119094670216295,2000,0.3,3,0.3,0.7,0.2,0.1,1500,0.5,0.32,0.12
cp_cox_full,CP + Cox,0.9066666666666666,1.5894834071278943,0.15005411595324583,aft_lognormal_linear,Log-Normal AFT (Linear),11,20440426,0.8,1.9932214707912976,2000,0.3,3,0.3,0.7,0.2,0.1,1500,0.5,0.3407142857142857,0.11928571428571429
cp_cox_halfsplit,CP + Cox (Half-Split),0.925,1.624781959964699,0.1254184571509034,aft_lognormal_linear,Log-Normal AFT (Linear),11,20440426,0.8,1.9932214707912976,2000,0.3,3,0.3,0.7,0.2,0.1,1500,0.5,0.3407142857142857,0.11928571428571429
cp_cox_full,CP + Cox,0.9,1.667414058654421,0.16748280123403142,aft_lognormal_linear,Log-Normal AFT (Linear),12,20440427,0.8,2.085303793183343,2000,0.3,3,0.3,0.7,0.2,0.1,1500,0.5,0.3292857142857143,0.12785714285714286
cp_cox_halfsplit,CP + Cox (Half-Split),0.91,1.6847299297463725,0.16889091822522204,aft_lognormal_linear,Log-Normal AFT (Linear),12,20440427,0.8,2.085303793183343,2000,0.3,3,0.3,0.7,0.2,0.1,1500,0.5,0.3292857142857143,0.12785714285714286
cp_cox_full,CP + Cox,0.8916666666666667,1.6093275989063485,0.201200407896849,aft_lognormal_linear,Log-Normal AFT (Linear),13,20440428,0.8,2.0518016718022065,2000,0.3,3,0.3,0.7,0.2,0.1,1500,0.5,0.34,0.135
cp_cox_halfsplit,CP + Cox (Half-Split),0.895,1.6134317654780992,0.20262581018592374,aft_lognormal_linear,Log-Normal AFT (Linear),13,20440428,0.8,2.0518016718022065,2000,0.3,3,0.3,0.7,0.2,0.1,1500,0.5,0.34,0.135
cp_cox_full,CP + Cox,0.9166666666666666,1.6029150758503088,0.1931722878506186,aft_lognormal_linear,Log-Normal AFT (Linear),14,20440429,0.8,2.02054947838418,2000,0.3,3,0.3,0.7,0.2,0.1,1500,0.5,0.32785714285714285,0.125
cp_cox_halfsplit,CP + Cox (Half-Split),0.9083333333333333,1.5773812263904465,0.2112966763943966,aft_lognormal_linear,Log-Normal AFT (Linear),14,20440429,0.8,2.02054947838418,2000,0.3,3,0.3,0.7,0.2,0.1,1500,0.5,0.32785714285714285,0.125
cp_cox_full,CP + Cox,0.895,1.772326483815965,0.1629259295643685,aft_lognormal_linear,Log-Normal AFT (Linear),15,20440430,0.8,2.1733220971529845,2000,0.3,3,0.3,0.7,0.2,0.1,1500,0.5,0.33785714285714286,0.135
cp_cox_halfsplit,CP + Cox (Half-Split),0.8983333333333333,1.7724658440114722,0.168213061519272,aft_lognormal_linear,Log-Normal AFT (Linear),15,20440430,0.8,2.1733220971529845,2000,0.3,3,0.3,0.7,0.2,0.1,1500,0.5,0.33785714285714286,0.135
cp_cox_full,CP + Cox,0.8933333333333333,1.6342504535496163,0.20866525819916196,aft_lognormal_linear,Log-Normal AFT (Linear),16,20440431,0.8,2.0585483966124043,2000,0.3,3,0.3,0.7,0.2,0.1,1500,0.5,0.3271428571428571,0.13642857142857143
cp_cox_halfsplit,CP + Cox (Half-Split),0.8933333333333333,1.6345774166984168,0.20343420259374534,aft_lognormal_linear,Log-Normal AFT (Linear),16,20440431,0.8,2.0585483966124043,2000,0.3,3,0.3,0.7,0.2,0.1,1500,0.5,0.3271428571428571,0.13642857142857143
cp_cox_full,CP + Cox,0.9116666666666666,1.5923169562794135,0.18732510074518782,aft_lognormal_linear,Log-Normal AFT (Linear),17,20440432,0.8,2.021536914838161,2000,0.3,3,0.3,0.7,0.2,0.1,1500,0.5,0.3314285714285714,0.13142857142857142
cp_cox_halfsplit,CP + Cox (Half-Split),0.9083333333333333,1.5620094346268352,0.23834584447256857,aft_lognormal_linear,Log-Normal AFT (Linear),17,20440432,0.8,2.021536914838161,2000,0.3,3,0.3,0.7,0.2,0.1,1500,0.5,0.3314285714285714,0.13142857142857142
cp_cox_full,CP + Cox,0.875,1.6597842432135368,0.17110171998302823,aft_lognormal_linear,Log-Normal AFT (Linear),18,20440433,0.8,2.088503301753814,2000,0.3,3,0.3,0.7,0.2,0.1,1500,0.5,0.34785714285714286,0.11857142857142858
cp_cox_halfsplit,CP + Cox (Half-Split),0.8783333333333333,1.6646762487324838,0.15254804108088096,aft_lognormal_linear,Log-Normal AFT (Linear),18,20440433,0.8,2.088503301753814,2000,0.3,3,0.3,0.7,0.2,0.1,1500,0.5,0.34785714285714286,0.11857142857142858
cp_cox_full,CP + Cox,0.895,1.6163819248785671,0.16588937116759148,aft_lognormal_linear,Log-Normal AFT (Linear),19,20440434,0.8,2.0385221081190084,2000,0.3,3,0.3,0.7,0.2,0.1,1500,0.5,0.3271428571428571,0.1357142857142857
cp_cox_halfsplit,CP + Cox (Half-Split),0.8983333333333333,1.6336376888591058,0.15820940610850592,aft_lognormal_linear,Log-Normal AFT (Linear),19,20440434,0.8,2.0385221081190084,2000,0.3,3,0.3,0.7,0.2,0.1,1500,0.5,0.3271428571428571,0.1357142857142857
cp_cox_full,CP + Cox,0.9083333333333333,1.6612537533735137,0.2046535757978828,aft_lognormal_linear,Log-Normal AFT (Linear),20,20440435,0.8,2.0948550123557066,2000,0.3,3,0.3,0.7,0.2,0.1,1500,0.5,0.3335714285714286,0.13428571428571429
cp_cox_halfsplit,CP + Cox (Half-Split),0.9116666666666666,1.6741649588512755,0.19639436300291346,aft_lognormal_linear,Log-Normal AFT (Linear),20,20440435,0.8,2.0948550123557066,2000,0.3,3,0.3,0.7,0.2,0.1,1500,0.5,0.3335714285714286,0.13428571428571429
cp_cox_full,CP + Cox,0.88,1.6001145815322464,0.19065507315433425,aft_lognormal_linear,Log-Normal AFT (Linear),21,20440436,0.8,2.0157053535850045,2000,0.3,3,0.3,0.7,0.2,0.1,1500,0.5,0.35428571428571426,0.13428571428571429
cp_cox_halfsplit,CP + Cox (Half-Split),0.8583333333333333,1.5474804947974028,0.24431399866261047,aft_lognormal_linear,Log-Normal AFT (Linear),21,20440436,0.8,2.0157053535850045,2000,0.3,3,0.3,0.7,0.2,0.1,1500,0.5,0.35428571428571426,0.13428571428571429
cp_cox_full,CP + Cox,0.8733333333333333,1.6966609229405352,0.17091207271309744,aft_lognormal_linear,Log-Normal AFT (Linear),22,20440437,0.8,2.128700289952415,2000,0.3,3,0.3,0.7,0.2,0.1,1500,0.5,0.3242857142857143,0.13071428571428573
cp_cox_halfsplit,CP + Cox (Half-Split),0.88,1.6998081573906187,0.17594190523148162,aft_lognormal_linear,Log-Normal AFT (Linear),22,20440437,0.8,2.128700289952415,2000,0.3,3,0.3,0.7,0.2,0.1,1500,0.5,0.3242857142857143,0.13071428571428573
cp_cox_full,CP + Cox,0.9183333333333333,1.665736711475832,0.1892230296646037,aft_lognormal_linear,Log-Normal AFT (Linear),23,20440438,0.8,2.0885934845055885,2000,0.3,3,0.3,0.7,0.2,0.1,1500,0.5,0.3221428571428571,0.12785714285714286
cp_cox_halfsplit,CP + Cox (Half-Split),0.9233333333333333,1.676968020774892,0.19400990582650907,aft_lognormal_linear,Log-Normal AFT (Linear),23,20440438,0.8,2.0885934845055885,2000,0.3,3,0.3,0.7,0.2,0.1,1500,0.5,0.3221428571428571,0.12785714285714286
cp_cox_full,CP + Cox,0.8916666666666667,1.5361706172569376,0.1745284516696668,aft_lognormal_linear,Log-Normal AFT (Linear),24,20440439,0.8,1.975014007330437,2000,0.3,3,0.3,0.7,0.2,0.1,1500,0.5,0.3485714285714286,0.12428571428571429
cp_cox_halfsplit,CP + Cox (Half-Split),0.8933333333333333,1.5338146678074713,0.18741974307870635,aft_lognormal_linear,Log-Normal AFT (Linear),24,20440439,0.8,1.975014007330437,2000,0.3,3,0.3,0.7,0.2,0.1,1500,0.5,0.3485714285714286,0.12428571428571429
cp_cox_full,CP + Cox,0.8933333333333333,1.6592199359468043,0.1676546010778825,aft_lognormal_linear,Log-Normal AFT (Linear),25,20440440,0.8,2.0754222990670828,2000,0.3,3,0.3,0.7,0.2,0.1,1500,0.5,0.3435714285714286,0.14285714285714285
cp_cox_halfsplit,CP + Cox (Half-Split),0.8883333333333333,1.6575363404850858,0.15219928459799484,aft_lognormal_linear,Log-Normal AFT (Linear),25,20440440,0.8,2.0754222990670828,2000,0.3,3,0.3,0.7,0.2,0.1,1500,0.5,0.3435714285714286,0.14285714285714285
cp_cox_full,CP + Cox,0.91,1.76646422333473,0.1764773218482507,aft_lognormal_linear,Log-Normal AFT (Linear),26,20440441,0.8,2.172960179049512,2000,0.3,3,0.3,0.7,0.2,0.1,1500,0.5,0.3364285714285714,0.13357142857142856
cp_cox_halfsplit,CP + Cox (Half-Split),0.8916666666666667,1.7250178385110746,0.22528746818543163,aft_lognormal_linear,Log-Normal AFT (Linear),26,20440441,0.8,2.172960179049512,2000,0.3,3,0.3,0.7,0.2,0.1,1500,0.5,0.3364285714285714,0.13357142857142856
cp_cox_full,CP + Cox,0.8833333333333333,1.5966716447527523,0.14789316532888835,aft_lognormal_linear,Log-Normal AFT (Linear),27,20440442,0.8,1.9933867648322483,2000,0.3,3,0.3,0.7,0.2,0.1,1500,0.5,0.3514285714285714,0.13857142857142857
cp_cox_halfsplit,CP + Cox (Half-Split),0.8716666666666667,1.5858690822700663,0.14351155197707588,aft_lognormal_linear,Log-Normal AFT (Linear),27,20440442,0.8,1.9933867648322483,2000,0.3,3,0.3,0.7,0.2,0.1,1500,0.5,0.3514285714285714,0.13857142857142857
cp_cox_full,CP + Cox,0.8716666666666667,1.7097119688860543,0.22014983919546996,aft_lognormal_linear,Log-Normal AFT (Linear),28,20440443,0.8,2.1559384999686086,2000,0.3,3,0.3,0.7,0.2,0.1,1500,0.5,0.3464285714285714,0.15142857142857144
cp_cox_halfsplit,CP + Cox (Half-Split),0.8333333333333334,1.6535391994546127,0.27658932534468317,aft_lognormal_linear,Log-Normal AFT (Linear),28,20440443,0.8,2.1559384999686086,2000,0.3,3,0.3,0.7,0.2,0.1,1500,0.5,0.3464285714285714,0.15142857142857144
cp_cox_full,CP + Cox,0.9116666666666666,1.729602595825065,0.19019418194721147,aft_lognormal_linear,Log-Normal AFT (Linear),29,20440444,0.8,2.151057366909738,2000,0.3,3,0.3,0.7,0.2,0.1,1500,0.5,0.3192857142857143,0.13357142857142856
cp_cox_halfsplit,CP + Cox (Half-Split),0.9166666666666666,1.749304012431874,0.17084955322524728,aft_lognormal_linear,Log-Normal AFT (Linear),29,20440444,0.8,2.151057366909738,2000,0.3,3,0.3,0.7,0.2,0.1,1500,0.5,0.3192857142857143,0.13357142857142856
cp_cox_full,CP + Cox,0.8983333333333333,1.6609072124962017,0.1488056732768999,aft_lognormal_linear,Log-Normal AFT (Linear),30,20440445,0.8,2.0793848080885677,2000,0.3,3,0.3,0.7,0.2,0.1,1500,0.5,0.335,0.11928571428571429
cp_cox_halfsplit,CP + Cox (Half-Split),0.88,1.626531218689401,0.17299303762997667,aft_lognormal_linear,Log-Normal AFT (Linear),30,20440445,0.8,2.0793848080885677,2000,0.3,3,0.3,0.7,0.2,0.1,1500,0.5,0.335,0.11928571428571429
cp_cox_full,CP + Cox,0.8866666666666667,2.5219743307757394,0.16120375862500377,aft_lognormal_linear,Log-Normal AFT (Linear),1,20450416,0.9,2.968826189232314,2000,0.3,3,0.3,0.7,0.2,0.1,1500,0.5,0.26071428571428573,0.055714285714285716
cp_cox_halfsplit,CP + Cox (Half-Split),0.8683333333333333,2.48347478790654,0.18403262801459136,aft_lognormal_linear,Log-Normal AFT (Linear),1,20450416,0.9,2.968826189232314,2000,0.3,3,0.3,0.7,0.2,0.1,1500,0.5,0.26071428571428573,0.055714285714285716
cp_cox_full,CP + Cox,0.89,2.734607498960944,0.17870425121078506,aft_lognormal_linear,Log-Normal AFT (Linear),2,20450417,0.9,3.157968893042049,2000,0.3,3,0.3,0.7,0.2,0.1,1500,0.5,0.28214285714285714,0.06571428571428571
cp_cox_halfsplit,CP + Cox (Half-Split),0.8733333333333333,2.7048610318864896,0.1935413401654516,aft_lognormal_linear,Log-Normal AFT (Linear),2,20450417,0.9,3.157968893042049,2000,0.3,3,0.3,0.7,0.2,0.1,1500,0.5,0.28214285714285714,0.06571428571428571
cp_cox_full,CP + Cox,0.8966666666666666,2.5561139594824125,0.17771782788065776,aft_lognormal_linear,Log-Normal AFT (Linear),3,20450418,0.9,2.9849481367416577,2000,0.3,3,0.3,0.7,0.2,0.1,1500,0.5,0.28,0.05142857142857143
cp_cox_halfsplit,CP + Cox (Half-Split),0.8766666666666667,2.5184252773819167,0.21414162334933753,aft_lognormal_linear,Log-Normal AFT (Linear),3,20450418,0.9,2.9849481367416577,2000,0.3,3,0.3,0.7,0.2,0.1,1500,0.5,0.28,0.05142857142857143
cp_cox_full,CP + Cox,0.9033333333333333,2.841768350205657,0.20513531124173498,aft_lognormal_linear,Log-Normal AFT (Linear),4,20450419,0.9,3.3095939182240697,2000,0.3,3,0.3,0.7,0.2,0.1,1500,0.5,0.23285714285714285,0.04642857142857143
cp_cox_halfsplit,CP + Cox (Half-Split),0.9083333333333333,2.8426738444796884,0.22318308333612671,aft_lognormal_linear,Log-Normal AFT (Linear),4,20450419,0.9,3.3095939182240697,2000,0.3,3,0.3,0.7,0.2,0.1,1500,0.5,0.23285714285714285,0.04642857142857143
cp_cox_full,CP + Cox,0.8983333333333333,2.6663373872200515,0.18257010567394516,aft_lognormal_linear,Log-Normal AFT (Linear),5,20450420,0.9,3.0852687698489643,2000,0.3,3,0.3,0.7,0.2,0.1,1500,0.5,0.265,0.055
cp_cox_halfsplit,CP + Cox (Half-Split),0.9333333333333333,2.730410744856964,0.14648478232731976,aft_lognormal_linear,Log-Normal AFT (Linear),5,20450420,0.9,3.0852687698489643,2000,0.3,3,0.3,0.7,0.2,0.1,1500,0.5,0.265,0.055
cp_cox_full,CP + Cox,0.8733333333333333,2.635601040585824,0.23574356756490722,aft_lognormal_linear,Log-Normal AFT (Linear),6,20450421,0.9,3.1060717215244855,2000,0.3,3,0.3,0.7,0.2,0.1,1500,0.5,0.2557142857142857,0.05857142857142857
cp_cox_halfsplit,CP + Cox (Half-Split),0.8866666666666667,2.6521963574449754,0.22987710816287968,aft_lognormal_linear,Log-Normal AFT (Linear),6,20450421,0.9,3.1060717215244855,2000,0.3,3,0.3,0.7,0.2,0.1,1500,0.5,0.2557142857142857,0.05857142857142857
cp_cox_full,CP + Cox,0.8833333333333333,2.6408258280070473,0.16563246370494775,aft_lognormal_linear,Log-Normal AFT (Linear),7,20450422,0.9,3.067225562803328,2000,0.3,3,0.3,0.7,0.2,0.1,1500,0.5,0.26071428571428573,0.05142857142857143
cp_cox_halfsplit,CP + Cox (Half-Split),0.9183333333333333,2.696410909212749,0.15016761429447723,aft_lognormal_linear,Log-Normal AFT (Linear),7,20450422,0.9,3.067225562803328,2000,0.3,3,0.3,0.7,0.2,0.1,1500,0.5,0.26071428571428573,0.05142857142857143
cp_cox_full,CP + Cox,0.91,2.6609580472473535,0.14902470532332526,aft_lognormal_linear,Log-Normal AFT (Linear),8,20450423,0.9,3.050303300070275,2000,0.3,3,0.3,0.7,0.2,0.1,1500,0.5,0.2557142857142857,0.05142857142857143
cp_cox_halfsplit,CP + Cox (Half-Split),0.8733333333333333,2.5980139101209674,0.20732356086945747,aft_lognormal_linear,Log-Normal AFT (Linear),8,20450423,0.9,3.050303300070275,2000,0.3,3,0.3,0.7,0.2,0.1,1500,0.5,0.2557142857142857,0.05142857142857143
cp_cox_full,CP + Cox,0.9016666666666666,2.4714589662400925,0.21615136752495098,aft_lognormal_linear,Log-Normal AFT (Linear),9,20450424,0.9,2.9142053702757873,2000,0.3,3,0.3,0.7,0.2,0.1,1500,0.5,0.2692857142857143,0.056428571428571425
cp_cox_halfsplit,CP + Cox (Half-Split),0.895,2.4720522611666107,0.21331852895758896,aft_lognormal_linear,Log-Normal AFT (Linear),9,20450424,0.9,2.9142053702757873,2000,0.3,3,0.3,0.7,0.2,0.1,1500,0.5,0.2692857142857143,0.056428571428571425
cp_cox_full,CP + Cox,0.9283333333333333,2.7766456730019775,0.1933363135078098,aft_lognormal_linear,Log-Normal AFT (Linear),10,20450425,0.9,3.2113535755112883,2000,0.3,3,0.3,0.7,0.2,0.1,1500,0.5,0.2507142857142857,0.060714285714285714
cp_cox_halfsplit,CP + Cox (Half-Split),0.9266666666666666,2.762751877594439,0.21529663556665793,aft_lognormal_linear,Log-Normal AFT (Linear),10,20450425,0.9,3.2113535755112883,2000,0.3,3,0.3,0.7,0.2,0.1,1500,0.5,0.2507142857142857,0.060714285714285714
cp_cox_full,CP + Cox,0.88,2.779834782475573,0.24153079537980512,aft_lognormal_linear,Log-Normal AFT (Linear),11,20450426,0.9,3.2597623798715882,2000,0.3,3,0.3,0.7,0.2,0.1,1500,0.5,0.27,0.05285714285714286
cp_cox_halfsplit,CP + Cox (Half-Split),0.8816666666666667,2.8011121824674645,0.21626934305758355,aft_lognormal_linear,Log-Normal AFT (Linear),11,20450426,0.9,3.2597623798715882,2000,0.3,3,0.3,0.7,0.2,0.1,1500,0.5,0.27,0.05285714285714286
cp_cox_full,CP + Cox,0.8966666666666666,2.6941715780258884,0.16175966062784114,aft_lognormal_linear,Log-Normal AFT (Linear),12,20450427,0.9,3.101241701149758,2000,0.3,3,0.3,0.7,0.2,0.1,1500,0.5,0.26857142857142857,0.05714285714285714
cp_cox_halfsplit,CP + Cox (Half-Split),0.905,2.7076471455510593,0.14618640448416556,aft_lognormal_linear,Log-Normal AFT (Linear),12,20450427,0.9,3.101241701149758,2000,0.3,3,0.3,0.7,0.2,0.1,1500,0.5,0.26857142857142857,0.05714285714285714
cp_cox_full,CP + Cox,0.905,2.445414445315027,0.16843179491152385,aft_lognormal_linear,Log-Normal AFT (Linear),13,20450428,0.9,2.8423818346208836,2000,0.3,3,0.3,0.7,0.2,0.1,1500,0.5,0.26285714285714284,0.054285714285714284
cp_cox_halfsplit,CP + Cox (Half-Split),0.8766666666666667,2.3932115610604043,0.1951596510376466,aft_lognormal_linear,Log-Normal AFT (Linear),13,20450428,0.9,2.8423818346208836,2000,0.3,3,0.3,0.7,0.2,0.1,1500,0.5,0.26285714285714284,0.054285714285714284
cp_cox_full,CP + Cox,0.9016666666666666,2.530035202777157,0.21055648429935878,aft_lognormal_linear,Log-Normal AFT (Linear),14,20450429,0.9,2.983340492618418,2000,0.3,3,0.3,0.7,0.2,0.1,1500,0.5,0.26,0.055
cp_cox_halfsplit,CP + Cox (Half-Split),0.8833333333333333,2.466719252103753,0.2696982609528341,aft_lognormal_linear,Log-Normal AFT (Linear),14,20450429,0.9,2.983340492618418,2000,0.3,3,0.3,0.7,0.2,0.1,1500,0.5,0.26,0.055
cp_cox_full,CP + Cox,0.9183333333333333,2.4824437041677134,0.13508413203406933,aft_lognormal_linear,Log-Normal AFT (Linear),15,20450430,0.9,2.8612483834335944,2000,0.3,3,0.3,0.7,0.2,0.1,1500,0.5,0.26357142857142857,0.05357142857142857
cp_cox_halfsplit,CP + Cox (Half-Split),0.9216666666666666,2.480174241300626,0.14562002259863205,aft_lognormal_linear,Log-Normal AFT (Linear),15,20450430,0.9,2.8612483834335944,2000,0.3,3,0.3,0.7,0.2,0.1,1500,0.5,0.26357142857142857,0.05357142857142857
cp_cox_full,CP + Cox,0.9033333333333333,2.751499319070282,0.18852298231117,aft_lognormal_linear,Log-Normal AFT (Linear),16,20450431,0.9,3.178639070588073,2000,0.3,3,0.3,0.7,0.2,0.1,1500,0.5,0.2392857142857143,0.055714285714285716
cp_cox_halfsplit,CP + Cox (Half-Split),0.91,2.764294454012107,0.17207852063311704,aft_lognormal_linear,Log-Normal AFT (Linear),16,20450431,0.9,3.178639070588073,2000,0.3,3,0.3,0.7,0.2,0.1,1500,0.5,0.2392857142857143,0.055714285714285716
cp_cox_full,CP + Cox,0.8916666666666667,2.697510897317633,0.20034514466120654,aft_lognormal_linear,Log-Normal AFT (Linear),17,20450432,0.9,3.1537117858301853,2000,0.3,3,0.3,0.7,0.2,0.1,1500,0.5,0.2557142857142857,0.052142857142857144
cp_cox_halfsplit,CP + Cox (Half-Split),0.8966666666666666,2.7096199937279617,0.192287862221054,aft_lognormal_linear,Log-Normal AFT (Linear),17,20450432,0.9,3.1537117858301853,2000,0.3,3,0.3,0.7,0.2,0.1,1500,0.5,0.2557142857142857,0.052142857142857144
cp_cox_full,CP + Cox,0.8966666666666666,2.583324718436356,0.1864292745483401,aft_lognormal_linear,Log-Normal AFT (Linear),18,20450433,0.9,3.0030149568484084,2000,0.3,3,0.3,0.7,0.2,0.1,1500,0.5,0.24785714285714286,0.06
cp_cox_halfsplit,CP + Cox (Half-Split),0.91,2.625228220040788,0.14122137836891688,aft_lognormal_linear,Log-Normal AFT (Linear),18,20450433,0.9,3.0030149568484084,2000,0.3,3,0.3,0.7,0.2,0.1,1500,0.5,0.24785714285714286,0.06
cp_cox_full,CP + Cox,0.885,2.596481310156452,0.1374757462021128,aft_lognormal_linear,Log-Normal AFT (Linear),19,20450434,0.9,3.006854744169795,2000,0.3,3,0.3,0.7,0.2,0.1,1500,0.5,0.24785714285714286,0.062142857142857146
cp_cox_halfsplit,CP + Cox (Half-Split),0.8833333333333333,2.570923213187461,0.17390841166184207,aft_lognormal_linear,Log-Normal AFT (Linear),19,20450434,0.9,3.006854744169795,2000,0.3,3,0.3,0.7,0.2,0.1,1500,0.5,0.24785714285714286,0.062142857142857146
cp_cox_full,CP + Cox,0.8766666666666667,2.5123168827121862,0.2558398754470875,aft_lognormal_linear,Log-Normal AFT (Linear),20,20450435,0.9,2.9984637178963767,2000,0.3,3,0.3,0.7,0.2,0.1,1500,0.5,0.2592857142857143,0.062142857142857146
cp_cox_halfsplit,CP + Cox (Half-Split),0.9,2.583148914205633,0.19577243843511427,aft_lognormal_linear,Log-Normal AFT (Linear),20,20450435,0.9,2.9984637178963767,2000,0.3,3,0.3,0.7,0.2,0.1,1500,0.5,0.2592857142857143,0.062142857142857146
cp_cox_full,CP + Cox,0.9316666666666666,2.757386498874617,0.1755997321244697,aft_lognormal_linear,Log-Normal AFT (Linear),21,20450436,0.9,3.1703035481419306,2000,0.3,3,0.3,0.7,0.2,0.1,1500,0.5,0.27,0.054285714285714284
cp_cox_halfsplit,CP + Cox (Half-Split),0.94,2.7570890978965026,0.19768779625915325,aft_lognormal_linear,Log-Normal AFT (Linear),21,20450436,0.9,3.1703035481419306,2000,0.3,3,0.3,0.7,0.2,0.1,1500,0.5,0.27,0.054285714285714284
cp_cox_full,CP + Cox,0.905,2.7868641987267324,0.1699545845017639,aft_lognormal_linear,Log-Normal AFT (Linear),22,20450437,0.9,3.2110634212850306,2000,0.3,3,0.3,0.7,0.2,0.1,1500,0.5,0.255,0.054285714285714284
cp_cox_halfsplit,CP + Cox (Half-Split),0.9083333333333333,2.7857668853104562,0.1809061854004031,aft_lognormal_linear,Log-Normal AFT (Linear),22,20450437,0.9,3.2110634212850306,2000,0.3,3,0.3,0.7,0.2,0.1,1500,0.5,0.255,0.054285714285714284
cp_cox_full,CP + Cox,0.91,2.4923016922289354,0.16595992753626015,aft_lognormal_linear,Log-Normal AFT (Linear),23,20450438,0.9,2.9086504126869825,2000,0.3,3,0.3,0.7,0.2,0.1,1500,0.5,0.2692857142857143,0.05285714285714286
cp_cox_halfsplit,CP + Cox (Half-Split),0.905,2.48221157361611,0.1748064767187904,aft_lognormal_linear,Log-Normal AFT (Linear),23,20450438,0.9,2.9086504126869825,2000,0.3,3,0.3,0.7,0.2,0.1,1500,0.5,0.2692857142857143,0.05285714285714286
cp_cox_full,CP + Cox,0.9383333333333334,2.6294417730466404,0.16247289315813254,aft_lognormal_linear,Log-Normal AFT (Linear),24,20450439,0.9,3.011821310128596,2000,0.3,3,0.3,0.7,0.2,0.1,1500,0.5,0.2571428571428571,0.05714285714285714
cp_cox_halfsplit,CP + Cox (Half-Split),0.9233333333333333,2.599166115827692,0.17728671939202906,aft_lognormal_linear,Log-Normal AFT (Linear),24,20450439,0.9,3.011821310128596,2000,0.3,3,0.3,0.7,0.2,0.1,1500,0.5,0.2571428571428571,0.05714285714285714
cp_cox_full,CP + Cox,0.91,2.565548601797212,0.16629443445453065,aft_lognormal_linear,Log-Normal AFT (Linear),25,20450440,0.9,2.9880948069195603,2000,0.3,3,0.3,0.7,0.2,0.1,1500,0.5,0.25285714285714284,0.05071428571428571
cp_cox_halfsplit,CP + Cox (Half-Split),0.875,2.5032710894332943,0.21753524524160672,aft_lognormal_linear,Log-Normal AFT (Linear),25,20450440,0.9,2.9880948069195603,2000,0.3,3,0.3,0.7,0.2,0.1,1500,0.5,0.25285714285714284,0.05071428571428571
cp_cox_full,CP + Cox,0.92,2.5842651409632715,0.15379503110570505,aft_lognormal_linear,Log-Normal AFT (Linear),26,20450441,0.9,3.014187885025409,2000,0.3,3,0.3,0.7,0.2,0.1,1500,0.5,0.24,0.055714285714285716
cp_cox_halfsplit,CP + Cox (Half-Split),0.8916666666666667,2.525852111484215,0.18179929992080174,aft_lognormal_linear,Log-Normal AFT (Linear),26,20450441,0.9,3.014187885025409,2000,0.3,3,0.3,0.7,0.2,0.1,1500,0.5,0.24,0.055714285714285716
cp_cox_full,CP + Cox,0.885,2.6502414980483735,0.19155026924407856,aft_lognormal_linear,Log-Normal AFT (Linear),27,20450442,0.9,3.0810707286595,2000,0.3,3,0.3,0.7,0.2,0.1,1500,0.5,0.24928571428571428,0.05
cp_cox_halfsplit,CP + Cox (Half-Split),0.86,2.610618970254979,0.2127319501163497,aft_lognormal_linear,Log-Normal AFT (Linear),27,20450442,0.9,3.0810707286595,2000,0.3,3,0.3,0.7,0.2,0.1,1500,0.5,0.24928571428571428,0.05
cp_cox_full,CP + Cox,0.88,2.6043493817255015,0.14148048530704457,aft_lognormal_linear,Log-Normal AFT (Linear),28,20450443,0.9,3.009807327734229,2000,0.3,3,0.3,0.7,0.2,0.1,1500,0.5,0.275,0.060714285714285714
cp_cox_halfsplit,CP + Cox (Half-Split),0.8816666666666667,2.606631021670146,0.15184112012756246,aft_lognormal_linear,Log-Normal AFT (Linear),28,20450443,0.9,3.009807327734229,2000,0.3,3,0.3,0.7,0.2,0.1,1500,0.5,0.275,0.060714285714285714
cp_cox_full,CP + Cox,0.915,2.660468304113142,0.16862496301416574,aft_lognormal_linear,Log-Normal AFT (Linear),29,20450444,0.9,3.0736926725068385,2000,0.3,3,0.3,0.7,0.2,0.1,1500,0.5,0.24642857142857144,0.054285714285714284
cp_cox_halfsplit,CP + Cox (Half-Split),0.9416666666666667,2.7173129427045217,0.1394297275554749,aft_lognormal_linear,Log-Normal AFT (Linear),29,20450444,0.9,3.0736926725068385,2000,0.3,3,0.3,0.7,0.2,0.1,1500,0.5,0.24642857142857144,0.054285714285714284
cp_cox_full,CP + Cox,0.8833333333333333,2.500047042253305,0.19112908673044254,aft_lognormal_linear,Log-Normal AFT (Linear),30,20450445,0.9,2.943130997503296,2000,0.3,3,0.3,0.7,0.2,0.1,1500,0.5,0.2557142857142857,0.05071428571428571
cp_cox_halfsplit,CP + Cox (Half-Split),0.8966666666666666,2.5316349100095525,0.16319255715705835,aft_lognormal_linear,Log-Normal AFT (Linear),30,20450445,0.9,2.943130997503296,2000,0.3,3,0.3,0.7,0.2,0.1,1500,0.5,0.2557142857142857,0.05071428571428571
cp_cox_full,CP + Cox,0.9,8.059646449277018,0.16822002753803617,aft_lognormal_linear,Log-Normal AFT (Linear),1,20459416,0.99,8.495114836243562,2000,0.3,3,0.3,0.7,0.2,0.1,1500,0.5,0.21357142857142858,0.005
cp_cox_halfsplit,CP + Cox (Half-Split),0.9133333333333333,8.085362442708812,0.15164999921354994,aft_lognormal_linear,Log-Normal AFT (Linear),1,20459416,0.99,8.495114836243562,2000,0.3,3,0.3,0.7,0.2,0.1,1500,0.5,0.21357142857142858,0.005
cp_cox_full,CP + Cox,0.8983333333333333,6.7892735685290315,0.15620445443868886,aft_lognormal_linear,Log-Normal AFT (Linear),2,20459417,0.99,7.214002262663048,2000,0.3,3,0.3,0.7,0.2,0.1,1500,0.5,0.21714285714285714,0.0014285714285714286
cp_cox_halfsplit,CP + Cox (Half-Split),0.8966666666666666,6.7886732274323895,0.15456552344756266,aft_lognormal_linear,Log-Normal AFT (Linear),2,20459417,0.99,7.214002262663048,2000,0.3,3,0.3,0.7,0.2,0.1,1500,0.5,0.21714285714285714,0.0014285714285714286
cp_cox_full,CP + Cox,0.8833333333333333,8.03621139758643,0.1663770845898968,aft_lognormal_linear,Log-Normal AFT (Linear),3,20459418,0.99,8.45651344869481,2000,0.3,3,0.3,0.7,0.2,0.1,1500,0.5,0.20714285714285716,0.002142857142857143
cp_cox_halfsplit,CP + Cox (Half-Split),0.89,8.047476088709113,0.1521146604476447,aft_lognormal_linear,Log-Normal AFT (Linear),3,20459418,0.99,8.45651344869481,2000,0.3,3,0.3,0.7,0.2,0.1,1500,0.5,0.20714285714285716,0.002142857142857143
cp_cox_full,CP + Cox,0.8733333333333333,6.865601429020799,0.1579121750431051,aft_lognormal_linear,Log-Normal AFT (Linear),4,20459419,0.99,7.290608514440676,2000,0.3,3,0.3,0.7,0.2,0.1,1500,0.5,0.21428571428571427,0.002142857142857143
cp_cox_halfsplit,CP + Cox (Half-Split),0.8883333333333333,6.885645559768034,0.14259088387459415,aft_lognormal_linear,Log-Normal AFT (Linear),4,20459419,0.99,7.290608514440676,2000,0.3,3,0.3,0.7,0.2,0.1,1500,0.5,0.21428571428571427,0.002142857142857143
cp_cox_full,CP + Cox,0.9,6.981729044700869,0.19002789591135372,aft_lognormal_linear,Log-Normal AFT (Linear),5,20459420,0.99,7.416309869527755,2000,0.3,3,0.3,0.7,0.2,0.1,1500,0.5,0.22,0.002857142857142857
cp_cox_halfsplit,CP + Cox (Half-Split),0.89,6.972011915781232,0.21446914077781207,aft_lognormal_linear,Log-Normal AFT (Linear),5,20459420,0.99,7.416309869527755,2000,0.3,3,0.3,0.7,0.2,0.1,1500,0.5,0.22,0.002857142857142857
cp_cox_full,CP + Cox,0.9083333333333333,6.836843355115605,0.1940640845579764,aft_lognormal_linear,Log-Normal AFT (Linear),6,20459421,0.99,7.264919861071074,2000,0.3,3,0.3,0.7,0.2,0.1,1500,0.5,0.19785714285714287,0.002857142857142857
cp_cox_halfsplit,CP + Cox (Half-Split),0.8933333333333333,6.78000279617968,0.25142415530169654,aft_lognormal_linear,Log-Normal AFT (Linear),6,20459421,0.99,7.264919861071074,2000,0.3,3,0.3,0.7,0.2,0.1,1500,0.5,0.19785714285714287,0.002857142857142857
cp_cox_full,CP + Cox,0.8866666666666667,7.231215876601781,0.17203829369103515,aft_lognormal_linear,Log-Normal AFT (Linear),7,20459422,0.99,7.661257614272769,2000,0.3,3,0.3,0.7,0.2,0.1,1500,0.5,0.185,0.0035714285714285713
cp_cox_halfsplit,CP + Cox (Half-Split),0.9016666666666666,7.271842924126049,0.14215856439389477,aft_lognormal_linear,Log-Normal AFT (Linear),7,20459422,0.99,7.661257614272769,2000,0.3,3,0.3,0.7,0.2,0.1,1500,0.5,0.185,0.0035714285714285713
cp_cox_full,CP + Cox,0.9083333333333333,7.087841861340714,0.17891061401953692,aft_lognormal_linear,Log-Normal AFT (Linear),8,20459423,0.99,7.529535112630516,2000,0.3,3,0.3,0.7,0.2,0.1,1500,0.5,0.21214285714285713,0.002857142857142857
cp_cox_halfsplit,CP + Cox (Half-Split),0.925,7.12210256087968,0.17083934391805944,aft_lognormal_linear,Log-Normal AFT (Linear),8,20459423,0.99,7.529535112630516,2000,0.3,3,0.3,0.7,0.2,0.1,1500,0.5,0.21214285714285713,0.002857142857142857
cp_cox_full,CP + Cox,0.89,6.814242632762108,0.23340653577964093,aft_lognormal_linear,Log-Normal AFT (Linear),9,20459424,0.99,7.30035257180869,2000,0.3,3,0.3,0.7,0.2,0.1,1500,0.5,0.205,0.002857142857142857
cp_cox_halfsplit,CP + Cox (Half-Split),0.9166666666666666,6.849943644193932,0.21078924090242707,aft_lognormal_linear,Log-Normal AFT (Linear),9,20459424,0.99,7.30035257180869,2000,0.3,3,0.3,0.7,0.2,0.1,1500,0.5,0.205,0.002857142857142857
cp_cox_full,CP + Cox,0.885,6.689311049016675,0.1554920346661122,aft_lognormal_linear,Log-Normal AFT (Linear),10,20459425,0.99,7.119045137349382,2000,0.3,3,0.3,0.7,0.2,0.1,1500,0.5,0.19142857142857142,0.0014285714285714286
cp_cox_halfsplit,CP + Cox (Half-Split),0.8966666666666666,6.704444767708186,0.15368352866763396,aft_lognormal_linear,Log-Normal AFT (Linear),10,20459425,0.99,7.119045137349382,2000,0.3,3,0.3,0.7,0.2,0.1,1500,0.5,0.19142857142857142,0.0014285714285714286
cp_cox_full,CP + Cox,0.8966666666666666,7.283613675057428,0.16360780046373383,aft_lognormal_linear,Log-Normal AFT (Linear),11,20459426,0.99,7.706863169709297,2000,0.3,3,0.3,0.7,0.2,0.1,1500,0.5,0.19428571428571428,0.0014285714285714286
cp_cox_halfsplit,CP + Cox (Half-Split),0.89,7.259370196096451,0.1824927371297398,aft_lognormal_linear,Log-Normal AFT (Linear),11,20459426,0.99,7.706863169709297,2000,0.3,3,0.3,0.7,0.2,0.1,1500,0.5,0.19428571428571428,0.0014285714285714286
cp_cox_full,CP + Cox,0.895,7.46285111577101,0.14400825849481855,aft_lognormal_linear,Log-Normal AFT (Linear),12,20459427,0.99,7.847600468337648,2000,0.3,3,0.3,0.7,0.2,0.1,1500,0.5,0.20285714285714285,0.002142857142857143
cp_cox_halfsplit,CP + Cox (Half-Split),0.9066666666666666,7.457292378610525,0.16499782510414265,aft_lognormal_linear,Log-Normal AFT (Linear),12,20459427,0.99,7.847600468337648,2000,0.3,3,0.3,0.7,0.2,0.1,1500,0.5,0.20285714285714285,0.002142857142857143
cp_cox_full,CP + Cox,0.91,7.302026580203254,0.16575331416789074,aft_lognormal_linear,Log-Normal AFT (Linear),13,20459428,0.99,7.725729393961773,2000,0.3,3,0.3,0.7,0.2,0.1,1500,0.5,0.19285714285714287,0.0014285714285714286
cp_cox_halfsplit,CP + Cox (Half-Split),0.8966666666666666,7.283006373316178,0.173868155263585,aft_lognormal_linear,Log-Normal AFT (Linear),13,20459428,0.99,7.725729393961773,2000,0.3,3,0.3,0.7,0.2,0.1,1500,0.5,0.19285714285714287,0.0014285714285714286
cp_cox_full,CP + Cox,0.8933333333333333,7.9060340659798944,0.18386098726948905,aft_lognormal_linear,Log-Normal AFT (Linear),14,20459429,0.99,8.356924414604773,2000,0.3,3,0.3,0.7,0.2,0.1,1500,0.5,0.215,0.002857142857142857
cp_cox_halfsplit,CP + Cox (Half-Split),0.8916666666666667,7.900737462257147,0.1953290778474292,aft_lognormal_linear,Log-Normal AFT (Linear),14,20459429,0.99,8.356924414604773,2000,0.3,3,0.3,0.7,0.2,0.1,1500,0.5,0.215,0.002857142857142857
cp_cox_full,CP + Cox,0.8583333333333333,6.605629620573001,0.22058095228687621,aft_lognormal_linear,Log-Normal AFT (Linear),15,20459430,0.99,7.09508852205338,2000,0.3,3,0.3,0.7,0.2,0.1,1500,0.5,0.20714285714285716,0.002142857142857143
cp_cox_halfsplit,CP + Cox (Half-Split),0.8833333333333333,6.650256780976813,0.20267623255433692,aft_lognormal_linear,Log-Normal AFT (Linear),15,20459430,0.99,7.09508852205338,2000,0.3,3,0.3,0.7,0.2,0.1,1500,0.5,0.20714285714285716,0.002142857142857143
cp_cox_full,CP + Cox,0.8966666666666666,7.15418311681209,0.16158840139283553,aft_lognormal_linear,Log-Normal AFT (Linear),16,20459431,0.99,7.586714523723317,2000,0.3,3,0.3,0.7,0.2,0.1,1500,0.5,0.19071428571428573,0.002857142857142857
cp_cox_halfsplit,CP + Cox (Half-Split),0.895,7.122284279791615,0.20440168618915022,aft_lognormal_linear,Log-Normal AFT (Linear),16,20459431,0.99,7.586714523723317,2000,0.3,3,0.3,0.7,0.2,0.1,1500,0.5,0.19071428571428573,0.002857142857142857
cp_cox_full,CP + Cox,0.8916666666666667,7.2805870321945285,0.14875260233253138,aft_lognormal_linear,Log-Normal AFT (Linear),17,20459432,0.99,7.69671349710797,2000,0.3,3,0.3,0.7,0.2,0.1,1500,0.5,0.19642857142857142,0.004285714285714286
cp_cox_halfsplit,CP + Cox (Half-Split),0.8983333333333333,7.290423969230449,0.15135343880727864,aft_lognormal_linear,Log-Normal AFT (Linear),17,20459432,0.99,7.69671349710797,2000,0.3,3,0.3,0.7,0.2,0.1,1500,0.5,0.19642857142857142,0.004285714285714286
cp_cox_full,CP + Cox,0.8816666666666667,7.600001551509008,0.17291256941556332,aft_lognormal_linear,Log-Normal AFT (Linear),18,20459433,0.99,8.021425534234721,2000,0.3,3,0.3,0.7,0.2,0.1,1500,0.5,0.20785714285714285,0.0014285714285714286
cp_cox_halfsplit,CP + Cox (Half-Split),0.8833333333333333,7.592514121995229,0.18641374016798268,aft_lognormal_linear,Log-Normal AFT (Linear),18,20459433,0.99,8.021425534234721,2000,0.3,3,0.3,0.7,0.2,0.1,1500,0.5,0.20785714285714285,0.0014285714285714286
cp_cox_full,CP + Cox,0.8816666666666667,7.562421387306722,0.19075037938512898,aft_lognormal_linear,Log-Normal AFT (Linear),19,20459434,0.99,8.021191788335672,2000,0.3,3,0.3,0.7,0.2,0.1,1500,0.5,0.215,0.0035714285714285713
cp_cox_halfsplit,CP + Cox (Half-Split),0.8816666666666667,7.571924030170519,0.171750998650439,aft_lognormal_linear,Log-Normal AFT (Linear),19,20459434,0.99,8.021191788335672,2000,0.3,3,0.3,0.7,0.2,0.1,1500,0.5,0.215,0.0035714285714285713
cp_cox_full,CP + Cox,0.8916666666666667,6.813437226961179,0.14881910903173468,aft_lognormal_linear,Log-Normal AFT (Linear),20,20459435,0.99,7.2573298231541905,2000,0.3,3,0.3,0.7,0.2,0.1,1500,0.5,0.22071428571428572,0.004285714285714286
cp_cox_halfsplit,CP + Cox (Half-Split),0.89,6.827349849133775,0.12876260693215916,aft_lognormal_linear,Log-Normal AFT (Linear),20,20459435,0.99,7.2573298231541905,2000,0.3,3,0.3,0.7,0.2,0.1,1500,0.5,0.22071428571428572,0.004285714285714286
cp_cox_full,CP + Cox,0.8916666666666667,6.868399483955543,0.13467407560170927,aft_lognormal_linear,Log-Normal AFT (Linear),21,20459436,0.99,7.271837423984182,2000,0.3,3,0.3,0.7,0.2,0.1,1500,0.5,0.21714285714285714,0.0035714285714285713
cp_cox_halfsplit,CP + Cox (Half-Split),0.885,6.844881005089519,0.15063312951632893,aft_lognormal_linear,Log-Normal AFT (Linear),21,20459436,0.99,7.271837423984182,2000,0.3,3,0.3,0.7,0.2,0.1,1500,0.5,0.21714285714285714,0.0035714285714285713
cp_cox_full,CP + Cox,0.9,6.501844684793434,0.14489191152479802,aft_lognormal_linear,Log-Normal AFT (Linear),22,20459437,0.99,6.912677072606593,2000,0.3,3,0.3,0.7,0.2,0.1,1500,0.5,0.20357142857142857,0.004285714285714286
cp_cox_halfsplit,CP + Cox (Half-Split),0.885,6.480236501322575,0.17007306350950976,aft_lognormal_linear,Log-Normal AFT (Linear),22,20459437,0.99,6.912677072606593,2000,0.3,3,0.3,0.7,0.2,0.1,1500,0.5,0.20357142857142857,0.004285714285714286
cp_cox_full,CP + Cox,0.8783333333333333,7.0674606493660885,0.19834200874235616,aft_lognormal_linear,Log-Normal AFT (Linear),23,20459438,0.99,7.525673093095291,2000,0.3,3,0.3,0.7,0.2,0.1,1500,0.5,0.19642857142857142,0.004285714285714286
cp_cox_halfsplit,CP + Cox (Half-Split),0.8983333333333333,7.11380604978431,0.17889219581796137,aft_lognormal_linear,Log-Normal AFT (Linear),23,20459438,0.99,7.525673093095291,2000,0.3,3,0.3,0.7,0.2,0.1,1500,0.5,0.19642857142857142,0.004285714285714286
cp_cox_full,CP + Cox,0.8933333333333333,7.833208657220718,0.18141140231519737,aft_lognormal_linear,Log-Normal AFT (Linear),24,20459439,0.99,8.275396716295004,2000,0.3,3,0.3,0.7,0.2,0.1,1500,0.5,0.19785714285714287,0.002857142857142857
cp_cox_halfsplit,CP + Cox (Half-Split),0.8966666666666666,7.838184225973844,0.1839674251074315,aft_lognormal_linear,Log-Normal AFT (Linear),24,20459439,0.99,8.275396716295004,2000,0.3,3,0.3,0.7,0.2,0.1,1500,0.5,0.19785714285714287,0.002857142857142857
cp_cox_full,CP + Cox,0.8833333333333333,7.7063391534479155,0.16639613113087126,aft_lognormal_linear,Log-Normal AFT (Linear),25,20459440,0.99,8.170156867023879,2000,0.3,3,0.3,0.7,0.2,0.1,1500,0.5,0.20857142857142857,0.004285714285714286
cp_cox_halfsplit,CP + Cox (Half-Split),0.9,7.760441831914759,0.12090762827688799,aft_lognormal_linear,Log-Normal AFT (Linear),25,20459440,0.99,8.170156867023879,2000,0.3,3,0.3,0.7,0.2,0.1,1500,0.5,0.20857142857142857,0.004285714285714286
cp_cox_full,CP + Cox,0.9133333333333333,7.785001530300147,0.16170442448774705,aft_lognormal_linear,Log-Normal AFT (Linear),26,20459441,0.99,8.177527493382954,2000,0.3,3,0.3,0.7,0.2,0.1,1500,0.5,0.18857142857142858,0.002857142857142857
cp_cox_halfsplit,CP + Cox (Half-Split),0.9,7.755650226770179,0.1863821972949657,aft_lognormal_linear,Log-Normal AFT (Linear),26,20459441,0.99,8.177527493382954,2000,0.3,3,0.3,0.7,0.2,0.1,1500,0.5,0.18857142857142858,0.002857142857142857
cp_cox_full,CP + Cox,0.9183333333333333,7.191628090535767,0.19337843960193868,aft_lognormal_linear,Log-Normal AFT (Linear),27,20459442,0.99,7.616210346597167,2000,0.3,3,0.3,0.7,0.2,0.1,1500,0.5,0.20357142857142857,0.0014285714285714286
cp_cox_halfsplit,CP + Cox (Half-Split),0.9216666666666666,7.206782785394306,0.1722587018266861,aft_lognormal_linear,Log-Normal AFT (Linear),27,20459442,0.99,7.616210346597167,2000,0.3,3,0.3,0.7,0.2,0.1,1500,0.5,0.20357142857142857,0.0014285714285714286
cp_cox_full,CP + Cox,0.895,7.394028103888112,0.17951032963279467,aft_lognormal_linear,Log-Normal AFT (Linear),28,20459443,0.99,7.824142390768969,2000,0.3,3,0.3,0.7,0.2,0.1,1500,0.5,0.20785714285714285,0.0035714285714285713
cp_cox_halfsplit,CP + Cox (Half-Split),0.86,7.332776995029066,0.2169250999850378,aft_lognormal_linear,Log-Normal AFT (Linear),28,20459443,0.99,7.824142390768969,2000,0.3,3,0.3,0.7,0.2,0.1,1500,0.5,0.20785714285714285,0.0035714285714285713
cp_cox_full,CP + Cox,0.87,8.407419336418315,0.1549742740744968,aft_lognormal_linear,Log-Normal AFT (Linear),29,20459444,0.99,8.8230433202501235,2000,0.3,3,0.3,0.7,0.2,0.1,1500,0.5,0.18785714285714286,0.002857142857142857
cp_cox_halfsplit,CP + Cox (Half-Split),0.8883333333333333,8.44179441719125,0.12998196723826227,aft_lognormal_linear,Log-Normal AFT (Linear),29,20459444,0.99,8.8230433202501235,2000,0.3,3,0.3,0.7,0.2,0.1,1500,0.5,0.18785714285714286,0.002857142857142857
cp_cox_full,CP + Cox,0.87,6.800237520937308,0.1658350140792459,aft_lognormal_linear,Log-Normal AFT (Linear),30,20459445,0.99,7.227228573381419,2000,0.3,3,0.3,0.7,0.2,0.1,1500,0.5,0.21428571428571427,0.002142857142857143
cp_cox_halfsplit,CP + Cox (Half-Split),0.8683333333333333,6.781728659455861,0.17638952210377376,aft_lognormal_linear,Log-Normal AFT (Linear),30,20459445,0.99,7.227228573381419,2000,0.3,3,0.3,0.7,0.2,0.1,1500,0.5,0.21428571428571427,0.002142857142857143
cp_cox_full,CP + Cox,0.8683333333333333,1.1564262121103397,0.10923899679050743,aft_lognormal_nonlinear,Log-Normal AFT (Nonlinear),1,20530416,0.7,1.5886190821792574,2000,0.3,3,0.3,0.7,0.2,0.1,1500,0.5,0.40214285714285714,0.21714285714285714
cp_cox_halfsplit,CP + Cox (Half-Split),0.935,1.256836092633108,0.08040330526859849,aft_lognormal_nonlinear,Log-Normal AFT (Nonlinear),1,20530416,0.7,1.5886190821792574,2000,0.3,3,0.3,0.7,0.2,0.1,1500,0.5,0.40214285714285714,0.21714285714285714
cp_cox_full,CP + Cox,0.9016666666666666,1.1701860962806525,0.10138711076627048,aft_lognormal_nonlinear,Log-Normal AFT (Nonlinear),2,20530417,0.7,1.5853926309930917,2000,0.3,3,0.3,0.7,0.2,0.1,1500,0.5,0.41,0.1992857142857143
cp_cox_halfsplit,CP + Cox (Half-Split),0.8866666666666667,1.1406745979910062,0.13085098250059965,aft_lognormal_nonlinear,Log-Normal AFT (Nonlinear),2,20530417,0.7,1.5853926309930917,2000,0.3,3,0.3,0.7,0.2,0.1,1500,0.5,0.41,0.1992857142857143
cp_cox_full,CP + Cox,0.9016666666666666,1.1549807218876467,0.07504774355414232,aft_lognormal_nonlinear,Log-Normal AFT (Nonlinear),3,20530418,0.7,1.54740596690717,2000,0.3,3,0.3,0.7,0.2,0.1,1500,0.5,0.42428571428571427,0.21142857142857144
cp_cox_halfsplit,CP + Cox (Half-Split),0.9033333333333333,1.1511199221271222,0.08550699356560792,aft_lognormal_nonlinear,Log-Normal AFT (Nonlinear),3,20530418,0.7,1.54740596690717,2000,0.3,3,0.3,0.7,0.2,0.1,1500,0.5,0.42428571428571427,0.21142857142857144
cp_cox_full,CP + Cox,0.8766666666666667,1.1852729325740123,0.09836537829432479,aft_lognormal_nonlinear,Log-Normal AFT (Nonlinear),4,20530419,0.7,1.5822154675073234,2000,0.3,3,0.3,0.7,0.2,0.1,1500,0.5,0.4257142857142857,0.20357142857142857
cp_cox_halfsplit,CP + Cox (Half-Split),0.8833333333333333,1.1896088168734604,0.1009565560657946,aft_lognormal_nonlinear,Log-Normal AFT (Nonlinear),4,20530419,0.7,1.5822154675073234,2000,0.3,3,0.3,0.7,0.2,0.1,1500,0.5,0.4257142857142857,0.20357142857142857
cp_cox_full,CP + Cox,0.9316666666666666,1.1919884140981227,0.09826739767223344,aft_lognormal_nonlinear,Log-Normal AFT (Nonlinear),5,20530420,0.7,1.5883562101602537,2000,0.3,3,0.3,0.7,0.2,0.1,1500,0.5,0.3921428571428571,0.21285714285714286
cp_cox_halfsplit,CP + Cox (Half-Split),0.9283333333333333,1.1983125652877733,0.08659650028340482,aft_lognormal_nonlinear,Log-Normal AFT (Nonlinear),5,20530420,0.7,1.5883562101602537,2000,0.3,3,0.3,0.7,0.2,0.1,1500,0.5,0.3921428571428571,0.21285714285714286
cp_cox_full,CP + Cox,0.8883333333333333,1.168196358947557,0.10330667656086058,aft_lognormal_nonlinear,Log-Normal AFT (Nonlinear),6,20530421,0.7,1.5866860072291564,2000,0.3,3,0.3,0.7,0.2,0.1,1500,0.5,0.3985714285714286,0.20785714285714285
cp_cox_halfsplit,CP + Cox (Half-Split),0.9166666666666666,1.2059554138060156,0.09652524022937045,aft_lognormal_nonlinear,Log-Normal AFT (Nonlinear),6,20530421,0.7,1.5866860072291564,2000,0.3,3,0.3,0.7,0.2,0.1,1500,0.5,0.3985714285714286,0.20785714285714285
cp_cox_full,CP + Cox,0.905,1.1648518279990354,0.08835787071859715,aft_lognormal_nonlinear,Log-Normal AFT (Nonlinear),7,20530422,0.7,1.521414152778876,2000,0.3,3,0.3,0.7,0.2,0.1,1500,0.5,0.4057142857142857,0.2
cp_cox_halfsplit,CP + Cox (Half-Split),0.9183333333333333,1.1894883921217148,0.07196689490123583,aft_lognormal_nonlinear,Log-Normal AFT (Nonlinear),7,20530422,0.7,1.521414152778876,2000,0.3,3,0.3,0.7,0.2,0.1,1500,0.5,0.4057142857142857,0.2
cp_cox_full,CP + Cox,0.9016666666666666,1.1682589708023994,0.08092914655608341,aft_lognormal_nonlinear,Log-Normal AFT (Nonlinear),8,20530423,0.7,1.5396833581059015,2000,0.3,3,0.3,0.7,0.2,0.1,1500,0.5,0.4092857142857143,0.20785714285714285
cp_cox_halfsplit,CP + Cox (Half-Split),0.885,1.1318404036737426,0.09961365429893784,aft_lognormal_nonlinear,Log-Normal AFT (Nonlinear),8,20530423,0.7,1.5396833581059015,2000,0.3,3,0.3,0.7,0.2,0.1,1500,0.5,0.4092857142857143,0.20785714285714285
cp_cox_full,CP + Cox,0.8933333333333333,1.211994625850346,0.09668996795719614,aft_lognormal_nonlinear,Log-Normal AFT (Nonlinear),9,20530424,0.7,1.5947322068375334,2000,0.3,3,0.3,0.7,0.2,0.1,1500,0.5,0.41785714285714287,0.22642857142857142
cp_cox_halfsplit,CP + Cox (Half-Split),0.8733333333333333,1.1749409704511942,0.09705425085362461,aft_lognormal_nonlinear,Log-Normal AFT (Nonlinear),9,20530424,0.7,1.5947322068375334,2000,0.3,3,0.3,0.7,0.2,0.1,1500,0.5,0.41785714285714287,0.22642857142857142
cp_cox_full,CP + Cox,0.925,1.1491464092971018,0.0743091189968199,aft_lognormal_nonlinear,Log-Normal AFT (Nonlinear),10,20530425,0.7,1.5312968239176512,2000,0.3,3,0.3,0.7,0.2,0.1,1500,0.5,0.41285714285714287,0.2057142857142857
cp_cox_halfsplit,CP + Cox (Half-Split),0.9333333333333333,1.1607184570654825,0.07403064077767078,aft_lognormal_nonlinear,Log-Normal AFT (Nonlinear),10,20530425,0.7,1.5312968239176512,2000,0.3,3,0.3,0.7,0.2,0.1,1500,0.5,0.41285714285714287,0.2057142857142857
cp_cox_full,CP + Cox,0.91,1.2024890178107457,0.08783555093721664,aft_lognormal_nonlinear,Log-Normal AFT (Nonlinear),11,20530426,0.7,1.5827708681757597,2000,0.3,3,0.3,0.7,0.2,0.1,1500,0.5,0.4114285714285714,0.20214285714285715
cp_cox_halfsplit,CP + Cox (Half-Split),0.9016666666666666,1.193081135353774,0.10232320616884055,aft_lognormal_nonlinear,Log-Normal AFT (Nonlinear),11,20530426,0.7,1.5827708681757597,2000,0.3,3,0.3,0.7,0.2,0.1,1500,0.5,0.4114285714285714,0.20214285714285715
cp_cox_full,CP + Cox,0.9166666666666666,1.215729785002892,0.0872577539298734,aft_lognormal_nonlinear,Log-Normal AFT (Nonlinear),12,20530427,0.7,1.5843988765100616,2000,0.3,3,0.3,0.7,0.2,0.1,1500,0.5,0.3921428571428571,0.2092857142857143
cp_cox_halfsplit,CP + Cox (Half-Split),0.9116666666666666,1.1899773325497398,0.11514571916183611,aft_lognormal_nonlinear,Log-Normal AFT (Nonlinear),12,20530427,0.7,1.5843988765100616,2000,0.3,3,0.3,0.7,0.2,0.1,1500,0.5,0.3921428571428571,0.2092857142857143
cp_cox_full,CP + Cox,0.8816666666666667,1.2015871131193518,0.0850532665511037,aft_lognormal_nonlinear,Log-Normal AFT (Nonlinear),13,20530428,0.7,1.5841880012782026,2000,0.3,3,0.3,0.7,0.2,0.1,1500,0.5,0.41214285714285714,0.21928571428571428
cp_cox_halfsplit,CP + Cox (Half-Split),0.875,1.182712700116129,0.10371555051129391,aft_lognormal_nonlinear,Log-Normal AFT (Nonlinear),13,20530428,0.7,1.5841880012782026,2000,0.3,3,0.3,0.7,0.2,0.1,1500,0.5,0.41214285714285714,0.21928571428571428
cp_cox_full,CP + Cox,0.875,1.1685916004162589,0.09983054437349531,aft_lognormal_nonlinear,Log-Normal AFT (Nonlinear),14,20530429,0.7,1.562521005591139,2000,0.3,3,0.3,0.7,0.2,0.1,1500,0.5,0.4207142857142857,0.21928571428571428
cp_cox_halfsplit,CP + Cox (Half-Split),0.9183333333333333,1.2125624320760053,0.10712573719172787,aft_lognormal_nonlinear,Log-Normal AFT (Nonlinear),14,20530429,0.7,1.562521005591139,2000,0.3,3,0.3,0.7,0.2,0.1,1500,0.5,0.4207142857142857,0.21928571428571428
cp_cox_full,CP + Cox,0.8866666666666667,1.1503822507414554,0.08887729339160672,aft_lognormal_nonlinear,Log-Normal AFT (Nonlinear),15,20530430,0.7,1.5333601393947154,2000,0.3,3,0.3,0.7,0.2,0.1,1500,0.5,0.4142857142857143,0.215
cp_cox_halfsplit,CP + Cox (Half-Split),0.885,1.1526374690756664,0.09139373532528136,aft_lognormal_nonlinear,Log-Normal AFT (Nonlinear),15,20530430,0.7,1.5333601393947154,2000,0.3,3,0.3,0.7,0.2,0.1,1500,0.5,0.4142857142857143,0.215
cp_cox_full,CP + Cox,0.8866666666666667,1.2420373510981924,0.08426107062787129,aft_lognormal_nonlinear,Log-Normal AFT (Nonlinear),16,20530431,0.7,1.610532966623973,2000,0.3,3,0.3,0.7,0.2,0.1,1500,0.5,0.4207142857142857,0.21785714285714286
cp_cox_halfsplit,CP + Cox (Half-Split),0.8716666666666667,1.2331031431252615,0.08396614092107987,aft_lognormal_nonlinear,Log-Normal AFT (Nonlinear),16,20530431,0.7,1.610532966623973,2000,0.3,3,0.3,0.7,0.2,0.1,1500,0.5,0.4207142857142857,0.21785714285714286
cp_cox_full,CP + Cox,0.9033333333333333,1.2607963182970288,0.07842800202984927,aft_lognormal_nonlinear,Log-Normal AFT (Nonlinear),17,20530432,0.7,1.6316761548667538,2000,0.3,3,0.3,0.7,0.2,0.1,1500,0.5,0.4157142857142857,0.21357142857142858
cp_cox_halfsplit,CP + Cox (Half-Split),0.9033333333333333,1.2661408458024839,0.07165773294580484,aft_lognormal_nonlinear,Log-Normal AFT (Nonlinear),17,20530432,0.7,1.6316761548667538,2000,0.3,3,0.3,0.7,0.2,0.1,1500,0.5,0.4157142857142857,0.21357142857142858
cp_cox_full,CP + Cox,0.895,1.1247061340292512,0.09304644797884526,aft_lognormal_nonlinear,Log-Normal AFT (Nonlinear),18,20530433,0.7,1.5075668513881069,2000,0.3,3,0.3,0.7,0.2,0.1,1500,0.5,0.4,0.20642857142857143
cp_cox_halfsplit,CP + Cox (Half-Split),0.9266666666666666,1.1776861002513326,0.08708660812397703,aft_lognormal_nonlinear,Log-Normal AFT (Nonlinear),18,20530433,0.7,1.5075668513881069,2000,0.3,3,0.3,0.7,0.2,0.1,1500,0.5,0.4,0.20642857142857143
cp_cox_full,CP + Cox,0.885,1.1432422817643884,0.11225901743745999,aft_lognormal_nonlinear,Log-Normal AFT (Nonlinear),19,20530434,0.7,1.5552059696053546,2000,0.3,3,0.3,0.7,0.2,0.1,1500,0.5,0.3942857142857143,0.205
cp_cox_halfsplit,CP + Cox (Half-Split),0.8966666666666666,1.1588136857445936,0.10322796347415095,aft_lognormal_nonlinear,Log-Normal AFT (Nonlinear),19,20530434,0.7,1.5552059696053546,2000,0.3,3,0.3,0.7,0.2,0.1,1500,0.5,0.3942857142857143,0.205
cp_cox_full,CP + Cox,0.8733333333333333,1.1502603418591908,0.09480433199751169,aft_lognormal_nonlinear,Log-Normal AFT (Nonlinear),20,20530435,0.7,1.5230317211672886,2000,0.3,3,0.3,0.7,0.2,0.1,1500,0.5,0.41214285714285714,0.2092857142857143
cp_cox_halfsplit,CP + Cox (Half-Split),0.87,1.1519159189334016,0.08927223829041833,aft_lognormal_nonlinear,Log-Normal AFT (Nonlinear),20,20530435,0.7,1.5230317211672886,2000,0.3,3,0.3,0.7,0.2,0.1,1500,0.5,0.41214285714285714,0.2092857142857143
cp_cox_full,CP + Cox,0.8983333333333333,1.2015669647391833,0.07253128626834528,aft_lognormal_nonlinear,Log-Normal AFT (Nonlinear),21,20530436,0.7,1.5717826446886285,2000,0.3,3,0.3,0.7,0.2,0.1,1500,0.5,0.4,0.21571428571428572
cp_cox_halfsplit,CP + Cox (Half-Split),0.9066666666666666,1.2143993107005278,0.06504346991755597,aft_lognormal_nonlinear,Log-Normal AFT (Nonlinear),21,20530436,0.7,1.5717826446886285,2000,0.3,3,0.3,0.7,0.2,0.1,1500,0.5,0.4,0.21571428571428572
cp_cox_full,CP + Cox,0.8816666666666667,1.1201542754088605,0.08980822096537147,aft_lognormal_nonlinear,Log-Normal AFT (Nonlinear),22,20530437,0.7,1.5166125509019373,2000,0.3,3,0.3,0.7,0.2,0.1,1500,0.5,0.39071428571428574,0.21214285714285713
cp_cox_halfsplit,CP + Cox (Half-Split),0.9083333333333333,1.159738997058079,0.07536181990585315,aft_lognormal_nonlinear,Log-Normal AFT (Nonlinear),22,20530437,0.7,1.5166125509019373,2000,0.3,3,0.3,0.7,0.2,0.1,1500,0.5,0.39071428571428574,0.21214285714285713
cp_cox_full,CP + Cox,0.8883333333333333,1.2021789105163363,0.08982315843224414,aft_lognormal_nonlinear,Log-Normal AFT (Nonlinear),23,20530438,0.7,1.5728929917129189,2000,0.3,3,0.3,0.7,0.2,0.1,1500,0.5,0.4042857142857143,0.21785714285714286
cp_cox_halfsplit,CP + Cox (Half-Split),0.8783333333333333,1.1593578082037794,0.10224067551245478,aft_lognormal_nonlinear,Log-Normal AFT (Nonlinear),23,20530438,0.7,1.5728929917129189,2000,0.3,3,0.3,0.7,0.2,0.1,1500,0.5,0.4042857142857143,0.21785714285714286
cp_cox_full,CP + Cox,0.8816666666666667,1.096692712382134,0.10767495594498425,aft_lognormal_nonlinear,Log-Normal AFT (Nonlinear),24,20530439,0.7,1.524161152285485,2000,0.3,3,0.3,0.7,0.2,0.1,1500,0.5,0.4014285714285714,0.21785714285714286
cp_cox_halfsplit,CP + Cox (Half-Split),0.8866666666666667,1.1165708784085178,0.08536398141329708,aft_lognormal_nonlinear,Log-Normal AFT (Nonlinear),24,20530439,0.7,1.524161152285485,2000,0.3,3,0.3,0.7,0.2,0.1,1500,0.5,0.4014285714285714,0.21785714285714286
cp_cox_full,CP + Cox,0.9033333333333333,1.1782523296413605,0.101222013132104,aft_lognormal_nonlinear,Log-Normal AFT (Nonlinear),25,20530440,0.7,1.5718050790374996,2000,0.3,3,0.3,0.7,0.2,0.1,1500,0.5,0.4107142857142857,0.20857142857142857
cp_cox_halfsplit,CP + Cox (Half-Split),0.9033333333333333,1.181662089751176,0.09656580817688154,aft_lognormal_nonlinear,Log-Normal AFT (Nonlinear),25,20530440,0.7,1.5718050790374996,2000,0.3,3,0.3,0.7,0.2,0.1,1500,0.5,0.4107142857142857,0.20857142857142857
cp_cox_full,CP + Cox,0.8833333333333333,1.200195228007411,0.08877872995293098,aft_lognormal_nonlinear,Log-Normal AFT (Nonlinear),26,20530441,0.7,1.565604209366721,2000,0.3,3,0.3,0.7,0.2,0.1,1500,0.5,0.415,0.20714285714285716
cp_cox_halfsplit,CP + Cox (Half-Split),0.8816666666666667,1.2051041549051307,0.09308215793042801,aft_lognormal_nonlinear,Log-Normal AFT (Nonlinear),26,20530441,0.7,1.565604209366721,2000,0.3,3,0.3,0.7,0.2,0.1,1500,0.5,0.415,0.20714285714285716
cp_cox_full,CP + Cox,0.91,1.21369369249413,0.08587198600344087,aft_lognormal_nonlinear,Log-Normal AFT (Nonlinear),27,20530442,0.7,1.6053151254628453,2000,0.3,3,0.3,0.7,0.2,0.1,1500,0.5,0.42,0.21214285714285713
cp_cox_halfsplit,CP + Cox (Half-Split),0.9233333333333333,1.2426208242090282,0.07652234982989671,aft_lognormal_nonlinear,Log-Normal AFT (Nonlinear),27,20530442,0.7,1.6053151254628453,2000,0.3,3,0.3,0.7,0.2,0.1,1500,0.5,0.42,0.21214285714285713
cp_cox_full,CP + Cox,0.8983333333333333,1.2351667664119166,0.07138315203439038,aft_lognormal_nonlinear,Log-Normal AFT (Nonlinear),28,20530443,0.7,1.5815351848868897,2000,0.3,3,0.3,0.7,0.2,0.1,1500,0.5,0.4007142857142857,0.21285714285714286
cp_cox_halfsplit,CP + Cox (Half-Split),0.8716666666666667,1.199577205832969,0.07185421805844322,aft_lognormal_nonlinear,Log-Normal AFT (Nonlinear),28,20530443,0.7,1.5815351848868897,2000,0.3,3,0.3,0.7,0.2,0.1,1500,0.5,0.4007142857142857,0.21285714285714286
cp_cox_full,CP + Cox,0.9,1.1789796457025588,0.07474550552771483,aft_lognormal_nonlinear,Log-Normal AFT (Nonlinear),29,20530444,0.7,1.554393436458118,2000,0.3,3,0.3,0.7,0.2,0.1,1500,0.5,0.3992857142857143,0.1957142857142857
cp_cox_halfsplit,CP + Cox (Half-Split),0.9066666666666666,1.185978773100797,0.07859873949777535,aft_lognormal_nonlinear,Log-Normal AFT (Nonlinear),29,20530444,0.7,1.554393436458118,2000,0.3,3,0.3,0.7,0.2,0.1,1500,0.5,0.3992857142857143,0.1957142857142857
cp_cox_full,CP + Cox,0.93,1.1709594114877355,0.08787574087679226,aft_lognormal_nonlinear,Log-Normal AFT (Nonlinear),30,20530445,0.7,1.5411054950331908,2000,0.3,3,0.3,0.7,0.2,0.1,1500,0.5,0.40785714285714286,0.225
cp_cox_halfsplit,CP + Cox (Half-Split),0.9116666666666666,1.134448837636171,0.11157410658269856,aft_lognormal_nonlinear,Log-Normal AFT (Nonlinear),30,20530445,0.7,1.5411054950331908,2000,0.3,3,0.3,0.7,0.2,0.1,1500,0.5,0.40785714285714286,0.225
cp_cox_full,CP + Cox,0.8866666666666667,1.6662815128659227,0.10143037564345195,aft_lognormal_nonlinear,Log-Normal AFT (Nonlinear),1,20540416,0.8,2.0490223274017296,2000,0.3,3,0.3,0.7,0.2,0.1,1500,0.5,0.33714285714285713,0.13428571428571429
cp_cox_halfsplit,CP + Cox (Half-Split),0.88,1.6538374785134593,0.12147861491485938,aft_lognormal_nonlinear,Log-Normal AFT (Nonlinear),1,20540416,0.8,2.0490223274017296,2000,0.3,3,0.3,0.7,0.2,0.1,1500,0.5,0.33714285714285713,0.13428571428571429
cp_cox_full,CP + Cox,0.9,1.5509442017617403,0.08203442523987425,aft_lognormal_nonlinear,Log-Normal AFT (Nonlinear),2,20540417,0.8,1.9388086020365791,2000,0.3,3,0.3,0.7,0.2,0.1,1500,0.5,0.35428571428571426,0.1442857142857143
cp_cox_halfsplit,CP + Cox (Half-Split),0.915,1.5711807267705475,0.07766860481341677,aft_lognormal_nonlinear,Log-Normal AFT (Nonlinear),2,20540417,0.8,1.9388086020365791,2000,0.3,3,0.3,0.7,0.2,0.1,1500,0.5,0.35428571428571426,0.1442857142857143
cp_cox_full,CP + Cox,0.8766666666666667,1.6763434663233134,0.091121906217930565,aft_lognormal_nonlinear,Log-Normal AFT (Nonlinear),3,20540418,0.8,2.049906021210216,2000,0.3,3,0.3,0.7,0.2,0.1,1500,0.5,0.34214285714285714,0.1492857142857143
cp_cox_halfsplit,CP + Cox (Half-Split),0.8733333333333333,1.6615937820942632,0.10102030618440054,aft_lognormal_nonlinear,Log-Normal AFT (Nonlinear),3,20540418,0.8,2.049906021210216,2000,0.3,3,0.3,0.7,0.2,0.1,1500,0.5,0.34214285714285714,0.1492857142857143
cp_cox_full,CP + Cox,0.9233333333333333,1.7133574582998983,0.06811061293129833,aft_lognormal_nonlinear,Log-Normal AFT (Nonlinear),4,20540419,0.8,2.090491950674997,2000,0.3,3,0.3,0.7,0.2,0.1,1500,0.5,0.33785714285714286,0.115
cp_cox_halfsplit,CP + Cox (Half-Split),0.9233333333333333,1.7097181374845052,0.0773099296065135,aft_lognormal_nonlinear,Log-Normal AFT (Nonlinear),4,20540419,0.8,2.090491950674997,2000,0.3,3,0.3,0.7,0.2,0.1,1500,0.5,0.33785714285714286,0.115
cp_cox_full,CP + Cox,0.91,1.6200256484115403,0.09074214829742702,aft_lognormal_nonlinear,Log-Normal AFT (Nonlinear),5,20540420,0.8,1.985202986339976,2000,0.3,3,0.3,0.7,0.2,0.1,1500,0.5,0.3535714285714286,0.13214285714285715
cp_cox_halfsplit,CP + Cox (Half-Split),0.8966666666666666,1.597866071107196,0.09037448433181194,aft_lognormal_nonlinear,Log-Normal AFT (Nonlinear),5,20540420,0.8,1.985202986339976,2000,0.3,3,0.3,0.7,0.2,0.1,1500,0.5,0.3535714285714286,0.13214285714285715
cp_cox_full,CP + Cox,0.9,1.6324068366076905,0.10770250493831601,aft_lognormal_nonlinear,Log-Normal AFT (Nonlinear),6,20540421,0.8,2.044958546838123,2000,0.3,3,0.3,0.7,0.2,0.1,1500,0.5,0.31857142857142856,0.13214285714285715
cp_cox_halfsplit,CP + Cox (Half-Split),0.8916666666666667,1.6214115970017597,0.12042444173016334,aft_lognormal_nonlinear,Log-Normal AFT (Nonlinear),6,20540421,0.8,2.044958546838123,2000,0.3,3,0.3,0.7,0.2,0.1,1500,0.5,0.31857142857142856,0.13214285714285715
cp_cox_full,CP + Cox,0.8966666666666666,1.6824841788499645,0.07691762494816398,aft_lognormal_nonlinear,Log-Normal AFT (Nonlinear),7,20540422,0.8,2.0542147207808963,2000,0.3,3,0.3,0.7,0.2,0.1,1500,0.5,0.31357142857142856,0.14357142857142857
cp_cox_halfsplit,CP + Cox (Half-Split),0.905,1.6993593337158452,0.06401696991409589,aft_lognormal_nonlinear,Log-Normal AFT (Nonlinear),7,20540422,0.8,2.0542147207808963,2000,0.3,3,0.3,0.7,0.2,0.1,1500,0.5,0.31357142857142856,0.14357142857142857
cp_cox_full,CP + Cox,0.905,1.617831090743798,0.08967222696033099,aft_lognormal_nonlinear,Log-Normal AFT (Nonlinear),8,20540423,0.8,1.9868562522118092,2000,0.3,3,0.3,0.7,0.2,0.1,1500,0.5,0.35714285714285715,0.13285714285714287
cp_cox_halfsplit,CP + Cox (Half-Split),0.8833333333333333,1.5904752164813813,0.10734674094070214,aft_lognormal_nonlinear,Log-Normal AFT (Nonlinear),8,20540423,0.8,1.9868562522118092,2000,0.3,3,0.3,0.7,0.2,0.1,1500,0.5,0.35714285714285715,0.13285714285714287
cp_cox_full,CP + Cox,0.9116666666666666,1.654665348442162,0.09272838745177335,aft_lognormal_nonlinear,Log-Normal AFT (Nonlinear),9,20540424,0.8,2.0177745831241434,2000,0.3,3,0.3,0.7,0.2,0.1,1500,0.5,0.34214285714285714,0.12785714285714286
cp_cox_halfsplit,CP + Cox (Half-Split),0.905,1.6509808707545632,0.10710914966041157,aft_lognormal_nonlinear,Log-Normal AFT (Nonlinear),9,20540424,0.8,2.0177745831241434,2000,0.3,3,0.3,0.7,0.2,0.1,1500,0.5,0.34214285714285714,0.12785714285714286
cp_cox_full,CP + Cox,0.9216666666666666,1.6308533176074385,0.0849615749858963,aft_lognormal_nonlinear,Log-Normal AFT (Nonlinear),10,20540425,0.8,2.0094254161892153,2000,0.3,3,0.3,0.7,0.2,0.1,1500,0.5,0.335,0.12928571428571428
cp_cox_halfsplit,CP + Cox (Half-Split),0.8966666666666666,1.6055982086103773,0.0841939509580629,aft_lognormal_nonlinear,Log-Normal AFT (Nonlinear),10,20540425,0.8,2.0094254161892153,2000,0.3,3,0.3,0.7,0.2,0.1,1500,0.5,0.335,0.12928571428571428
cp_cox_full,CP + Cox,0.9083333333333333,1.6845090960919142,0.08017994230695558,aft_lognormal_nonlinear,Log-Normal AFT (Nonlinear),11,20540426,0.8,2.0309563009390192,2000,0.3,3,0.3,0.7,0.2,0.1,1500,0.5,0.3271428571428571,0.13214285714285715
cp_cox_halfsplit,CP + Cox (Half-Split),0.905,1.68329780796338,0.07099331262337948,aft_lognormal_nonlinear,Log-Normal AFT (Nonlinear),11,20540426,0.8,2.0309563009390192,2000,0.3,3,0.3,0.7,0.2,0.1,1500,0.5,0.3271428571428571,0.13214285714285715
cp_cox_full,CP + Cox,0.9216666666666666,1.6748081307347908,0.06913214712234067,aft_lognormal_nonlinear,Log-Normal AFT (Nonlinear),12,20540427,0.8,2.016817887121653,2000,0.3,3,0.3,0.7,0.2,0.1,1500,0.5,0.3264285714285714,0.13642857142857143
cp_cox_halfsplit,CP + Cox (Half-Split),0.91,1.633710673877478,0.07738205138160857,aft_lognormal_nonlinear,Log-Normal AFT (Nonlinear),12,20540427,0.8,2.016817887121653,2000,0.3,3,0.3,0.7,0.2,0.1,1500,0.5,0.3264285714285714,0.13642857142857143
cp_cox_full,CP + Cox,0.905,1.6474285479560546,0.10138216801841377,aft_lognormal_nonlinear,Log-Normal AFT (Nonlinear),13,20540428,0.8,2.061636246199589,2000,0.3,3,0.3,0.7,0.2,0.1,1500,0.5,0.32071428571428573,0.12714285714285714
cp_cox_halfsplit,CP + Cox (Half-Split),0.91,1.6641811117876524,0.09060393642547872,aft_lognormal_nonlinear,Log-Normal AFT (Nonlinear),13,20540428,0.8,2.061636246199589,2000,0.3,3,0.3,0.7,0.2,0.1,1500,0.5,0.32071428571428573,0.12714285714285714
cp_cox_full,CP + Cox,0.915,1.6185717609547978,0.08540792109269103,aft_lognormal_nonlinear,Log-Normal AFT (Nonlinear),14,20540429,0.8,1.9853814570268327,2000,0.3,3,0.3,0.7,0.2,0.1,1500,0.5,0.33071428571428574,0.12785714285714286
cp_cox_halfsplit,CP + Cox (Half-Split),0.9083333333333333,1.6020909725906176,0.08590504281906927,aft_lognormal_nonlinear,Log-Normal AFT (Nonlinear),14,20540429,0.8,1.9853814570268327,2000,0.3,3,0.3,0.7,0.2,0.1,1500,0.5,0.33071428571428574,0.12785714285714286
cp_cox_full,CP + Cox,0.8833333333333333,1.640988730275847,0.08416000017560449,aft_lognormal_nonlinear,Log-Normal AFT (Nonlinear),15,20540430,0.8,2.0230212312052287,2000,0.3,3,0.3,0.7,0.2,0.1,1500,0.5,0.33071428571428574,0.12928571428571428
cp_cox_halfsplit,CP + Cox (Half-Split),0.9116666666666666,1.6796133312640003,0.0840472234932028,aft_lognormal_nonlinear,Log-Normal AFT (Nonlinear),15,20540430,0.8,2.0230212312052287,2000,0.3,3,0.3,0.7,0.2,0.1,1500,0.5,0.33071428571428574,0.12928571428571428
cp_cox_full,CP + Cox,0.89,1.658169163575744,0.09010511916612438,aft_lognormal_nonlinear,Log-Normal AFT (Nonlinear),16,20540431,0.8,2.0528965826794474,2000,0.3,3,0.3,0.7,0.2,0.1,1500,0.5,0.33,0.14
cp_cox_halfsplit,CP + Cox (Half-Split),0.885,1.642189427898484,0.1001931788120698,aft_lognormal_nonlinear,Log-Normal AFT (Nonlinear),16,20540431,0.8,2.0528965826794474,2000,0.3,3,0.3,0.7,0.2,0.1,1500,0.5,0.33,0.14
cp_cox_full,CP + Cox,0.9183333333333333,1.614201617597195,0.08311290853755227,aft_lognormal_nonlinear,Log-Normal AFT (Nonlinear),17,20540432,0.8,2.0002146936619005,2000,0.3,3,0.3,0.7,0.2,0.1,1500,0.5,0.3314285714285714,0.125
cp_cox_halfsplit,CP + Cox (Half-Split),0.915,1.619087770726169,0.09353841852294448,aft_lognormal_nonlinear,Log-Normal AFT (Nonlinear),17,20540432,0.8,2.0002146936619005,2000,0.3,3,0.3,0.7,0.2,0.1,1500,0.5,0.3314285714285714,0.125
cp_cox_full,CP + Cox,0.915,1.6454267134979297,0.0784139690665663,aft_lognormal_nonlinear,Log-Normal AFT (Nonlinear),18,20540433,0.8,2.014717751942283,2000,0.3,3,0.3,0.7,0.2,0.1,1500,0.5,0.31214285714285717,0.13214285714285715
cp_cox_halfsplit,CP + Cox (Half-Split),0.9233333333333333,1.6576098496696192,0.07435255169136104,aft_lognormal_nonlinear,Log-Normal AFT (Nonlinear),18,20540433,0.8,2.014717751942283,2000,0.3,3,0.3,0.7,0.2,0.1,1500,0.5,0.31214285714285717,0.13214285714285715
cp_cox_full,CP + Cox,0.8833333333333333,1.4881085030745984,0.0740808327700473,aft_lognormal_nonlinear,Log-Normal AFT (Nonlinear),19,20540434,0.8,1.867019588526853,2000,0.3,3,0.3,0.7,0.2,0.1,1500,0.5,0.3335714285714286,0.14142857142857143
cp_cox_halfsplit,CP + Cox (Half-Split),0.875,1.468721688275893,0.08454578572929952,aft_lognormal_nonlinear,Log-Normal AFT (Nonlinear),19,20540434,0.8,1.867019588526853,2000,0.3,3,0.3,0.7,0.2,0.1,1500,0.5,0.3335714285714286,0.14142857142857143
cp_cox_full,CP + Cox,0.9066666666666666,1.8103429990464417,0.08225797386269605,aft_lognormal_nonlinear,Log-Normal AFT (Nonlinear),20,20540435,0.8,2.173111836571417,2000,0.3,3,0.3,0.7,0.2,0.1,1500,0.5,0.3292857142857143,0.13142857142857142
cp_cox_halfsplit,CP + Cox (Half-Split),0.9083333333333333,1.8288081589615721,0.0774042612497401,aft_lognormal_nonlinear,Log-Normal AFT (Nonlinear),20,20540435,0.8,2.173111836571417,2000,0.3,3,0.3,0.7,0.2,0.1,1500,0.5,0.3292857142857143,0.13142857142857142
cp_cox_full,CP + Cox,0.93,1.591581870836731,0.09214152707701,aft_lognormal_nonlinear,Log-Normal AFT (Nonlinear),21,20540436,0.8,1.9425379599473596,2000,0.3,3,0.3,0.7,0.2,0.1,1500,0.5,0.3392857142857143,0.12357142857142857
cp_cox_halfsplit,CP + Cox (Half-Split),0.915,1.5621333601516405,0.125181931650262,aft_lognormal_nonlinear,Log-Normal AFT (Nonlinear),21,20540436,0.8,1.9425379599473596,2000,0.3,3,0.3,0.7,0.2,0.1,1500,0.5,0.3392857142857143,0.12357142857142857
cp_cox_full,CP + Cox,0.8966666666666666,1.6804511009528358,0.09234159125111342,aft_lognormal_nonlinear,Log-Normal AFT (Nonlinear),22,20540437,0.8,2.0655660810856538,2000,0.3,3,0.3,0.7,0.2,0.1,1500,0.5,0.3435714285714286,0.12714285714285714
cp_cox_halfsplit,CP + Cox (Half-Split),0.8866666666666667,1.6581549578199362,0.11223257908018691,aft_lognormal_nonlinear,Log-Normal AFT (Nonlinear),22,20540437,0.8,2.0655660810856538,2000,0.3,3,0.3,0.7,0.2,0.1,1500,0.5,0.3435714285714286,0.12714285714285714
cp_cox_full,CP + Cox,0.8966666666666666,1.6324977483781582,0.08165645449291853,aft_lognormal_nonlinear,Log-Normal AFT (Nonlinear),23,20540438,0.8,1.9981534792571496,2000,0.3,3,0.3,0.7,0.2,0.1,1500,0.5,0.32285714285714284,0.11571428571428571
cp_cox_halfsplit,CP + Cox (Half-Split),0.895,1.6317217280895726,0.0849076895670238,aft_lognormal_nonlinear,Log-Normal AFT (Nonlinear),23,20540438,0.8,1.9981534792571496,2000,0.3,3,0.3,0.7,0.2,0.1,1500,0.5,0.32285714285714284,0.11571428571428571
cp_cox_full,CP + Cox,0.9,1.6313561890445758,0.08400867543553048,aft_lognormal_nonlinear,Log-Normal AFT (Nonlinear),24,20540439,0.8,1.9928603632735373,2000,0.3,3,0.3,0.7,0.2,0.1,1500,0.5,0.3414285714285714,0.13142857142857142
cp_cox_halfsplit,CP + Cox (Half-Split),0.8816666666666667,1.596772618684319,0.1036678446033846,aft_lognormal_nonlinear,Log-Normal AFT (Nonlinear),24,20540439,0.8,1.9928603632735373,2000,0.3,3,0.3,0.7,0.2,0.1,1500,0.5,0.3414285714285714,0.13142857142857142
cp_cox_full,CP + Cox,0.8633333333333333,1.5839886514572776,0.09014305722478289,aft_lognormal_nonlinear,Log-Normal AFT (Nonlinear),25,20540440,0.8,1.9975554559328434,2000,0.3,3,0.3,0.7,0.2,0.1,1500,0.5,0.3357142857142857,0.13857142857142857
cp_cox_halfsplit,CP + Cox (Half-Split),0.88,1.6065055803746262,0.0885639616137005,aft_lognormal_nonlinear,Log-Normal AFT (Nonlinear),25,20540440,0.8,1.9975554559328434,2000,0.3,3,0.3,0.7,0.2,0.1,1500,0.5,0.3357142857142857,0.13857142857142857
cp_cox_full,CP + Cox,0.8783333333333333,1.582617540650197,0.08272223909410692,aft_lognormal_nonlinear,Log-Normal AFT (Nonlinear),26,20540441,0.8,1.968840923574873,2000,0.3,3,0.3,0.7,0.2,0.1,1500,0.5,0.32142857142857145,0.12428571428571429
cp_cox_halfsplit,CP + Cox (Half-Split),0.9116666666666666,1.6147842421740555,0.07997286344825211,aft_lognormal_nonlinear,Log-Normal AFT (Nonlinear),26,20540441,0.8,1.968840923574873,2000,0.3,3,0.3,0.7,0.2,0.1,1500,0.5,0.32142857142857145,0.12428571428571429
cp_cox_full,CP + Cox,0.92,1.6992189300873992,0.08258009078550947,aft_lognormal_nonlinear,Log-Normal AFT (Nonlinear),27,20540442,0.8,2.077124823754032,2000,0.3,3,0.3,0.7,0.2,0.1,1500,0.5,0.31642857142857145,0.13214285714285715
cp_cox_halfsplit,CP + Cox (Half-Split),0.93,1.7131320582565053,0.09739124408700923,aft_lognormal_nonlinear,Log-Normal AFT (Nonlinear),27,20540442,0.8,2.077124823754032,2000,0.3,3,0.3,0.7,0.2,0.1,1500,0.5,0.31642857142857145,0.13214285714285715
cp_cox_full,CP + Cox,0.9033333333333333,1.6855044506197407,0.07970941417036442,aft_lognormal_nonlinear,Log-Normal AFT (Nonlinear),28,20540443,0.8,2.06880700515625,2000,0.3,3,0.3,0.7,0.2,0.1,1500,0.5,0.32142857142857145,0.13
cp_cox_halfsplit,CP + Cox (Half-Split),0.8933333333333333,1.6690987895335176,0.09684454779474246,aft_lognormal_nonlinear,Log-Normal AFT (Nonlinear),28,20540443,0.8,2.06880700515625,2000,0.3,3,0.3,0.7,0.2,0.1,1500,0.5,0.32142857142857145,0.13
cp_cox_full,CP + Cox,0.8916666666666667,1.6358062614144318,0.06778606148595825,aft_lognormal_nonlinear,Log-Normal AFT (Nonlinear),29,20540444,0.8,1.9881223896358473,2000,0.3,3,0.3,0.7,0.2,0.1,1500,0.5,0.32285714285714284,0.13071428571428573
cp_cox_halfsplit,CP + Cox (Half-Split),0.8883333333333333,1.6325939649749124,0.0663521790283715,aft_lognormal_nonlinear,Log-Normal AFT (Nonlinear),29,20540444,0.8,1.9881223896358473,2000,0.3,3,0.3,0.7,0.2,0.1,1500,0.5,0.32285714285714284,0.13071428571428573
cp_cox_full,CP + Cox,0.8833333333333333,1.6822390213300642,0.09433052512403407,aft_lognormal_nonlinear,Log-Normal AFT (Nonlinear),30,20540445,0.8,2.1048457069487303,2000,0.3,3,0.3,0.7,0.2,0.1,1500,0.5,0.315,0.12714285714285714
cp_cox_halfsplit,CP + Cox (Half-Split),0.8833333333333333,1.693867896328643,0.093262862738328,aft_lognormal_nonlinear,Log-Normal AFT (Nonlinear),30,20540445,0.8,2.1048457069487303,2000,0.3,3,0.3,0.7,0.2,0.1,1500,0.5,0.315,0.12714285714285714
cp_cox_full,CP + Cox,0.9283333333333333,2.5830948237728486,0.07369122098665468,aft_lognormal_nonlinear,Log-Normal AFT (Nonlinear),1,20550416,0.9,2.9529292549842467,2000,0.3,3,0.3,0.7,0.2,0.1,1500,0.5,0.26285714285714284,0.052142857142857144
cp_cox_halfsplit,CP + Cox (Half-Split),0.9233333333333333,2.5509223821576796,0.10989457490557415,aft_lognormal_nonlinear,Log-Normal AFT (Nonlinear),1,20550416,0.9,2.9529292549842467,2000,0.3,3,0.3,0.7,0.2,0.1,1500,0.5,0.26285714285714284,0.052142857142857144
cp_cox_full,CP + Cox,0.9166666666666666,2.468255535810656,0.08503688890583638,aft_lognormal_nonlinear,Log-Normal AFT (Nonlinear),2,20550417,0.9,2.8215636232575143,2000,0.3,3,0.3,0.7,0.2,0.1,1500,0.5,0.27071428571428574,0.06142857142857143
cp_cox_halfsplit,CP + Cox (Half-Split),0.92,2.47477777736792,0.07651179669996568,aft_lognormal_nonlinear,Log-Normal AFT (Nonlinear),2,20550417,0.9,2.8215636232575143,2000,0.3,3,0.3,0.7,0.2,0.1,1500,0.5,0.27071428571428574,0.06142857142857143
cp_cox_full,CP + Cox,0.92,2.6013928102842296,0.08269400920515305,aft_lognormal_nonlinear,Log-Normal AFT (Nonlinear),3,20550418,0.9,2.9588291783319414,2000,0.3,3,0.3,0.7,0.2,0.1,1500,0.5,0.2692857142857143,0.05357142857142857
cp_cox_halfsplit,CP + Cox (Half-Split),0.905,2.5585266087920204,0.07689691284393471,aft_lognormal_nonlinear,Log-Normal AFT (Nonlinear),3,20550418,0.9,2.9588291783319414,2000,0.3,3,0.3,0.7,0.2,0.1,1500,0.5,0.2692857142857143,0.05357142857142857
cp_cox_full,CP + Cox,0.875,2.483023256097602,0.07965208052946489,aft_lognormal_nonlinear,Log-Normal AFT (Nonlinear),4,20550419,0.9,2.875035227249966,2000,0.3,3,0.3,0.7,0.2,0.1,1500,0.5,0.2692857142857143,0.05285714285714286
cp_cox_halfsplit,CP + Cox (Half-Split),0.9116666666666666,2.533108649015967,0.059633331822728,aft_lognormal_nonlinear,Log-Normal AFT (Nonlinear),4,20550419,0.9,2.875035227249966,2000,0.3,3,0.3,0.7,0.2,0.1,1500,0.5,0.2692857142857143,0.05285714285714286
cp_cox_full,CP + Cox,0.8716666666666667,2.4952115914104107,0.08932756820686699,aft_lognormal_nonlinear,Log-Normal AFT (Nonlinear),5,20550420,0.9,2.8846441001132543,2000,0.3,3,0.3,0.7,0.2,0.1,1500,0.5,0.25857142857142856,0.052142857142857144
cp_cox_halfsplit,CP + Cox (Half-Split),0.8816666666666667,2.5109510064019647,0.08735755824511755,aft_lognormal_nonlinear,Log-Normal AFT (Nonlinear),5,20550420,0.9,2.8846441001132543,2000,0.3,3,0.3,0.7,0.2,0.1,1500,0.5,0.25857142857142856,0.052142857142857144
cp_cox_full,CP + Cox,0.885,2.605671047678518,0.0894018931116531,aft_lognormal_nonlinear,Log-Normal AFT (Nonlinear),6,20550421,0.9,2.9932397453213904,2000,0.3,3,0.3,0.7,0.2,0.1,1500,0.5,0.26071428571428573,0.05857142857142857
cp_cox_halfsplit,CP + Cox (Half-Split),0.8833333333333333,2.595483755562532,0.09109435942689638,aft_lognormal_nonlinear,Log-Normal AFT (Nonlinear),6,20550421,0.9,2.9932397453213904,2000,0.3,3,0.3,0.7,0.2,0.1,1500,0.5,0.26071428571428573,0.05857142857142857
cp_cox_full,CP + Cox,0.9266666666666666,2.6058597193705215,0.08238182719082024,aft_lognormal_nonlinear,Log-Normal AFT (Nonlinear),7,20550422,0.9,2.959770237121658,2000,0.3,3,0.3,0.7,0.2,0.1,1500,0.5,0.25357142857142856,0.05142857142857143
cp_cox_halfsplit,CP + Cox (Half-Split),0.9216666666666666,2.590953256456913,0.10290079747157889,aft_lognormal_nonlinear,Log-Normal AFT (Nonlinear),7,20550422,0.9,2.959770237121658,2000,0.3,3,0.3,0.7,0.2,0.1,1500,0.5,0.25357142857142856,0.05142857142857143
cp_cox_full,CP + Cox,0.8816666666666667,2.528152310984807,0.10018422191120076,aft_lognormal_nonlinear,Log-Normal AFT (Nonlinear),8,20550423,0.9,2.9469074425388952,2000,0.3,3,0.3,0.7,0.2,0.1,1500,0.5,0.24428571428571427,0.05142857142857143
cp_cox_halfsplit,CP + Cox (Half-Split),0.89,2.543924700340713,0.08772005560159962,aft_lognormal_nonlinear,Log-Normal AFT (Nonlinear),8,20550423,0.9,2.9469074425388952,2000,0.3,3,0.3,0.7,0.2,0.1,1500,0.5,0.24428571428571427,0.05142857142857143
cp_cox_full,CP + Cox,0.8966666666666666,2.411078692439205,0.08595972672455308,aft_lognormal_nonlinear,Log-Normal AFT (Nonlinear),9,20550424,0.9,2.812016174644238,2000,0.3,3,0.3,0.7,0.2,0.1,1500,0.5,0.24142857142857144,0.055714285714285716
cp_cox_halfsplit,CP + Cox (Half-Split),0.905,2.416553916372457,0.08823673767621662,aft_lognormal_nonlinear,Log-Normal AFT (Nonlinear),9,20550424,0.9,2.812016174644238,2000,0.3,3,0.3,0.7,0.2,0.1,1500,0.5,0.24142857142857144,0.055714285714285716
cp_cox_full,CP + Cox,0.915,2.476456037183818,0.08424372006363218,aft_lognormal_nonlinear,Log-Normal AFT (Nonlinear),10,20550425,0.9,2.838007780351351,2000,0.3,3,0.3,0.7,0.2,0.1,1500,0.5,0.25285714285714284,0.05785714285714286
cp_cox_halfsplit,CP + Cox (Half-Split),0.9116666666666666,2.475793924120606,0.06329089573362562,aft_lognormal_nonlinear,Log-Normal AFT (Nonlinear),10,20550425,0.9,2.838007780351351,2000,0.3,3,0.3,0.7,0.2,0.1,1500,0.5,0.25285714285714284,0.05785714285714286
cp_cox_full,CP + Cox,0.8916666666666667,2.544088526046795,0.09224434982694873,aft_lognormal_nonlinear,Log-Normal AFT (Nonlinear),11,20550426,0.9,2.9397643186505977,2000,0.3,3,0.3,0.7,0.2,0.1,1500,0.5,0.26357142857142857,0.06357142857142857
cp_cox_halfsplit,CP + Cox (Half-Split),0.925,2.5990460260280916,0.072903917723064815,aft_lognormal_nonlinear,Log-Normal AFT (Nonlinear),11,20550426,0.9,2.9397643186505977,2000,0.3,3,0.3,0.7,0.2,0.1,1500,0.5,0.26357142857142857,0.06357142857142857
cp_cox_full,CP + Cox,0.9133333333333333,2.6074378774785627,0.06773954794604473,aft_lognormal_nonlinear,Log-Normal AFT (Nonlinear),12,20550427,0.9,2.974740000973008,2000,0.3,3,0.3,0.7,0.2,0.1,1500,0.5,0.245,0.052142857142857144
cp_cox_halfsplit,CP + Cox (Half-Split),0.9083333333333333,2.587725703103955,0.08058944018199195,aft_lognormal_nonlinear,Log-Normal AFT (Nonlinear),12,20550427,0.9,2.974740000973008,2000,0.3,3,0.3,0.7,0.2,0.1,1500,0.5,0.245,0.052142857142857144
cp_cox_full,CP + Cox,0.9033333333333333,2.4288020936203,0.07864296752884371,aft_lognormal_nonlinear,Log-Normal AFT (Nonlinear),13,20550428,0.9,2.79559405179653,2000,0.3,3,0.3,0.7,0.2,0.1,1500,0.5,0.25142857142857145,0.05785714285714286
cp_cox_halfsplit,CP + Cox (Half-Split),0.9,2.418123911145888,0.07905766860878796,aft_lognormal_nonlinear,Log-Normal AFT (Nonlinear),13,20550428,0.9,2.79559405179653,2000,0.3,3,0.3,0.7,0.2,0.1,1500,0.5,0.25142857142857145,0.05785714285714286
cp_cox_full,CP + Cox,0.895,2.507825166448853,0.10331562799709282,aft_lognormal_nonlinear,Log-Normal AFT (Nonlinear),14,20550429,0.9,2.9127087417711053,2000,0.3,3,0.3,0.7,0.2,0.1,1500,0.5,0.27,0.062142857142857146
cp_cox_halfsplit,CP + Cox (Half-Split),0.8983333333333333,2.5154548999274042,0.10725238367689706,aft_lognormal_nonlinear,Log-Normal AFT (Nonlinear),14,20550429,0.9,2.9127087417711053,2000,0.3,3,0.3,0.7,0.2,0.1,1500,0.5,0.27,0.062142857142857146
cp_cox_full,CP + Cox,0.895,2.4987576814039985,0.0916969862320971,aft_lognormal_nonlinear,Log-Normal AFT (Nonlinear),15,20550430,0.9,2.889792467962053,2000,0.3,3,0.3,0.7,0.2,0.1,1500,0.5,0.24357142857142858,0.056428571428571425
cp_cox_halfsplit,CP + Cox (Half-Split),0.9133333333333333,2.535765752709264,0.08642339595335369,aft_lognormal_nonlinear,Log-Normal AFT (Nonlinear),15,20550430,0.9,2.889792467962053,2000,0.3,3,0.3,0.7,0.2,0.1,1500,0.5,0.24357142857142858,0.056428571428571425
cp_cox_full,CP + Cox,0.9266666666666666,2.3323518770553955,0.07647668944294336,aft_lognormal_nonlinear,Log-Normal AFT (Nonlinear),16,20550431,0.9,2.683736409389725,2000,0.3,3,0.3,0.7,0.2,0.1,1500,0.5,0.2557142857142857,0.05714285714285714
cp_cox_halfsplit,CP + Cox (Half-Split),0.93,2.346761018451532,0.07666493211194475,aft_lognormal_nonlinear,Log-Normal AFT (Nonlinear),16,20550431,0.9,2.683736409389725,2000,0.3,3,0.3,0.7,0.2,0.1,1500,0.5,0.2557142857142857,0.05714285714285714
cp_cox_full,CP + Cox,0.8933333333333333,2.2947598678861354,0.07133600053003082,aft_lognormal_nonlinear,Log-Normal AFT (Nonlinear),17,20550432,0.9,2.660882507121754,2000,0.3,3,0.3,0.7,0.2,0.1,1500,0.5,0.2507142857142857,0.06357142857142857
cp_cox_halfsplit,CP + Cox (Half-Split),0.8883333333333333,2.2840659737538482,0.07902302859440664,aft_lognormal_nonlinear,Log-Normal AFT (Nonlinear),17,20550432,0.9,2.660882507121754,2000,0.3,3,0.3,0.7,0.2,0.1,1500,0.5,0.2507142857142857,0.06357142857142857
cp_cox_full,CP + Cox,0.905,2.668847980221279,0.09178086511708929,aft_lognormal_nonlinear,Log-Normal AFT (Nonlinear),18,20550433,0.9,3.064120029066724,2000,0.3,3,0.3,0.7,0.2,0.1,1500,0.5,0.2557142857142857,0.06285714285714286
cp_cox_halfsplit,CP + Cox (Half-Split),0.9183333333333333,2.6870575004723043,0.08514250236981681,aft_lognormal_nonlinear,Log-Normal AFT (Nonlinear),18,20550433,0.9,3.064120029066724,2000,0.3,3,0.3,0.7,0.2,0.1,1500,0.5,0.2557142857142857,0.06285714285714286
cp_cox_full,CP + Cox,0.8816666666666667,2.3853283853038505,0.07275926554363196,aft_lognormal_nonlinear,Log-Normal AFT (Nonlinear),19,20550434,0.9,2.766686172066223,2000,0.3,3,0.3,0.7,0.2,0.1,1500,0.5,0.26071428571428573,0.07142857142857142
cp_cox_halfsplit,CP + Cox (Half-Split),0.8916666666666667,2.4059244543042553,0.0709274777078988,aft_lognormal_nonlinear,Log-Normal AFT (Nonlinear),19,20550434,0.9,2.766686172066223,2000,0.3,3,0.3,0.7,0.2,0.1,1500,0.5,0.26071428571428573,0.07142857142857142
cp_cox_full,CP + Cox,0.8916666666666667,2.6182614164173805,0.07458928747527563,aft_lognormal_nonlinear,Log-Normal AFT (Nonlinear),20,20550435,0.9,2.9669060517923205,2000,0.3,3,0.3,0.7,0.2,0.1,1500,0.5,0.2671428571428571,0.060714285714285714
cp_cox_halfsplit,CP + Cox (Half-Split),0.8883333333333333,2.60363228508174,0.08597616986398018,aft_lognormal_nonlinear,Log-Normal AFT (Nonlinear),20,20550435,0.9,2.9669060517923205,2000,0.3,3,0.3,0.7,0.2,0.1,1500,0.5,0.2671428571428571,0.060714285714285714
cp_cox_full,CP + Cox,0.8866666666666667,2.584839970154506,0.07202769787570272,aft_lognormal_nonlinear,Log-Normal AFT (Nonlinear),21,20550436,0.9,2.9674662702192123,2000,0.3,3,0.3,0.7,0.2,0.1,1500,0.5,0.26071428571428573,0.05928571428571429
cp_cox_halfsplit,CP + Cox (Half-Split),0.8833333333333333,2.573729759026201,0.07935570912033901,aft_lognormal_nonlinear,Log-Normal AFT (Nonlinear),21,20550436,0.9,2.9674662702192123,2000,0.3,3,0.3,0.7,0.2,0.1,1500,0.5,0.26071428571428573,0.05928571428571429
cp_cox_full,CP + Cox,0.9016666666666666,2.4020602419466317,0.09963537307284526,aft_lognormal_nonlinear,Log-Normal AFT (Nonlinear),22,20550437,0.9,2.7720268729768027,2000,0.3,3,0.3,0.7,0.2,0.1,1500,0.5,0.24428571428571427,0.05357142857142857
cp_cox_halfsplit,CP + Cox (Half-Split),0.925,2.4456027582702817,0.07902190557082045,aft_lognormal_nonlinear,Log-Normal AFT (Nonlinear),22,20550437,0.9,2.7720268729768027,2000,0.3,3,0.3,0.7,0.2,0.1,1500,0.5,0.24428571428571427,0.05357142857142857
cp_cox_full,CP + Cox,0.8683333333333333,2.464037939974228,0.08719655757941132,aft_lognormal_nonlinear,Log-Normal AFT (Nonlinear),23,20550438,0.9,2.8521236099848197,2000,0.3,3,0.3,0.7,0.2,0.1,1500,0.5,0.25357142857142856,0.06428571428571428
cp_cox_halfsplit,CP + Cox (Half-Split),0.8633333333333333,2.4434738950418873,0.09179316265014396,aft_lognormal_nonlinear,Log-Normal AFT (Nonlinear),23,20550438,0.9,2.8521236099848197,2000,0.3,3,0.3,0.7,0.2,0.1,1500,0.5,0.25357142857142856,0.06428571428571428
cp_cox_full,CP + Cox,0.8966666666666666,2.466474073420284,0.09597096478847941,aft_lognormal_nonlinear,Log-Normal AFT (Nonlinear),24,20550439,0.9,2.859962442383885,2000,0.3,3,0.3,0.7,0.2,0.1,1500,0.5,0.2621428571428571,0.052142857142857144
cp_cox_halfsplit,CP + Cox (Half-Split),0.9,2.4682252735930024,0.10220275471804748,aft_lognormal_nonlinear,Log-Normal AFT (Nonlinear),24,20550439,0.9,2.859962442383885,2000,0.3,3,0.3,0.7,0.2,0.1,1500,0.5,0.2621428571428571,0.052142857142857144
cp_cox_full,CP + Cox,0.9116666666666666,2.5905811389465576,0.09937649649000072,aft_lognormal_nonlinear,Log-Normal AFT (Nonlinear),25,20550440,0.9,3.0056572357660762,2000,0.3,3,0.3,0.7,0.2,0.1,1500,0.5,0.25285714285714284,0.06
cp_cox_halfsplit,CP + Cox (Half-Split),0.91,2.578622562403072,0.10974439068846754,aft_lognormal_nonlinear,Log-Normal AFT (Nonlinear),25,20550440,0.9,3.0056572357660762,2000,0.3,3,0.3,0.7,0.2,0.1,1500,0.5,0.25285714285714284,0.06
cp_cox_full,CP + Cox,0.8983333333333333,2.496375900684599,0.08623101033679861,aft_lognormal_nonlinear,Log-Normal AFT (Nonlinear),26,20550441,0.9,2.898082833079927,2000,0.3,3,0.3,0.7,0.2,0.1,1500,0.5,0.24428571428571427,0.06285714285714286
cp_cox_halfsplit,CP + Cox (Half-Split),0.9133333333333333,2.5225665370835917,0.0888701563387199,aft_lognormal_nonlinear,Log-Normal AFT (Nonlinear),26,20550441,0.9,2.898082833079927,2000,0.3,3,0.3,0.7,0.2,0.1,1500,0.5,0.24428571428571427,0.06285714285714286
cp_cox_full,CP + Cox,0.8983333333333333,2.491553701362604,0.09600288474395378,aft_lognormal_nonlinear,Log-Normal AFT (Nonlinear),27,20550442,0.9,2.89052811685153,2000,0.3,3,0.3,0.7,0.2,0.1,1500,0.5,0.26071428571428573,0.052142857142857144
cp_cox_halfsplit,CP + Cox (Half-Split),0.9016666666666666,2.4939217383956427,0.09653467703903836,aft_lognormal_nonlinear,Log-Normal AFT (Nonlinear),27,20550442,0.9,2.89052811685153,2000,0.3,3,0.3,0.7,0.2,0.1,1500,0.5,0.26071428571428573,0.052142857142857144
cp_cox_full,CP + Cox,0.895,2.4874722035847836,0.09274105786294246,aft_lognormal_nonlinear,Log-Normal AFT (Nonlinear),28,20550443,0.9,2.897791891057847,2000,0.3,3,0.3,0.7,0.2,0.1,1500,0.5,0.2571428571428571,0.06142857142857143
cp_cox_halfsplit,CP + Cox (Half-Split),0.8766666666666667,2.466753864381301,0.0948639746830429,aft_lognormal_nonlinear,Log-Normal AFT (Nonlinear),28,20550443,0.9,2.897791891057847,2000,0.3,3,0.3,0.7,0.2,0.1,1500,0.5,0.2571428571428571,0.06142857142857143
cp_cox_full,CP + Cox,0.9066666666666666,2.4410617712630205,0.0759579060207575,aft_lognormal_nonlinear,Log-Normal AFT (Nonlinear),29,20550444,0.9,2.788537228091942,2000,0.3,3,0.3,0.7,0.2,0.1,1500,0.5,0.26571428571428574,0.05928571428571429
cp_cox_halfsplit,CP + Cox (Half-Split),0.905,2.42989898937942,0.08131859533813073,aft_lognormal_nonlinear,Log-Normal AFT (Nonlinear),29,20550444,0.9,2.788537228091942,2000,0.3,3,0.3,0.7,0.2,0.1,1500,0.5,0.26571428571428574,0.05928571428571429
cp_cox_full,CP + Cox,0.89,2.53502185975778,0.08819082079673995,aft_lognormal_nonlinear,Log-Normal AFT (Nonlinear),30,20550445,0.9,2.9259399793748937,2000,0.3,3,0.3,0.7,0.2,0.1,1500,0.5,0.2664285714285714,0.05857142857142857
cp_cox_halfsplit,CP + Cox (Half-Split),0.8966666666666666,2.5488141440992043,0.08992950183396621,aft_lognormal_nonlinear,Log-Normal AFT (Nonlinear),30,20550445,0.9,2.9259399793748937,2000,0.3,3,0.3,0.7,0.2,0.1,1500,0.5,0.2664285714285714,0.05857142857142857
cp_cox_full,CP + Cox,0.9066666666666666,6.07159715232448,0.08316831078859901,aft_lognormal_nonlinear,Log-Normal AFT (Nonlinear),1,20559416,0.99,6.434018114496189,2000,0.3,3,0.3,0.7,0.2,0.1,1500,0.5,0.185,0.0014285714285714286
cp_cox_halfsplit,CP + Cox (Half-Split),0.8816666666666667,6.032969138397546,0.08873754166943093,aft_lognormal_nonlinear,Log-Normal AFT (Nonlinear),1,20559416,0.99,6.434018114496189,2000,0.3,3,0.3,0.7,0.2,0.1,1500,0.5,0.185,0.0014285714285714286
cp_cox_full,CP + Cox,0.925,6.2252296720208244,0.08583015282763559,aft_lognormal_nonlinear,Log-Normal AFT (Nonlinear),2,20559417,0.99,6.59962476563103,2000,0.3,3,0.3,0.7,0.2,0.1,1500,0.5,0.20214285714285715,0.002857142857142857
cp_cox_halfsplit,CP + Cox (Half-Split),0.925,6.226363697374633,0.08298037404697577,aft_lognormal_nonlinear,Log-Normal AFT (Nonlinear),2,20559417,0.99,6.59962476563103,2000,0.3,3,0.3,0.7,0.2,0.1,1500,0.5,0.20214285714285715,0.002857142857142857
cp_cox_full,CP + Cox,0.8716666666666667,6.405515463760975,0.09316222851123317,aft_lognormal_nonlinear,Log-Normal AFT (Nonlinear),3,20559418,0.99,6.802758925152963,2000,0.3,3,0.3,0.7,0.2,0.1,1500,0.5,0.22285714285714286,0.005
cp_cox_halfsplit,CP + Cox (Half-Split),0.8583333333333333,6.373691432918626,0.10465877620399276,aft_lognormal_nonlinear,Log-Normal AFT (Nonlinear),3,20559418,0.99,6.802758925152963,2000,0.3,3,0.3,0.7,0.2,0.1,1500,0.5,0.22285714285714286,0.005
cp_cox_full,CP + Cox,0.92,6.494986830577689,0.06672390206188067,aft_lognormal_nonlinear,Log-Normal AFT (Nonlinear),4,20559419,0.99,6.812818157286735,2000,0.3,3,0.3,0.7,0.2,0.1,1500,0.5,0.19071428571428573,0.0014285714285714286
cp_cox_halfsplit,CP + Cox (Half-Split),0.9366666666666666,6.522209640184744,0.0530215764756459,aft_lognormal_nonlinear,Log-Normal AFT (Nonlinear),4,20559419,0.99,6.812818157286735,2000,0.3,3,0.3,0.7,0.2,0.1,1500,0.5,0.19071428571428573,0.0014285714285714286
cp_cox_full,CP + Cox,0.9016666666666666,6.578355896145781,0.08415423275956413,aft_lognormal_nonlinear,Log-Normal AFT (Nonlinear),5,20559420,0.99,6.9512936545974595,2000,0.3,3,0.3,0.7,0.2,0.1,1500,0.5,0.19642857142857142,0.0035714285714285713
cp_cox_halfsplit,CP + Cox (Half-Split),0.9033333333333333,6.583995241933898,0.09293988986172921,aft_lognormal_nonlinear,Log-Normal AFT (Nonlinear),5,20559420,0.99,6.9512936545974595,2000,0.3,3,0.3,0.7,0.2,0.1,1500,0.5,0.19642857142857142,0.0035714285714285713
cp_cox_full,CP + Cox,0.8683333333333333,6.133739019281426,0.07892025183744197,aft_lognormal_nonlinear,Log-Normal AFT (Nonlinear),6,20559421,0.99,6.535594667964758,2000,0.3,3,0.3,0.7,0.2,0.1,1500,0.5,0.2007142857142857,0.0035714285714285713
cp_cox_halfsplit,CP + Cox (Half-Split),0.875,6.154484249669824,0.06694635260806919,aft_lognormal_nonlinear,Log-Normal AFT (Nonlinear),6,20559421,0.99,6.535594667964758,2000,0.3,3,0.3,0.7,0.2,0.1,1500,0.5,0.2007142857142857,0.0035714285714285713
cp_cox_full,CP + Cox,0.91,6.613071425861795,0.09385888181175786,aft_lognormal_nonlinear,Log-Normal AFT (Nonlinear),7,20559422,0.99,6.9981461932557565,2000,0.3,3,0.3,0.7,0.2,0.1,1500,0.5,0.19357142857142856,0.002142857142857143
cp_cox_halfsplit,CP + Cox (Half-Split),0.8883333333333333,6.590071743152386,0.10563660611416642,aft_lognormal_nonlinear,Log-Normal AFT (Nonlinear),7,20559422,0.99,6.9981461932557565,2000,0.3,3,0.3,0.7,0.2,0.1,1500,0.5,0.19357142857142856,0.002142857142857143
cp_cox_full,CP + Cox,0.875,6.603132150168763,0.09582119594554239,aft_lognormal_nonlinear,Log-Normal AFT (Nonlinear),8,20559423,0.99,7.016402064682009,2000,0.3,3,0.3,0.7,0.2,0.1,1500,0.5,0.19214285714285714,0.0014285714285714286
cp_cox_halfsplit,CP + Cox (Half-Split),0.915,6.650076039734848,0.08863015748339666,aft_lognormal_nonlinear,Log-Normal AFT (Nonlinear),8,20559423,0.99,7.016402064682009,2000,0.3,3,0.3,0.7,0.2,0.1,1500,0.5,0.19214285714285714,0.0014285714285714286
cp_cox_full,CP + Cox,0.9066666666666666,6.0046556116494605,0.0668304912484565,aft_lognormal_nonlinear,Log-Normal AFT (Nonlinear),9,20559424,0.99,6.36081774309162,2000,0.3,3,0.3,0.7,0.2,0.1,1500,0.5,0.21142857142857144,0.002142857142857143
cp_cox_halfsplit,CP + Cox (Half-Split),0.9033333333333333,5.999625115948714,0.07041479071698667,aft_lognormal_nonlinear,Log-Normal AFT (Nonlinear),9,20559424,0.99,6.36081774309162,2000,0.3,3,0.3,0.7,0.2,0.1,1500,0.5,0.21142857142857144,0.002142857142857143
cp_cox_full,CP + Cox,0.91,5.030810009204562,0.0805665323374427,aft_lognormal_nonlinear,Log-Normal AFT (Nonlinear),10,20559425,0.99,5.412857419113601,2000,0.3,3,0.3,0.7,0.2,0.1,1500,0.5,0.21285714285714286,0.004285714285714286
cp_cox_halfsplit,CP + Cox (Half-Split),0.9216666666666666,5.064362058935482,0.07397242572935288,aft_lognormal_nonlinear,Log-Normal AFT (Nonlinear),10,20559425,0.99,5.412857419113601,2000,0.3,3,0.3,0.7,0.2,0.1,1500,0.5,0.21285714285714286,0.004285714285714286
cp_cox_full,CP + Cox,0.875,6.385097703474257,0.06574626493133824,aft_lognormal_nonlinear,Log-Normal AFT (Nonlinear),11,20559426,0.99,6.754209507923631,2000,0.3,3,0.3,0.7,0.2,0.1,1500,0.5,0.19642857142857142,0.0014285714285714286
cp_cox_halfsplit,CP + Cox (Half-Split),0.8866666666666667,6.39494004260999,0.0721097195488612,aft_lognormal_nonlinear,Log-Normal AFT (Nonlinear),11,20559426,0.99,6.754209507923631,2000,0.3,3,0.3,0.7,0.2,0.1,1500,0.5,0.19642857142857142,0.0014285714285714286
cp_cox_full,CP + Cox,0.9166666666666666,6.177729380166075,0.07585753802854886,aft_lognormal_nonlinear,Log-Normal AFT (Nonlinear),12,20559427,0.99,6.52061688082424,2000,0.3,3,0.3,0.7,0.2,0.1,1500,0.5,0.20285714285714285,0.002142857142857143
cp_cox_halfsplit,CP + Cox (Half-Split),0.9166666666666666,6.175414079501261,0.08353182389158709,aft_lognormal_nonlinear,Log-Normal AFT (Nonlinear),12,20559427,0.99,6.52061688082424,2000,0.3,3,0.3,0.7,0.2,0.1,1500,0.5,0.20285714285714285,0.002142857142857143
cp_cox_full,CP + Cox,0.8916666666666667,6.630206305599662,0.0975302365025116,aft_lognormal_nonlinear,Log-Normal AFT (Nonlinear),13,20559428,0.99,7.049845761132063,2000,0.3,3,0.3,0.7,0.2,0.1,1500,0.5,0.21214285714285713,0.002142857142857143
cp_cox_halfsplit,CP + Cox (Half-Split),0.8916666666666667,6.6294594227622925,0.08791091620902018,aft_lognormal_nonlinear,Log-Normal AFT (Nonlinear),13,20559428,0.99,7.049845761132063,2000,0.3,3,0.3,0.7,0.2,0.1,1500,0.5,0.21214285714285713,0.002142857142857143
cp_cox_full,CP + Cox,0.8833333333333333,6.2203769556740856,0.08846702183985536,aft_lognormal_nonlinear,Log-Normal AFT (Nonlinear),14,20559429,0.99,6.630006689012418,2000,0.3,3,0.3,0.7,0.2,0.1,1500,0.5,0.185,0.005
cp_cox_halfsplit,CP + Cox (Half-Split),0.91,6.266802338419674,0.09263538261761145,aft_lognormal_nonlinear,Log-Normal AFT (Nonlinear),14,20559429,0.99,6.630006689012418,2000,0.3,3,0.3,0.7,0.2,0.1,1500,0.5,0.185,0.005
cp_cox_full,CP + Cox,0.91,6.336407582115402,0.07543559748448213,aft_lognormal_nonlinear,Log-Normal AFT (Nonlinear),15,20559430,0.99,6.719965511425331,2000,0.3,3,0.3,0.7,0.2,0.1,1500,0.5,0.2042857142857143,0.002857142857142857
cp_cox_halfsplit,CP + Cox (Half-Split),0.9033333333333333,6.328435291008336,0.08127894080007513,aft_lognormal_nonlinear,Log-Normal AFT (Nonlinear),15,20559430,0.99,6.719965511425331,2000,0.3,3,0.3,0.7,0.2,0.1,1500,0.5,0.2042857142857143,0.002857142857142857
cp_cox_full,CP + Cox,0.91,6.959780381271584,0.08761990488415765,aft_lognormal_nonlinear,Log-Normal AFT (Nonlinear),16,20559431,0.99,7.324647212070118,2000,0.3,3,0.3,0.7,0.2,0.1,1500,0.5,0.18642857142857142,0.005
cp_cox_halfsplit,CP + Cox (Half-Split),0.9433333333333334,7.023898677123163,0.06496971745618617,aft_lognormal_nonlinear,Log-Normal AFT (Nonlinear),16,20559431,0.99,7.324647212070118,2000,0.3,3,0.3,0.7,0.2,0.1,1500,0.5,0.18642857142857142,0.005
cp_cox_full,CP + Cox,0.875,7.1596558187612365,0.07339265818884531,aft_lognormal_nonlinear,Log-Normal AFT (Nonlinear),17,20559432,0.99,7.548417382373332,2000,0.3,3,0.3,0.7,0.2,0.1,1500,0.5,0.18928571428571428,0.004285714285714286
cp_cox_halfsplit,CP + Cox (Half-Split),0.8766666666666667,7.160752528999148,0.07021771257737991,aft_lognormal_nonlinear,Log-Normal AFT (Nonlinear),17,20559432,0.99,7.548417382373332,2000,0.3,3,0.3,0.7,0.2,0.1,1500,0.5,0.18928571428571428,0.004285714285714286
cp_cox_full,CP + Cox,0.8916666666666667,6.0217029618362865,0.07696831997530938,aft_lognormal_nonlinear,Log-Normal AFT (Nonlinear),18,20559433,0.99,6.418886225818823,2000,0.3,3,0.3,0.7,0.2,0.1,1500,0.5,0.21,0.005
cp_cox_halfsplit,CP + Cox (Half-Split),0.8883333333333333,6.015910303793544,0.07849102957429231,aft_lognormal_nonlinear,Log-Normal AFT (Nonlinear),18,20559433,0.99,6.418886225818823,2000,0.3,3,0.3,0.7,0.2,0.1,1500,0.5,0.21,0.005
cp_cox_full,CP + Cox,0.895,5.821585945040323,0.08984124425524619,aft_lognormal_nonlinear,Log-Normal AFT (Nonlinear),19,20559434,0.99,6.2412621198066605,2000,0.3,3,0.3,0.7,0.2,0.1,1500,0.5,0.1957142857142857,0.002857142857142857
cp_cox_halfsplit,CP + Cox (Half-Split),0.905,5.85231438045972,0.08200851036234269,aft_lognormal_nonlinear,Log-Normal AFT (Nonlinear),19,20559434,0.99,6.2412621198066605,2000,0.3,3,0.3,0.7,0.2,0.1,1500,0.5,0.1957142857142857,0.002857142857142857
cp_cox_full,CP + Cox,0.9083333333333333,6.414998317310482,0.07823752356734809,aft_lognormal_nonlinear,Log-Normal AFT (Nonlinear),20,20559435,0.99,6.771464950528743,2000,0.3,3,0.3,0.7,0.2,0.1,1500,0.5,0.21428571428571427,0.005
cp_cox_halfsplit,CP + Cox (Half-Split),0.9033333333333333,6.411089773352605,0.07531623646686947,aft_lognormal_nonlinear,Log-Normal AFT (Nonlinear),20,20559435,0.99,6.771464950528743,2000,0.3,3,0.3,0.7,0.2,0.1,1500,0.5,0.21428571428571427,0.005
cp_cox_full,CP + Cox,0.8933333333333333,6.807579645163034,0.08711508040764326,aft_lognormal_nonlinear,Log-Normal AFT (Nonlinear),21,20559436,0.99,7.173146925012108,2000,0.3,3,0.3,0.7,0.2,0.1,1500,0.5,0.19142857142857142,0.002857142857142857
cp_cox_halfsplit,CP + Cox (Half-Split),0.86,6.7443824166800415,0.11606800643141628,aft_lognormal_nonlinear,Log-Normal AFT (Nonlinear),21,20559436,0.99,7.173146925012108,2000,0.3,3,0.3,0.7,0.2,0.1,1500,0.5,0.19142857142857142,0.002857142857142857
cp_cox_full,CP + Cox,0.9366666666666666,6.31393646491231,0.07290037743506209,aft_lognormal_nonlinear,Log-Normal AFT (Nonlinear),22,20559437,0.99,6.633843600370782,2000,0.3,3,0.3,0.7,0.2,0.1,1500,0.5,0.19071428571428573,0.002857142857142857
cp_cox_halfsplit,CP + Cox (Half-Split),0.92,6.285980735902599,0.07717960454895031,aft_lognormal_nonlinear,Log-Normal AFT (Nonlinear),22,20559437,0.99,6.633843600370782,2000,0.3,3,0.3,0.7,0.2,0.1,1500,0.5,0.19071428571428573,0.002857142857142857
cp_cox_full,CP + Cox,0.9033333333333333,6.281474645518263,0.07608666649247263,aft_lognormal_nonlinear,Log-Normal AFT (Nonlinear),23,20559438,0.99,6.639334780729069,2000,0.3,3,0.3,0.7,0.2,0.1,1500,0.5,0.20142857142857143,0.005
cp_cox_halfsplit,CP + Cox (Half-Split),0.89,6.260522386125482,0.08614380141071058,aft_lognormal_nonlinear,Log-Normal AFT (Nonlinear),23,20559438,0.99,6.639334780729069,2000,0.3,3,0.3,0.7,0.2,0.1,1500,0.5,0.20142857142857143,0.005
cp_cox_full,CP + Cox,0.9083333333333333,6.30329774464975,0.06950583237176167,aft_lognormal_nonlinear,Log-Normal AFT (Nonlinear),24,20559439,0.99,6.6731065516198615,2000,0.3,3,0.3,0.7,0.2,0.1,1500,0.5,0.21357142857142858,0.002142857142857143
cp_cox_halfsplit,CP + Cox (Half-Split),0.9083333333333333,6.301087208990991,0.07280662725565346,aft_lognormal_nonlinear,Log-Normal AFT (Nonlinear),24,20559439,0.99,6.6731065516198615,2000,0.3,3,0.3,0.7,0.2,0.1,1500,0.5,0.21357142857142858,0.002142857142857143
cp_cox_full,CP + Cox,0.8833333333333333,6.413181941024626,0.06755909993517938,aft_lognormal_nonlinear,Log-Normal AFT (Nonlinear),25,20559440,0.99,6.815586082662234,2000,0.3,3,0.3,0.7,0.2,0.1,1500,0.5,0.20357142857142857,0.002857142857142857
cp_cox_halfsplit,CP + Cox (Half-Split),0.8733333333333333,6.403230874066516,0.05709779797770818,aft_lognormal_nonlinear,Log-Normal AFT (Nonlinear),25,20559440,0.99,6.815586082662234,2000,0.3,3,0.3,0.7,0.2,0.1,1500,0.5,0.20357142857142857,0.002857142857142857
cp_cox_full,CP + Cox,0.9,5.985767134876803,0.08703472912713907,aft_lognormal_nonlinear,Log-Normal AFT (Nonlinear),26,20559441,0.99,6.350027102227409,2000,0.3,3,0.3,0.7,0.2,0.1,1500,0.5,0.19857142857142857,0.0035714285714285713
cp_cox_halfsplit,CP + Cox (Half-Split),0.8883333333333333,5.973005204617228,0.09309956700182846,aft_lognormal_nonlinear,Log-Normal AFT (Nonlinear),26,20559441,0.99,6.350027102227409,2000,0.3,3,0.3,0.7,0.2,0.1,1500,0.5,0.19857142857142857,0.0035714285714285713
cp_cox_full,CP + Cox,0.9116666666666666,6.29925501802989,0.07563216834248108,aft_lognormal_nonlinear,Log-Normal AFT (Nonlinear),27,20559442,0.99,6.663176639495652,2000,0.3,3,0.3,0.7,0.2,0.1,1500,0.5,0.22714285714285715,0.004285714285714286
cp_cox_halfsplit,CP + Cox (Half-Split),0.9166666666666666,6.311473329155236,0.07767656074219294,aft_lognormal_nonlinear,Log-Normal AFT (Nonlinear),27,20559442,0.99,6.663176639495652,2000,0.3,3,0.3,0.7,0.2,0.1,1500,0.5,0.22714285714285715,0.004285714285714286
cp_cox_full,CP + Cox,0.92,5.997210159626175,0.08547315993749748,aft_lognormal_nonlinear,Log-Normal AFT (Nonlinear),28,20559443,0.99,6.341352414400446,2000,0.3,3,0.3,0.7,0.2,0.1,1500,0.5,0.19428571428571428,0.0035714285714285713
cp_cox_halfsplit,CP + Cox (Half-Split),0.8966666666666666,5.945800886913859,0.1098543695633838,aft_lognormal_nonlinear,Log-Normal AFT (Nonlinear),28,20559443,0.99,6.341352414400446,2000,0.3,3,0.3,0.7,0.2,0.1,1500,0.5,0.19428571428571428,0.0035714285714285713
cp_cox_full,CP + Cox,0.8983333333333333,7.082700016124058,0.08233714878676121,aft_lognormal_nonlinear,Log-Normal AFT (Nonlinear),29,20559444,0.99,7.501815804292575,2000,0.3,3,0.3,0.7,0.2,0.1,1500,0.5,0.21142857142857144,0.002142857142857143
cp_cox_halfsplit,CP + Cox (Half-Split),0.8916666666666667,7.067326219461504,0.08330749467321281,aft_lognormal_nonlinear,Log-Normal AFT (Nonlinear),29,20559444,0.99,7.501815804292575,2000,0.3,3,0.3,0.7,0.2,0.1,1500,0.5,0.21142857142857144,0.002142857142857143
cp_cox_full,CP + Cox,0.91,5.304510225673883,0.08433441100385682,aft_lognormal_nonlinear,Log-Normal AFT (Nonlinear),30,20559445,0.99,5.698680176358684,2000,0.3,3,0.3,0.7,0.2,0.1,1500,0.5,0.1992857142857143,0.002857142857142857
cp_cox_halfsplit,CP + Cox (Half-Split),0.9233333333333333,5.330970453578394,0.0694966438487344,aft_lognormal_nonlinear,Log-Normal AFT (Nonlinear),30,20559445,0.99,5.698680176358684,2000,0.3,3,0.3,0.7,0.2,0.1,1500,0.5,0.1992857142857143,0.002857142857142857
