method_id,method_label,coverage,mean_len,sd_len,scenario_id,scenario_label,rep,seed,tau_quantile,tau,n,test_frac,p,beta_scale,sigma,cens_target,alpha,B,n_folds,censor_rate_emp,admin_mass_emp
cp_cox_full,CP + Cox,0.8916666666666667,1.1510246150488144,0.2132045318784543,aft_lognormal_linear,Log-Normal AFT (Linear),1,28260415,0.7,1.5954122465705796,2000,0.3,3,0.3,0.7,0.2,0.1,1500,5,0.4157142857142857,0.21285714285714286
cp_cox_crossfit,CP + Cox (Cross-Fit),0.8833333333333333,1.1237359354135583,0.2287657752675884,aft_lognormal_linear,Log-Normal AFT (Linear),1,28260415,0.7,1.5954122465705796,2000,0.3,3,0.3,0.7,0.2,0.1,1500,5,0.4157142857142857,0.21285714285714286
cp_cox_full,CP + Cox,0.8933333333333333,1.1403391671705867,0.17919954206157745,aft_lognormal_linear,Log-Normal AFT (Linear),2,28260416,0.7,1.5556803556099585,2000,0.3,3,0.3,0.7,0.2,0.1,1500,5,0.4035714285714286,0.21571428571428572
cp_cox_crossfit,CP + Cox (Cross-Fit),0.8916666666666667,1.1277508613417129,0.18628184227763664,aft_lognormal_linear,Log-Normal AFT (Linear),2,28260416,0.7,1.5556803556099585,2000,0.3,3,0.3,0.7,0.2,0.1,1500,5,0.4035714285714286,0.21571428571428572
cp_cox_full,CP + Cox,0.86,1.1469591568486102,0.1993547566690271,aft_lognormal_linear,Log-Normal AFT (Linear),3,28260417,0.7,1.6304985666026546,2000,0.3,3,0.3,0.7,0.2,0.1,1500,5,0.4092857142857143,0.2007142857142857
cp_cox_crossfit,CP + Cox (Cross-Fit),0.8916666666666667,1.1997316239581945,0.16912801495022897,aft_lognormal_linear,Log-Normal AFT (Linear),3,28260417,0.7,1.6304985666026546,2000,0.3,3,0.3,0.7,0.2,0.1,1500,5,0.4092857142857143,0.2007142857142857
cp_cox_full,CP + Cox,0.8866666666666667,1.086227563710675,0.17813453276365218,aft_lognormal_linear,Log-Normal AFT (Linear),4,28260418,0.7,1.4917154439891849,2000,0.3,3,0.3,0.7,0.2,0.1,1500,5,0.4257142857142857,0.21357142857142858
cp_cox_crossfit,CP + Cox (Cross-Fit),0.88,1.076895286361159,0.18458712291055185,aft_lognormal_linear,Log-Normal AFT (Linear),4,28260418,0.7,1.4917154439891849,2000,0.3,3,0.3,0.7,0.2,0.1,1500,5,0.4257142857142857,0.21357142857142858
cp_cox_full,CP + Cox,0.9166666666666666,1.0890281150333243,0.18399404466499802,aft_lognormal_linear,Log-Normal AFT (Linear),5,28260419,0.7,1.5188464385710092,2000,0.3,3,0.3,0.7,0.2,0.1,1500,5,0.40285714285714286,0.20285714285714285
cp_cox_crossfit,CP + Cox (Cross-Fit),0.9233333333333333,1.101341710866915,0.17710042732547676,aft_lognormal_linear,Log-Normal AFT (Linear),5,28260419,0.7,1.5188464385710092,2000,0.3,3,0.3,0.7,0.2,0.1,1500,5,0.40285714285714286,0.20285714285714285
cp_cox_full,CP + Cox,0.905,1.0979650173427995,0.2111273245276169,aft_lognormal_linear,Log-Normal AFT (Linear),6,28260420,0.7,1.5384661536815964,2000,0.3,3,0.3,0.7,0.2,0.1,1500,5,0.4228571428571429,0.195
cp_cox_crossfit,CP + Cox (Cross-Fit),0.9083333333333333,1.1115631715279184,0.20390548978957404,aft_lognormal_linear,Log-Normal AFT (Linear),6,28260420,0.7,1.5384661536815964,2000,0.3,3,0.3,0.7,0.2,0.1,1500,5,0.4228571428571429,0.195
cp_cox_full,CP + Cox,0.8933333333333333,1.116366434758761,0.19742744389248051,aft_lognormal_linear,Log-Normal AFT (Linear),7,28260421,0.7,1.5724018931074204,2000,0.3,3,0.3,0.7,0.2,0.1,1500,5,0.3992857142857143,0.21
cp_cox_crossfit,CP + Cox (Cross-Fit),0.8983333333333333,1.124386167681964,0.19310016886338968,aft_lognormal_linear,Log-Normal AFT (Linear),7,28260421,0.7,1.5724018931074204,2000,0.3,3,0.3,0.7,0.2,0.1,1500,5,0.3992857142857143,0.21
cp_cox_full,CP + Cox,0.8933333333333333,1.1751533247019623,0.17817482996936804,aft_lognormal_linear,Log-Normal AFT (Linear),8,28260422,0.7,1.6070437198052452,2000,0.3,3,0.3,0.7,0.2,0.1,1500,5,0.41285714285714287,0.21857142857142858
cp_cox_crossfit,CP + Cox (Cross-Fit),0.88,1.1566447400176387,0.18757299895971763,aft_lognormal_linear,Log-Normal AFT (Linear),8,28260422,0.7,1.6070437198052452,2000,0.3,3,0.3,0.7,0.2,0.1,1500,5,0.41285714285714287,0.21857142857142858
cp_cox_full,CP + Cox,0.9016666666666666,1.196760643722478,0.19315826432023905,aft_lognormal_linear,Log-Normal AFT (Linear),9,28260423,0.7,1.6140352107087876,2000,0.3,3,0.3,0.7,0.2,0.1,1500,5,0.4085714285714286,0.20642857142857143
cp_cox_crossfit,CP + Cox (Cross-Fit),0.8933333333333333,1.1885070612033006,0.19771828356052493,aft_lognormal_linear,Log-Normal AFT (Linear),9,28260423,0.7,1.6140352107087876,2000,0.3,3,0.3,0.7,0.2,0.1,1500,5,0.4085714285714286,0.20642857142857143
cp_cox_full,CP + Cox,0.9016666666666666,1.1444026162643428,0.1688720006505267,aft_lognormal_linear,Log-Normal AFT (Linear),10,28260424,0.7,1.552376433423668,2000,0.3,3,0.3,0.7,0.2,0.1,1500,5,0.3964285714285714,0.1957142857142857
cp_cox_crossfit,CP + Cox (Cross-Fit),0.905,1.1552162321676869,0.1630163655449953,aft_lognormal_linear,Log-Normal AFT (Linear),10,28260424,0.7,1.552376433423668,2000,0.3,3,0.3,0.7,0.2,0.1,1500,5,0.3964285714285714,0.1957142857142857
cp_cox_full,CP + Cox,0.9166666666666666,1.1429377275489832,0.21851665550837293,aft_lognormal_linear,Log-Normal AFT (Linear),11,28260425,0.7,1.5825157934133873,2000,0.3,3,0.3,0.7,0.2,0.1,1500,5,0.41928571428571426,0.21714285714285714
cp_cox_crossfit,CP + Cox (Cross-Fit),0.9233333333333333,1.1485790191990035,0.21483776089864423,aft_lognormal_linear,Log-Normal AFT (Linear),11,28260425,0.7,1.5825157934133873,2000,0.3,3,0.3,0.7,0.2,0.1,1500,5,0.41928571428571426,0.21714285714285714
cp_cox_full,CP + Cox,0.9166666666666666,1.1586874121499806,0.14763489257941304,aft_lognormal_linear,Log-Normal AFT (Linear),12,28260426,0.7,1.5665447144264855,2000,0.3,3,0.3,0.7,0.2,0.1,1500,5,0.40285714285714286,0.19857142857142857
cp_cox_crossfit,CP + Cox (Cross-Fit),0.9016666666666666,1.1386153942799109,0.1575196157554494,aft_lognormal_linear,Log-Normal AFT (Linear),12,28260426,0.7,1.5665447144264855,2000,0.3,3,0.3,0.7,0.2,0.1,1500,5,0.40285714285714286,0.19857142857142857
cp_cox_full,CP + Cox,0.9266666666666666,1.1628564345611188,0.19153319588360673,aft_lognormal_linear,Log-Normal AFT (Linear),13,28260427,0.7,1.5948771302624534,2000,0.3,3,0.3,0.7,0.2,0.1,1500,5,0.405,0.20642857142857143
cp_cox_crossfit,CP + Cox (Cross-Fit),0.9283333333333333,1.1661641668780665,0.1896804890013409,aft_lognormal_linear,Log-Normal AFT (Linear),13,28260427,0.7,1.5948771302624534,2000,0.3,3,0.3,0.7,0.2,0.1,1500,5,0.405,0.20642857142857143
cp_cox_full,CP + Cox,0.88,1.1158624868514464,0.20590901842593518,aft_lognormal_linear,Log-Normal AFT (Linear),14,28260428,0.7,1.5735653495847663,2000,0.3,3,0.3,0.7,0.2,0.1,1500,5,0.3964285714285714,0.21857142857142858
cp_cox_crossfit,CP + Cox (Cross-Fit),0.9033333333333333,1.1506982369837049,0.1860183574044994,aft_lognormal_linear,Log-Normal AFT (Linear),14,28260428,0.7,1.5735653495847663,2000,0.3,3,0.3,0.7,0.2,0.1,1500,5,0.3964285714285714,0.21857142857142858
cp_cox_full,CP + Cox,0.8766666666666667,1.1192495586954356,0.2245691939049193,aft_lognormal_linear,Log-Normal AFT (Linear),15,28260429,0.7,1.5826172336643034,2000,0.3,3,0.3,0.7,0.2,0.1,1500,5,0.42428571428571427,0.205
cp_cox_crossfit,CP + Cox (Cross-Fit),0.88,1.1335263866860752,0.21681001237697972,aft_lognormal_linear,Log-Normal AFT (Linear),15,28260429,0.7,1.5826172336643034,2000,0.3,3,0.3,0.7,0.2,0.1,1500,5,0.42428571428571427,0.205
cp_cox_full,CP + Cox,0.8883333333333333,1.0956021432397907,0.16773430359652325,aft_lognormal_linear,Log-Normal AFT (Linear),16,28260430,0.7,1.5135464067807645,2000,0.3,3,0.3,0.7,0.2,0.1,1500,5,0.40785714285714286,0.215
cp_cox_crossfit,CP + Cox (Cross-Fit),0.8883333333333333,1.0945502410522117,0.16821071290348297,aft_lognormal_linear,Log-Normal AFT (Linear),16,28260430,0.7,1.5135464067807645,2000,0.3,3,0.3,0.7,0.2,0.1,1500,5,0.40785714285714286,0.215
cp_cox_full,CP + Cox,0.9,1.1931821275334746,0.21722997153243226,aft_lognormal_linear,Log-Normal AFT (Linear),17,28260431,0.7,1.6451524398762845,2000,0.3,3,0.3,0.7,0.2,0.1,1500,5,0.4057142857142857,0.215
cp_cox_crossfit,CP + Cox (Cross-Fit),0.9066666666666666,1.2023519387858697,0.21191420293956922,aft_lognormal_linear,Log-Normal AFT (Linear),17,28260431,0.7,1.6451524398762845,2000,0.3,3,0.3,0.7,0.2,0.1,1500,5,0.4057142857142857,0.215
cp_cox_full,CP + Cox,0.885,1.1890615088853507,0.19917299277019165,aft_lognormal_linear,Log-Normal AFT (Linear),18,28260432,0.7,1.6429771831531723,2000,0.3,3,0.3,0.7,0.2,0.1,1500,5,0.41785714285714287,0.21857142857142858
cp_cox_crossfit,CP + Cox (Cross-Fit),0.895,1.2024543040219446,0.19189048323869473,aft_lognormal_linear,Log-Normal AFT (Linear),18,28260432,0.7,1.6429771831531723,2000,0.3,3,0.3,0.7,0.2,0.1,1500,5,0.41785714285714287,0.21857142857142858
cp_cox_full,CP + Cox,0.8683333333333333,0.970922904187461,0.1920444266602213,aft_lognormal_linear,Log-Normal AFT (Linear),19,28260433,0.7,1.4154471559562072,2000,0.3,3,0.3,0.7,0.2,0.1,1500,5,0.4207142857142857,0.19642857142857142
cp_cox_crossfit,CP + Cox (Cross-Fit),0.8983333333333333,1.0211640656577594,0.16348846254587865,aft_lognormal_linear,Log-Normal AFT (Linear),19,28260433,0.7,1.4154471559562072,2000,0.3,3,0.3,0.7,0.2,0.1,1500,5,0.4207142857142857,0.19642857142857142
cp_cox_full,CP + Cox,0.8933333333333333,1.1674697543128125,0.17821974172129107,aft_lognormal_linear,Log-Normal AFT (Linear),20,28260434,0.7,1.6023669179206883,2000,0.3,3,0.3,0.7,0.2,0.1,1500,5,0.4042857142857143,0.21571428571428572
cp_cox_crossfit,CP + Cox (Cross-Fit),0.885,1.1591060101330894,0.1832432565785966,aft_lognormal_linear,Log-Normal AFT (Linear),20,28260434,0.7,1.6023669179206883,2000,0.3,3,0.3,0.7,0.2,0.1,1500,5,0.4042857142857143,0.21571428571428572
cp_cox_full,CP + Cox,0.8983333333333333,1.1534161239710832,0.14356606919596096,aft_lognormal_linear,Log-Normal AFT (Linear),21,28260435,0.7,1.548869770755622,2000,0.3,3,0.3,0.7,0.2,0.1,1500,5,0.4164285714285714,0.21
cp_cox_crossfit,CP + Cox (Cross-Fit),0.88,1.1231422545664131,0.15913019156956493,aft_lognormal_linear,Log-Normal AFT (Linear),21,28260435,0.7,1.548869770755622,2000,0.3,3,0.3,0.7,0.2,0.1,1500,5,0.4164285714285714,0.21
cp_cox_full,CP + Cox,0.8766666666666667,1.1031624528703632,0.20484543438781036,aft_lognormal_linear,Log-Normal AFT (Linear),22,28260436,0.7,1.5588938601144826,2000,0.3,3,0.3,0.7,0.2,0.1,1500,5,0.4235714285714286,0.18571428571428572
cp_cox_crossfit,CP + Cox (Cross-Fit),0.885,1.1118059936985372,0.19934767929033156,aft_lognormal_linear,Log-Normal AFT (Linear),22,28260436,0.7,1.5588938601144826,2000,0.3,3,0.3,0.7,0.2,0.1,1500,5,0.4235714285714286,0.18571428571428572
cp_cox_full,CP + Cox,0.925,1.1842026289249858,0.196487402993565,aft_lognormal_linear,Log-Normal AFT (Linear),23,28260437,0.7,1.6193977939882616,2000,0.3,3,0.3,0.7,0.2,0.1,1500,5,0.4092857142857143,0.21428571428571427
cp_cox_crossfit,CP + Cox (Cross-Fit),0.9216666666666666,1.1772269757956229,0.20006314161537136,aft_lognormal_linear,Log-Normal AFT (Linear),23,28260437,0.7,1.6193977939882616,2000,0.3,3,0.3,0.7,0.2,0.1,1500,5,0.4092857142857143,0.21428571428571427
cp_cox_full,CP + Cox,0.875,1.1063293446825317,0.21532994950655845,aft_lognormal_linear,Log-Normal AFT (Linear),24,28260438,0.7,1.5656106831465966,2000,0.3,3,0.3,0.7,0.2,0.1,1500,5,0.4157142857142857,0.20785714285714285
cp_cox_crossfit,CP + Cox (Cross-Fit),0.9016666666666666,1.1603449979261717,0.17900668994245236,aft_lognormal_linear,Log-Normal AFT (Linear),24,28260438,0.7,1.5656106831465966,2000,0.3,3,0.3,0.7,0.2,0.1,1500,5,0.4157142857142857,0.20785714285714285
cp_cox_full,CP + Cox,0.8783333333333333,1.0954231901881406,0.20910609791725643,aft_lognormal_linear,Log-Normal AFT (Linear),25,28260439,0.7,1.56520915429905,2000,0.3,3,0.3,0.7,0.2,0.1,1500,5,0.3921428571428571,0.19428571428571428
cp_cox_crossfit,CP + Cox (Cross-Fit),0.8816666666666667,1.104671847978264,0.20426713351314926,aft_lognormal_linear,Log-Normal AFT (Linear),25,28260439,0.7,1.56520915429905,2000,0.3,3,0.3,0.7,0.2,0.1,1500,5,0.3921428571428571,0.19428571428571428
cp_cox_full,CP + Cox,0.9166666666666666,1.1639612805458228,0.19339682391462798,aft_lognormal_linear,Log-Normal AFT (Linear),26,28260440,0.7,1.5847896552507434,2000,0.3,3,0.3,0.7,0.2,0.1,1500,5,0.41214285714285714,0.2007142857142857
cp_cox_crossfit,CP + Cox (Cross-Fit),0.92,1.1700926025638523,0.18981667671180724,aft_lognormal_linear,Log-Normal AFT (Linear),26,28260440,0.7,1.5847896552507434,2000,0.3,3,0.3,0.7,0.2,0.1,1500,5,0.41214285714285714,0.2007142857142857
cp_cox_full,CP + Cox,0.895,1.1181635225118685,0.19819432536474646,aft_lognormal_linear,Log-Normal AFT (Linear),27,28260441,0.7,1.5376664773904274,2000,0.3,3,0.3,0.7,0.2,0.1,1500,5,0.42428571428571427,0.22285714285714286
cp_cox_crossfit,CP + Cox (Cross-Fit),0.8933333333333333,1.1157041464593778,0.1996766163351136,aft_lognormal_linear,Log-Normal AFT (Linear),27,28260441,0.7,1.5376664773904274,2000,0.3,3,0.3,0.7,0.2,0.1,1500,5,0.42428571428571427,0.22285714285714286
cp_cox_full,CP + Cox,0.8716666666666667,1.1461859711808087,0.21430180225897982,aft_lognormal_linear,Log-Normal AFT (Linear),28,28260442,0.7,1.5832640829055267,2000,0.3,3,0.3,0.7,0.2,0.1,1500,5,0.41,0.2092857142857143
cp_cox_crossfit,CP + Cox (Cross-Fit),0.885,1.1641141220197633,0.20593778451555714,aft_lognormal_linear,Log-Normal AFT (Linear),28,28260442,0.7,1.5832640829055267,2000,0.3,3,0.3,0.7,0.2,0.1,1500,5,0.41,0.2092857142857143
cp_cox_full,CP + Cox,0.925,1.2456915454732678,0.164865182106746,aft_lognormal_linear,Log-Normal AFT (Linear),29,28260443,0.7,1.6182312704368995,2000,0.3,3,0.3,0.7,0.2,0.1,1500,5,0.40785714285714286,0.215
cp_cox_crossfit,CP + Cox (Cross-Fit),0.92,1.222436657733727,0.18037114274328722,aft_lognormal_linear,Log-Normal AFT (Linear),29,28260443,0.7,1.6182312704368995,2000,0.3,3,0.3,0.7,0.2,0.1,1500,5,0.40785714285714286,0.215
cp_cox_full,CP + Cox,0.9033333333333333,1.125546185285421,0.16917838816535027,aft_lognormal_linear,Log-Normal AFT (Linear),30,28260444,0.7,1.5460356545402654,2000,0.3,3,0.3,0.7,0.2,0.1,1500,5,0.4057142857142857,0.2042857142857143
cp_cox_crossfit,CP + Cox (Cross-Fit),0.8916666666666667,1.1115902679460843,0.17634912006022846,aft_lognormal_linear,Log-Normal AFT (Linear),30,28260444,0.7,1.5460356545402654,2000,0.3,3,0.3,0.7,0.2,0.1,1500,5,0.4057142857142857,0.2042857142857143
cp_cox_full,CP + Cox,0.9216666666666666,1.5743989781063192,0.17783378921554516,aft_lognormal_linear,Log-Normal AFT (Linear),1,29260415,0.8,1.9979683876505185,2000,0.3,3,0.3,0.7,0.2,0.1,1500,5,0.32571428571428573,0.13
cp_cox_crossfit,CP + Cox (Cross-Fit),0.9266666666666666,1.5863711674516288,0.17084351797914032,aft_lognormal_linear,Log-Normal AFT (Linear),1,29260415,0.8,1.9979683876505185,2000,0.3,3,0.3,0.7,0.2,0.1,1500,5,0.32571428571428573,0.13
cp_cox_full,CP + Cox,0.8833333333333333,1.6762997354697113,0.1726579566584463,aft_lognormal_linear,Log-Normal AFT (Linear),2,29260416,0.8,2.1434110577515257,2000,0.3,3,0.3,0.7,0.2,0.1,1500,5,0.32,0.12285714285714286
cp_cox_crossfit,CP + Cox (Cross-Fit),0.9016666666666666,1.6998381826862219,0.16032090020290393,aft_lognormal_linear,Log-Normal AFT (Linear),2,29260416,0.8,2.1434110577515257,2000,0.3,3,0.3,0.7,0.2,0.1,1500,5,0.32,0.12285714285714286
cp_cox_full,CP + Cox,0.915,1.6601170607107538,0.16290330598577943,aft_lognormal_linear,Log-Normal AFT (Linear),3,29260417,0.8,2.0910664125448712,2000,0.3,3,0.3,0.7,0.2,0.1,1500,5,0.32357142857142857,0.13857142857142857
cp_cox_crossfit,CP + Cox (Cross-Fit),0.9033333333333333,1.636700863960038,0.17522061676293565,aft_lognormal_linear,Log-Normal AFT (Linear),3,29260417,0.8,2.0910664125448712,2000,0.3,3,0.3,0.7,0.2,0.1,1500,5,0.32357142857142857,0.13857142857142857
cp_cox_full,CP + Cox,0.8866666666666667,1.7201918915349539,0.22491001205447977,aft_lognormal_linear,Log-Normal AFT (Linear),4,29260418,0.8,2.1800991353632955,2000,0.3,3,0.3,0.7,0.2,0.1,1500,5,0.32,0.13857142857142857
cp_cox_crossfit,CP + Cox (Cross-Fit),0.8983333333333333,1.7452670193023683,0.2070675841089916,aft_lognormal_linear,Log-Normal AFT (Linear),4,29260418,0.8,2.1800991353632955,2000,0.3,3,0.3,0.7,0.2,0.1,1500,5,0.32,0.13857142857142857
cp_cox_full,CP + Cox,0.9033333333333333,1.7211332854242558,0.19234201377396629,aft_lognormal_linear,Log-Normal AFT (Linear),5,29260419,0.8,2.1409026884806006,2000,0.3,3,0.3,0.7,0.2,0.1,1500,5,0.3142857142857143,0.12714285714285714
cp_cox_crossfit,CP + Cox (Cross-Fit),0.9033333333333333,1.714259579036399,0.1962101055525206,aft_lognormal_linear,Log-Normal AFT (Linear),5,29260419,0.8,2.1409026884806006,2000,0.3,3,0.3,0.7,0.2,0.1,1500,5,0.3142857142857143,0.12714285714285714
cp_cox_full,CP + Cox,0.9066666666666666,1.5914034539321282,0.17886350477876747,aft_lognormal_linear,Log-Normal AFT (Linear),6,29260420,0.8,2.0054980002932363,2000,0.3,3,0.3,0.7,0.2,0.1,1500,5,0.32785714285714285,0.12642857142857142
cp_cox_crossfit,CP + Cox (Cross-Fit),0.9133333333333333,1.60016829636257,0.17435530222850223,aft_lognormal_linear,Log-Normal AFT (Linear),6,29260420,0.8,2.0054980002932363,2000,0.3,3,0.3,0.7,0.2,0.1,1500,5,0.32785714285714285,0.12642857142857142
cp_cox_full,CP + Cox,0.8966666666666666,1.57183239544763,0.21745305733934991,aft_lognormal_linear,Log-Normal AFT (Linear),7,29260421,0.8,2.011214704140466,2000,0.3,3,0.3,0.7,0.2,0.1,1500,5,0.3292857142857143,0.12571428571428572
cp_cox_crossfit,CP + Cox (Cross-Fit),0.8916666666666667,1.5580091978120403,0.2267371526919378,aft_lognormal_linear,Log-Normal AFT (Linear),7,29260421,0.8,2.011214704140466,2000,0.3,3,0.3,0.7,0.2,0.1,1500,5,0.3292857142857143,0.12571428571428572
cp_cox_full,CP + Cox,0.87,1.6851368275159755,0.21717051646386762,aft_lognormal_linear,Log-Normal AFT (Linear),8,29260422,0.8,2.162577364931946,2000,0.3,3,0.3,0.7,0.2,0.1,1500,5,0.3357142857142857,0.13071428571428573
cp_cox_crossfit,CP + Cox (Cross-Fit),0.91,1.7437548085532164,0.18294909774916276,aft_lognormal_linear,Log-Normal AFT (Linear),8,29260422,0.8,2.162577364931946,2000,0.3,3,0.3,0.7,0.2,0.1,1500,5,0.3357142857142857,0.13071428571428573
cp_cox_full,CP + Cox,0.9,1.7050956836173001,0.22864340097920405,aft_lognormal_linear,Log-Normal AFT (Linear),9,29260423,0.8,2.167988942742773,2000,0.3,3,0.3,0.7,0.2,0.1,1500,5,0.335,0.11357142857142857
cp_cox_crossfit,CP + Cox (Cross-Fit),0.9216666666666666,1.7541211928653146,0.19840347373878445,aft_lognormal_linear,Log-Normal AFT (Linear),9,29260423,0.8,2.167988942742773,2000,0.3,3,0.3,0.7,0.2,0.1,1500,5,0.335,0.11357142857142857
cp_cox_full,CP + Cox,0.9,1.7035198867897499,0.2063364408841684,aft_lognormal_linear,Log-Normal AFT (Linear),10,29260424,0.8,2.148464554158064,2000,0.3,3,0.3,0.7,0.2,0.1,1500,5,0.31285714285714283,0.13785714285714284
cp_cox_crossfit,CP + Cox (Cross-Fit),0.9116666666666666,1.7363959014937886,0.18493479583472414,aft_lognormal_linear,Log-Normal AFT (Linear),10,29260424,0.8,2.148464554158064,2000,0.3,3,0.3,0.7,0.2,0.1,1500,5,0.31285714285714283,0.13785714285714284
cp_cox_full,CP + Cox,0.8716666666666667,1.5479328592982975,0.2095925687587555,aft_lognormal_linear,Log-Normal AFT (Linear),11,29260425,0.8,2.0226654730218163,2000,0.3,3,0.3,0.7,0.2,0.1,1500,5,0.32,0.13214285714285715
cp_cox_crossfit,CP + Cox (Cross-Fit),0.895,1.5891440919352178,0.18998850785769147,aft_lognormal_linear,Log-Normal AFT (Linear),11,29260425,0.8,2.0226654730218163,2000,0.3,3,0.3,0.7,0.2,0.1,1500,5,0.32,0.13214285714285715
cp_cox_full,CP + Cox,0.9266666666666666,1.6559576671864351,0.14855580723892822,aft_lognormal_linear,Log-Normal AFT (Linear),12,29260426,0.8,2.05628151855247,2000,0.3,3,0.3,0.7,0.2,0.1,1500,5,0.32285714285714284,0.12571428571428572
cp_cox_crossfit,CP + Cox (Cross-Fit),0.9133333333333333,1.6276871551921472,0.1625990144995146,aft_lognormal_linear,Log-Normal AFT (Linear),12,29260426,0.8,2.05628151855247,2000,0.3,3,0.3,0.7,0.2,0.1,1500,5,0.32285714285714284,0.12571428571428572
cp_cox_full,CP + Cox,0.8866666666666667,1.6826503172507397,0.19143293010984513,aft_lognormal_linear,Log-Normal AFT (Linear),13,29260427,0.8,2.1279538208560034,2000,0.3,3,0.3,0.7,0.2,0.1,1500,5,0.32857142857142857,0.13285714285714287
cp_cox_crossfit,CP + Cox (Cross-Fit),0.8766666666666667,1.6578639029740048,0.20762154113491724,aft_lognormal_linear,Log-Normal AFT (Linear),13,29260427,0.8,2.1279538208560034,2000,0.3,3,0.3,0.7,0.2,0.1,1500,5,0.32857142857142857,0.13285714285714287
cp_cox_full,CP + Cox,0.935,1.569778719820941,0.1458577652738121,aft_lognormal_linear,Log-Normal AFT (Linear),14,29260428,0.8,1.9585654162064177,2000,0.3,3,0.3,0.7,0.2,0.1,1500,5,0.3292857142857143,0.13357142857142856
cp_cox_crossfit,CP + Cox (Cross-Fit),0.9116666666666666,1.537104773442602,0.16247257065438814,aft_lognormal_linear,Log-Normal AFT (Linear),14,29260428,0.8,1.9585654162064177,2000,0.3,3,0.3,0.7,0.2,0.1,1500,5,0.3292857142857143,0.13357142857142856
cp_cox_full,CP + Cox,0.8866666666666667,1.538976108221345,0.19750283559506318,aft_lognormal_linear,Log-Normal AFT (Linear),15,29260429,0.8,1.9740631575399838,2000,0.3,3,0.3,0.7,0.2,0.1,1500,5,0.35214285714285715,0.14142857142857143
cp_cox_crossfit,CP + Cox (Cross-Fit),0.88,1.5219828745867874,0.2090811992095588,aft_lognormal_linear,Log-Normal AFT (Linear),15,29260429,0.8,1.9740631575399838,2000,0.3,3,0.3,0.7,0.2,0.1,1500,5,0.35214285714285715,0.14142857142857143
cp_cox_full,CP + Cox,0.8966666666666666,1.641632419819381,0.15450188129232853,aft_lognormal_linear,Log-Normal AFT (Linear),16,29260430,0.8,2.0894158211322376,2000,0.3,3,0.3,0.7,0.2,0.1,1500,5,0.3242857142857143,0.12071428571428572
cp_cox_crossfit,CP + Cox (Cross-Fit),0.9083333333333333,1.6753252574360902,0.1394325702511644,aft_lognormal_linear,Log-Normal AFT (Linear),16,29260430,0.8,2.0894158211322376,2000,0.3,3,0.3,0.7,0.2,0.1,1500,5,0.3242857142857143,0.12071428571428572
cp_cox_full,CP + Cox,0.8966666666666666,1.7943066634072549,0.19926946030742618,aft_lognormal_linear,Log-Normal AFT (Linear),17,29260431,0.8,2.231795901569653,2000,0.3,3,0.3,0.7,0.2,0.1,1500,5,0.32857142857142857,0.11857142857142858
cp_cox_crossfit,CP + Cox (Cross-Fit),0.9016666666666666,1.81002054953568,0.19025251200555243,aft_lognormal_linear,Log-Normal AFT (Linear),17,29260431,0.8,2.231795901569653,2000,0.3,3,0.3,0.7,0.2,0.1,1500,5,0.32857142857142857,0.11857142857142858
cp_cox_full,CP + Cox,0.9283333333333333,1.70430973884394,0.1893320912237313,aft_lognormal_linear,Log-Normal AFT (Linear),18,29260432,0.8,2.11093360466043,2000,0.3,3,0.3,0.7,0.2,0.1,1500,5,0.3221428571428571,0.12785714285714286
cp_cox_crossfit,CP + Cox (Cross-Fit),0.9166666666666666,1.663813115374308,0.21812611619505218,aft_lognormal_linear,Log-Normal AFT (Linear),18,29260432,0.8,2.11093360466043,2000,0.3,3,0.3,0.7,0.2,0.1,1500,5,0.3221428571428571,0.12785714285714286
cp_cox_full,CP + Cox,0.9033333333333333,1.6381889419455875,0.1751558322990624,aft_lognormal_linear,Log-Normal AFT (Linear),19,29260433,0.8,2.0428897008451115,2000,0.3,3,0.3,0.7,0.2,0.1,1500,5,0.32142857142857145,0.12285714285714286
cp_cox_crossfit,CP + Cox (Cross-Fit),0.8866666666666667,1.6039301755557818,0.19385400178076662,aft_lognormal_linear,Log-Normal AFT (Linear),19,29260433,0.8,2.0428897008451115,2000,0.3,3,0.3,0.7,0.2,0.1,1500,5,0.32142857142857145,0.12285714285714286
cp_cox_full,CP + Cox,0.9016666666666666,1.747345114092529,0.1719722864217243,aft_lognormal_linear,Log-Normal AFT (Linear),20,29260434,0.8,2.1816798809668136,2000,0.3,3,0.3,0.7,0.2,0.1,1500,5,0.32357142857142857,0.1442857142857143
cp_cox_crossfit,CP + Cox (Cross-Fit),0.8983333333333333,1.7385225050143662,0.17750848835545657,aft_lognormal_linear,Log-Normal AFT (Linear),20,29260434,0.8,2.1816798809668136,2000,0.3,3,0.3,0.7,0.2,0.1,1500,5,0.32357142857142857,0.1442857142857143
cp_cox_full,CP + Cox,0.8783333333333333,1.566760647903952,0.20510313176408773,aft_lognormal_linear,Log-Normal AFT (Linear),21,29260435,0.8,2.0233260391490107,2000,0.3,3,0.3,0.7,0.2,0.1,1500,5,0.31285714285714283,0.12071428571428572
cp_cox_crossfit,CP + Cox (Cross-Fit),0.895,1.5940442293960857,0.1882290007463925,aft_lognormal_linear,Log-Normal AFT (Linear),21,29260435,0.8,2.0233260391490107,2000,0.3,3,0.3,0.7,0.2,0.1,1500,5,0.31285714285714283,0.12071428571428572
cp_cox_full,CP + Cox,0.8483333333333334,1.6574589125082428,0.22572736667704796,aft_lognormal_linear,Log-Normal AFT (Linear),22,29260436,0.8,2.123109938154345,2000,0.3,3,0.3,0.7,0.2,0.1,1500,5,0.3514285714285714,0.145
cp_cox_crossfit,CP + Cox (Cross-Fit),0.8433333333333334,1.655375297192057,0.22714717253850175,aft_lognormal_linear,Log-Normal AFT (Linear),22,29260436,0.8,2.123109938154345,2000,0.3,3,0.3,0.7,0.2,0.1,1500,5,0.3514285714285714,0.145
cp_cox_full,CP + Cox,0.9016666666666666,1.6812225978867648,0.1792362303859324,aft_lognormal_linear,Log-Normal AFT (Linear),23,29260437,0.8,2.090628119211941,2000,0.3,3,0.3,0.7,0.2,0.1,1500,5,0.3142857142857143,0.12214285714285714
cp_cox_crossfit,CP + Cox (Cross-Fit),0.885,1.6354688608187977,0.20474523137870476,aft_lognormal_linear,Log-Normal AFT (Linear),23,29260437,0.8,2.090628119211941,2000,0.3,3,0.3,0.7,0.2,0.1,1500,5,0.3142857142857143,0.12214285714285714
cp_cox_full,CP + Cox,0.885,1.635946360832032,0.20888259110876525,aft_lognormal_linear,Log-Normal AFT (Linear),24,29260438,0.8,2.1133164246461007,2000,0.3,3,0.3,0.7,0.2,0.1,1500,5,0.31285714285714283,0.13071428571428573
cp_cox_crossfit,CP + Cox (Cross-Fit),0.9233333333333333,1.7022346678949147,0.17032778923853392,aft_lognormal_linear,Log-Normal AFT (Linear),24,29260438,0.8,2.1133164246461007,2000,0.3,3,0.3,0.7,0.2,0.1,1500,5,0.31285714285714283,0.13071428571428573
cp_cox_full,CP + Cox,0.9,1.771024539240727,0.1722096301256134,aft_lognormal_linear,Log-Normal AFT (Linear),25,29260439,0.8,2.201552406860767,2000,0.3,3,0.3,0.7,0.2,0.1,1500,5,0.34214285714285714,0.14
cp_cox_crossfit,CP + Cox (Cross-Fit),0.9033333333333333,1.7771981132059218,0.16834714405226844,aft_lognormal_linear,Log-Normal AFT (Linear),25,29260439,0.8,2.201552406860767,2000,0.3,3,0.3,0.7,0.2,0.1,1500,5,0.34214285714285714,0.14
cp_cox_full,CP + Cox,0.895,1.690554196924287,0.17385067932899256,aft_lognormal_linear,Log-Normal AFT (Linear),26,29260440,0.8,2.1052691424506427,2000,0.3,3,0.3,0.7,0.2,0.1,1500,5,0.3392857142857143,0.13214285714285715
cp_cox_crossfit,CP + Cox (Cross-Fit),0.89,1.6866899791250785,0.17601169306917352,aft_lognormal_linear,Log-Normal AFT (Linear),26,29260440,0.8,2.1052691424506427,2000,0.3,3,0.3,0.7,0.2,0.1,1500,5,0.3392857142857143,0.13214285714285715
cp_cox_full,CP + Cox,0.8883333333333333,1.6928877431555596,0.22478233094858452,aft_lognormal_linear,Log-Normal AFT (Linear),27,29260441,0.8,2.132493578824064,2000,0.3,3,0.3,0.7,0.2,0.1,1500,5,0.35,0.13285714285714287
cp_cox_crossfit,CP + Cox (Cross-Fit),0.8933333333333333,1.6992227091260703,0.21960425769583455,aft_lognormal_linear,Log-Normal AFT (Linear),27,29260441,0.8,2.132493578824064,2000,0.3,3,0.3,0.7,0.2,0.1,1500,5,0.35,0.13285714285714287
cp_cox_full,CP + Cox,0.91,1.5860336980726657,0.18279202255162927,aft_lognormal_linear,Log-Normal AFT (Linear),28,29260442,0.8,2.0166880004767975,2000,0.3,3,0.3,0.7,0.2,0.1,1500,5,0.3292857142857143,0.135
cp_cox_crossfit,CP + Cox (Cross-Fit),0.9183333333333333,1.6071297497517856,0.16917166782296275,aft_lognormal_linear,Log-Normal AFT (Linear),28,29260442,0.8,2.0166880004767975,2000,0.3,3,0.3,0.7,0.2,0.1,1500,5,0.3292857142857143,0.135
cp_cox_full,CP + Cox,0.9083333333333333,1.670281851242571,0.1511546471271339,aft_lognormal_linear,Log-Normal AFT (Linear),29,29260443,0.8,2.0591690211653924,2000,0.3,3,0.3,0.7,0.2,0.1,1500,5,0.32071428571428573,0.12642857142857142
cp_cox_crossfit,CP + Cox (Cross-Fit),0.8966666666666666,1.6372315567404325,0.16644027538762735,aft_lognormal_linear,Log-Normal AFT (Linear),29,29260443,0.8,2.0591690211653924,2000,0.3,3,0.3,0.7,0.2,0.1,1500,5,0.32071428571428573,0.12642857142857142
cp_cox_full,CP + Cox,0.91,1.604385878684687,0.17553644302813626,aft_lognormal_linear,Log-Normal AFT (Linear),30,29260444,0.8,2.02028679545751,2000,0.3,3,0.3,0.7,0.2,0.1,1500,5,0.335,0.12714285714285714
cp_cox_crossfit,CP + Cox (Cross-Fit),0.915,1.6126715052871805,0.1704705481450776,aft_lognormal_linear,Log-Normal AFT (Linear),30,29260444,0.8,2.02028679545751,2000,0.3,3,0.3,0.7,0.2,0.1,1500,5,0.335,0.12714285714285714
cp_cox_full,CP + Cox,0.915,2.7646305910394005,0.19252357385862887,aft_lognormal_linear,Log-Normal AFT (Linear),1,30260415,0.9,3.2096247582363064,2000,0.3,3,0.3,0.7,0.2,0.1,1500,5,0.2735714285714286,0.065
cp_cox_crossfit,CP + Cox (Cross-Fit),0.9166666666666666,2.778394049649662,0.18293111510417012,aft_lognormal_linear,Log-Normal AFT (Linear),1,30260415,0.9,3.2096247582363064,2000,0.3,3,0.3,0.7,0.2,0.1,1500,5,0.2735714285714286,0.065
cp_cox_full,CP + Cox,0.8783333333333333,2.61989150537518,0.1487396879694205,aft_lognormal_linear,Log-Normal AFT (Linear),2,30260416,0.9,3.042274997202074,2000,0.3,3,0.3,0.7,0.2,0.1,1500,5,0.26857142857142857,0.05785714285714286
cp_cox_crossfit,CP + Cox (Cross-Fit),0.8816666666666667,2.6382982513320834,0.1398862827778872,aft_lognormal_linear,Log-Normal AFT (Linear),2,30260416,0.9,3.042274997202074,2000,0.3,3,0.3,0.7,0.2,0.1,1500,5,0.26857142857142857,0.05785714285714286
cp_cox_full,CP + Cox,0.9366666666666666,2.5279050021143012,0.20369886965616846,aft_lognormal_linear,Log-Normal AFT (Linear),3,30260417,0.9,2.9475761920311316,2000,0.3,3,0.3,0.7,0.2,0.1,1500,5,0.245,0.056428571428571425
cp_cox_crossfit,CP + Cox (Cross-Fit),0.9366666666666666,2.528384300001,0.20339126788579695,aft_lognormal_linear,Log-Normal AFT (Linear),3,30260417,0.9,2.9475761920311316,2000,0.3,3,0.3,0.7,0.2,0.1,1500,5,0.245,0.056428571428571425
cp_cox_full,CP + Cox,0.8833333333333333,2.5138280652438945,0.16809734493954354,aft_lognormal_linear,Log-Normal AFT (Linear),4,30260418,0.9,2.939857131177371,2000,0.3,3,0.3,0.7,0.2,0.1,1500,5,0.27,0.05785714285714286
cp_cox_crossfit,CP + Cox (Cross-Fit),0.8766666666666667,2.5100345887180135,0.17120640295330047,aft_lognormal_linear,Log-Normal AFT (Linear),4,30260418,0.9,2.939857131177371,2000,0.3,3,0.3,0.7,0.2,0.1,1500,5,0.27,0.05785714285714286
cp_cox_full,CP + Cox,0.9033333333333333,2.6559534369311337,0.19478616890083217,aft_lognormal_linear,Log-Normal AFT (Linear),5,30260419,0.9,3.104928841590438,2000,0.3,3,0.3,0.7,0.2,0.1,1500,5,0.25285714285714284,0.06642857142857143
cp_cox_crossfit,CP + Cox (Cross-Fit),0.9216666666666666,2.677815241890659,0.18214899473570956,aft_lognormal_linear,Log-Normal AFT (Linear),5,30260419,0.9,3.104928841590438,2000,0.3,3,0.3,0.7,0.2,0.1,1500,5,0.25285714285714284,0.06642857142857143
cp_cox_full,CP + Cox,0.9116666666666666,2.5276070126990082,0.17196316406570972,aft_lognormal_linear,Log-Normal AFT (Linear),6,30260420,0.9,2.933151342411087,2000,0.3,3,0.3,0.7,0.2,0.1,1500,5,0.275,0.05142857142857143
cp_cox_crossfit,CP + Cox (Cross-Fit),0.895,2.498532057483136,0.18965468222769027,aft_lognormal_linear,Log-Normal AFT (Linear),6,30260420,0.9,2.933151342411087,2000,0.3,3,0.3,0.7,0.2,0.1,1500,5,0.275,0.05142857142857143
cp_cox_full,CP + Cox,0.9183333333333333,2.515348207568782,0.20668718376747303,aft_lognormal_linear,Log-Normal AFT (Linear),7,30260421,0.9,2.947415132954514,2000,0.3,3,0.3,0.7,0.2,0.1,1500,5,0.2714285714285714,0.05071428571428571
cp_cox_crossfit,CP + Cox (Cross-Fit),0.9333333333333333,2.539634093707491,0.19145978586971635,aft_lognormal_linear,Log-Normal AFT (Linear),7,30260421,0.9,2.947415132954514,2000,0.3,3,0.3,0.7,0.2,0.1,1500,5,0.2714285714285714,0.05071428571428571
cp_cox_full,CP + Cox,0.9316666666666666,2.7470083067983584,0.20172487199523104,aft_lognormal_linear,Log-Normal AFT (Linear),8,30260422,0.9,3.196668778871275,2000,0.3,3,0.3,0.7,0.2,0.1,1500,5,0.26285714285714284,0.04642857142857143
cp_cox_crossfit,CP + Cox (Cross-Fit),0.9266666666666666,2.7304975447584874,0.21147497487147854,aft_lognormal_linear,Log-Normal AFT (Linear),8,30260422,0.9,3.196668778871275,2000,0.3,3,0.3,0.7,0.2,0.1,1500,5,0.26285714285714284,0.04642857142857143
cp_cox_full,CP + Cox,0.915,2.5254837691968777,0.17122464424012435,aft_lognormal_linear,Log-Normal AFT (Linear),9,30260423,0.9,2.9415783172538363,2000,0.3,3,0.3,0.7,0.2,0.1,1500,5,0.24714285714285714,0.05857142857142857
cp_cox_crossfit,CP + Cox (Cross-Fit),0.925,2.554500254753665,0.15511394679284785,aft_lognormal_linear,Log-Normal AFT (Linear),9,30260423,0.9,2.9415783172538363,2000,0.3,3,0.3,0.7,0.2,0.1,1500,5,0.24714285714285714,0.05857142857142857
cp_cox_full,CP + Cox,0.905,2.669202815029647,0.20857952006615704,aft_lognormal_linear,Log-Normal AFT (Linear),10,30260424,0.9,3.120502192532301,2000,0.3,3,0.3,0.7,0.2,0.1,1500,5,0.26142857142857145,0.06142857142857143
cp_cox_crossfit,CP + Cox (Cross-Fit),0.9066666666666666,2.671645596518861,0.2070284007324251,aft_lognormal_linear,Log-Normal AFT (Linear),10,30260424,0.9,3.120502192532301,2000,0.3,3,0.3,0.7,0.2,0.1,1500,5,0.26142857142857145,0.06142857142857143
cp_cox_full,CP + Cox,0.8933333333333333,2.8481617463750184,0.15794689318312832,aft_lognormal_linear,Log-Normal AFT (Linear),11,30260425,0.9,3.284819623136416,2000,0.3,3,0.3,0.7,0.2,0.1,1500,5,0.23,0.041428571428571426
cp_cox_crossfit,CP + Cox (Cross-Fit),0.9,2.861218224411613,0.1509331481792203,aft_lognormal_linear,Log-Normal AFT (Linear),11,30260425,0.9,3.284819623136416,2000,0.3,3,0.3,0.7,0.2,0.1,1500,5,0.23,0.041428571428571426
cp_cox_full,CP + Cox,0.8966666666666666,2.688553256204088,0.18807299898744628,aft_lognormal_linear,Log-Normal AFT (Linear),12,30260426,0.9,3.1261968982249697,2000,0.3,3,0.3,0.7,0.2,0.1,1500,5,0.2507142857142857,0.05928571428571429
cp_cox_crossfit,CP + Cox (Cross-Fit),0.8883333333333333,2.6715094981088736,0.19810422681117687,aft_lognormal_linear,Log-Normal AFT (Linear),12,30260426,0.9,3.1261968982249697,2000,0.3,3,0.3,0.7,0.2,0.1,1500,5,0.2507142857142857,0.05928571428571429
cp_cox_full,CP + Cox,0.9033333333333333,2.452401164667694,0.18046765497400938,aft_lognormal_linear,Log-Normal AFT (Linear),13,30260427,0.9,2.8918519201131887,2000,0.3,3,0.3,0.7,0.2,0.1,1500,5,0.26857142857142857,0.06714285714285714
cp_cox_crossfit,CP + Cox (Cross-Fit),0.9383333333333334,2.508780497246152,0.15311237047421708,aft_lognormal_linear,Log-Normal AFT (Linear),13,30260427,0.9,2.8918519201131887,2000,0.3,3,0.3,0.7,0.2,0.1,1500,5,0.26857142857142857,0.06714285714285714
cp_cox_full,CP + Cox,0.9166666666666666,2.796420650567996,0.13717266545465004,aft_lognormal_linear,Log-Normal AFT (Linear),14,30260428,0.9,3.1800341635541747,2000,0.3,3,0.3,0.7,0.2,0.1,1500,5,0.24714285714285714,0.06285714285714286
cp_cox_crossfit,CP + Cox (Cross-Fit),0.9166666666666666,2.79806040668459,0.1364340394837371,aft_lognormal_linear,Log-Normal AFT (Linear),14,30260428,0.9,3.1800341635541747,2000,0.3,3,0.3,0.7,0.2,0.1,1500,5,0.24714285714285714,0.06285714285714286
cp_cox_full,CP + Cox,0.8883333333333333,2.5611741578677925,0.15898124606551942,aft_lognormal_linear,Log-Normal AFT (Linear),15,30260429,0.9,2.974138002399314,2000,0.3,3,0.3,0.7,0.2,0.1,1500,5,0.24428571428571427,0.05357142857142857
cp_cox_crossfit,CP + Cox (Cross-Fit),0.88,2.5344266875435606,0.17285117926990662,aft_lognormal_linear,Log-Normal AFT (Linear),15,30260429,0.9,2.974138002399314,2000,0.3,3,0.3,0.7,0.2,0.1,1500,5,0.24428571428571427,0.05357142857142857
cp_cox_full,CP + Cox,0.89,2.6707052965616405,0.24612390108265372,aft_lognormal_linear,Log-Normal AFT (Linear),16,30260430,0.9,3.139177894949945,2000,0.3,3,0.3,0.7,0.2,0.1,1500,5,0.24857142857142858,0.056428571428571425
cp_cox_crossfit,CP + Cox (Cross-Fit),0.8966666666666666,2.6863260480578557,0.23745068762990182,aft_lognormal_linear,Log-Normal AFT (Linear),16,30260430,0.9,3.139177894949945,2000,0.3,3,0.3,0.7,0.2,0.1,1500,5,0.24857142857142858,0.056428571428571425
cp_cox_full,CP + Cox,0.865,2.6448418482054095,0.18846386133809512,aft_lognormal_linear,Log-Normal AFT (Linear),17,30260431,0.9,3.0913069520772916,2000,0.3,3,0.3,0.7,0.2,0.1,1500,5,0.26571428571428574,0.052142857142857144
cp_cox_crossfit,CP + Cox (Cross-Fit),0.9033333333333333,2.6899102641003445,0.15849531275416426,aft_lognormal_linear,Log-Normal AFT (Linear),17,30260431,0.9,3.0913069520772916,2000,0.3,3,0.3,0.7,0.2,0.1,1500,5,0.26571428571428574,0.052142857142857144
cp_cox_full,CP + Cox,0.895,2.5452315541714343,0.16890033725316023,aft_lognormal_linear,Log-Normal AFT (Linear),18,30260432,0.9,2.994631403447799,2000,0.3,3,0.3,0.7,0.2,0.1,1500,5,0.26785714285714285,0.05357142857142857
cp_cox_crossfit,CP + Cox (Cross-Fit),0.9116666666666666,2.5739316240076486,0.15279623701963743,aft_lognormal_linear,Log-Normal AFT (Linear),18,30260432,0.9,2.994631403447799,2000,0.3,3,0.3,0.7,0.2,0.1,1500,5,0.26785714285714285,0.05357142857142857
cp_cox_full,CP + Cox,0.9183333333333333,2.6284766035407032,0.16203516349696168,aft_lognormal_linear,Log-Normal AFT (Linear),19,30260433,0.9,3.046278947110931,2000,0.3,3,0.3,0.7,0.2,0.1,1500,5,0.2557142857142857,0.06285714285714286
cp_cox_crossfit,CP + Cox (Cross-Fit),0.9183333333333333,2.62919492863239,0.1615788118123366,aft_lognormal_linear,Log-Normal AFT (Linear),19,30260433,0.9,3.046278947110931,2000,0.3,3,0.3,0.7,0.2,0.1,1500,5,0.2557142857142857,0.06285714285714286
cp_cox_full,CP + Cox,0.8933333333333333,2.5046464581385024,0.19600334671580008,aft_lognormal_linear,Log-Normal AFT (Linear),20,30260434,0.9,2.9673420454957165,2000,0.3,3,0.3,0.7,0.2,0.1,1500,5,0.275,0.05857142857142857
cp_cox_crossfit,CP + Cox (Cross-Fit),0.895,2.507447626465439,0.1943951123749701,aft_lognormal_linear,Log-Normal AFT (Linear),20,30260434,0.9,2.9673420454957165,2000,0.3,3,0.3,0.7,0.2,0.1,1500,5,0.275,0.05857142857142857
cp_cox_full,CP + Cox,0.865,2.657466892671598,0.19493729351947695,aft_lognormal_linear,Log-Normal AFT (Linear),21,30260435,0.9,3.1146254945761176,2000,0.3,3,0.3,0.7,0.2,0.1,1500,5,0.2664285714285714,0.05857142857142857
cp_cox_crossfit,CP + Cox (Cross-Fit),0.8733333333333333,2.683881361756302,0.18036539438316287,aft_lognormal_linear,Log-Normal AFT (Linear),21,30260435,0.9,3.1146254945761176,2000,0.3,3,0.3,0.7,0.2,0.1,1500,5,0.2664285714285714,0.05857142857142857
cp_cox_full,CP + Cox,0.9116666666666666,2.6454807014103787,0.21041221544419375,aft_lognormal_linear,Log-Normal AFT (Linear),22,30260436,0.9,3.0997919674775583,2000,0.3,3,0.3,0.7,0.2,0.1,1500,5,0.2592857142857143,0.04928571428571429
cp_cox_crossfit,CP + Cox (Cross-Fit),0.9116666666666666,2.6388272019583687,0.21444237139564662,aft_lognormal_linear,Log-Normal AFT (Linear),22,30260436,0.9,3.0997919674775583,2000,0.3,3,0.3,0.7,0.2,0.1,1500,5,0.2592857142857143,0.04928571428571429
cp_cox_full,CP + Cox,0.8933333333333333,2.690872039116819,0.2267155092831574,aft_lognormal_linear,Log-Normal AFT (Linear),23,30260437,0.9,3.1592604059557123,2000,0.3,3,0.3,0.7,0.2,0.1,1500,5,0.27071428571428574,0.06714285714285714
cp_cox_crossfit,CP + Cox (Cross-Fit),0.9116666666666666,2.73790732926844,0.19634262789536872,aft_lognormal_linear,Log-Normal AFT (Linear),23,30260437,0.9,3.1592604059557123,2000,0.3,3,0.3,0.7,0.2,0.1,1500,5,0.27071428571428574,0.06714285714285714
cp_cox_full,CP + Cox,0.91,2.739714534365854,0.15235096266509077,aft_lognormal_linear,Log-Normal AFT (Linear),24,30260438,0.9,3.1554143436752806,2000,0.3,3,0.3,0.7,0.2,0.1,1500,5,0.25,0.05785714285714286
cp_cox_crossfit,CP + Cox (Cross-Fit),0.9216666666666666,2.7623018437262634,0.14144818720218263,aft_lognormal_linear,Log-Normal AFT (Linear),24,30260438,0.9,3.1554143436752806,2000,0.3,3,0.3,0.7,0.2,0.1,1500,5,0.25,0.05785714285714286
cp_cox_full,CP + Cox,0.9016666666666666,2.563951108614992,0.16969370422582913,aft_lognormal_linear,Log-Normal AFT (Linear),25,30260439,0.9,2.9816557121040073,2000,0.3,3,0.3,0.7,0.2,0.1,1500,5,0.25785714285714284,0.05928571428571429
cp_cox_crossfit,CP + Cox (Cross-Fit),0.9,2.5597221885820036,0.17232693737349178,aft_lognormal_linear,Log-Normal AFT (Linear),25,30260439,0.9,2.9816557121040073,2000,0.3,3,0.3,0.7,0.2,0.1,1500,5,0.25785714285714284,0.05928571428571429
cp_cox_full,CP + Cox,0.9166666666666666,2.5728663469305286,0.16723717457739265,aft_lognormal_linear,Log-Normal AFT (Linear),26,30260440,0.9,2.983854678064014,2000,0.3,3,0.3,0.7,0.2,0.1,1500,5,0.2507142857142857,0.04928571428571429
cp_cox_crossfit,CP + Cox (Cross-Fit),0.895,2.5334439002926525,0.1895930769585215,aft_lognormal_linear,Log-Normal AFT (Linear),26,30260440,0.9,2.983854678064014,2000,0.3,3,0.3,0.7,0.2,0.1,1500,5,0.2507142857142857,0.04928571428571429
cp_cox_full,CP + Cox,0.9033333333333333,2.6873818426942306,0.19248609377149348,aft_lognormal_linear,Log-Normal AFT (Linear),27,30260441,0.9,3.122036120574519,2000,0.3,3,0.3,0.7,0.2,0.1,1500,5,0.24857142857142858,0.05071428571428571
cp_cox_crossfit,CP + Cox (Cross-Fit),0.8916666666666667,2.668439780481577,0.20438030143086958,aft_lognormal_linear,Log-Normal AFT (Linear),27,30260441,0.9,3.122036120574519,2000,0.3,3,0.3,0.7,0.2,0.1,1500,5,0.24857142857142858,0.05071428571428571
cp_cox_full,CP + Cox,0.9183333333333333,2.6303802904174076,0.16420852285906326,aft_lognormal_linear,Log-Normal AFT (Linear),28,30260442,0.9,3.075275691557462,2000,0.3,3,0.3,0.7,0.2,0.1,1500,5,0.24928571428571428,0.055
cp_cox_crossfit,CP + Cox (Cross-Fit),0.9216666666666666,2.6391017155244123,0.15936029043917269,aft_lognormal_linear,Log-Normal AFT (Linear),28,30260442,0.9,3.075275691557462,2000,0.3,3,0.3,0.7,0.2,0.1,1500,5,0.24928571428571428,0.055
cp_cox_full,CP + Cox,0.9166666666666666,2.5473111059087152,0.14754315225582543,aft_lognormal_linear,Log-Normal AFT (Linear),29,30260443,0.9,2.958671052129793,2000,0.3,3,0.3,0.7,0.2,0.1,1500,5,0.28,0.05785714285714286
cp_cox_crossfit,CP + Cox (Cross-Fit),0.92,2.5588042778071953,0.14133779760848436,aft_lognormal_linear,Log-Normal AFT (Linear),29,30260443,0.9,2.958671052129793,2000,0.3,3,0.3,0.7,0.2,0.1,1500,5,0.28,0.05785714285714286
cp_cox_full,CP + Cox,0.9066666666666666,2.854965598803034,0.1469600576384635,aft_lognormal_linear,Log-Normal AFT (Linear),30,30260444,0.9,3.2345678596031364,2000,0.3,3,0.3,0.7,0.2,0.1,1500,5,0.25214285714285717,0.05785714285714286
cp_cox_crossfit,CP + Cox (Cross-Fit),0.9,2.834838572433977,0.15953427998594674,aft_lognormal_linear,Log-Normal AFT (Linear),30,30260444,0.9,3.2345678596031364,2000,0.3,3,0.3,0.7,0.2,0.1,1500,5,0.25214285714285717,0.05785714285714286
cp_cox_full,CP + Cox,0.9166666666666666,6.2811335494389695,0.1669120480286534,aft_lognormal_linear,Log-Normal AFT (Linear),1,31160415,0.99,6.6981056327144595,2000,0.3,3,0.3,0.7,0.2,0.1,1500,5,0.2,7.142857142857143e-4
cp_cox_crossfit,CP + Cox (Cross-Fit),0.9216666666666666,6.292359420605966,0.16169618839776423,aft_lognormal_linear,Log-Normal AFT (Linear),1,31160415,0.99,6.6981056327144595,2000,0.3,3,0.3,0.7,0.2,0.1,1500,5,0.2,7.142857142857143e-4
cp_cox_full,CP + Cox,0.89,7.175605519011776,0.15642631588394193,aft_lognormal_linear,Log-Normal AFT (Linear),2,31160416,0.99,7.602883022979353,2000,0.3,3,0.3,0.7,0.2,0.1,1500,5,0.19428571428571428,0.002857142857142857
cp_cox_crossfit,CP + Cox (Cross-Fit),0.8766666666666667,7.1585151290422235,0.1650912805996667,aft_lognormal_linear,Log-Normal AFT (Linear),2,31160416,0.99,7.602883022979353,2000,0.3,3,0.3,0.7,0.2,0.1,1500,5,0.19428571428571428,0.002857142857142857
cp_cox_full,CP + Cox,0.9066666666666666,7.149298721491873,0.17791124305885675,aft_lognormal_linear,Log-Normal AFT (Linear),3,31160417,0.99,7.567487635371361,2000,0.3,3,0.3,0.7,0.2,0.1,1500,5,0.185,0.002142857142857143
cp_cox_crossfit,CP + Cox (Cross-Fit),0.885,7.099901759954024,0.2064912873372296,aft_lognormal_linear,Log-Normal AFT (Linear),3,31160417,0.99,7.567487635371361,2000,0.3,3,0.3,0.7,0.2,0.1,1500,5,0.185,0.002142857142857143
cp_cox_full,CP + Cox,0.9,7.55433848589315,0.16337259576326724,aft_lognormal_linear,Log-Normal AFT (Linear),4,31160418,0.99,7.966076023680017,2000,0.3,3,0.3,0.7,0.2,0.1,1500,5,0.20357142857142857,0.002857142857142857
cp_cox_crossfit,CP + Cox (Cross-Fit),0.8966666666666666,7.543548626271906,0.1694022264573533,aft_lognormal_linear,Log-Normal AFT (Linear),4,31160418,0.99,7.966076023680017,2000,0.3,3,0.3,0.7,0.2,0.1,1500,5,0.20357142857142857,0.002857142857142857
cp_cox_full,CP + Cox,0.9166666666666666,7.2331622263742625,0.1562700170401444,aft_lognormal_linear,Log-Normal AFT (Linear),5,31160419,0.99,7.675894075932157,2000,0.3,3,0.3,0.7,0.2,0.1,1500,5,0.20642857142857143,7.142857142857143e-4
cp_cox_crossfit,CP + Cox (Cross-Fit),0.9133333333333333,7.223595858033226,0.16116756137704508,aft_lognormal_linear,Log-Normal AFT (Linear),5,31160419,0.99,7.675894075932157,2000,0.3,3,0.3,0.7,0.2,0.1,1500,5,0.20642857142857143,7.142857142857143e-4
cp_cox_full,CP + Cox,0.875,6.64325539128695,0.19883080578044582,aft_lognormal_linear,Log-Normal AFT (Linear),6,31160420,0.99,7.072262530172148,2000,0.3,3,0.3,0.7,0.2,0.1,1500,5,0.21,0.002857142857142857
cp_cox_crossfit,CP + Cox (Cross-Fit),0.88,6.6484470938825,0.19560583769516604,aft_lognormal_linear,Log-Normal AFT (Linear),6,31160420,0.99,7.072262530172148,2000,0.3,3,0.3,0.7,0.2,0.1,1500,5,0.21,0.002857142857142857
cp_cox_full,CP + Cox,0.9066666666666666,7.167099393144601,0.15722798400862148,aft_lognormal_linear,Log-Normal AFT (Linear),7,31160421,0.99,7.569089244699305,2000,0.3,3,0.3,0.7,0.2,0.1,1500,5,0.21714285714285714,0.002857142857142857
cp_cox_crossfit,CP + Cox (Cross-Fit),0.9066666666666666,7.167057070447288,0.15724191521033098,aft_lognormal_linear,Log-Normal AFT (Linear),7,31160421,0.99,7.569089244699305,2000,0.3,3,0.3,0.7,0.2,0.1,1500,5,0.21714285714285714,0.002857142857142857
cp_cox_full,CP + Cox,0.92,6.761311126220457,0.18568543689455605,aft_lognormal_linear,Log-Normal AFT (Linear),8,31160422,0.99,7.202749648325732,2000,0.3,3,0.3,0.7,0.2,0.1,1500,5,0.2042857142857143,0.002142857142857143
cp_cox_crossfit,CP + Cox (Cross-Fit),0.93,6.776672557429264,0.17815781314147985,aft_lognormal_linear,Log-Normal AFT (Linear),8,31160422,0.99,7.202749648325732,2000,0.3,3,0.3,0.7,0.2,0.1,1500,5,0.2042857142857143,0.002142857142857143
cp_cox_full,CP + Cox,0.8966666666666666,7.399762576254689,0.1739395548571545,aft_lognormal_linear,Log-Normal AFT (Linear),9,31160423,0.99,7.81909838392315,2000,0.3,3,0.3,0.7,0.2,0.1,1500,5,0.215,0.0035714285714285713
cp_cox_crossfit,CP + Cox (Cross-Fit),0.905,7.414742791724292,0.16352105586326277,aft_lognormal_linear,Log-Normal AFT (Linear),9,31160423,0.99,7.81909838392315,2000,0.3,3,0.3,0.7,0.2,0.1,1500,5,0.215,0.0035714285714285713
cp_cox_full,CP + Cox,0.8766666666666667,7.1710223912339845,0.15825834128949093,aft_lognormal_linear,Log-Normal AFT (Linear),10,31160424,0.99,7.605372116125724,2000,0.3,3,0.3,0.7,0.2,0.1,1500,5,0.2057142857142857,0.002142857142857143
cp_cox_crossfit,CP + Cox (Cross-Fit),0.8866666666666667,7.183662597161357,0.1518954469287856,aft_lognormal_linear,Log-Normal AFT (Linear),10,31160424,0.99,7.605372116125724,2000,0.3,3,0.3,0.7,0.2,0.1,1500,5,0.2057142857142857,0.002142857142857143
cp_cox_full,CP + Cox,0.895,7.0055892098550645,0.16952419618207848,aft_lognormal_linear,Log-Normal AFT (Linear),11,31160425,0.99,7.44052484963731,2000,0.3,3,0.3,0.7,0.2,0.1,1500,5,0.21071428571428572,0.0014285714285714286
cp_cox_crossfit,CP + Cox (Cross-Fit),0.8983333333333333,7.010738733044395,0.16670958936255112,aft_lognormal_linear,Log-Normal AFT (Linear),11,31160425,0.99,7.44052484963731,2000,0.3,3,0.3,0.7,0.2,0.1,1500,5,0.21071428571428572,0.0014285714285714286
cp_cox_full,CP + Cox,0.8866666666666667,6.674177330531569,0.1659798546015768,aft_lognormal_linear,Log-Normal AFT (Linear),12,31160426,0.99,7.128084015857197,2000,0.3,3,0.3,0.7,0.2,0.1,1500,5,0.17857142857142858,0.0014285714285714286
cp_cox_crossfit,CP + Cox (Cross-Fit),0.8916666666666667,6.684470964850606,0.16085401723624565,aft_lognormal_linear,Log-Normal AFT (Linear),12,31160426,0.99,7.128084015857197,2000,0.3,3,0.3,0.7,0.2,0.1,1500,5,0.17857142857142858,0.0014285714285714286
cp_cox_full,CP + Cox,0.9,7.259124804239359,0.19472414437253482,aft_lognormal_linear,Log-Normal AFT (Linear),13,31160427,0.99,7.710278046223595,2000,0.3,3,0.3,0.7,0.2,0.1,1500,5,0.21142857142857144,0.0014285714285714286
cp_cox_crossfit,CP + Cox (Cross-Fit),0.9033333333333333,7.28077603211623,0.18077991243812427,aft_lognormal_linear,Log-Normal AFT (Linear),13,31160427,0.99,7.710278046223595,2000,0.3,3,0.3,0.7,0.2,0.1,1500,5,0.21142857142857144,0.0014285714285714286
cp_cox_full,CP + Cox,0.9183333333333333,8.074931794182598,0.16329262366759328,aft_lognormal_linear,Log-Normal AFT (Linear),14,31160428,0.99,8.465925510043444,2000,0.3,3,0.3,0.7,0.2,0.1,1500,5,0.18857142857142858,0.0035714285714285713
cp_cox_crossfit,CP + Cox (Cross-Fit),0.9133333333333333,8.058569781627838,0.1729117329656793,aft_lognormal_linear,Log-Normal AFT (Linear),14,31160428,0.99,8.465925510043444,2000,0.3,3,0.3,0.7,0.2,0.1,1500,5,0.18857142857142858,0.0035714285714285713
cp_cox_full,CP + Cox,0.9,6.931023864711924,0.18970830779725836,aft_lognormal_linear,Log-Normal AFT (Linear),15,31160429,0.99,7.372837967020969,2000,0.3,3,0.3,0.7,0.2,0.1,1500,5,0.19714285714285715,7.142857142857143e-4
cp_cox_crossfit,CP + Cox (Cross-Fit),0.8866666666666667,6.909207755948478,0.2032831889259962,aft_lognormal_linear,Log-Normal AFT (Linear),15,31160429,0.99,7.372837967020969,2000,0.3,3,0.3,0.7,0.2,0.1,1500,5,0.19714285714285715,7.142857142857143e-4
cp_cox_full,CP + Cox,0.9033333333333333,6.755290349180811,0.17274117955465323,aft_lognormal_linear,Log-Normal AFT (Linear),16,31160430,0.99,7.181848294757047,2000,0.3,3,0.3,0.7,0.2,0.1,1500,5,0.2007142857142857,0.0035714285714285713
cp_cox_crossfit,CP + Cox (Cross-Fit),0.9033333333333333,6.755231822914547,0.1727687583678084,aft_lognormal_linear,Log-Normal AFT (Linear),16,31160430,0.99,7.181848294757047,2000,0.3,3,0.3,0.7,0.2,0.1,1500,5,0.2007142857142857,0.0035714285714285713
cp_cox_full,CP + Cox,0.9066666666666666,8.044840162857785,0.18619695189041222,aft_lognormal_linear,Log-Normal AFT (Linear),17,31160431,0.99,8.481152558192921,2000,0.3,3,0.3,0.7,0.2,0.1,1500,5,0.20142857142857143,0.0014285714285714286
cp_cox_crossfit,CP + Cox (Cross-Fit),0.9066666666666666,8.04196288094271,0.18803171878347916,aft_lognormal_linear,Log-Normal AFT (Linear),17,31160431,0.99,8.481152558192921,2000,0.3,3,0.3,0.7,0.2,0.1,1500,5,0.20142857142857143,0.0014285714285714286
cp_cox_full,CP + Cox,0.89,8.194641019005413,0.18031476708074734,aft_lognormal_linear,Log-Normal AFT (Linear),18,31160432,0.99,8.638485327912534,2000,0.3,3,0.3,0.7,0.2,0.1,1500,5,0.18357142857142858,0.002857142857142857
cp_cox_crossfit,CP + Cox (Cross-Fit),0.915,8.234368850359408,0.15764452011376037,aft_lognormal_linear,Log-Normal AFT (Linear),18,31160432,0.99,8.638485327912534,2000,0.3,3,0.3,0.7,0.2,0.1,1500,5,0.18357142857142858,0.002857142857142857
cp_cox_full,CP + Cox,0.8983333333333333,6.87314164320116,0.1648535462568868,aft_lognormal_linear,Log-Normal AFT (Linear),19,31160433,0.99,7.281720370249356,2000,0.3,3,0.3,0.7,0.2,0.1,1500,5,0.2292857142857143,0.005
cp_cox_crossfit,CP + Cox (Cross-Fit),0.9033333333333333,6.880160929134574,0.16104093740075245,aft_lognormal_linear,Log-Normal AFT (Linear),19,31160433,0.99,7.281720370249356,2000,0.3,3,0.3,0.7,0.2,0.1,1500,5,0.2292857142857143,0.005
cp_cox_full,CP + Cox,0.8833333333333333,7.443519023187451,0.15959343448570765,aft_lognormal_linear,Log-Normal AFT (Linear),20,31160434,0.99,7.868816944639611,2000,0.3,3,0.3,0.7,0.2,0.1,1500,5,0.22642857142857142,0.002857142857142857
cp_cox_crossfit,CP + Cox (Cross-Fit),0.8816666666666667,7.440157510343963,0.1615991683724781,aft_lognormal_linear,Log-Normal AFT (Linear),20,31160434,0.99,7.868816944639611,2000,0.3,3,0.3,0.7,0.2,0.1,1500,5,0.22642857142857142,0.002857142857142857
cp_cox_full,CP + Cox,0.8966666666666666,6.28241813396967,0.15544724987189598,aft_lognormal_linear,Log-Normal AFT (Linear),21,31160435,0.99,6.693426881124604,2000,0.3,3,0.3,0.7,0.2,0.1,1500,5,0.19714285714285715,0.002142857142857143
cp_cox_crossfit,CP + Cox (Cross-Fit),0.8966666666666666,6.281333761948705,0.15604405825401207,aft_lognormal_linear,Log-Normal AFT (Linear),21,31160435,0.99,6.693426881124604,2000,0.3,3,0.3,0.7,0.2,0.1,1500,5,0.19714285714285715,0.002142857142857143
cp_cox_full,CP + Cox,0.9116666666666666,7.061512056842944,0.15447969020042462,aft_lognormal_linear,Log-Normal AFT (Linear),22,31160436,0.99,7.484588849656986,2000,0.3,3,0.3,0.7,0.2,0.1,1500,5,0.2,0.002857142857142857
cp_cox_crossfit,CP + Cox (Cross-Fit),0.9316666666666666,7.0908326177040015,0.13873159123338732,aft_lognormal_linear,Log-Normal AFT (Linear),22,31160436,0.99,7.484588849656986,2000,0.3,3,0.3,0.7,0.2,0.1,1500,5,0.2,0.002857142857142857
cp_cox_full,CP + Cox,0.895,7.293811830546008,0.17203363489486453,aft_lognormal_linear,Log-Normal AFT (Linear),23,31160437,0.99,7.711428566714351,2000,0.3,3,0.3,0.7,0.2,0.1,1500,5,0.22071428571428572,0.005
cp_cox_crossfit,CP + Cox (Cross-Fit),0.8816666666666667,7.27460702103231,0.1812578187583782,aft_lognormal_linear,Log-Normal AFT (Linear),23,31160437,0.99,7.711428566714351,2000,0.3,3,0.3,0.7,0.2,0.1,1500,5,0.22071428571428572,0.005
cp_cox_full,CP + Cox,0.9166666666666666,6.647260010562754,0.1931009568810647,aft_lognormal_linear,Log-Normal AFT (Linear),24,31160438,0.99,7.062851143903671,2000,0.3,3,0.3,0.7,0.2,0.1,1500,5,0.19357142857142856,0.005
cp_cox_crossfit,CP + Cox (Cross-Fit),0.8966666666666666,6.590882661955835,0.2328563341281325,aft_lognormal_linear,Log-Normal AFT (Linear),24,31160438,0.99,7.062851143903671,2000,0.3,3,0.3,0.7,0.2,0.1,1500,5,0.19357142857142856,0.005
cp_cox_full,CP + Cox,0.9116666666666666,7.6525069684175255,0.18318439231434266,aft_lognormal_linear,Log-Normal AFT (Linear),25,31160439,0.99,8.111786382266356,2000,0.3,3,0.3,0.7,0.2,0.1,1500,5,0.21285714285714286,0.002142857142857143
cp_cox_crossfit,CP + Cox (Cross-Fit),0.9166666666666666,7.659406355773277,0.17939242219742607,aft_lognormal_linear,Log-Normal AFT (Linear),25,31160439,0.99,8.111786382266356,2000,0.3,3,0.3,0.7,0.2,0.1,1500,5,0.21285714285714286,0.002142857142857143
cp_cox_full,CP + Cox,0.9,7.324942557249488,0.20405506005925958,aft_lognormal_linear,Log-Normal AFT (Linear),26,31160440,0.99,7.772024702108179,2000,0.3,3,0.3,0.7,0.2,0.1,1500,5,0.21071428571428572,0.0014285714285714286
cp_cox_crossfit,CP + Cox (Cross-Fit),0.9033333333333333,7.342772193387384,0.19360715984581034,aft_lognormal_linear,Log-Normal AFT (Linear),26,31160440,0.99,7.772024702108179,2000,0.3,3,0.3,0.7,0.2,0.1,1500,5,0.21071428571428572,0.0014285714285714286
cp_cox_full,CP + Cox,0.8883333333333333,6.656139567047377,0.1865439729090287,aft_lognormal_linear,Log-Normal AFT (Linear),27,31160441,0.99,7.091179933909419,2000,0.3,3,0.3,0.7,0.2,0.1,1500,5,0.22285714285714286,0.004285714285714286
cp_cox_crossfit,CP + Cox (Cross-Fit),0.89,6.665673406499795,0.18071766412930593,aft_lognormal_linear,Log-Normal AFT (Linear),27,31160441,0.99,7.091179933909419,2000,0.3,3,0.3,0.7,0.2,0.1,1500,5,0.22285714285714286,0.004285714285714286
cp_cox_full,CP + Cox,0.8683333333333333,7.335398829654958,0.1923055902472702,aft_lognormal_linear,Log-Normal AFT (Linear),28,31160442,0.99,7.7937655929847125,2000,0.3,3,0.3,0.7,0.2,0.1,1500,5,0.21285714285714286,0.002857142857142857
cp_cox_crossfit,CP + Cox (Cross-Fit),0.8733333333333333,7.3516243283869205,0.18275828341103703,aft_lognormal_linear,Log-Normal AFT (Linear),28,31160442,0.99,7.7937655929847125,2000,0.3,3,0.3,0.7,0.2,0.1,1500,5,0.21285714285714286,0.002857142857142857
cp_cox_full,CP + Cox,0.9,7.14091618315589,0.1501645478441831,aft_lognormal_linear,Log-Normal AFT (Linear),29,31160443,0.99,7.551565041044617,2000,0.3,3,0.3,0.7,0.2,0.1,1500,5,0.19142857142857142,0.0014285714285714286
cp_cox_crossfit,CP + Cox (Cross-Fit),0.91,7.163327622471549,0.13864310641200617,aft_lognormal_linear,Log-Normal AFT (Linear),29,31160443,0.99,7.551565041044617,2000,0.3,3,0.3,0.7,0.2,0.1,1500,5,0.19142857142857142,0.0014285714285714286
cp_cox_full,CP + Cox,0.9216666666666666,7.361745926851387,0.16922187078082374,aft_lognormal_linear,Log-Normal AFT (Linear),30,31160444,0.99,7.760139351657242,2000,0.3,3,0.3,0.7,0.2,0.1,1500,5,0.23285714285714285,0.0035714285714285713
cp_cox_crossfit,CP + Cox (Cross-Fit),0.925,7.372290432003196,0.16392556204570513,aft_lognormal_linear,Log-Normal AFT (Linear),30,31160444,0.99,7.760139351657242,2000,0.3,3,0.3,0.7,0.2,0.1,1500,5,0.23285714285714285,0.0035714285714285713
cp_cox_full,CP + Cox,0.91,1.144487376153841,0.10918747105686682,aft_lognormal_nonlinear,Log-Normal AFT (Nonlinear),1,29260415,0.7,1.541030391736474,2000,0.3,3,0.3,0.7,0.2,0.1,1500,5,0.4057142857142857,0.21
cp_cox_crossfit,CP + Cox (Cross-Fit),0.9233333333333333,1.1662852186163644,0.1023406291965955,aft_lognormal_nonlinear,Log-Normal AFT (Nonlinear),1,29260415,0.7,1.541030391736474,2000,0.3,3,0.3,0.7,0.2,0.1,1500,5,0.4057142857142857,0.21
cp_cox_full,CP + Cox,0.915,1.2129552414625697,0.07811720680319423,aft_lognormal_nonlinear,Log-Normal AFT (Nonlinear),2,29260416,0.7,1.593846072898607,2000,0.3,3,0.3,0.7,0.2,0.1,1500,5,0.39714285714285713,0.2292857142857143
cp_cox_crossfit,CP + Cox (Cross-Fit),0.895,1.18694819781329,0.08557629358779216,aft_lognormal_nonlinear,Log-Normal AFT (Nonlinear),2,29260416,0.7,1.593846072898607,2000,0.3,3,0.3,0.7,0.2,0.1,1500,5,0.39714285714285713,0.2292857142857143
cp_cox_full,CP + Cox,0.9083333333333333,1.163491128469199,0.07318054199958046,aft_lognormal_nonlinear,Log-Normal AFT (Nonlinear),3,29260417,0.7,1.5400044047754289,2000,0.3,3,0.3,0.7,0.2,0.1,1500,5,0.3985714285714286,0.1992857142857143
cp_cox_crossfit,CP + Cox (Cross-Fit),0.9083333333333333,1.1592687059159075,0.07416502499675272,aft_lognormal_nonlinear,Log-Normal AFT (Nonlinear),3,29260417,0.7,1.5400044047754289,2000,0.3,3,0.3,0.7,0.2,0.1,1500,5,0.3985714285714286,0.1992857142857143
cp_cox_full,CP + Cox,0.8933333333333333,1.1590129694795805,0.10240931561466046,aft_lognormal_nonlinear,Log-Normal AFT (Nonlinear),4,29260418,0.7,1.5710149136294822,2000,0.3,3,0.3,0.7,0.2,0.1,1500,5,0.41785714285714287,0.23285714285714285
cp_cox_crossfit,CP + Cox (Cross-Fit),0.905,1.1765139436096073,0.09789100278564297,aft_lognormal_nonlinear,Log-Normal AFT (Nonlinear),4,29260418,0.7,1.5710149136294822,2000,0.3,3,0.3,0.7,0.2,0.1,1500,5,0.41785714285714287,0.23285714285714285
cp_cox_full,CP + Cox,0.9266666666666666,1.2619825178729085,0.09239111976827138,aft_lognormal_nonlinear,Log-Normal AFT (Nonlinear),5,29260419,0.7,1.5918848093127085,2000,0.3,3,0.3,0.7,0.2,0.1,1500,5,0.40785714285714286,0.22142857142857142
cp_cox_crossfit,CP + Cox (Cross-Fit),0.9133333333333333,1.2348802572935775,0.10208415807581102,aft_lognormal_nonlinear,Log-Normal AFT (Nonlinear),5,29260419,0.7,1.5918848093127085,2000,0.3,3,0.3,0.7,0.2,0.1,1500,5,0.40785714285714286,0.22142857142857142
cp_cox_full,CP + Cox,0.9233333333333333,1.21531822383412,0.06945251351119276,aft_lognormal_nonlinear,Log-Normal AFT (Nonlinear),6,29260420,0.7,1.5522937585888457,2000,0.3,3,0.3,0.7,0.2,0.1,1500,5,0.4157142857142857,0.20285714285714285
cp_cox_crossfit,CP + Cox (Cross-Fit),0.9183333333333333,1.2019758843076682,0.07400926091130025,aft_lognormal_nonlinear,Log-Normal AFT (Nonlinear),6,29260420,0.7,1.5522937585888457,2000,0.3,3,0.3,0.7,0.2,0.1,1500,5,0.4157142857142857,0.20285714285714285
cp_cox_full,CP + Cox,0.8933333333333333,1.1583879556689105,0.08382286785519821,aft_lognormal_nonlinear,Log-Normal AFT (Nonlinear),7,29260421,0.7,1.5291540184973504,2000,0.3,3,0.3,0.7,0.2,0.1,1500,5,0.425,0.22214285714285714
cp_cox_crossfit,CP + Cox (Cross-Fit),0.885,1.144562054793088,0.08918959901163849,aft_lognormal_nonlinear,Log-Normal AFT (Nonlinear),7,29260421,0.7,1.5291540184973504,2000,0.3,3,0.3,0.7,0.2,0.1,1500,5,0.425,0.22214285714285714
cp_cox_full,CP + Cox,0.8816666666666667,1.1831796985859233,0.09151706723043476,aft_lognormal_nonlinear,Log-Normal AFT (Nonlinear),8,29260422,0.7,1.569535028219744,2000,0.3,3,0.3,0.7,0.2,0.1,1500,5,0.415,0.2042857142857143
cp_cox_crossfit,CP + Cox (Cross-Fit),0.8766666666666667,1.1679040708626058,0.0943582024991189,aft_lognormal_nonlinear,Log-Normal AFT (Nonlinear),8,29260422,0.7,1.569535028219744,2000,0.3,3,0.3,0.7,0.2,0.1,1500,5,0.415,0.2042857142857143
cp_cox_full,CP + Cox,0.9,1.1807405534581117,0.0977288481712566,aft_lognormal_nonlinear,Log-Normal AFT (Nonlinear),9,29260423,0.7,1.568047765468073,2000,0.3,3,0.3,0.7,0.2,0.1,1500,5,0.4035714285714286,0.2007142857142857
cp_cox_crossfit,CP + Cox (Cross-Fit),0.8916666666666667,1.1667631581100575,0.10197357808805416,aft_lognormal_nonlinear,Log-Normal AFT (Nonlinear),9,29260423,0.7,1.568047765468073,2000,0.3,3,0.3,0.7,0.2,0.1,1500,5,0.4035714285714286,0.2007142857142857
cp_cox_full,CP + Cox,0.9183333333333333,1.2129782128591502,0.08992865943535304,aft_lognormal_nonlinear,Log-Normal AFT (Nonlinear),10,29260424,0.7,1.5858723852482663,2000,0.3,3,0.3,0.7,0.2,0.1,1500,5,0.4107142857142857,0.20714285714285716
cp_cox_crossfit,CP + Cox (Cross-Fit),0.9233333333333333,1.2360068327868832,0.0810350954840511,aft_lognormal_nonlinear,Log-Normal AFT (Nonlinear),10,29260424,0.7,1.5858723852482663,2000,0.3,3,0.3,0.7,0.2,0.1,1500,5,0.4107142857142857,0.20714285714285716
cp_cox_full,CP + Cox,0.88,1.1402929913316855,0.09598075661111323,aft_lognormal_nonlinear,Log-Normal AFT (Nonlinear),11,29260425,0.7,1.5384038754416873,2000,0.3,3,0.3,0.7,0.2,0.1,1500,5,0.40714285714285714,0.21142857142857144
cp_cox_crossfit,CP + Cox (Cross-Fit),0.9066666666666666,1.187492373920621,0.07691471211692942,aft_lognormal_nonlinear,Log-Normal AFT (Nonlinear),11,29260425,0.7,1.5384038754416873,2000,0.3,3,0.3,0.7,0.2,0.1,1500,5,0.40714285714285714,0.21142857142857144
cp_cox_full,CP + Cox,0.9283333333333333,1.2042718894453739,0.08399394382922322,aft_lognormal_nonlinear,Log-Normal AFT (Nonlinear),12,29260426,0.7,1.5592578736875322,2000,0.3,3,0.3,0.7,0.2,0.1,1500,5,0.4092857142857143,0.20642857142857143
cp_cox_crossfit,CP + Cox (Cross-Fit),0.9283333333333333,1.2035973983584074,0.08417416547071602,aft_lognormal_nonlinear,Log-Normal AFT (Nonlinear),12,29260426,0.7,1.5592578736875322,2000,0.3,3,0.3,0.7,0.2,0.1,1500,5,0.4092857142857143,0.20642857142857143
cp_cox_full,CP + Cox,0.8883333333333333,1.1606453903893654,0.08689051176012837,aft_lognormal_nonlinear,Log-Normal AFT (Nonlinear),13,29260427,0.7,1.5647109910122565,2000,0.3,3,0.3,0.7,0.2,0.1,1500,5,0.40714285714285714,0.21
cp_cox_crossfit,CP + Cox (Cross-Fit),0.8883333333333333,1.156782393195937,0.08820278433009875,aft_lognormal_nonlinear,Log-Normal AFT (Nonlinear),13,29260427,0.7,1.5647109910122565,2000,0.3,3,0.3,0.7,0.2,0.1,1500,5,0.40714285714285714,0.21
cp_cox_full,CP + Cox,0.885,1.133755742767712,0.07550497418086138,aft_lognormal_nonlinear,Log-Normal AFT (Nonlinear),14,29260428,0.7,1.5304011905576549,2000,0.3,3,0.3,0.7,0.2,0.1,1500,5,0.4057142857142857,0.18285714285714286
cp_cox_crossfit,CP + Cox (Cross-Fit),0.9,1.160917890273396,0.06945471904583156,aft_lognormal_nonlinear,Log-Normal AFT (Nonlinear),14,29260428,0.7,1.5304011905576549,2000,0.3,3,0.3,0.7,0.2,0.1,1500,5,0.4057142857142857,0.18285714285714286
cp_cox_full,CP + Cox,0.9,1.1298198823514887,0.08862486529796265,aft_lognormal_nonlinear,Log-Normal AFT (Nonlinear),15,29260429,0.7,1.5194483391818152,2000,0.3,3,0.3,0.7,0.2,0.1,1500,5,0.41928571428571426,0.21071428571428572
cp_cox_crossfit,CP + Cox (Cross-Fit),0.91,1.1427255607948963,0.08543182924525276,aft_lognormal_nonlinear,Log-Normal AFT (Nonlinear),15,29260429,0.7,1.5194483391818152,2000,0.3,3,0.3,0.7,0.2,0.1,1500,5,0.41928571428571426,0.21071428571428572
cp_cox_full,CP + Cox,0.9166666666666666,1.1930047071964118,0.06987880364737642,aft_lognormal_nonlinear,Log-Normal AFT (Nonlinear),16,29260430,0.7,1.5508556204445476,2000,0.3,3,0.3,0.7,0.2,0.1,1500,5,0.3964285714285714,0.21
cp_cox_crossfit,CP + Cox (Cross-Fit),0.9166666666666666,1.1910291145686707,0.0702037864187915,aft_lognormal_nonlinear,Log-Normal AFT (Nonlinear),16,29260430,0.7,1.5508556204445476,2000,0.3,3,0.3,0.7,0.2,0.1,1500,5,0.3964285714285714,0.21
cp_cox_full,CP + Cox,0.8966666666666666,1.2300683447548502,0.09935840857731147,aft_lognormal_nonlinear,Log-Normal AFT (Nonlinear),17,29260431,0.7,1.6224270322572132,2000,0.3,3,0.3,0.7,0.2,0.1,1500,5,0.41285714285714287,0.21785714285714286
cp_cox_crossfit,CP + Cox (Cross-Fit),0.885,1.2136922147605584,0.10575317625725532,aft_lognormal_nonlinear,Log-Normal AFT (Nonlinear),17,29260431,0.7,1.6224270322572132,2000,0.3,3,0.3,0.7,0.2,0.1,1500,5,0.41285714285714287,0.21785714285714286
cp_cox_full,CP + Cox,0.9166666666666666,1.2135277512511886,0.07404753341635736,aft_lognormal_nonlinear,Log-Normal AFT (Nonlinear),18,29260432,0.7,1.566728042699026,2000,0.3,3,0.3,0.7,0.2,0.1,1500,5,0.40714285714285714,0.20357142857142857
cp_cox_crossfit,CP + Cox (Cross-Fit),0.9166666666666666,1.2064448727036459,0.07632195005662049,aft_lognormal_nonlinear,Log-Normal AFT (Nonlinear),18,29260432,0.7,1.566728042699026,2000,0.3,3,0.3,0.7,0.2,0.1,1500,5,0.40714285714285714,0.20357142857142857
cp_cox_full,CP + Cox,0.8866666666666667,1.1667601669509433,0.1092812561217267,aft_lognormal_nonlinear,Log-Normal AFT (Nonlinear),19,29260433,0.7,1.5568487674316782,2000,0.3,3,0.3,0.7,0.2,0.1,1500,5,0.4057142857142857,0.21571428571428572
cp_cox_crossfit,CP + Cox (Cross-Fit),0.89,1.1803612562227594,0.10429048689390566,aft_lognormal_nonlinear,Log-Normal AFT (Nonlinear),19,29260433,0.7,1.5568487674316782,2000,0.3,3,0.3,0.7,0.2,0.1,1500,5,0.4057142857142857,0.21571428571428572
cp_cox_full,CP + Cox,0.9116666666666666,1.243597309017092,0.07559014236373962,aft_lognormal_nonlinear,Log-Normal AFT (Nonlinear),20,29260434,0.7,1.6285085407939501,2000,0.3,3,0.3,0.7,0.2,0.1,1500,5,0.3992857142857143,0.22214285714285714
cp_cox_crossfit,CP + Cox (Cross-Fit),0.8966666666666666,1.2232704820546063,0.08178048982027537,aft_lognormal_nonlinear,Log-Normal AFT (Nonlinear),20,29260434,0.7,1.6285085407939501,2000,0.3,3,0.3,0.7,0.2,0.1,1500,5,0.3992857142857143,0.22214285714285714
cp_cox_full,CP + Cox,0.8816666666666667,1.125005312022091,0.10374138886971795,aft_lognormal_nonlinear,Log-Normal AFT (Nonlinear),21,29260435,0.7,1.5250041040695879,2000,0.3,3,0.3,0.7,0.2,0.1,1500,5,0.42,0.215
cp_cox_crossfit,CP + Cox (Cross-Fit),0.8966666666666666,1.1472728103454684,0.09823706504939932,aft_lognormal_nonlinear,Log-Normal AFT (Nonlinear),21,29260435,0.7,1.5250041040695879,2000,0.3,3,0.3,0.7,0.2,0.1,1500,5,0.42,0.215
cp_cox_full,CP + Cox,0.8683333333333333,1.2537476463212522,0.09662433072465919,aft_lognormal_nonlinear,Log-Normal AFT (Nonlinear),22,29260436,0.7,1.6419608837843986,2000,0.3,3,0.3,0.7,0.2,0.1,1500,5,0.40785714285714286,0.22357142857142856
cp_cox_crossfit,CP + Cox (Cross-Fit),0.8316666666666667,1.2110089704659803,0.11057937991201147,aft_lognormal_nonlinear,Log-Normal AFT (Nonlinear),22,29260436,0.7,1.6419608837843986,2000,0.3,3,0.3,0.7,0.2,0.1,1500,5,0.40785714285714286,0.22357142857142856
cp_cox_full,CP + Cox,0.9,1.226464399581769,0.08843043554208868,aft_lognormal_nonlinear,Log-Normal AFT (Nonlinear),23,29260437,0.7,1.5841132023876463,2000,0.3,3,0.3,0.7,0.2,0.1,1500,5,0.3892857142857143,0.22071428571428572
cp_cox_crossfit,CP + Cox (Cross-Fit),0.9033333333333333,1.2319589214441613,0.08659566711715574,aft_lognormal_nonlinear,Log-Normal AFT (Nonlinear),23,29260437,0.7,1.5841132023876463,2000,0.3,3,0.3,0.7,0.2,0.1,1500,5,0.3892857142857143,0.22071428571428572
cp_cox_full,CP + Cox,0.905,1.1788842208971864,0.09121260453133372,aft_lognormal_nonlinear,Log-Normal AFT (Nonlinear),24,29260438,0.7,1.5478951973544017,2000,0.3,3,0.3,0.7,0.2,0.1,1500,5,0.42214285714285715,0.21214285714285713
cp_cox_crossfit,CP + Cox (Cross-Fit),0.91,1.196078506672411,0.08579272305409373,aft_lognormal_nonlinear,Log-Normal AFT (Nonlinear),24,29260438,0.7,1.5478951973544017,2000,0.3,3,0.3,0.7,0.2,0.1,1500,5,0.42214285714285715,0.21214285714285713
cp_cox_full,CP + Cox,0.8883333333333333,1.1703697680845713,0.09147588823081293,aft_lognormal_nonlinear,Log-Normal AFT (Nonlinear),25,29260439,0.7,1.584622072368907,2000,0.3,3,0.3,0.7,0.2,0.1,1500,5,0.4185714285714286,0.20642857142857143
cp_cox_crossfit,CP + Cox (Cross-Fit),0.8933333333333333,1.1797283918985781,0.08878819399239134,aft_lognormal_nonlinear,Log-Normal AFT (Nonlinear),25,29260439,0.7,1.584622072368907,2000,0.3,3,0.3,0.7,0.2,0.1,1500,5,0.4185714285714286,0.20642857142857143
cp_cox_full,CP + Cox,0.8666666666666667,1.2136787251237713,0.091373769656165435,aft_lognormal_nonlinear,Log-Normal AFT (Nonlinear),26,29260440,0.7,1.5930673251727279,2000,0.3,3,0.3,0.7,0.2,0.1,1500,5,0.415,0.20714285714285716
cp_cox_crossfit,CP + Cox (Cross-Fit),0.8666666666666667,1.2183768323181527,0.0895615060911824,aft_lognormal_nonlinear,Log-Normal AFT (Nonlinear),26,29260440,0.7,1.5930673251727279,2000,0.3,3,0.3,0.7,0.2,0.1,1500,5,0.415,0.20714285714285716
cp_cox_full,CP + Cox,0.9133333333333333,1.238779270832179,0.09628508410589703,aft_lognormal_nonlinear,Log-Normal AFT (Nonlinear),27,29260441,0.7,1.5934488028902565,2000,0.3,3,0.3,0.7,0.2,0.1,1500,5,0.3992857142857143,0.21214285714285713
cp_cox_crossfit,CP + Cox (Cross-Fit),0.8966666666666666,1.2180883482156375,0.10279503263805012,aft_lognormal_nonlinear,Log-Normal AFT (Nonlinear),27,29260441,0.7,1.5934488028902565,2000,0.3,3,0.3,0.7,0.2,0.1,1500,5,0.3992857142857143,0.21214285714285713
cp_cox_full,CP + Cox,0.8866666666666667,1.0980071595998788,0.08976984848679881,aft_lognormal_nonlinear,Log-Normal AFT (Nonlinear),28,29260442,0.7,1.4848626372232743,2000,0.3,3,0.3,0.7,0.2,0.1,1500,5,0.4164285714285714,0.2042857142857143
cp_cox_crossfit,CP + Cox (Cross-Fit),0.8866666666666667,1.0972520895129658,0.09002934969475977,aft_lognormal_nonlinear,Log-Normal AFT (Nonlinear),28,29260442,0.7,1.4848626372232743,2000,0.3,3,0.3,0.7,0.2,0.1,1500,5,0.4164285714285714,0.2042857142857143
cp_cox_full,CP + Cox,0.9216666666666666,1.2342972465901974,0.08293683954771672,aft_lognormal_nonlinear,Log-Normal AFT (Nonlinear),29,29260443,0.7,1.5788326366495853,2000,0.3,3,0.3,0.7,0.2,0.1,1500,5,0.4107142857142857,0.21357142857142858
cp_cox_crossfit,CP + Cox (Cross-Fit),0.915,1.222433807091544,0.08628428336884446,aft_lognormal_nonlinear,Log-Normal AFT (Nonlinear),29,29260443,0.7,1.5788326366495853,2000,0.3,3,0.3,0.7,0.2,0.1,1500,5,0.4107142857142857,0.21357142857142858
cp_cox_full,CP + Cox,0.9116666666666666,1.1459454811007415,0.08670019833688723,aft_lognormal_nonlinear,Log-Normal AFT (Nonlinear),30,29260444,0.7,1.5194435849779329,2000,0.3,3,0.3,0.7,0.2,0.1,1500,5,0.4085714285714286,0.20642857142857143
cp_cox_crossfit,CP + Cox (Cross-Fit),0.8983333333333333,1.129842650011337,0.09164940151321944,aft_lognormal_nonlinear,Log-Normal AFT (Nonlinear),30,29260444,0.7,1.5194435849779329,2000,0.3,3,0.3,0.7,0.2,0.1,1500,5,0.4085714285714286,0.20642857142857143
cp_cox_full,CP + Cox,0.8716666666666667,1.5875305723015223,0.07442992855226847,aft_lognormal_nonlinear,Log-Normal AFT (Nonlinear),1,30260415,0.8,2.0037449571824077,2000,0.3,3,0.3,0.7,0.2,0.1,1500,5,0.3271428571428571,0.11214285714285714
cp_cox_crossfit,CP + Cox (Cross-Fit),0.8833333333333333,1.61341587386288,0.06711849470043987,aft_lognormal_nonlinear,Log-Normal AFT (Nonlinear),1,30260415,0.8,2.0037449571824077,2000,0.3,3,0.3,0.7,0.2,0.1,1500,5,0.3271428571428571,0.11214285714285714
cp_cox_full,CP + Cox,0.8683333333333333,1.6633840327751768,0.05488784301625206,aft_lognormal_nonlinear,Log-Normal AFT (Nonlinear),2,30260416,0.8,2.037171709436598,2000,0.3,3,0.3,0.7,0.2,0.1,1500,5,0.34214285714285714,0.12285714285714286
cp_cox_crossfit,CP + Cox (Cross-Fit),0.855,1.6336975749728186,0.0634296689943421,aft_lognormal_nonlinear,Log-Normal AFT (Nonlinear),2,30260416,0.8,2.037171709436598,2000,0.3,3,0.3,0.7,0.2,0.1,1500,5,0.34214285714285714,0.12285714285714286
cp_cox_full,CP + Cox,0.89,1.5447109967745496,0.07604413279539804,aft_lognormal_nonlinear,Log-Normal AFT (Nonlinear),3,30260417,0.8,1.9320064600986477,2000,0.3,3,0.3,0.7,0.2,0.1,1500,5,0.3221428571428571,0.13357142857142856
cp_cox_crossfit,CP + Cox (Cross-Fit),0.885,1.538440509641639,0.07827999555578984,aft_lognormal_nonlinear,Log-Normal AFT (Nonlinear),3,30260417,0.8,1.9320064600986477,2000,0.3,3,0.3,0.7,0.2,0.1,1500,5,0.3221428571428571,0.13357142857142856
cp_cox_full,CP + Cox,0.8666666666666667,1.5974338267021737,0.06785457705817424,aft_lognormal_nonlinear,Log-Normal AFT (Nonlinear),4,30260418,0.8,1.9841230228820879,2000,0.3,3,0.3,0.7,0.2,0.1,1500,5,0.3364285714285714,0.14357142857142857
cp_cox_crossfit,CP + Cox (Cross-Fit),0.87,1.603872459118809,0.06627154408309048,aft_lognormal_nonlinear,Log-Normal AFT (Nonlinear),4,30260418,0.8,1.9841230228820879,2000,0.3,3,0.3,0.7,0.2,0.1,1500,5,0.3364285714285714,0.14357142857142857
cp_cox_full,CP + Cox,0.8933333333333333,1.6928485068806585,0.10536278856206358,aft_lognormal_nonlinear,Log-Normal AFT (Nonlinear),5,30260419,0.8,2.1019811824197454,2000,0.3,3,0.3,0.7,0.2,0.1,1500,5,0.3264285714285714,0.13357142857142856
cp_cox_crossfit,CP + Cox (Cross-Fit),0.915,1.7274073175134106,0.09345894867213411,aft_lognormal_nonlinear,Log-Normal AFT (Nonlinear),5,30260419,0.8,2.1019811824197454,2000,0.3,3,0.3,0.7,0.2,0.1,1500,5,0.3264285714285714,0.13357142857142856
cp_cox_full,CP + Cox,0.8883333333333333,1.581779235819675,0.08403856674445313,aft_lognormal_nonlinear,Log-Normal AFT (Nonlinear),6,30260420,0.8,1.978562744078455,2000,0.3,3,0.3,0.7,0.2,0.1,1500,5,0.3585714285714286,0.13357142857142856
cp_cox_crossfit,CP + Cox (Cross-Fit),0.8833333333333333,1.5757750152005414,0.0855887459684819,aft_lognormal_nonlinear,Log-Normal AFT (Nonlinear),6,30260420,0.8,1.978562744078455,2000,0.3,3,0.3,0.7,0.2,0.1,1500,5,0.3585714285714286,0.13357142857142856
cp_cox_full,CP + Cox,0.9183333333333333,1.6573601467297667,0.07483303563752298,aft_lognormal_nonlinear,Log-Normal AFT (Nonlinear),7,30260421,0.8,2.0201993230859547,2000,0.3,3,0.3,0.7,0.2,0.1,1500,5,0.3342857142857143,0.11357142857142857
cp_cox_crossfit,CP + Cox (Cross-Fit),0.915,1.6452928881265434,0.07822991762982444,aft_lognormal_nonlinear,Log-Normal AFT (Nonlinear),7,30260421,0.8,2.0201993230859547,2000,0.3,3,0.3,0.7,0.2,0.1,1500,5,0.3342857142857143,0.11357142857142857
cp_cox_full,CP + Cox,0.92,1.6195705845238826,0.09267068509312092,aft_lognormal_nonlinear,Log-Normal AFT (Nonlinear),8,30260422,0.8,2.0011272185001037,2000,0.3,3,0.3,0.7,0.2,0.1,1500,5,0.3385714285714286,0.125
cp_cox_crossfit,CP + Cox (Cross-Fit),0.915,1.6109451780543071,0.09565671159286719,aft_lognormal_nonlinear,Log-Normal AFT (Nonlinear),8,30260422,0.8,2.0011272185001037,2000,0.3,3,0.3,0.7,0.2,0.1,1500,5,0.3385714285714286,0.125
cp_cox_full,CP + Cox,0.8916666666666667,1.644218990648475,0.08189943901953102,aft_lognormal_nonlinear,Log-Normal AFT (Nonlinear),9,30260423,0.8,2.0072473021137065,2000,0.3,3,0.3,0.7,0.2,0.1,1500,5,0.3457142857142857,0.12357142857142857
cp_cox_crossfit,CP + Cox (Cross-Fit),0.9116666666666666,1.6644376322317735,0.07646776290268241,aft_lognormal_nonlinear,Log-Normal AFT (Nonlinear),9,30260423,0.8,2.0072473021137065,2000,0.3,3,0.3,0.7,0.2,0.1,1500,5,0.3457142857142857,0.12357142857142857
cp_cox_full,CP + Cox,0.9016666666666666,1.6241092600197542,0.10384628650045379,aft_lognormal_nonlinear,Log-Normal AFT (Nonlinear),10,30260424,0.8,2.0208676315483407,2000,0.3,3,0.3,0.7,0.2,0.1,1500,5,0.3314285714285714,0.13714285714285715
cp_cox_crossfit,CP + Cox (Cross-Fit),0.9016666666666666,1.621914242900992,0.1044549940164208,aft_lognormal_nonlinear,Log-Normal AFT (Nonlinear),10,30260424,0.8,2.0208676315483407,2000,0.3,3,0.3,0.7,0.2,0.1,1500,5,0.3314285714285714,0.13714285714285715
cp_cox_full,CP + Cox,0.885,1.7112763108849223,0.07532349275139026,aft_lognormal_nonlinear,Log-Normal AFT (Nonlinear),11,30260425,0.8,2.099694673243718,2000,0.3,3,0.3,0.7,0.2,0.1,1500,5,0.3457142857142857,0.11642857142857142
cp_cox_crossfit,CP + Cox (Cross-Fit),0.8983333333333333,1.7338313461870911,0.06880892167161858,aft_lognormal_nonlinear,Log-Normal AFT (Nonlinear),11,30260425,0.8,2.099694673243718,2000,0.3,3,0.3,0.7,0.2,0.1,1500,5,0.3457142857142857,0.11642857142857142
cp_cox_full,CP + Cox,0.8816666666666667,1.6586192159930369,0.0925412517485342,aft_lognormal_nonlinear,Log-Normal AFT (Nonlinear),12,30260426,0.8,2.034868300399599,2000,0.3,3,0.3,0.7,0.2,0.1,1500,5,0.33714285714285713,0.13714285714285715
cp_cox_crossfit,CP + Cox (Cross-Fit),0.8866666666666667,1.6696427830960194,0.08935014727933051,aft_lognormal_nonlinear,Log-Normal AFT (Nonlinear),12,30260426,0.8,2.034868300399599,2000,0.3,3,0.3,0.7,0.2,0.1,1500,5,0.33714285714285713,0.13714285714285715
cp_cox_full,CP + Cox,0.8983333333333333,1.5648917276638061,0.0942009073541869,aft_lognormal_nonlinear,Log-Normal AFT (Nonlinear),13,30260427,0.8,1.934692475729967,2000,0.3,3,0.3,0.7,0.2,0.1,1500,5,0.33214285714285713,0.1392857142857143
cp_cox_crossfit,CP + Cox (Cross-Fit),0.895,1.5628970528123705,0.09489981950424946,aft_lognormal_nonlinear,Log-Normal AFT (Nonlinear),13,30260427,0.8,1.934692475729967,2000,0.3,3,0.3,0.7,0.2,0.1,1500,5,0.33214285714285713,0.1392857142857143
cp_cox_full,CP + Cox,0.9016666666666666,1.7142035446984034,0.08147784003764304,aft_lognormal_nonlinear,Log-Normal AFT (Nonlinear),14,30260428,0.8,2.1035786447969973,2000,0.3,3,0.3,0.7,0.2,0.1,1500,5,0.3342857142857143,0.12785714285714286
cp_cox_crossfit,CP + Cox (Cross-Fit),0.9066666666666666,1.7237748079853474,0.07987114805932358,aft_lognormal_nonlinear,Log-Normal AFT (Nonlinear),14,30260428,0.8,2.1035786447969973,2000,0.3,3,0.3,0.7,0.2,0.1,1500,5,0.3342857142857143,0.12785714285714286
cp_cox_full,CP + Cox,0.885,1.5493831911736249,0.0764699417704705,aft_lognormal_nonlinear,Log-Normal AFT (Nonlinear),15,30260429,0.8,1.9314290248446335,2000,0.3,3,0.3,0.7,0.2,0.1,1500,5,0.3464285714285714,0.10857142857142857
cp_cox_crossfit,CP + Cox (Cross-Fit),0.88,1.5369331814116722,0.08059485012567509,aft_lognormal_nonlinear,Log-Normal AFT (Nonlinear),15,30260429,0.8,1.9314290248446335,2000,0.3,3,0.3,0.7,0.2,0.1,1500,5,0.3464285714285714,0.10857142857142857
cp_cox_full,CP + Cox,0.91,1.7011962187372487,0.08727214127640757,aft_lognormal_nonlinear,Log-Normal AFT (Nonlinear),16,30260430,0.8,2.077109106465321,2000,0.3,3,0.3,0.7,0.2,0.1,1500,5,0.3092857142857143,0.13428571428571429
cp_cox_crossfit,CP + Cox (Cross-Fit),0.9,1.6848645167108924,0.09144117248359432,aft_lognormal_nonlinear,Log-Normal AFT (Nonlinear),16,30260430,0.8,2.077109106465321,2000,0.3,3,0.3,0.7,0.2,0.1,1500,5,0.3092857142857143,0.13428571428571429
cp_cox_full,CP + Cox,0.855,1.6226977435210244,0.08856309632844853,aft_lognormal_nonlinear,Log-Normal AFT (Nonlinear),17,30260431,0.8,2.0294830809965148,2000,0.3,3,0.3,0.7,0.2,0.1,1500,5,0.3492857142857143,0.13428571428571429
cp_cox_crossfit,CP + Cox (Cross-Fit),0.8783333333333333,1.6470864364747553,0.08087076369002624,aft_lognormal_nonlinear,Log-Normal AFT (Nonlinear),17,30260431,0.8,2.0294830809965148,2000,0.3,3,0.3,0.7,0.2,0.1,1500,5,0.3492857142857143,0.13428571428571429
cp_cox_full,CP + Cox,0.9083333333333333,1.6559926024511433,0.07789979162389118,aft_lognormal_nonlinear,Log-Normal AFT (Nonlinear),18,30260432,0.8,2.017007252467353,2000,0.3,3,0.3,0.7,0.2,0.1,1500,5,0.34,0.11785714285714285
cp_cox_crossfit,CP + Cox (Cross-Fit),0.905,1.639980644436142,0.08229903226898237,aft_lognormal_nonlinear,Log-Normal AFT (Nonlinear),18,30260432,0.8,2.017007252467353,2000,0.3,3,0.3,0.7,0.2,0.1,1500,5,0.34,0.11785714285714285
cp_cox_full,CP + Cox,0.9116666666666666,1.6330651575752984,0.08632893308160446,aft_lognormal_nonlinear,Log-Normal AFT (Nonlinear),19,30260433,0.8,2.0019367086727358,2000,0.3,3,0.3,0.7,0.2,0.1,1500,5,0.3242857142857143,0.12142857142857143
cp_cox_crossfit,CP + Cox (Cross-Fit),0.9133333333333333,1.64399413051785,0.08375036794478301,aft_lognormal_nonlinear,Log-Normal AFT (Nonlinear),19,30260433,0.8,2.0019367086727358,2000,0.3,3,0.3,0.7,0.2,0.1,1500,5,0.3242857142857143,0.12142857142857143
cp_cox_full,CP + Cox,0.845,1.6150264317251775,0.09655074709936926,aft_lognormal_nonlinear,Log-Normal AFT (Nonlinear),20,30260434,0.8,2.057494153993882,2000,0.3,3,0.3,0.7,0.2,0.1,1500,5,0.33714285714285713,0.13857142857142857
cp_cox_crossfit,CP + Cox (Cross-Fit),0.8683333333333333,1.657637132874079,0.08228987239428169,aft_lognormal_nonlinear,Log-Normal AFT (Nonlinear),20,30260434,0.8,2.057494153993882,2000,0.3,3,0.3,0.7,0.2,0.1,1500,5,0.33714285714285713,0.13857142857142857
cp_cox_full,CP + Cox,0.89,1.6725161079444144,0.09260966122823133,aft_lognormal_nonlinear,Log-Normal AFT (Nonlinear),21,30260435,0.8,2.0623454837295796,2000,0.3,3,0.3,0.7,0.2,0.1,1500,5,0.32785714285714285,0.13428571428571429
cp_cox_crossfit,CP + Cox (Cross-Fit),0.9116666666666666,1.7123592596225374,0.07999435813970901,aft_lognormal_nonlinear,Log-Normal AFT (Nonlinear),21,30260435,0.8,2.0623454837295796,2000,0.3,3,0.3,0.7,0.2,0.1,1500,5,0.32785714285714285,0.13428571428571429
cp_cox_full,CP + Cox,0.8933333333333333,1.7394757197007311,0.10824943258045217,aft_lognormal_nonlinear,Log-Normal AFT (Nonlinear),22,30260436,0.8,2.1209002026926664,2000,0.3,3,0.3,0.7,0.2,0.1,1500,5,0.3385714285714286,0.12714285714285714
cp_cox_crossfit,CP + Cox (Cross-Fit),0.8866666666666667,1.7171266210306988,0.11582480455688365,aft_lognormal_nonlinear,Log-Normal AFT (Nonlinear),22,30260436,0.8,2.1209002026926664,2000,0.3,3,0.3,0.7,0.2,0.1,1500,5,0.3385714285714286,0.12714285714285714
cp_cox_full,CP + Cox,0.9166666666666666,1.7280958603485428,0.07372979415999117,aft_lognormal_nonlinear,Log-Normal AFT (Nonlinear),23,30260437,0.8,2.0635917115834834,2000,0.3,3,0.3,0.7,0.2,0.1,1500,5,0.3407142857142857,0.1357142857142857
cp_cox_crossfit,CP + Cox (Cross-Fit),0.9166666666666666,1.722447735249097,0.07571121031414912,aft_lognormal_nonlinear,Log-Normal AFT (Nonlinear),23,30260437,0.8,2.0635917115834834,2000,0.3,3,0.3,0.7,0.2,0.1,1500,5,0.3407142857142857,0.1357142857142857
cp_cox_full,CP + Cox,0.9133333333333333,1.6725813338721613,0.08668044201871491,aft_lognormal_nonlinear,Log-Normal AFT (Nonlinear),24,30260438,0.8,2.0437024609671015,2000,0.3,3,0.3,0.7,0.2,0.1,1500,5,0.33214285714285713,0.12
cp_cox_crossfit,CP + Cox (Cross-Fit),0.9066666666666666,1.6618969902311955,0.09095520478277394,aft_lognormal_nonlinear,Log-Normal AFT (Nonlinear),24,30260438,0.8,2.0437024609671015,2000,0.3,3,0.3,0.7,0.2,0.1,1500,5,0.33214285714285713,0.12
cp_cox_full,CP + Cox,0.915,1.7022428167679493,0.07253882224531807,aft_lognormal_nonlinear,Log-Normal AFT (Nonlinear),25,30260439,0.8,2.049728627683548,2000,0.3,3,0.3,0.7,0.2,0.1,1500,5,0.3171428571428571,0.11857142857142858
cp_cox_crossfit,CP + Cox (Cross-Fit),0.9066666666666666,1.6917924063309928,0.07576568453309722,aft_lognormal_nonlinear,Log-Normal AFT (Nonlinear),25,30260439,0.8,2.049728627683548,2000,0.3,3,0.3,0.7,0.2,0.1,1500,5,0.3171428571428571,0.11857142857142858
cp_cox_full,CP + Cox,0.8933333333333333,1.6016509592379424,0.0866035373669756,aft_lognormal_nonlinear,Log-Normal AFT (Nonlinear),26,30260440,0.8,1.9764618933870994,2000,0.3,3,0.3,0.7,0.2,0.1,1500,5,0.33785714285714286,0.13357142857142856
cp_cox_crossfit,CP + Cox (Cross-Fit),0.8933333333333333,1.5997304107124828,0.08726458560057099,aft_lognormal_nonlinear,Log-Normal AFT (Nonlinear),26,30260440,0.8,1.9764618933870994,2000,0.3,3,0.3,0.7,0.2,0.1,1500,5,0.33785714285714286,0.13357142857142856
cp_cox_full,CP + Cox,0.9133333333333333,1.8216323443155038,0.09197650864757534,aft_lognormal_nonlinear,Log-Normal AFT (Nonlinear),27,30260441,0.8,2.1816978004913494,2000,0.3,3,0.3,0.7,0.2,0.1,1500,5,0.3171428571428571,0.11928571428571429
cp_cox_crossfit,CP + Cox (Cross-Fit),0.9016666666666666,1.7983804306634172,0.09943234208416556,aft_lognormal_nonlinear,Log-Normal AFT (Nonlinear),27,30260441,0.8,2.1816978004913494,2000,0.3,3,0.3,0.7,0.2,0.1,1500,5,0.3171428571428571,0.11928571428571429
cp_cox_full,CP + Cox,0.9066666666666666,1.6549481792690772,0.08835941147606667,aft_lognormal_nonlinear,Log-Normal AFT (Nonlinear),28,30260442,0.8,2.067905989662592,2000,0.3,3,0.3,0.7,0.2,0.1,1500,5,0.3271428571428571,0.12785714285714286
cp_cox_crossfit,CP + Cox (Cross-Fit),0.91,1.6625550843611991,0.08662710886652465,aft_lognormal_nonlinear,Log-Normal AFT (Nonlinear),28,30260442,0.8,2.067905989662592,2000,0.3,3,0.3,0.7,0.2,0.1,1500,5,0.3271428571428571,0.12785714285714286
cp_cox_full,CP + Cox,0.9166666666666666,1.6164676792617174,0.08096422690507281,aft_lognormal_nonlinear,Log-Normal AFT (Nonlinear),29,30260443,0.8,1.9839180422758584,2000,0.3,3,0.3,0.7,0.2,0.1,1500,5,0.335,0.1457142857142857
cp_cox_crossfit,CP + Cox (Cross-Fit),0.9166666666666666,1.6131732782147892,0.08176296004024607,aft_lognormal_nonlinear,Log-Normal AFT (Nonlinear),29,30260443,0.8,1.9839180422758584,2000,0.3,3,0.3,0.7,0.2,0.1,1500,5,0.335,0.1457142857142857
cp_cox_full,CP + Cox,0.8966666666666666,1.7447010181039868,0.07128241299101554,aft_lognormal_nonlinear,Log-Normal AFT (Nonlinear),30,30260444,0.8,2.1152220853611374,2000,0.3,3,0.3,0.7,0.2,0.1,1500,5,0.335,0.13428571428571429
cp_cox_crossfit,CP + Cox (Cross-Fit),0.89,1.7288592968572902,0.0765675460070547,aft_lognormal_nonlinear,Log-Normal AFT (Nonlinear),30,30260444,0.8,2.1152220853611374,2000,0.3,3,0.3,0.7,0.2,0.1,1500,5,0.335,0.13428571428571429
cp_cox_full,CP + Cox,0.8933333333333333,2.4927875333874745,0.10419481945754155,aft_lognormal_nonlinear,Log-Normal AFT (Nonlinear),1,31260415,0.9,2.8877721262570084,2000,0.3,3,0.3,0.7,0.2,0.1,1500,5,0.26142857142857145,0.06642857142857143
cp_cox_crossfit,CP + Cox (Cross-Fit),0.9066666666666666,2.523499724186211,0.09452850751292148,aft_lognormal_nonlinear,Log-Normal AFT (Nonlinear),1,31260415,0.9,2.8877721262570084,2000,0.3,3,0.3,0.7,0.2,0.1,1500,5,0.26142857142857145,0.06642857142857143
cp_cox_full,CP + Cox,0.8933333333333333,2.443645869426555,0.07256674123893929,aft_lognormal_nonlinear,Log-Normal AFT (Nonlinear),2,31260416,0.9,2.8168208691018473,2000,0.3,3,0.3,0.7,0.2,0.1,1500,5,0.25142857142857145,0.05357142857142857
cp_cox_crossfit,CP + Cox (Cross-Fit),0.9066666666666666,2.454763295668887,0.06968730747424463,aft_lognormal_nonlinear,Log-Normal AFT (Nonlinear),2,31260416,0.9,2.8168208691018473,2000,0.3,3,0.3,0.7,0.2,0.1,1500,5,0.25142857142857145,0.05357142857142857
cp_cox_full,CP + Cox,0.8833333333333333,2.4822779766407557,0.0884060191085166,aft_lognormal_nonlinear,Log-Normal AFT (Nonlinear),3,31260417,0.9,2.8631629130956515,2000,0.3,3,0.3,0.7,0.2,0.1,1500,5,0.25285714285714284,0.06428571428571428
cp_cox_crossfit,CP + Cox (Cross-Fit),0.89,2.4930362334134477,0.08402071444026804,aft_lognormal_nonlinear,Log-Normal AFT (Nonlinear),3,31260417,0.9,2.8631629130956515,2000,0.3,3,0.3,0.7,0.2,0.1,1500,5,0.25285714285714284,0.06428571428571428
cp_cox_full,CP + Cox,0.9133333333333333,2.6123412142981124,0.07911130383666279,aft_lognormal_nonlinear,Log-Normal AFT (Nonlinear),4,31260418,0.9,2.9677699749084896,2000,0.3,3,0.3,0.7,0.2,0.1,1500,5,0.25142857142857145,0.06285714285714286
cp_cox_crossfit,CP + Cox (Cross-Fit),0.9133333333333333,2.6114271654168673,0.079448002242394,aft_lognormal_nonlinear,Log-Normal AFT (Nonlinear),4,31260418,0.9,2.9677699749084896,2000,0.3,3,0.3,0.7,0.2,0.1,1500,5,0.25142857142857145,0.06285714285714286
cp_cox_full,CP + Cox,0.9016666666666666,2.4066956552895307,0.0708131298489847,aft_lognormal_nonlinear,Log-Normal AFT (Nonlinear),5,31260419,0.9,2.768345683049724,2000,0.3,3,0.3,0.7,0.2,0.1,1500,5,0.2592857142857143,0.056428571428571425
cp_cox_crossfit,CP + Cox (Cross-Fit),0.9116666666666666,2.4323914343248974,0.06366635380192381,aft_lognormal_nonlinear,Log-Normal AFT (Nonlinear),5,31260419,0.9,2.768345683049724,2000,0.3,3,0.3,0.7,0.2,0.1,1500,5,0.2592857142857143,0.056428571428571425
cp_cox_full,CP + Cox,0.875,2.402809097580773,0.07877563785785534,aft_lognormal_nonlinear,Log-Normal AFT (Nonlinear),6,31260420,0.9,2.789375232960636,2000,0.3,3,0.3,0.7,0.2,0.1,1500,5,0.2714285714285714,0.06571428571428571
cp_cox_crossfit,CP + Cox (Cross-Fit),0.905,2.439878316921294,0.06796327858917563,aft_lognormal_nonlinear,Log-Normal AFT (Nonlinear),6,31260420,0.9,2.789375232960636,2000,0.3,3,0.3,0.7,0.2,0.1,1500,5,0.2714285714285714,0.06571428571428571
cp_cox_full,CP + Cox,0.91,2.6155656358073447,0.08038410529370969,aft_lognormal_nonlinear,Log-Normal AFT (Nonlinear),7,31260421,0.9,2.989350406142344,2000,0.3,3,0.3,0.7,0.2,0.1,1500,5,0.23857142857142857,0.06285714285714286
cp_cox_crossfit,CP + Cox (Cross-Fit),0.9283333333333333,2.650487276060085,0.07105985823702632,aft_lognormal_nonlinear,Log-Normal AFT (Nonlinear),7,31260421,0.9,2.989350406142344,2000,0.3,3,0.3,0.7,0.2,0.1,1500,5,0.23857142857142857,0.06285714285714286
cp_cox_full,CP + Cox,0.9083333333333333,2.5547441499371035,0.0690929035719271,aft_lognormal_nonlinear,Log-Normal AFT (Nonlinear),8,31260422,0.9,2.932243724694428,2000,0.3,3,0.3,0.7,0.2,0.1,1500,5,0.2692857142857143,0.06
cp_cox_crossfit,CP + Cox (Cross-Fit),0.915,2.5700666529490825,0.065337830501422,aft_lognormal_nonlinear,Log-Normal AFT (Nonlinear),8,31260422,0.9,2.932243724694428,2000,0.3,3,0.3,0.7,0.2,0.1,1500,5,0.2692857142857143,0.06
cp_cox_full,CP + Cox,0.9166666666666666,2.4899097475360343,0.08260148385126943,aft_lognormal_nonlinear,Log-Normal AFT (Nonlinear),9,31260423,0.9,2.858858309638511,2000,0.3,3,0.3,0.7,0.2,0.1,1500,5,0.255,0.05071428571428571
cp_cox_crossfit,CP + Cox (Cross-Fit),0.92,2.4987083738236016,0.08062483487781012,aft_lognormal_nonlinear,Log-Normal AFT (Nonlinear),9,31260423,0.9,2.858858309638511,2000,0.3,3,0.3,0.7,0.2,0.1,1500,5,0.255,0.05071428571428571
cp_cox_full,CP + Cox,0.885,2.5315909935588494,0.06563356656043705,aft_lognormal_nonlinear,Log-Normal AFT (Nonlinear),10,31260424,0.9,2.9126397163731492,2000,0.3,3,0.3,0.7,0.2,0.1,1500,5,0.25642857142857145,0.06285714285714286
cp_cox_crossfit,CP + Cox (Cross-Fit),0.895,2.549661471339051,0.06278574055672667,aft_lognormal_nonlinear,Log-Normal AFT (Nonlinear),10,31260424,0.9,2.9126397163731492,2000,0.3,3,0.3,0.7,0.2,0.1,1500,5,0.25642857142857145,0.06285714285714286
cp_cox_full,CP + Cox,0.9366666666666666,2.579978269080107,0.09136054374979083,aft_lognormal_nonlinear,Log-Normal AFT (Nonlinear),11,31260425,0.9,2.9538753942443696,2000,0.3,3,0.3,0.7,0.2,0.1,1500,5,0.2621428571428571,0.05714285714285714
cp_cox_crossfit,CP + Cox (Cross-Fit),0.9216666666666666,2.553050942772946,0.10143294329946181,aft_lognormal_nonlinear,Log-Normal AFT (Nonlinear),11,31260425,0.9,2.9538753942443696,2000,0.3,3,0.3,0.7,0.2,0.1,1500,5,0.2621428571428571,0.05714285714285714
cp_cox_full,CP + Cox,0.87,2.5263067980387484,0.09132246919958625,aft_lognormal_nonlinear,Log-Normal AFT (Nonlinear),12,31260426,0.9,2.906717539065296,2000,0.3,3,0.3,0.7,0.2,0.1,1500,5,0.2842857142857143,0.062142857142857146
cp_cox_crossfit,CP + Cox (Cross-Fit),0.8766666666666667,2.5374107062657765,0.08794952706001055,aft_lognormal_nonlinear,Log-Normal AFT (Nonlinear),12,31260426,0.9,2.906717539065296,2000,0.3,3,0.3,0.7,0.2,0.1,1500,5,0.2842857142857143,0.062142857142857146
cp_cox_full,CP + Cox,0.9033333333333333,2.5862650432396523,0.06671053422178043,aft_lognormal_nonlinear,Log-Normal AFT (Nonlinear),13,31260427,0.9,2.953706142196616,2000,0.3,3,0.3,0.7,0.2,0.1,1500,5,0.25285714285714284,0.06285714285714286
cp_cox_crossfit,CP + Cox (Cross-Fit),0.915,2.5984652891015765,0.06216140785925761,aft_lognormal_nonlinear,Log-Normal AFT (Nonlinear),13,31260427,0.9,2.953706142196616,2000,0.3,3,0.3,0.7,0.2,0.1,1500,5,0.25285714285714284,0.06285714285714286
cp_cox_full,CP + Cox,0.9116666666666666,2.649816273918596,0.07937216836919961,aft_lognormal_nonlinear,Log-Normal AFT (Nonlinear),14,31260428,0.9,3.0105047519355073,2000,0.3,3,0.3,0.7,0.2,0.1,1500,5,0.2807142857142857,0.05928571428571429
cp_cox_crossfit,CP + Cox (Cross-Fit),0.89,2.6243139779219424,0.08619446149656933,aft_lognormal_nonlinear,Log-Normal AFT (Nonlinear),14,31260428,0.9,3.0105047519355073,2000,0.3,3,0.3,0.7,0.2,0.1,1500,5,0.2807142857142857,0.05928571428571429
cp_cox_full,CP + Cox,0.9133333333333333,2.5244857090513757,0.07305695458491514,aft_lognormal_nonlinear,Log-Normal AFT (Nonlinear),15,31260429,0.9,2.885978829606725,2000,0.3,3,0.3,0.7,0.2,0.1,1500,5,0.24071428571428571,0.05928571428571429
cp_cox_crossfit,CP + Cox (Cross-Fit),0.915,2.5263971375979244,0.07242129667109341,aft_lognormal_nonlinear,Log-Normal AFT (Nonlinear),15,31260429,0.9,2.885978829606725,2000,0.3,3,0.3,0.7,0.2,0.1,1500,5,0.24071428571428571,0.05928571428571429
cp_cox_full,CP + Cox,0.875,2.4804004380651272,0.1028464385834017,aft_lognormal_nonlinear,Log-Normal AFT (Nonlinear),16,31260430,0.9,2.9110801136309634,2000,0.3,3,0.3,0.7,0.2,0.1,1500,5,0.2557142857142857,0.055714285714285716
cp_cox_crossfit,CP + Cox (Cross-Fit),0.8966666666666666,2.5303538903574156,0.08794063580819612,aft_lognormal_nonlinear,Log-Normal AFT (Nonlinear),16,31260430,0.9,2.9110801136309634,2000,0.3,3,0.3,0.7,0.2,0.1,1500,5,0.2557142857142857,0.055714285714285716
cp_cox_full,CP + Cox,0.925,2.493137566279487,0.06546235325935099,aft_lognormal_nonlinear,Log-Normal AFT (Nonlinear),17,31260431,0.9,2.809824983523228,2000,0.3,3,0.3,0.7,0.2,0.1,1500,5,0.24428571428571427,0.05714285714285714
cp_cox_crossfit,CP + Cox (Cross-Fit),0.9016666666666666,2.454045002179956,0.07449302586511843,aft_lognormal_nonlinear,Log-Normal AFT (Nonlinear),17,31260431,0.9,2.809824983523228,2000,0.3,3,0.3,0.7,0.2,0.1,1500,5,0.24428571428571427,0.05714285714285714
cp_cox_full,CP + Cox,0.905,2.449618316759802,0.08632705718515506,aft_lognormal_nonlinear,Log-Normal AFT (Nonlinear),18,31260432,0.9,2.8061282287287814,2000,0.3,3,0.3,0.7,0.2,0.1,1500,5,0.25857142857142856,0.055
cp_cox_crossfit,CP + Cox (Cross-Fit),0.9033333333333333,2.4438360835697885,0.08785610759836979,aft_lognormal_nonlinear,Log-Normal AFT (Nonlinear),18,31260432,0.9,2.8061282287287814,2000,0.3,3,0.3,0.7,0.2,0.1,1500,5,0.25857142857142856,0.055
cp_cox_full,CP + Cox,0.905,2.433501358167328,0.09004285094905098,aft_lognormal_nonlinear,Log-Normal AFT (Nonlinear),19,31260433,0.9,2.795084694389638,2000,0.3,3,0.3,0.7,0.2,0.1,1500,5,0.255,0.06428571428571428
cp_cox_crossfit,CP + Cox (Cross-Fit),0.9133333333333333,2.4466822516254787,0.08569149063400734,aft_lognormal_nonlinear,Log-Normal AFT (Nonlinear),19,31260433,0.9,2.795084694389638,2000,0.3,3,0.3,0.7,0.2,0.1,1500,5,0.255,0.06428571428571428
cp_cox_full,CP + Cox,0.9183333333333333,2.509464414483667,0.07227322003319789,aft_lognormal_nonlinear,Log-Normal AFT (Nonlinear),20,31260434,0.9,2.871881585666816,2000,0.3,3,0.3,0.7,0.2,0.1,1500,5,0.26857142857142857,0.05285714285714286
cp_cox_crossfit,CP + Cox (Cross-Fit),0.915,2.5019432159116226,0.07387898514580693,aft_lognormal_nonlinear,Log-Normal AFT (Nonlinear),20,31260434,0.9,2.871881585666816,2000,0.3,3,0.3,0.7,0.2,0.1,1500,5,0.26857142857142857,0.05285714285714286
cp_cox_full,CP + Cox,0.9216666666666666,2.576927023465408,0.05930018304912128,aft_lognormal_nonlinear,Log-Normal AFT (Nonlinear),21,31260435,0.9,2.913803228820499,2000,0.3,3,0.3,0.7,0.2,0.1,1500,5,0.2542857142857143,0.05857142857142857
cp_cox_crossfit,CP + Cox (Cross-Fit),0.9166666666666666,2.5619266656828628,0.06211118185233306,aft_lognormal_nonlinear,Log-Normal AFT (Nonlinear),21,31260435,0.9,2.913803228820499,2000,0.3,3,0.3,0.7,0.2,0.1,1500,5,0.2542857142857143,0.05857142857142857
cp_cox_full,CP + Cox,0.875,2.423176375073234,0.10083387970630807,aft_lognormal_nonlinear,Log-Normal AFT (Nonlinear),22,31260436,0.9,2.8257248545866758,2000,0.3,3,0.3,0.7,0.2,0.1,1500,5,0.25,0.06142857142857143
cp_cox_crossfit,CP + Cox (Cross-Fit),0.8666666666666667,2.410942857328154,0.10383035059586421,aft_lognormal_nonlinear,Log-Normal AFT (Nonlinear),22,31260436,0.9,2.8257248545866758,2000,0.3,3,0.3,0.7,0.2,0.1,1500,5,0.25,0.06142857142857143
cp_cox_full,CP + Cox,0.9216666666666666,2.476851480125023,0.07815564392771132,aft_lognormal_nonlinear,Log-Normal AFT (Nonlinear),23,31260437,0.9,2.8490330287487726,2000,0.3,3,0.3,0.7,0.2,0.1,1500,5,0.265,0.060714285714285714
cp_cox_crossfit,CP + Cox (Cross-Fit),0.9233333333333333,2.486541637093714,0.07554409571002041,aft_lognormal_nonlinear,Log-Normal AFT (Nonlinear),23,31260437,0.9,2.8490330287487726,2000,0.3,3,0.3,0.7,0.2,0.1,1500,5,0.265,0.060714285714285714
cp_cox_full,CP + Cox,0.91,2.5975188092442134,0.08003993519587438,aft_lognormal_nonlinear,Log-Normal AFT (Nonlinear),24,31260438,0.9,2.9315149047636635,2000,0.3,3,0.3,0.7,0.2,0.1,1500,5,0.265,0.06142857142857143
cp_cox_crossfit,CP + Cox (Cross-Fit),0.8966666666666666,2.5794971718460777,0.08620382164715387,aft_lognormal_nonlinear,Log-Normal AFT (Nonlinear),24,31260438,0.9,2.9315149047636635,2000,0.3,3,0.3,0.7,0.2,0.1,1500,5,0.265,0.06142857142857143
cp_cox_full,CP + Cox,0.9083333333333333,2.450526536264407,0.061773217265222655,aft_lognormal_nonlinear,Log-Normal AFT (Nonlinear),25,31260439,0.9,2.80249916708339,2000,0.3,3,0.3,0.7,0.2,0.1,1500,5,0.24571428571428572,0.06357142857142857
cp_cox_crossfit,CP + Cox (Cross-Fit),0.9033333333333333,2.435169935283307,0.06525890166745549,aft_lognormal_nonlinear,Log-Normal AFT (Nonlinear),25,31260439,0.9,2.80249916708339,2000,0.3,3,0.3,0.7,0.2,0.1,1500,5,0.24571428571428572,0.06357142857142857
cp_cox_full,CP + Cox,0.845,2.4877892278645675,0.0782398494295944,aft_lognormal_nonlinear,Log-Normal AFT (Nonlinear),26,31260440,0.9,2.8966850324760913,2000,0.3,3,0.3,0.7,0.2,0.1,1500,5,0.25857142857142856,0.06428571428571428
cp_cox_crossfit,CP + Cox (Cross-Fit),0.865,2.5048018674731964,0.07320101539332535,aft_lognormal_nonlinear,Log-Normal AFT (Nonlinear),26,31260440,0.9,2.8966850324760913,2000,0.3,3,0.3,0.7,0.2,0.1,1500,5,0.25857142857142856,0.06428571428571428
cp_cox_full,CP + Cox,0.8933333333333333,2.5015743957049343,0.08216217525531035,aft_lognormal_nonlinear,Log-Normal AFT (Nonlinear),27,31260441,0.9,2.881742042026587,2000,0.3,3,0.3,0.7,0.2,0.1,1500,5,0.24785714285714286,0.054285714285714284
cp_cox_crossfit,CP + Cox (Cross-Fit),0.8966666666666666,2.5038120713088494,0.0813417601837647,aft_lognormal_nonlinear,Log-Normal AFT (Nonlinear),27,31260441,0.9,2.881742042026587,2000,0.3,3,0.3,0.7,0.2,0.1,1500,5,0.24785714285714286,0.054285714285714284
cp_cox_full,CP + Cox,0.9166666666666666,2.6223383134542937,0.0760637297080421,aft_lognormal_nonlinear,Log-Normal AFT (Nonlinear),28,31260442,0.9,2.9832792201257137,2000,0.3,3,0.3,0.7,0.2,0.1,1500,5,0.25357142857142856,0.06428571428571428
cp_cox_crossfit,CP + Cox (Cross-Fit),0.9016666666666666,2.604953882935003,0.07980060943459416,aft_lognormal_nonlinear,Log-Normal AFT (Nonlinear),28,31260442,0.9,2.9832792201257137,2000,0.3,3,0.3,0.7,0.2,0.1,1500,5,0.25357142857142856,0.06428571428571428
cp_cox_full,CP + Cox,0.88,2.5051519006247003,0.07140849687525662,aft_lognormal_nonlinear,Log-Normal AFT (Nonlinear),29,31260443,0.9,2.876229353649875,2000,0.3,3,0.3,0.7,0.2,0.1,1500,5,0.26357142857142857,0.056428571428571425
cp_cox_crossfit,CP + Cox (Cross-Fit),0.8733333333333333,2.491122376566604,0.0748727931303164,aft_lognormal_nonlinear,Log-Normal AFT (Nonlinear),29,31260443,0.9,2.876229353649875,2000,0.3,3,0.3,0.7,0.2,0.1,1500,5,0.26357142857142857,0.056428571428571425
cp_cox_full,CP + Cox,0.9116666666666666,2.500308472589516,0.08263898724811869,aft_lognormal_nonlinear,Log-Normal AFT (Nonlinear),30,31260444,0.9,2.847092320578604,2000,0.3,3,0.3,0.7,0.2,0.1,1500,5,0.24,0.05857142857142857
cp_cox_crossfit,CP + Cox (Cross-Fit),0.9083333333333333,2.490836008533026,0.08600654005920573,aft_lognormal_nonlinear,Log-Normal AFT (Nonlinear),30,31260444,0.9,2.847092320578604,2000,0.3,3,0.3,0.7,0.2,0.1,1500,5,0.24,0.05857142857142857
cp_cox_full,CP + Cox,0.8966666666666666,6.4952006343580395,0.0884231223097398,aft_lognormal_nonlinear,Log-Normal AFT (Nonlinear),1,32160415,0.99,6.882186622480213,2000,0.3,3,0.3,0.7,0.2,0.1,1500,5,0.19642857142857142,0.002857142857142857
cp_cox_crossfit,CP + Cox (Cross-Fit),0.9033333333333333,6.512149631833871,0.08423076712317412,aft_lognormal_nonlinear,Log-Normal AFT (Nonlinear),1,32160415,0.99,6.882186622480213,2000,0.3,3,0.3,0.7,0.2,0.1,1500,5,0.19642857142857142,0.002857142857142857
cp_cox_full,CP + Cox,0.9333333333333333,5.77369716753364,0.07838445844707483,aft_lognormal_nonlinear,Log-Normal AFT (Nonlinear),2,32160416,0.99,6.12616030631856,2000,0.3,3,0.3,0.7,0.2,0.1,1500,5,0.24285714285714285,0.002857142857142857
cp_cox_crossfit,CP + Cox (Cross-Fit),0.9316666666666666,5.770633268071393,0.07945315132181391,aft_lognormal_nonlinear,Log-Normal AFT (Nonlinear),2,32160416,0.99,6.12616030631856,2000,0.3,3,0.3,0.7,0.2,0.1,1500,5,0.24285714285714285,0.002857142857142857
cp_cox_full,CP + Cox,0.8783333333333333,6.425802791056784,0.09732928256548629,aft_lognormal_nonlinear,Log-Normal AFT (Nonlinear),3,32160417,0.99,6.8323658785170975,2000,0.3,3,0.3,0.7,0.2,0.1,1500,5,0.20642857142857143,0.0014285714285714286
cp_cox_crossfit,CP + Cox (Cross-Fit),0.9066666666666666,6.443225314466032,0.09164810443351083,aft_lognormal_nonlinear,Log-Normal AFT (Nonlinear),3,32160417,0.99,6.8323658785170975,2000,0.3,3,0.3,0.7,0.2,0.1,1500,5,0.20642857142857143,0.0014285714285714286
cp_cox_full,CP + Cox,0.9083333333333333,5.406775228870796,0.07824860973978699,aft_lognormal_nonlinear,Log-Normal AFT (Nonlinear),4,32160418,0.99,5.7602158213293295,2000,0.3,3,0.3,0.7,0.2,0.1,1500,5,0.22285714285714286,0.002142857142857143
cp_cox_crossfit,CP + Cox (Cross-Fit),0.8983333333333333,5.391368726029273,0.08206391094156937,aft_lognormal_nonlinear,Log-Normal AFT (Nonlinear),4,32160418,0.99,5.7602158213293295,2000,0.3,3,0.3,0.7,0.2,0.1,1500,5,0.22285714285714286,0.002142857142857143
cp_cox_full,CP + Cox,0.9133333333333333,6.260516184228968,0.07921116972508992,aft_lognormal_nonlinear,Log-Normal AFT (Nonlinear),5,32160419,0.99,6.6243720990768455,2000,0.3,3,0.3,0.7,0.2,0.1,1500,5,0.21785714285714286,0.002142857142857143
cp_cox_crossfit,CP + Cox (Cross-Fit),0.915,6.264721576842296,0.07804431741453173,aft_lognormal_nonlinear,Log-Normal AFT (Nonlinear),5,32160419,0.99,6.6243720990768455,2000,0.3,3,0.3,0.7,0.2,0.1,1500,5,0.21785714285714286,0.002142857142857143
cp_cox_full,CP + Cox,0.895,6.259523386037377,0.07621169572792416,aft_lognormal_nonlinear,Log-Normal AFT (Nonlinear),6,32160420,0.99,6.6140252247363165,2000,0.3,3,0.3,0.7,0.2,0.1,1500,5,0.21928571428571428,0.002142857142857143
cp_cox_crossfit,CP + Cox (Cross-Fit),0.895,6.260322845506827,0.07600524492422317,aft_lognormal_nonlinear,Log-Normal AFT (Nonlinear),6,32160420,0.99,6.6140252247363165,2000,0.3,3,0.3,0.7,0.2,0.1,1500,5,0.21928571428571428,0.002142857142857143
cp_cox_full,CP + Cox,0.9033333333333333,5.610555147049154,0.07410022982375704,aft_lognormal_nonlinear,Log-Normal AFT (Nonlinear),7,32160421,0.99,5.982898021855124,2000,0.3,3,0.3,0.7,0.2,0.1,1500,5,0.20714285714285716,0.005714285714285714
cp_cox_crossfit,CP + Cox (Cross-Fit),0.9083333333333333,5.626194664782482,0.07117480968936588,aft_lognormal_nonlinear,Log-Normal AFT (Nonlinear),7,32160421,0.99,5.982898021855124,2000,0.3,3,0.3,0.7,0.2,0.1,1500,5,0.20714285714285716,0.005714285714285714
cp_cox_full,CP + Cox,0.8766666666666667,6.1869448696330345,0.08516881349412428,aft_lognormal_nonlinear,Log-Normal AFT (Nonlinear),8,32160422,0.99,6.577059348371458,2000,0.3,3,0.3,0.7,0.2,0.1,1500,5,0.2,0.005
cp_cox_crossfit,CP + Cox (Cross-Fit),0.8933333333333333,6.205486199358214,0.08028634727151222,aft_lognormal_nonlinear,Log-Normal AFT (Nonlinear),8,32160422,0.99,6.577059348371458,2000,0.3,3,0.3,0.7,0.2,0.1,1500,5,0.2,0.005
cp_cox_full,CP + Cox,0.89,6.659787587272015,0.06853036226994506,aft_lognormal_nonlinear,Log-Normal AFT (Nonlinear),9,32160423,0.99,7.04677928573168,2000,0.3,3,0.3,0.7,0.2,0.1,1500,5,0.2,0.0035714285714285713
cp_cox_crossfit,CP + Cox (Cross-Fit),0.8816666666666667,6.632240126681084,0.07503840926961278,aft_lognormal_nonlinear,Log-Normal AFT (Nonlinear),9,32160423,0.99,7.04677928573168,2000,0.3,3,0.3,0.7,0.2,0.1,1500,5,0.2,0.0035714285714285713
cp_cox_full,CP + Cox,0.8933333333333333,6.282918731071404,0.08733032457525639,aft_lognormal_nonlinear,Log-Normal AFT (Nonlinear),10,32160424,0.99,6.678948488249842,2000,0.3,3,0.3,0.7,0.2,0.1,1500,5,0.19428571428571428,0.002857142857142857
cp_cox_crossfit,CP + Cox (Cross-Fit),0.9,6.29238486332853,0.08490708144029914,aft_lognormal_nonlinear,Log-Normal AFT (Nonlinear),10,32160424,0.99,6.678948488249842,2000,0.3,3,0.3,0.7,0.2,0.1,1500,5,0.19428571428571428,0.002857142857142857
cp_cox_full,CP + Cox,0.9083333333333333,6.26053841197496,0.06394717283180075,aft_lognormal_nonlinear,Log-Normal AFT (Nonlinear),11,32160425,0.99,6.629669458639289,2000,0.3,3,0.3,0.7,0.2,0.1,1500,5,0.205,0.002857142857142857
cp_cox_crossfit,CP + Cox (Cross-Fit),0.9016666666666666,6.254708441746189,0.06571500698661191,aft_lognormal_nonlinear,Log-Normal AFT (Nonlinear),11,32160425,0.99,6.629669458639289,2000,0.3,3,0.3,0.7,0.2,0.1,1500,5,0.205,0.002857142857142857
cp_cox_full,CP + Cox,0.9033333333333333,5.910540779927487,0.10788489152874056,aft_lognormal_nonlinear,Log-Normal AFT (Nonlinear),12,32160426,0.99,6.319278053404707,2000,0.3,3,0.3,0.7,0.2,0.1,1500,5,0.195,0.005714285714285714
cp_cox_crossfit,CP + Cox (Cross-Fit),0.905,5.912249391567439,0.10744118342845002,aft_lognormal_nonlinear,Log-Normal AFT (Nonlinear),12,32160426,0.99,6.319278053404707,2000,0.3,3,0.3,0.7,0.2,0.1,1500,5,0.195,0.005714285714285714
cp_cox_full,CP + Cox,0.8933333333333333,5.47922272327185,0.08358719171299525,aft_lognormal_nonlinear,Log-Normal AFT (Nonlinear),13,32160427,0.99,5.863362442042183,2000,0.3,3,0.3,0.7,0.2,0.1,1500,5,0.18428571428571427,0.0035714285714285713
cp_cox_crossfit,CP + Cox (Cross-Fit),0.925,5.532973269892162,0.06687955791595802,aft_lognormal_nonlinear,Log-Normal AFT (Nonlinear),13,32160427,0.99,5.863362442042183,2000,0.3,3,0.3,0.7,0.2,0.1,1500,5,0.18428571428571427,0.0035714285714285713
cp_cox_full,CP + Cox,0.8716666666666667,6.099337630299473,0.07796294430116796,aft_lognormal_nonlinear,Log-Normal AFT (Nonlinear),14,32160428,0.99,6.497620839135399,2000,0.3,3,0.3,0.7,0.2,0.1,1500,5,0.21357142857142858,0.002142857142857143
cp_cox_crossfit,CP + Cox (Cross-Fit),0.8716666666666667,6.099734386854508,0.0778838967454451,aft_lognormal_nonlinear,Log-Normal AFT (Nonlinear),14,32160428,0.99,6.497620839135399,2000,0.3,3,0.3,0.7,0.2,0.1,1500,5,0.21357142857142858,0.002142857142857143
cp_cox_full,CP + Cox,0.895,5.83397714692492,0.07018770426095901,aft_lognormal_nonlinear,Log-Normal AFT (Nonlinear),15,32160429,0.99,6.189649228377684,2000,0.3,3,0.3,0.7,0.2,0.1,1500,5,0.21142857142857144,0.002142857142857143
cp_cox_crossfit,CP + Cox (Cross-Fit),0.8933333333333333,5.832552507141216,0.07048623164153409,aft_lognormal_nonlinear,Log-Normal AFT (Nonlinear),15,32160429,0.99,6.189649228377684,2000,0.3,3,0.3,0.7,0.2,0.1,1500,5,0.21142857142857144,0.002142857142857143
cp_cox_full,CP + Cox,0.9183333333333333,6.310517585344046,0.08104166610050789,aft_lognormal_nonlinear,Log-Normal AFT (Nonlinear),16,32160430,0.99,6.681023767987098,2000,0.3,3,0.3,0.7,0.2,0.1,1500,5,0.185,0.0014285714285714286
cp_cox_crossfit,CP + Cox (Cross-Fit),0.9183333333333333,6.311658868661238,0.08070580441580151,aft_lognormal_nonlinear,Log-Normal AFT (Nonlinear),16,32160430,0.99,6.681023767987098,2000,0.3,3,0.3,0.7,0.2,0.1,1500,5,0.185,0.0014285714285714286
cp_cox_full,CP + Cox,0.87,6.282528713197726,0.10724546134360396,aft_lognormal_nonlinear,Log-Normal AFT (Nonlinear),17,32160431,0.99,6.698747860080508,2000,0.3,3,0.3,0.7,0.2,0.1,1500,5,0.2307142857142857,0.002857142857142857
cp_cox_crossfit,CP + Cox (Cross-Fit),0.8816666666666667,6.314496594322717,0.09577403486119514,aft_lognormal_nonlinear,Log-Normal AFT (Nonlinear),17,32160431,0.99,6.698747860080508,2000,0.3,3,0.3,0.7,0.2,0.1,1500,5,0.2307142857142857,0.002857142857142857
cp_cox_full,CP + Cox,0.8766666666666667,6.888492225716503,0.0982734472931729,aft_lognormal_nonlinear,Log-Normal AFT (Nonlinear),18,32160432,0.99,7.28813119491983,2000,0.3,3,0.3,0.7,0.2,0.1,1500,5,0.19714285714285715,0.004285714285714286
cp_cox_crossfit,CP + Cox (Cross-Fit),0.8733333333333333,6.886623518195723,0.09887957549365017,aft_lognormal_nonlinear,Log-Normal AFT (Nonlinear),18,32160432,0.99,7.28813119491983,2000,0.3,3,0.3,0.7,0.2,0.1,1500,5,0.19714285714285715,0.004285714285714286
cp_cox_full,CP + Cox,0.8916666666666667,5.673098035111863,0.06372320120736266,aft_lognormal_nonlinear,Log-Normal AFT (Nonlinear),19,32160433,0.99,6.044660899351477,2000,0.3,3,0.3,0.7,0.2,0.1,1500,5,0.19357142857142856,0.002142857142857143
cp_cox_crossfit,CP + Cox (Cross-Fit),0.8966666666666666,5.688204790910025,0.05987834309267461,aft_lognormal_nonlinear,Log-Normal AFT (Nonlinear),19,32160433,0.99,6.044660899351477,2000,0.3,3,0.3,0.7,0.2,0.1,1500,5,0.19357142857142856,0.002142857142857143
cp_cox_full,CP + Cox,0.9116666666666666,6.0479648321037764,0.06470025161501829,aft_lognormal_nonlinear,Log-Normal AFT (Nonlinear),20,32160434,0.99,6.407341586542161,2000,0.3,3,0.3,0.7,0.2,0.1,1500,5,0.21928571428571428,0.002857142857142857
cp_cox_crossfit,CP + Cox (Cross-Fit),0.9116666666666666,6.044246720179548,0.06561991347462906,aft_lognormal_nonlinear,Log-Normal AFT (Nonlinear),20,32160434,0.99,6.407341586542161,2000,0.3,3,0.3,0.7,0.2,0.1,1500,5,0.21928571428571428,0.002857142857142857
cp_cox_full,CP + Cox,0.9233333333333333,6.742798926341936,0.06416277704100484,aft_lognormal_nonlinear,Log-Normal AFT (Nonlinear),21,32160435,0.99,7.090153632814827,2000,0.3,3,0.3,0.7,0.2,0.1,1500,5,0.1957142857142857,0.005714285714285714
cp_cox_crossfit,CP + Cox (Cross-Fit),0.915,6.7256071019816925,0.06809277228517822,aft_lognormal_nonlinear,Log-Normal AFT (Nonlinear),21,32160435,0.99,7.090153632814827,2000,0.3,3,0.3,0.7,0.2,0.1,1500,5,0.1957142857142857,0.005714285714285714
cp_cox_full,CP + Cox,0.91,6.215297751442358,0.07194434148227054,aft_lognormal_nonlinear,Log-Normal AFT (Nonlinear),22,32160436,0.99,6.597480666590879,2000,0.3,3,0.3,0.7,0.2,0.1,1500,5,0.19357142857142856,0.0035714285714285713
cp_cox_crossfit,CP + Cox (Cross-Fit),0.9116666666666666,6.2242655574170875,0.07006678648837944,aft_lognormal_nonlinear,Log-Normal AFT (Nonlinear),22,32160436,0.99,6.597480666590879,2000,0.3,3,0.3,0.7,0.2,0.1,1500,5,0.19357142857142856,0.0035714285714285713
cp_cox_full,CP + Cox,0.9116666666666666,5.868003344518088,0.06859186638503847,aft_lognormal_nonlinear,Log-Normal AFT (Nonlinear),23,32160437,0.99,6.2394482437260645,2000,0.3,3,0.3,0.7,0.2,0.1,1500,5,0.21071428571428572,0.0014285714285714286
cp_cox_crossfit,CP + Cox (Cross-Fit),0.9116666666666666,5.875928767170575,0.06640142286066608,aft_lognormal_nonlinear,Log-Normal AFT (Nonlinear),23,32160437,0.99,6.2394482437260645,2000,0.3,3,0.3,0.7,0.2,0.1,1500,5,0.21071428571428572,0.0014285714285714286
cp_cox_full,CP + Cox,0.905,6.098663100838197,0.08197321604392319,aft_lognormal_nonlinear,Log-Normal AFT (Nonlinear),24,32160438,0.99,6.4814542911148605,2000,0.3,3,0.3,0.7,0.2,0.1,1500,5,0.20214285714285715,0.0014285714285714286
cp_cox_crossfit,CP + Cox (Cross-Fit),0.9183333333333333,6.123122670434969,0.07679649743824885,aft_lognormal_nonlinear,Log-Normal AFT (Nonlinear),24,32160438,0.99,6.4814542911148605,2000,0.3,3,0.3,0.7,0.2,0.1,1500,5,0.20214285714285715,0.0014285714285714286
cp_cox_full,CP + Cox,0.91,6.571644386431975,0.09736068618589928,aft_lognormal_nonlinear,Log-Normal AFT (Nonlinear),25,32160439,0.99,6.951813055301036,2000,0.3,3,0.3,0.7,0.2,0.1,1500,5,0.20357142857142857,0.004285714285714286
cp_cox_crossfit,CP + Cox (Cross-Fit),0.9233333333333333,6.6157544017275605,0.08110397971472445,aft_lognormal_nonlinear,Log-Normal AFT (Nonlinear),25,32160439,0.99,6.951813055301036,2000,0.3,3,0.3,0.7,0.2,0.1,1500,5,0.20357142857142857,0.004285714285714286
cp_cox_full,CP + Cox,0.9116666666666666,6.953270694664074,0.08147888079453816,aft_lognormal_nonlinear,Log-Normal AFT (Nonlinear),26,32160440,0.99,7.297468343786629,2000,0.3,3,0.3,0.7,0.2,0.1,1500,5,0.22428571428571428,0.004285714285714286
cp_cox_crossfit,CP + Cox (Cross-Fit),0.9016666666666666,6.938217573493571,0.0869000961458543,aft_lognormal_nonlinear,Log-Normal AFT (Nonlinear),26,32160440,0.99,7.297468343786629,2000,0.3,3,0.3,0.7,0.2,0.1,1500,5,0.22428571428571428,0.004285714285714286
cp_cox_full,CP + Cox,0.8816666666666667,5.970208732712546,0.09769946373134025,aft_lognormal_nonlinear,Log-Normal AFT (Nonlinear),27,32160441,0.99,6.367062037839364,2000,0.3,3,0.3,0.7,0.2,0.1,1500,5,0.2,0.002857142857142857
cp_cox_crossfit,CP + Cox (Cross-Fit),0.905,6.006238920702378,0.08578767528267366,aft_lognormal_nonlinear,Log-Normal AFT (Nonlinear),27,32160441,0.99,6.367062037839364,2000,0.3,3,0.3,0.7,0.2,0.1,1500,5,0.2,0.002857142857142857
cp_cox_full,CP + Cox,0.9316666666666666,6.518820909102727,0.07616379202262508,aft_lognormal_nonlinear,Log-Normal AFT (Nonlinear),28,32160442,0.99,6.882163220434401,2000,0.3,3,0.3,0.7,0.2,0.1,1500,5,0.18785714285714286,0.0035714285714285713
cp_cox_crossfit,CP + Cox (Cross-Fit),0.92,6.496739276249017,0.08180605176215489,aft_lognormal_nonlinear,Log-Normal AFT (Nonlinear),28,32160442,0.99,6.882163220434401,2000,0.3,3,0.3,0.7,0.2,0.1,1500,5,0.18785714285714286,0.0035714285714285713
cp_cox_full,CP + Cox,0.885,6.330363200225526,0.08114010037158188,aft_lognormal_nonlinear,Log-Normal AFT (Nonlinear),29,32160443,0.99,6.731996167753097,2000,0.3,3,0.3,0.7,0.2,0.1,1500,5,0.205,0.002142857142857143
cp_cox_crossfit,CP + Cox (Cross-Fit),0.8783333333333333,6.310994822588259,0.08531196320373403,aft_lognormal_nonlinear,Log-Normal AFT (Nonlinear),29,32160443,0.99,6.731996167753097,2000,0.3,3,0.3,0.7,0.2,0.1,1500,5,0.205,0.002142857142857143
cp_cox_full,CP + Cox,0.9066666666666666,6.040877744496743,0.07246968089578014,aft_lognormal_nonlinear,Log-Normal AFT (Nonlinear),30,32160444,0.99,6.421235323853928,2000,0.3,3,0.3,0.7,0.2,0.1,1500,5,0.20857142857142857,0.002857142857142857
cp_cox_crossfit,CP + Cox (Cross-Fit),0.9066666666666666,6.042524814429517,0.07202545146172284,aft_lognormal_nonlinear,Log-Normal AFT (Nonlinear),30,32160444,0.99,6.421235323853928,2000,0.3,3,0.3,0.7,0.2,0.1,1500,5,0.20857142857142857,0.002857142857142857
