scenario_id,scenario_label,scenario_description,tau_quantile,rep,seed,method_id,method_label,estimator_family,working_model,spec_status,is_conformal,n,test_frac,p,beta_scale,sigma,cens_target,alpha,B,tau,censor_rate_emp,admin_mass_emp,coverage,mean_len,sd_len
aft_lognormal_linear,Log-Normal AFT (Linear),"Linear log-normal accelerated-failure-time DGP; log-normal is correct, Cox and Weibull are misspecified.",0.7,1,28260415,cp_cox,CP + Cox,conformal,Cox,misspecified,TRUE,2000,0.3,3,0.3,0.7,0.2,0.1,1500,1.5954122465705796,0.4157142857142857,0.21285714285714286,0.8866666666666667,1.128790963567404,0.22599977414394926
aft_lognormal_linear,Log-Normal AFT (Linear),"Linear log-normal accelerated-failure-time DGP; log-normal is correct, Cox and Weibull are misspecified.",0.7,1,28260415,cp_lognormal,CP + Log-Normal,conformal,Log-Normal,correct,TRUE,2000,0.3,3,0.3,0.7,0.2,0.1,1500,1.5954122465705796,0.4157142857142857,0.21285714285714286,0.8966666666666666,1.1143196209289215,0.27591153292051573
aft_lognormal_linear,Log-Normal AFT (Linear),"Linear log-normal accelerated-failure-time DGP; log-normal is correct, Cox and Weibull are misspecified.",0.7,1,28260415,cp_weibull,CP + Weibull,conformal,Weibull,misspecified,TRUE,2000,0.3,3,0.3,0.7,0.2,0.1,1500,1.5954122465705796,0.4157142857142857,0.21285714285714286,0.8933333333333333,1.138565483285435,0.23931672409416635
aft_lognormal_linear,Log-Normal AFT (Linear),"Linear log-normal accelerated-failure-time DGP; log-normal is correct, Cox and Weibull are misspecified.",0.7,1,28260415,plugin_cox,Cox Plug-in,plug-in,Cox,misspecified,FALSE,2000,0.3,3,0.3,0.7,0.2,0.1,1500,1.5954122465705796,0.4157142857142857,0.21285714285714286,0.9033333333333333,1.1650873724869284,0.20467844200223406
aft_lognormal_linear,Log-Normal AFT (Linear),"Linear log-normal accelerated-failure-time DGP; log-normal is correct, Cox and Weibull are misspecified.",0.7,1,28260415,plugin_lognormal,Log-Normal Plug-in,plug-in,Log-Normal,correct,FALSE,2000,0.3,3,0.3,0.7,0.2,0.1,1500,1.5954122465705796,0.4157142857142857,0.21285714285714286,0.8866666666666667,1.1038688980249305,0.28083181394300427
aft_lognormal_linear,Log-Normal AFT (Linear),"Linear log-normal accelerated-failure-time DGP; log-normal is correct, Cox and Weibull are misspecified.",0.7,1,28260415,plugin_weibull,Weibull Plug-in,plug-in,Weibull,misspecified,FALSE,2000,0.3,3,0.3,0.7,0.2,0.1,1500,1.5954122465705796,0.4157142857142857,0.21285714285714286,0.91,1.1577610961318408,0.22975374979751076
aft_lognormal_linear,Log-Normal AFT (Linear),"Linear log-normal accelerated-failure-time DGP; log-normal is correct, Cox and Weibull are misspecified.",0.7,2,28260416,cp_cox,CP + Cox,conformal,Cox,misspecified,TRUE,2000,0.3,3,0.3,0.7,0.2,0.1,1500,1.5556803556099585,0.4035714285714286,0.21571428571428572,0.8933333333333333,1.1403391671705867,0.17919954206157745
aft_lognormal_linear,Log-Normal AFT (Linear),"Linear log-normal accelerated-failure-time DGP; log-normal is correct, Cox and Weibull are misspecified.",0.7,2,28260416,cp_lognormal,CP + Log-Normal,conformal,Log-Normal,correct,TRUE,2000,0.3,3,0.3,0.7,0.2,0.1,1500,1.5556803556099585,0.4035714285714286,0.21571428571428572,0.9016666666666666,1.119760935763465,0.2232690093131648
aft_lognormal_linear,Log-Normal AFT (Linear),"Linear log-normal accelerated-failure-time DGP; log-normal is correct, Cox and Weibull are misspecified.",0.7,2,28260416,cp_weibull,CP + Weibull,conformal,Weibull,misspecified,TRUE,2000,0.3,3,0.3,0.7,0.2,0.1,1500,1.5556803556099585,0.4035714285714286,0.21571428571428572,0.9033333333333333,1.1293953176141625,0.20575931906118394
aft_lognormal_linear,Log-Normal AFT (Linear),"Linear log-normal accelerated-failure-time DGP; log-normal is correct, Cox and Weibull are misspecified.",0.7,2,28260416,plugin_cox,Cox Plug-in,plug-in,Cox,misspecified,FALSE,2000,0.3,3,0.3,0.7,0.2,0.1,1500,1.5556803556099585,0.4035714285714286,0.21571428571428572,0.8933333333333333,1.1420417550587174,0.1782558418960637
aft_lognormal_linear,Log-Normal AFT (Linear),"Linear log-normal accelerated-failure-time DGP; log-normal is correct, Cox and Weibull are misspecified.",0.7,2,28260416,plugin_lognormal,Log-Normal Plug-in,plug-in,Log-Normal,correct,FALSE,2000,0.3,3,0.3,0.7,0.2,0.1,1500,1.5556803556099585,0.4035714285714286,0.21571428571428572,0.8983333333333333,1.1045348237331316,0.23086191674705106
aft_lognormal_linear,Log-Normal AFT (Linear),"Linear log-normal accelerated-failure-time DGP; log-normal is correct, Cox and Weibull are misspecified.",0.7,2,28260416,plugin_weibull,Weibull Plug-in,plug-in,Weibull,misspecified,FALSE,2000,0.3,3,0.3,0.7,0.2,0.1,1500,1.5556803556099585,0.4035714285714286,0.21571428571428572,0.9033333333333333,1.1366931533848648,0.2022367987169094
aft_lognormal_linear,Log-Normal AFT (Linear),"Linear log-normal accelerated-failure-time DGP; log-normal is correct, Cox and Weibull are misspecified.",0.7,3,28260417,cp_cox,CP + Cox,conformal,Cox,misspecified,TRUE,2000,0.3,3,0.3,0.7,0.2,0.1,1500,1.6304985666026546,0.4092857142857143,0.2007142857142857,0.8616666666666667,1.161669316090283,0.1901857924799597
aft_lognormal_linear,Log-Normal AFT (Linear),"Linear log-normal accelerated-failure-time DGP; log-normal is correct, Cox and Weibull are misspecified.",0.7,3,28260417,cp_lognormal,CP + Log-Normal,conformal,Log-Normal,correct,TRUE,2000,0.3,3,0.3,0.7,0.2,0.1,1500,1.6304985666026546,0.4092857142857143,0.2007142857142857,0.9016666666666666,1.1696141114385394,0.2290540479355921
aft_lognormal_linear,Log-Normal AFT (Linear),"Linear log-normal accelerated-failure-time DGP; log-normal is correct, Cox and Weibull are misspecified.",0.7,3,28260417,cp_weibull,CP + Weibull,conformal,Weibull,misspecified,TRUE,2000,0.3,3,0.3,0.7,0.2,0.1,1500,1.6304985666026546,0.4092857142857143,0.2007142857142857,0.8683333333333333,1.1261811077696167,0.24348014417250174
aft_lognormal_linear,Log-Normal AFT (Linear),"Linear log-normal accelerated-failure-time DGP; log-normal is correct, Cox and Weibull are misspecified.",0.7,3,28260417,plugin_cox,Cox Plug-in,plug-in,Cox,misspecified,FALSE,2000,0.3,3,0.3,0.7,0.2,0.1,1500,1.6304985666026546,0.4092857142857143,0.2007142857142857,0.8933333333333333,1.2023332927402284,0.16770095312941882
aft_lognormal_linear,Log-Normal AFT (Linear),"Linear log-normal accelerated-failure-time DGP; log-normal is correct, Cox and Weibull are misspecified.",0.7,3,28260417,plugin_lognormal,Log-Normal Plug-in,plug-in,Log-Normal,correct,FALSE,2000,0.3,3,0.3,0.7,0.2,0.1,1500,1.6304985666026546,0.4092857142857143,0.2007142857142857,0.885,1.149307998928099,0.239145942370816
aft_lognormal_linear,Log-Normal AFT (Linear),"Linear log-normal accelerated-failure-time DGP; log-normal is correct, Cox and Weibull are misspecified.",0.7,3,28260417,plugin_weibull,Weibull Plug-in,plug-in,Weibull,misspecified,FALSE,2000,0.3,3,0.3,0.7,0.2,0.1,1500,1.6304985666026546,0.4092857142857143,0.2007142857142857,0.915,1.1999494852881494,0.20786540413327134
aft_lognormal_linear,Log-Normal AFT (Linear),"Linear log-normal accelerated-failure-time DGP; log-normal is correct, Cox and Weibull are misspecified.",0.7,4,28260418,cp_cox,CP + Cox,conformal,Cox,misspecified,TRUE,2000,0.3,3,0.3,0.7,0.2,0.1,1500,1.4917154439891849,0.4257142857142857,0.21357142857142858,0.8916666666666667,1.0928990563189553,0.17399254050650206
aft_lognormal_linear,Log-Normal AFT (Linear),"Linear log-normal accelerated-failure-time DGP; log-normal is correct, Cox and Weibull are misspecified.",0.7,4,28260418,cp_lognormal,CP + Log-Normal,conformal,Log-Normal,correct,TRUE,2000,0.3,3,0.3,0.7,0.2,0.1,1500,1.4917154439891849,0.4257142857142857,0.21357142857142858,0.8933333333333333,1.0601768585445774,0.22756580352350916
aft_lognormal_linear,Log-Normal AFT (Linear),"Linear log-normal accelerated-failure-time DGP; log-normal is correct, Cox and Weibull are misspecified.",0.7,4,28260418,cp_weibull,CP + Weibull,conformal,Weibull,misspecified,TRUE,2000,0.3,3,0.3,0.7,0.2,0.1,1500,1.4917154439891849,0.4257142857142857,0.21357142857142858,0.8833333333333333,1.0539776384350492,0.21841342801360847
aft_lognormal_linear,Log-Normal AFT (Linear),"Linear log-normal accelerated-failure-time DGP; log-normal is correct, Cox and Weibull are misspecified.",0.7,4,28260418,plugin_cox,Cox Plug-in,plug-in,Cox,misspecified,FALSE,2000,0.3,3,0.3,0.7,0.2,0.1,1500,1.4917154439891849,0.4257142857142857,0.21357142857142858,0.9,1.1064469352156296,0.1655156191001083
aft_lognormal_linear,Log-Normal AFT (Linear),"Linear log-normal accelerated-failure-time DGP; log-normal is correct, Cox and Weibull are misspecified.",0.7,4,28260418,plugin_lognormal,Log-Normal Plug-in,plug-in,Log-Normal,correct,FALSE,2000,0.3,3,0.3,0.7,0.2,0.1,1500,1.4917154439891849,0.4257142857142857,0.21357142857142858,0.8933333333333333,1.0579453303036896,0.22863530860949116
aft_lognormal_linear,Log-Normal AFT (Linear),"Linear log-normal accelerated-failure-time DGP; log-normal is correct, Cox and Weibull are misspecified.",0.7,4,28260418,plugin_weibull,Weibull Plug-in,plug-in,Weibull,misspecified,FALSE,2000,0.3,3,0.3,0.7,0.2,0.1,1500,1.4917154439891849,0.4257142857142857,0.21357142857142858,0.9133333333333333,1.1004118942564698,0.19672751419510046
aft_lognormal_linear,Log-Normal AFT (Linear),"Linear log-normal accelerated-failure-time DGP; log-normal is correct, Cox and Weibull are misspecified.",0.7,5,28260419,cp_cox,CP + Cox,conformal,Cox,misspecified,TRUE,2000,0.3,3,0.3,0.7,0.2,0.1,1500,1.5188464385710092,0.40285714285714286,0.20285714285714285,0.9083333333333333,1.066116511123009,0.19661295809249013
aft_lognormal_linear,Log-Normal AFT (Linear),"Linear log-normal accelerated-failure-time DGP; log-normal is correct, Cox and Weibull are misspecified.",0.7,5,28260419,cp_lognormal,CP + Log-Normal,conformal,Log-Normal,correct,TRUE,2000,0.3,3,0.3,0.7,0.2,0.1,1500,1.5188464385710092,0.40285714285714286,0.20285714285714285,0.9116666666666666,1.0538532185969722,0.24103761314897634
aft_lognormal_linear,Log-Normal AFT (Linear),"Linear log-normal accelerated-failure-time DGP; log-normal is correct, Cox and Weibull are misspecified.",0.7,5,28260419,cp_weibull,CP + Weibull,conformal,Weibull,misspecified,TRUE,2000,0.3,3,0.3,0.7,0.2,0.1,1500,1.5188464385710092,0.40285714285714286,0.20285714285714285,0.9216666666666666,1.0762451891737324,0.2103761077245941
aft_lognormal_linear,Log-Normal AFT (Linear),"Linear log-normal accelerated-failure-time DGP; log-normal is correct, Cox and Weibull are misspecified.",0.7,5,28260419,plugin_cox,Cox Plug-in,plug-in,Cox,misspecified,FALSE,2000,0.3,3,0.3,0.7,0.2,0.1,1500,1.5188464385710092,0.40285714285714286,0.20285714285714285,0.9316666666666666,1.131041190548154,0.159160195017291
aft_lognormal_linear,Log-Normal AFT (Linear),"Linear log-normal accelerated-failure-time DGP; log-normal is correct, Cox and Weibull are misspecified.",0.7,5,28260419,plugin_lognormal,Log-Normal Plug-in,plug-in,Log-Normal,correct,FALSE,2000,0.3,3,0.3,0.7,0.2,0.1,1500,1.5188464385710092,0.40285714285714286,0.20285714285714285,0.92,1.07503172230544,0.2311123338801649
aft_lognormal_linear,Log-Normal AFT (Linear),"Linear log-normal accelerated-failure-time DGP; log-normal is correct, Cox and Weibull are misspecified.",0.7,5,28260419,plugin_weibull,Weibull Plug-in,plug-in,Weibull,misspecified,FALSE,2000,0.3,3,0.3,0.7,0.2,0.1,1500,1.5188464385710092,0.40285714285714286,0.20285714285714285,0.9366666666666666,1.1262544740550355,0.18676020754460906
aft_lognormal_linear,Log-Normal AFT (Linear),"Linear log-normal accelerated-failure-time DGP; log-normal is correct, Cox and Weibull are misspecified.",0.7,6,28260420,cp_cox,CP + Cox,conformal,Cox,misspecified,TRUE,2000,0.3,3,0.3,0.7,0.2,0.1,1500,1.5384661536815964,0.4228571428571429,0.195,0.9083333333333333,1.1082155853025382,0.20572221451607467
aft_lognormal_linear,Log-Normal AFT (Linear),"Linear log-normal accelerated-failure-time DGP; log-normal is correct, Cox and Weibull are misspecified.",0.7,6,28260420,cp_lognormal,CP + Log-Normal,conformal,Log-Normal,correct,TRUE,2000,0.3,3,0.3,0.7,0.2,0.1,1500,1.5384661536815964,0.4228571428571429,0.195,0.9116666666666666,1.0663035560467047,0.2642484773586201
aft_lognormal_linear,Log-Normal AFT (Linear),"Linear log-normal accelerated-failure-time DGP; log-normal is correct, Cox and Weibull are misspecified.",0.7,6,28260420,cp_weibull,CP + Weibull,conformal,Weibull,misspecified,TRUE,2000,0.3,3,0.3,0.7,0.2,0.1,1500,1.5384661536815964,0.4228571428571429,0.195,0.9083333333333333,1.0744860956177231,0.23366496381568197
aft_lognormal_linear,Log-Normal AFT (Linear),"Linear log-normal accelerated-failure-time DGP; log-normal is correct, Cox and Weibull are misspecified.",0.7,6,28260420,plugin_cox,Cox Plug-in,plug-in,Cox,misspecified,FALSE,2000,0.3,3,0.3,0.7,0.2,0.1,1500,1.5384661536815964,0.4228571428571429,0.195,0.9266666666666666,1.1361408653751606,0.19088382876838786
aft_lognormal_linear,Log-Normal AFT (Linear),"Linear log-normal accelerated-failure-time DGP; log-normal is correct, Cox and Weibull are misspecified.",0.7,6,28260420,plugin_lognormal,Log-Normal Plug-in,plug-in,Log-Normal,correct,FALSE,2000,0.3,3,0.3,0.7,0.2,0.1,1500,1.5384661536815964,0.4228571428571429,0.195,0.915,1.0716155273001622,0.26168987483290085
aft_lognormal_linear,Log-Normal AFT (Linear),"Linear log-normal accelerated-failure-time DGP; log-normal is correct, Cox and Weibull are misspecified.",0.7,6,28260420,plugin_weibull,Weibull Plug-in,plug-in,Weibull,misspecified,FALSE,2000,0.3,3,0.3,0.7,0.2,0.1,1500,1.5384661536815964,0.4228571428571429,0.195,0.9316666666666666,1.1271693980841497,0.21042873163800482
aft_lognormal_linear,Log-Normal AFT (Linear),"Linear log-normal accelerated-failure-time DGP; log-normal is correct, Cox and Weibull are misspecified.",0.7,7,28260421,cp_cox,CP + Cox,conformal,Cox,misspecified,TRUE,2000,0.3,3,0.3,0.7,0.2,0.1,1500,1.5724018931074204,0.3992857142857143,0.21,0.8983333333333333,1.1253290687336108,0.19253547757573733
aft_lognormal_linear,Log-Normal AFT (Linear),"Linear log-normal accelerated-failure-time DGP; log-normal is correct, Cox and Weibull are misspecified.",0.7,7,28260421,cp_lognormal,CP + Log-Normal,conformal,Log-Normal,correct,TRUE,2000,0.3,3,0.3,0.7,0.2,0.1,1500,1.5724018931074204,0.3992857142857143,0.21,0.9066666666666666,1.1055979564586793,0.25266904051609396
aft_lognormal_linear,Log-Normal AFT (Linear),"Linear log-normal accelerated-failure-time DGP; log-normal is correct, Cox and Weibull are misspecified.",0.7,7,28260421,cp_weibull,CP + Weibull,conformal,Weibull,misspecified,TRUE,2000,0.3,3,0.3,0.7,0.2,0.1,1500,1.5724018931074204,0.3992857142857143,0.21,0.905,1.111993541375363,0.22538538242527614
aft_lognormal_linear,Log-Normal AFT (Linear),"Linear log-normal accelerated-failure-time DGP; log-normal is correct, Cox and Weibull are misspecified.",0.7,7,28260421,plugin_cox,Cox Plug-in,plug-in,Cox,misspecified,FALSE,2000,0.3,3,0.3,0.7,0.2,0.1,1500,1.5724018931074204,0.3992857142857143,0.21,0.9116666666666666,1.1479868694887585,0.18066418979573867
aft_lognormal_linear,Log-Normal AFT (Linear),"Linear log-normal accelerated-failure-time DGP; log-normal is correct, Cox and Weibull are misspecified.",0.7,7,28260421,plugin_lognormal,Log-Normal Plug-in,plug-in,Log-Normal,correct,FALSE,2000,0.3,3,0.3,0.7,0.2,0.1,1500,1.5724018931074204,0.3992857142857143,0.21,0.8983333333333333,1.0900803521809121,0.2604080780790201
aft_lognormal_linear,Log-Normal AFT (Linear),"Linear log-normal accelerated-failure-time DGP; log-normal is correct, Cox and Weibull are misspecified.",0.7,7,28260421,plugin_weibull,Weibull Plug-in,plug-in,Weibull,misspecified,FALSE,2000,0.3,3,0.3,0.7,0.2,0.1,1500,1.5724018931074204,0.3992857142857143,0.21,0.9283333333333333,1.1470532818650065,0.208956778428551
aft_lognormal_linear,Log-Normal AFT (Linear),"Linear log-normal accelerated-failure-time DGP; log-normal is correct, Cox and Weibull are misspecified.",0.7,8,28260422,cp_cox,CP + Cox,conformal,Cox,misspecified,TRUE,2000,0.3,3,0.3,0.7,0.2,0.1,1500,1.6070437198052452,0.41285714285714287,0.21857142857142858,0.8866666666666667,1.161639927429892,0.18488442676415648
aft_lognormal_linear,Log-Normal AFT (Linear),"Linear log-normal accelerated-failure-time DGP; log-normal is correct, Cox and Weibull are misspecified.",0.7,8,28260422,cp_lognormal,CP + Log-Normal,conformal,Log-Normal,correct,TRUE,2000,0.3,3,0.3,0.7,0.2,0.1,1500,1.6070437198052452,0.41285714285714287,0.21857142857142858,0.8666666666666667,1.1161515299624705,0.25693997791218953
aft_lognormal_linear,Log-Normal AFT (Linear),"Linear log-normal accelerated-failure-time DGP; log-normal is correct, Cox and Weibull are misspecified.",0.7,8,28260422,cp_weibull,CP + Weibull,conformal,Weibull,misspecified,TRUE,2000,0.3,3,0.3,0.7,0.2,0.1,1500,1.6070437198052452,0.41285714285714287,0.21857142857142858,0.8933333333333333,1.1597142380528702,0.21580074773053756
aft_lognormal_linear,Log-Normal AFT (Linear),"Linear log-normal accelerated-failure-time DGP; log-normal is correct, Cox and Weibull are misspecified.",0.7,8,28260422,plugin_cox,Cox Plug-in,plug-in,Cox,misspecified,FALSE,2000,0.3,3,0.3,0.7,0.2,0.1,1500,1.6070437198052452,0.41285714285714287,0.21857142857142858,0.8933333333333333,1.1773751444699943,0.17722104777266512
aft_lognormal_linear,Log-Normal AFT (Linear),"Linear log-normal accelerated-failure-time DGP; log-normal is correct, Cox and Weibull are misspecified.",0.7,8,28260422,plugin_lognormal,Log-Normal Plug-in,plug-in,Log-Normal,correct,FALSE,2000,0.3,3,0.3,0.7,0.2,0.1,1500,1.6070437198052452,0.41285714285714287,0.21857142857142858,0.8683333333333333,1.1185390405236735,0.2558429600619103
aft_lognormal_linear,Log-Normal AFT (Linear),"Linear log-normal accelerated-failure-time DGP; log-normal is correct, Cox and Weibull are misspecified.",0.7,8,28260422,plugin_weibull,Weibull Plug-in,plug-in,Weibull,misspecified,FALSE,2000,0.3,3,0.3,0.7,0.2,0.1,1500,1.6070437198052452,0.41285714285714287,0.21857142857142858,0.9,1.174867106336168,0.20894938148179745
aft_lognormal_linear,Log-Normal AFT (Linear),"Linear log-normal accelerated-failure-time DGP; log-normal is correct, Cox and Weibull are misspecified.",0.7,9,28260423,cp_cox,CP + Cox,conformal,Cox,misspecified,TRUE,2000,0.3,3,0.3,0.7,0.2,0.1,1500,1.6140352107087876,0.4085714285714286,0.20642857142857143,0.905,1.209772457605217,0.18605685040465822
aft_lognormal_linear,Log-Normal AFT (Linear),"Linear log-normal accelerated-failure-time DGP; log-normal is correct, Cox and Weibull are misspecified.",0.7,9,28260423,cp_lognormal,CP + Log-Normal,conformal,Log-Normal,correct,TRUE,2000,0.3,3,0.3,0.7,0.2,0.1,1500,1.6140352107087876,0.4085714285714286,0.20642857142857143,0.9,1.1549882461853822,0.2616990208777563
aft_lognormal_linear,Log-Normal AFT (Linear),"Linear log-normal accelerated-failure-time DGP; log-normal is correct, Cox and Weibull are misspecified.",0.7,9,28260423,cp_weibull,CP + Weibull,conformal,Weibull,misspecified,TRUE,2000,0.3,3,0.3,0.7,0.2,0.1,1500,1.6140352107087876,0.4085714285714286,0.20642857142857143,0.8966666666666666,1.1769852979197726,0.22118198340144898
aft_lognormal_linear,Log-Normal AFT (Linear),"Linear log-normal accelerated-failure-time DGP; log-normal is correct, Cox and Weibull are misspecified.",0.7,9,28260423,plugin_cox,Cox Plug-in,plug-in,Cox,misspecified,FALSE,2000,0.3,3,0.3,0.7,0.2,0.1,1500,1.6140352107087876,0.4085714285714286,0.20642857142857143,0.91,1.2164853832421596,0.18237565681814003
aft_lognormal_linear,Log-Normal AFT (Linear),"Linear log-normal accelerated-failure-time DGP; log-normal is correct, Cox and Weibull are misspecified.",0.7,9,28260423,plugin_lognormal,Log-Normal Plug-in,plug-in,Log-Normal,correct,FALSE,2000,0.3,3,0.3,0.7,0.2,0.1,1500,1.6140352107087876,0.4085714285714286,0.20642857142857143,0.8966666666666666,1.144811520850288,0.2663354744527295
aft_lognormal_linear,Log-Normal AFT (Linear),"Linear log-normal accelerated-failure-time DGP; log-normal is correct, Cox and Weibull are misspecified.",0.7,9,28260423,plugin_weibull,Weibull Plug-in,plug-in,Weibull,misspecified,FALSE,2000,0.3,3,0.3,0.7,0.2,0.1,1500,1.6140352107087876,0.4085714285714286,0.20642857142857143,0.91,1.207087073538513,0.20689544818619535
aft_lognormal_linear,Log-Normal AFT (Linear),"Linear log-normal accelerated-failure-time DGP; log-normal is correct, Cox and Weibull are misspecified.",0.7,10,28260424,cp_cox,CP + Cox,conformal,Cox,misspecified,TRUE,2000,0.3,3,0.3,0.7,0.2,0.1,1500,1.552376433423668,0.3964285714285714,0.1957142857142857,0.8966666666666666,1.1282471182650196,0.17787710389541822
aft_lognormal_linear,Log-Normal AFT (Linear),"Linear log-normal accelerated-failure-time DGP; log-normal is correct, Cox and Weibull are misspecified.",0.7,10,28260424,cp_lognormal,CP + Log-Normal,conformal,Log-Normal,correct,TRUE,2000,0.3,3,0.3,0.7,0.2,0.1,1500,1.552376433423668,0.3964285714285714,0.1957142857142857,0.9083333333333333,1.113303513987366,0.23047876913047186
aft_lognormal_linear,Log-Normal AFT (Linear),"Linear log-normal accelerated-failure-time DGP; log-normal is correct, Cox and Weibull are misspecified.",0.7,10,28260424,cp_weibull,CP + Weibull,conformal,Weibull,misspecified,TRUE,2000,0.3,3,0.3,0.7,0.2,0.1,1500,1.552376433423668,0.3964285714285714,0.1957142857142857,0.89,1.1107607248904516,0.21016218238183446
aft_lognormal_linear,Log-Normal AFT (Linear),"Linear log-normal accelerated-failure-time DGP; log-normal is correct, Cox and Weibull are misspecified.",0.7,10,28260424,plugin_cox,Cox Plug-in,plug-in,Cox,misspecified,FALSE,2000,0.3,3,0.3,0.7,0.2,0.1,1500,1.552376433423668,0.3964285714285714,0.1957142857142857,0.905,1.1560216812169173,0.16253625876505062
aft_lognormal_linear,Log-Normal AFT (Linear),"Linear log-normal accelerated-failure-time DGP; log-normal is correct, Cox and Weibull are misspecified.",0.7,10,28260424,plugin_lognormal,Log-Normal Plug-in,plug-in,Log-Normal,correct,FALSE,2000,0.3,3,0.3,0.7,0.2,0.1,1500,1.552376433423668,0.3964285714285714,0.1957142857142857,0.895,1.0976552503368702,0.23830317979621382
aft_lognormal_linear,Log-Normal AFT (Linear),"Linear log-normal accelerated-failure-time DGP; log-normal is correct, Cox and Weibull are misspecified.",0.7,10,28260424,plugin_weibull,Weibull Plug-in,plug-in,Weibull,misspecified,FALSE,2000,0.3,3,0.3,0.7,0.2,0.1,1500,1.552376433423668,0.3964285714285714,0.1957142857142857,0.9283333333333333,1.1504896611829214,0.1924649884500002
aft_lognormal_linear,Log-Normal AFT (Linear),"Linear log-normal accelerated-failure-time DGP; log-normal is correct, Cox and Weibull are misspecified.",0.7,11,28260425,cp_cox,CP + Cox,conformal,Cox,misspecified,TRUE,2000,0.3,3,0.3,0.7,0.2,0.1,1500,1.5825157934133873,0.41928571428571426,0.21714285714285714,0.9283333333333333,1.1665785312822532,0.2043692862293077
aft_lognormal_linear,Log-Normal AFT (Linear),"Linear log-normal accelerated-failure-time DGP; log-normal is correct, Cox and Weibull are misspecified.",0.7,11,28260425,cp_lognormal,CP + Log-Normal,conformal,Log-Normal,correct,TRUE,2000,0.3,3,0.3,0.7,0.2,0.1,1500,1.5825157934133873,0.41928571428571426,0.21714285714285714,0.92,1.1088627151702102,0.2796660777396477
aft_lognormal_linear,Log-Normal AFT (Linear),"Linear log-normal accelerated-failure-time DGP; log-normal is correct, Cox and Weibull are misspecified.",0.7,11,28260425,cp_weibull,CP + Weibull,conformal,Weibull,misspecified,TRUE,2000,0.3,3,0.3,0.7,0.2,0.1,1500,1.5825157934133873,0.41928571428571426,0.21714285714285714,0.9233333333333333,1.1240291782170595,0.2542259874081902
aft_lognormal_linear,Log-Normal AFT (Linear),"Linear log-normal accelerated-failure-time DGP; log-normal is correct, Cox and Weibull are misspecified.",0.7,11,28260425,plugin_cox,Cox Plug-in,plug-in,Cox,misspecified,FALSE,2000,0.3,3,0.3,0.7,0.2,0.1,1500,1.5825157934133873,0.41928571428571426,0.21714285714285714,0.93,1.1705373417721714,0.2020724153422922
aft_lognormal_linear,Log-Normal AFT (Linear),"Linear log-normal accelerated-failure-time DGP; log-normal is correct, Cox and Weibull are misspecified.",0.7,11,28260425,plugin_lognormal,Log-Normal Plug-in,plug-in,Log-Normal,correct,FALSE,2000,0.3,3,0.3,0.7,0.2,0.1,1500,1.5825157934133873,0.41928571428571426,0.21714285714285714,0.92,1.1037744486769085,0.28214942605654314
aft_lognormal_linear,Log-Normal AFT (Linear),"Linear log-normal accelerated-failure-time DGP; log-normal is correct, Cox and Weibull are misspecified.",0.7,11,28260425,plugin_weibull,Weibull Plug-in,plug-in,Weibull,misspecified,FALSE,2000,0.3,3,0.3,0.7,0.2,0.1,1500,1.5825157934133873,0.41928571428571426,0.21714285714285714,0.94,1.1624065801419545,0.23573039141346014
aft_lognormal_linear,Log-Normal AFT (Linear),"Linear log-normal accelerated-failure-time DGP; log-normal is correct, Cox and Weibull are misspecified.",0.7,12,28260426,cp_cox,CP + Cox,conformal,Cox,misspecified,TRUE,2000,0.3,3,0.3,0.7,0.2,0.1,1500,1.5665447144264855,0.40285714285714286,0.19857142857142857,0.9083333333333333,1.1495630163794432,0.15225943787924714
aft_lognormal_linear,Log-Normal AFT (Linear),"Linear log-normal accelerated-failure-time DGP; log-normal is correct, Cox and Weibull are misspecified.",0.7,12,28260426,cp_lognormal,CP + Log-Normal,conformal,Log-Normal,correct,TRUE,2000,0.3,3,0.3,0.7,0.2,0.1,1500,1.5665447144264855,0.40285714285714286,0.19857142857142857,0.9083333333333333,1.1202808473132406,0.2086881027711639
aft_lognormal_linear,Log-Normal AFT (Linear),"Linear log-normal accelerated-failure-time DGP; log-normal is correct, Cox and Weibull are misspecified.",0.7,12,28260426,cp_weibull,CP + Weibull,conformal,Weibull,misspecified,TRUE,2000,0.3,3,0.3,0.7,0.2,0.1,1500,1.5665447144264855,0.40285714285714286,0.19857142857142857,0.91,1.138355991396216,0.1786444989320402
aft_lognormal_linear,Log-Normal AFT (Linear),"Linear log-normal accelerated-failure-time DGP; log-normal is correct, Cox and Weibull are misspecified.",0.7,12,28260426,plugin_cox,Cox Plug-in,plug-in,Cox,misspecified,FALSE,2000,0.3,3,0.3,0.7,0.2,0.1,1500,1.5665447144264855,0.40285714285714286,0.19857142857142857,0.9183333333333333,1.1671130223789503,0.14360727994669173
aft_lognormal_linear,Log-Normal AFT (Linear),"Linear log-normal accelerated-failure-time DGP; log-normal is correct, Cox and Weibull are misspecified.",0.7,12,28260426,plugin_lognormal,Log-Normal Plug-in,plug-in,Log-Normal,correct,FALSE,2000,0.3,3,0.3,0.7,0.2,0.1,1500,1.5665447144264855,0.40285714285714286,0.19857142857142857,0.9033333333333333,1.1156727314163746,0.21084301387809984
aft_lognormal_linear,Log-Normal AFT (Linear),"Linear log-normal accelerated-failure-time DGP; log-normal is correct, Cox and Weibull are misspecified.",0.7,12,28260426,plugin_weibull,Weibull Plug-in,plug-in,Weibull,misspecified,FALSE,2000,0.3,3,0.3,0.7,0.2,0.1,1500,1.5665447144264855,0.40285714285714286,0.19857142857142857,0.925,1.1626168545386741,0.16852263091769537
aft_lognormal_linear,Log-Normal AFT (Linear),"Linear log-normal accelerated-failure-time DGP; log-normal is correct, Cox and Weibull are misspecified.",0.7,13,28260427,cp_cox,CP + Cox,conformal,Cox,misspecified,TRUE,2000,0.3,3,0.3,0.7,0.2,0.1,1500,1.5948771302624534,0.405,0.20642857142857143,0.9333333333333333,1.1774274371547868,0.18349660552212246
aft_lognormal_linear,Log-Normal AFT (Linear),"Linear log-normal accelerated-failure-time DGP; log-normal is correct, Cox and Weibull are misspecified.",0.7,13,28260427,cp_lognormal,CP + Log-Normal,conformal,Log-Normal,correct,TRUE,2000,0.3,3,0.3,0.7,0.2,0.1,1500,1.5948771302624534,0.405,0.20642857142857143,0.9083333333333333,1.103616662357964,0.2648240015867023
aft_lognormal_linear,Log-Normal AFT (Linear),"Linear log-normal accelerated-failure-time DGP; log-normal is correct, Cox and Weibull are misspecified.",0.7,13,28260427,cp_weibull,CP + Weibull,conformal,Weibull,misspecified,TRUE,2000,0.3,3,0.3,0.7,0.2,0.1,1500,1.5948771302624534,0.405,0.20642857142857143,0.9316666666666666,1.1493730814051775,0.22547450586268916
aft_lognormal_linear,Log-Normal AFT (Linear),"Linear log-normal accelerated-failure-time DGP; log-normal is correct, Cox and Weibull are misspecified.",0.7,13,28260427,plugin_cox,Cox Plug-in,plug-in,Cox,misspecified,FALSE,2000,0.3,3,0.3,0.7,0.2,0.1,1500,1.5948771302624534,0.405,0.20642857142857143,0.9333333333333333,1.1760013326097851,0.18429516585609254
aft_lognormal_linear,Log-Normal AFT (Linear),"Linear log-normal accelerated-failure-time DGP; log-normal is correct, Cox and Weibull are misspecified.",0.7,13,28260427,plugin_lognormal,Log-Normal Plug-in,plug-in,Log-Normal,correct,FALSE,2000,0.3,3,0.3,0.7,0.2,0.1,1500,1.5948771302624534,0.405,0.20642857142857143,0.915,1.1228363133578212,0.2552520467358078
aft_lognormal_linear,Log-Normal AFT (Linear),"Linear log-normal accelerated-failure-time DGP; log-normal is correct, Cox and Weibull are misspecified.",0.7,13,28260427,plugin_weibull,Weibull Plug-in,plug-in,Weibull,misspecified,FALSE,2000,0.3,3,0.3,0.7,0.2,0.1,1500,1.5948771302624534,0.405,0.20642857142857143,0.9366666666666666,1.1702796297335893,0.2160952725869139
aft_lognormal_linear,Log-Normal AFT (Linear),"Linear log-normal accelerated-failure-time DGP; log-normal is correct, Cox and Weibull are misspecified.",0.7,14,28260428,cp_cox,CP + Cox,conformal,Cox,misspecified,TRUE,2000,0.3,3,0.3,0.7,0.2,0.1,1500,1.5735653495847663,0.3964285714285714,0.21857142857142858,0.895,1.1339969088903412,0.19530553362912606
aft_lognormal_linear,Log-Normal AFT (Linear),"Linear log-normal accelerated-failure-time DGP; log-normal is correct, Cox and Weibull are misspecified.",0.7,14,28260428,cp_lognormal,CP + Log-Normal,conformal,Log-Normal,correct,TRUE,2000,0.3,3,0.3,0.7,0.2,0.1,1500,1.5735653495847663,0.3964285714285714,0.21857142857142858,0.9,1.0941684894292452,0.27040070656388215
aft_lognormal_linear,Log-Normal AFT (Linear),"Linear log-normal accelerated-failure-time DGP; log-normal is correct, Cox and Weibull are misspecified.",0.7,14,28260428,cp_weibull,CP + Weibull,conformal,Weibull,misspecified,TRUE,2000,0.3,3,0.3,0.7,0.2,0.1,1500,1.5735653495847663,0.3964285714285714,0.21857142857142858,0.8916666666666667,1.1047994377316603,0.23052622503688994
aft_lognormal_linear,Log-Normal AFT (Linear),"Linear log-normal accelerated-failure-time DGP; log-normal is correct, Cox and Weibull are misspecified.",0.7,14,28260428,plugin_cox,Cox Plug-in,plug-in,Cox,misspecified,FALSE,2000,0.3,3,0.3,0.7,0.2,0.1,1500,1.5735653495847663,0.3964285714285714,0.21857142857142858,0.9066666666666666,1.1632530493299473,0.1797094781706709
aft_lognormal_linear,Log-Normal AFT (Linear),"Linear log-normal accelerated-failure-time DGP; log-normal is correct, Cox and Weibull are misspecified.",0.7,14,28260428,plugin_lognormal,Log-Normal Plug-in,plug-in,Log-Normal,correct,FALSE,2000,0.3,3,0.3,0.7,0.2,0.1,1500,1.5735653495847663,0.3964285714285714,0.21857142857142858,0.9,1.0937757583105665,0.27058371069098647
aft_lognormal_linear,Log-Normal AFT (Linear),"Linear log-normal accelerated-failure-time DGP; log-normal is correct, Cox and Weibull are misspecified.",0.7,14,28260428,plugin_weibull,Weibull Plug-in,plug-in,Weibull,misspecified,FALSE,2000,0.3,3,0.3,0.7,0.2,0.1,1500,1.5735653495847663,0.3964285714285714,0.21857142857142858,0.92,1.1613031681942823,0.20425177394032779
aft_lognormal_linear,Log-Normal AFT (Linear),"Linear log-normal accelerated-failure-time DGP; log-normal is correct, Cox and Weibull are misspecified.",0.7,15,28260429,cp_cox,CP + Cox,conformal,Cox,misspecified,TRUE,2000,0.3,3,0.3,0.7,0.2,0.1,1500,1.5826172336643034,0.42428571428571427,0.205,0.8766666666666667,1.1194558428542432,0.2243799143658369
aft_lognormal_linear,Log-Normal AFT (Linear),"Linear log-normal accelerated-failure-time DGP; log-normal is correct, Cox and Weibull are misspecified.",0.7,15,28260429,cp_lognormal,CP + Log-Normal,conformal,Log-Normal,correct,TRUE,2000,0.3,3,0.3,0.7,0.2,0.1,1500,1.5826172336643034,0.42428571428571427,0.205,0.88,1.1106144785188539,0.2658454684336309
aft_lognormal_linear,Log-Normal AFT (Linear),"Linear log-normal accelerated-failure-time DGP; log-normal is correct, Cox and Weibull are misspecified.",0.7,15,28260429,cp_weibull,CP + Weibull,conformal,Weibull,misspecified,TRUE,2000,0.3,3,0.3,0.7,0.2,0.1,1500,1.5826172336643034,0.42428571428571427,0.205,0.8733333333333333,1.1018746726317892,0.2413951040953568
aft_lognormal_linear,Log-Normal AFT (Linear),"Linear log-normal accelerated-failure-time DGP; log-normal is correct, Cox and Weibull are misspecified.",0.7,15,28260429,plugin_cox,Cox Plug-in,plug-in,Cox,misspecified,FALSE,2000,0.3,3,0.3,0.7,0.2,0.1,1500,1.5826172336643034,0.42428571428571427,0.205,0.8983333333333333,1.1657631250283371,0.19882173136642847
aft_lognormal_linear,Log-Normal AFT (Linear),"Linear log-normal accelerated-failure-time DGP; log-normal is correct, Cox and Weibull are misspecified.",0.7,15,28260429,plugin_lognormal,Log-Normal Plug-in,plug-in,Log-Normal,correct,FALSE,2000,0.3,3,0.3,0.7,0.2,0.1,1500,1.5826172336643034,0.42428571428571427,0.205,0.8733333333333333,1.0989107298966212,0.27168161191160556
aft_lognormal_linear,Log-Normal AFT (Linear),"Linear log-normal accelerated-failure-time DGP; log-normal is correct, Cox and Weibull are misspecified.",0.7,15,28260429,plugin_weibull,Weibull Plug-in,plug-in,Weibull,misspecified,FALSE,2000,0.3,3,0.3,0.7,0.2,0.1,1500,1.5826172336643034,0.42428571428571427,0.205,0.9016666666666666,1.1546113682265433,0.2175153172832881
aft_lognormal_linear,Log-Normal AFT (Linear),"Linear log-normal accelerated-failure-time DGP; log-normal is correct, Cox and Weibull are misspecified.",0.7,16,28260430,cp_cox,CP + Cox,conformal,Cox,misspecified,TRUE,2000,0.3,3,0.3,0.7,0.2,0.1,1500,1.5135464067807645,0.40785714285714286,0.215,0.8916666666666667,1.105851000641217,0.1629248625744014
aft_lognormal_linear,Log-Normal AFT (Linear),"Linear log-normal accelerated-failure-time DGP; log-normal is correct, Cox and Weibull are misspecified.",0.7,16,28260430,cp_lognormal,CP + Log-Normal,conformal,Log-Normal,correct,TRUE,2000,0.3,3,0.3,0.7,0.2,0.1,1500,1.5135464067807645,0.40785714285714286,0.215,0.895,1.0804254272530567,0.22545846858517213
aft_lognormal_linear,Log-Normal AFT (Linear),"Linear log-normal accelerated-failure-time DGP; log-normal is correct, Cox and Weibull are misspecified.",0.7,16,28260430,cp_weibull,CP + Weibull,conformal,Weibull,misspecified,TRUE,2000,0.3,3,0.3,0.7,0.2,0.1,1500,1.5135464067807645,0.40785714285714286,0.215,0.89,1.0908704634013442,0.1933109942681564
aft_lognormal_linear,Log-Normal AFT (Linear),"Linear log-normal accelerated-failure-time DGP; log-normal is correct, Cox and Weibull are misspecified.",0.7,16,28260430,plugin_cox,Cox Plug-in,plug-in,Cox,misspecified,FALSE,2000,0.3,3,0.3,0.7,0.2,0.1,1500,1.5135464067807645,0.40785714285714286,0.215,0.8983333333333333,1.1141143302396246,0.15861623559736965
aft_lognormal_linear,Log-Normal AFT (Linear),"Linear log-normal accelerated-failure-time DGP; log-normal is correct, Cox and Weibull are misspecified.",0.7,16,28260430,plugin_lognormal,Log-Normal Plug-in,plug-in,Log-Normal,correct,FALSE,2000,0.3,3,0.3,0.7,0.2,0.1,1500,1.5135464067807645,0.40785714285714286,0.215,0.8783333333333333,1.0578469775503128,0.23611419545082804
aft_lognormal_linear,Log-Normal AFT (Linear),"Linear log-normal accelerated-failure-time DGP; log-normal is correct, Cox and Weibull are misspecified.",0.7,16,28260430,plugin_weibull,Weibull Plug-in,plug-in,Weibull,misspecified,FALSE,2000,0.3,3,0.3,0.7,0.2,0.1,1500,1.5135464067807645,0.40785714285714286,0.215,0.915,1.1130252377327474,0.18317850028340701
aft_lognormal_linear,Log-Normal AFT (Linear),"Linear log-normal accelerated-failure-time DGP; log-normal is correct, Cox and Weibull are misspecified.",0.7,17,28260431,cp_cox,CP + Cox,conformal,Cox,misspecified,TRUE,2000,0.3,3,0.3,0.7,0.2,0.1,1500,1.6451524398762845,0.4057142857142857,0.215,0.9066666666666666,1.205726291049056,0.2097385228533428
aft_lognormal_linear,Log-Normal AFT (Linear),"Linear log-normal accelerated-failure-time DGP; log-normal is correct, Cox and Weibull are misspecified.",0.7,17,28260431,cp_lognormal,CP + Log-Normal,conformal,Log-Normal,correct,TRUE,2000,0.3,3,0.3,0.7,0.2,0.1,1500,1.6451524398762845,0.4057142857142857,0.215,0.9116666666666666,1.1928069057233588,0.2573514460995735
aft_lognormal_linear,Log-Normal AFT (Linear),"Linear log-normal accelerated-failure-time DGP; log-normal is correct, Cox and Weibull are misspecified.",0.7,17,28260431,cp_weibull,CP + Weibull,conformal,Weibull,misspecified,TRUE,2000,0.3,3,0.3,0.7,0.2,0.1,1500,1.6451524398762845,0.4057142857142857,0.215,0.9016666666666666,1.1742244613577228,0.24946311692578843
aft_lognormal_linear,Log-Normal AFT (Linear),"Linear log-normal accelerated-failure-time DGP; log-normal is correct, Cox and Weibull are misspecified.",0.7,17,28260431,plugin_cox,Cox Plug-in,plug-in,Cox,misspecified,FALSE,2000,0.3,3,0.3,0.7,0.2,0.1,1500,1.6451524398762845,0.4057142857142857,0.215,0.915,1.234877813563923,0.1920140545373683
aft_lognormal_linear,Log-Normal AFT (Linear),"Linear log-normal accelerated-failure-time DGP; log-normal is correct, Cox and Weibull are misspecified.",0.7,17,28260431,plugin_lognormal,Log-Normal Plug-in,plug-in,Log-Normal,correct,FALSE,2000,0.3,3,0.3,0.7,0.2,0.1,1500,1.6451524398762845,0.4057142857142857,0.215,0.91,1.176774153767842,0.2660849829499176
aft_lognormal_linear,Log-Normal AFT (Linear),"Linear log-normal accelerated-failure-time DGP; log-normal is correct, Cox and Weibull are misspecified.",0.7,17,28260431,plugin_weibull,Weibull Plug-in,plug-in,Weibull,misspecified,FALSE,2000,0.3,3,0.3,0.7,0.2,0.1,1500,1.6451524398762845,0.4057142857142857,0.215,0.9266666666666666,1.2304057344283765,0.21970239738401715
aft_lognormal_linear,Log-Normal AFT (Linear),"Linear log-normal accelerated-failure-time DGP; log-normal is correct, Cox and Weibull are misspecified.",0.7,18,28260432,cp_cox,CP + Cox,conformal,Cox,misspecified,TRUE,2000,0.3,3,0.3,0.7,0.2,0.1,1500,1.6429771831531723,0.41785714285714287,0.21857142857142858,0.8666666666666667,1.1695332695002478,0.20987097054962797
aft_lognormal_linear,Log-Normal AFT (Linear),"Linear log-normal accelerated-failure-time DGP; log-normal is correct, Cox and Weibull are misspecified.",0.7,18,28260432,cp_lognormal,CP + Log-Normal,conformal,Log-Normal,correct,TRUE,2000,0.3,3,0.3,0.7,0.2,0.1,1500,1.6429771831531723,0.41785714285714287,0.21857142857142858,0.8916666666666667,1.1667213310730977,0.26709033856744274
aft_lognormal_linear,Log-Normal AFT (Linear),"Linear log-normal accelerated-failure-time DGP; log-normal is correct, Cox and Weibull are misspecified.",0.7,18,28260432,cp_weibull,CP + Weibull,conformal,Weibull,misspecified,TRUE,2000,0.3,3,0.3,0.7,0.2,0.1,1500,1.6429771831531723,0.41785714285714287,0.21857142857142858,0.8816666666666667,1.1625143712852397,0.2407115606168147
aft_lognormal_linear,Log-Normal AFT (Linear),"Linear log-normal accelerated-failure-time DGP; log-normal is correct, Cox and Weibull are misspecified.",0.7,18,28260432,plugin_cox,Cox Plug-in,plug-in,Cox,misspecified,FALSE,2000,0.3,3,0.3,0.7,0.2,0.1,1500,1.6429771831531723,0.41785714285714287,0.21857142857142858,0.9133333333333333,1.2267202727908193,0.17873756222508105
aft_lognormal_linear,Log-Normal AFT (Linear),"Linear log-normal accelerated-failure-time DGP; log-normal is correct, Cox and Weibull are misspecified.",0.7,18,28260432,plugin_lognormal,Log-Normal Plug-in,plug-in,Log-Normal,correct,FALSE,2000,0.3,3,0.3,0.7,0.2,0.1,1500,1.6429771831531723,0.41785714285714287,0.21857142857142858,0.885,1.1600230835611236,0.2705526983181873
aft_lognormal_linear,Log-Normal AFT (Linear),"Linear log-normal accelerated-failure-time DGP; log-normal is correct, Cox and Weibull are misspecified.",0.7,18,28260432,plugin_weibull,Weibull Plug-in,plug-in,Weibull,misspecified,FALSE,2000,0.3,3,0.3,0.7,0.2,0.1,1500,1.6429771831531723,0.41785714285714287,0.21857142857142858,0.9166666666666666,1.2231702288244188,0.21199518458885735
aft_lognormal_linear,Log-Normal AFT (Linear),"Linear log-normal accelerated-failure-time DGP; log-normal is correct, Cox and Weibull are misspecified.",0.7,19,28260433,cp_cox,CP + Cox,conformal,Cox,misspecified,TRUE,2000,0.3,3,0.3,0.7,0.2,0.1,1500,1.4154471559562072,0.4207142857142857,0.19642857142857142,0.875,0.9763334279041811,0.1894451541060862
aft_lognormal_linear,Log-Normal AFT (Linear),"Linear log-normal accelerated-failure-time DGP; log-normal is correct, Cox and Weibull are misspecified.",0.7,19,28260433,cp_lognormal,CP + Log-Normal,conformal,Log-Normal,correct,TRUE,2000,0.3,3,0.3,0.7,0.2,0.1,1500,1.4154471559562072,0.4207142857142857,0.19642857142857142,0.875,0.9640127421650839,0.22432107189218847
aft_lognormal_linear,Log-Normal AFT (Linear),"Linear log-normal accelerated-failure-time DGP; log-normal is correct, Cox and Weibull are misspecified.",0.7,19,28260433,cp_weibull,CP + Weibull,conformal,Weibull,misspecified,TRUE,2000,0.3,3,0.3,0.7,0.2,0.1,1500,1.4154471559562072,0.4207142857142857,0.19642857142857142,0.865,0.9643271271486594,0.2047434616745512
aft_lognormal_linear,Log-Normal AFT (Linear),"Linear log-normal accelerated-failure-time DGP; log-normal is correct, Cox and Weibull are misspecified.",0.7,19,28260433,plugin_cox,Cox Plug-in,plug-in,Cox,misspecified,FALSE,2000,0.3,3,0.3,0.7,0.2,0.1,1500,1.4154471559562072,0.4207142857142857,0.19642857142857142,0.9016666666666666,1.0298333889894318,0.1581127335189549
aft_lognormal_linear,Log-Normal AFT (Linear),"Linear log-normal accelerated-failure-time DGP; log-normal is correct, Cox and Weibull are misspecified.",0.7,19,28260433,plugin_lognormal,Log-Normal Plug-in,plug-in,Log-Normal,correct,FALSE,2000,0.3,3,0.3,0.7,0.2,0.1,1500,1.4154471559562072,0.4207142857142857,0.19642857142857142,0.885,0.9814129655638448,0.21678950794883026
aft_lognormal_linear,Log-Normal AFT (Linear),"Linear log-normal accelerated-failure-time DGP; log-normal is correct, Cox and Weibull are misspecified.",0.7,19,28260433,plugin_weibull,Weibull Plug-in,plug-in,Weibull,misspecified,FALSE,2000,0.3,3,0.3,0.7,0.2,0.1,1500,1.4154471559562072,0.4207142857142857,0.19642857142857142,0.9083333333333333,1.0213547007474657,0.17897403931509734
aft_lognormal_linear,Log-Normal AFT (Linear),"Linear log-normal accelerated-failure-time DGP; log-normal is correct, Cox and Weibull are misspecified.",0.7,20,28260434,cp_cox,CP + Cox,conformal,Cox,misspecified,TRUE,2000,0.3,3,0.3,0.7,0.2,0.1,1500,1.6023669179206883,0.4042857142857143,0.21571428571428572,0.875,1.150921861987807,0.18851331372875021
aft_lognormal_linear,Log-Normal AFT (Linear),"Linear log-normal accelerated-failure-time DGP; log-normal is correct, Cox and Weibull are misspecified.",0.7,20,28260434,cp_lognormal,CP + Log-Normal,conformal,Log-Normal,correct,TRUE,2000,0.3,3,0.3,0.7,0.2,0.1,1500,1.6023669179206883,0.4042857142857143,0.21571428571428572,0.8733333333333333,1.101477518481058,0.2643601124926049
aft_lognormal_linear,Log-Normal AFT (Linear),"Linear log-normal accelerated-failure-time DGP; log-normal is correct, Cox and Weibull are misspecified.",0.7,20,28260434,cp_weibull,CP + Weibull,conformal,Weibull,misspecified,TRUE,2000,0.3,3,0.3,0.7,0.2,0.1,1500,1.6023669179206883,0.4042857142857143,0.21571428571428572,0.89,1.1426450856877535,0.22797371468859357
aft_lognormal_linear,Log-Normal AFT (Linear),"Linear log-normal accelerated-failure-time DGP; log-normal is correct, Cox and Weibull are misspecified.",0.7,20,28260434,plugin_cox,Cox Plug-in,plug-in,Cox,misspecified,FALSE,2000,0.3,3,0.3,0.7,0.2,0.1,1500,1.6023669179206883,0.4042857142857143,0.21571428571428572,0.895,1.1707388652528186,0.17615332423316898
aft_lognormal_linear,Log-Normal AFT (Linear),"Linear log-normal accelerated-failure-time DGP; log-normal is correct, Cox and Weibull are misspecified.",0.7,20,28260434,plugin_lognormal,Log-Normal Plug-in,plug-in,Log-Normal,correct,FALSE,2000,0.3,3,0.3,0.7,0.2,0.1,1500,1.6023669179206883,0.4042857142857143,0.21571428571428572,0.88,1.1189031553798041,0.25596642799966307
aft_lognormal_linear,Log-Normal AFT (Linear),"Linear log-normal accelerated-failure-time DGP; log-normal is correct, Cox and Weibull are misspecified.",0.7,20,28260434,plugin_weibull,Weibull Plug-in,plug-in,Weibull,misspecified,FALSE,2000,0.3,3,0.3,0.7,0.2,0.1,1500,1.6023669179206883,0.4042857142857143,0.21571428571428572,0.9033333333333333,1.1690539503917923,0.21487769321394307
aft_lognormal_linear,Log-Normal AFT (Linear),"Linear log-normal accelerated-failure-time DGP; log-normal is correct, Cox and Weibull are misspecified.",0.7,21,28260435,cp_cox,CP + Cox,conformal,Cox,misspecified,TRUE,2000,0.3,3,0.3,0.7,0.2,0.1,1500,1.548869770755622,0.4164285714285714,0.21,0.8833333333333333,1.1327537580626486,0.15402454413011107
aft_lognormal_linear,Log-Normal AFT (Linear),"Linear log-normal accelerated-failure-time DGP; log-normal is correct, Cox and Weibull are misspecified.",0.7,21,28260435,cp_lognormal,CP + Log-Normal,conformal,Log-Normal,correct,TRUE,2000,0.3,3,0.3,0.7,0.2,0.1,1500,1.548869770755622,0.4164285714285714,0.21,0.9133333333333333,1.1165966864543333,0.22460954045125398
aft_lognormal_linear,Log-Normal AFT (Linear),"Linear log-normal accelerated-failure-time DGP; log-normal is correct, Cox and Weibull are misspecified.",0.7,21,28260435,cp_weibull,CP + Weibull,conformal,Weibull,misspecified,TRUE,2000,0.3,3,0.3,0.7,0.2,0.1,1500,1.548869770755622,0.4164285714285714,0.21,0.9133333333333333,1.139923789260114,0.1872002868370515
aft_lognormal_linear,Log-Normal AFT (Linear),"Linear log-normal accelerated-failure-time DGP; log-normal is correct, Cox and Weibull are misspecified.",0.7,21,28260435,plugin_cox,Cox Plug-in,plug-in,Cox,misspecified,FALSE,2000,0.3,3,0.3,0.7,0.2,0.1,1500,1.548869770755622,0.4164285714285714,0.21,0.8983333333333333,1.1581610945037646,0.14132106481486734
aft_lognormal_linear,Log-Normal AFT (Linear),"Linear log-normal accelerated-failure-time DGP; log-normal is correct, Cox and Weibull are misspecified.",0.7,21,28260435,plugin_lognormal,Log-Normal Plug-in,plug-in,Log-Normal,correct,FALSE,2000,0.3,3,0.3,0.7,0.2,0.1,1500,1.548869770755622,0.4164285714285714,0.21,0.9066666666666666,1.1088305920645394,0.22864481110617366
aft_lognormal_linear,Log-Normal AFT (Linear),"Linear log-normal accelerated-failure-time DGP; log-normal is correct, Cox and Weibull are misspecified.",0.7,21,28260435,plugin_weibull,Weibull Plug-in,plug-in,Weibull,misspecified,FALSE,2000,0.3,3,0.3,0.7,0.2,0.1,1500,1.548869770755622,0.4164285714285714,0.21,0.9166666666666666,1.1633146251427409,0.1764928306332442
aft_lognormal_linear,Log-Normal AFT (Linear),"Linear log-normal accelerated-failure-time DGP; log-normal is correct, Cox and Weibull are misspecified.",0.7,22,28260436,cp_cox,CP + Cox,conformal,Cox,misspecified,TRUE,2000,0.3,3,0.3,0.7,0.2,0.1,1500,1.5588938601144826,0.4235714285714286,0.18571428571428572,0.8766666666666667,1.1033317621886982,0.20474482839799338
aft_lognormal_linear,Log-Normal AFT (Linear),"Linear log-normal accelerated-failure-time DGP; log-normal is correct, Cox and Weibull are misspecified.",0.7,22,28260436,cp_lognormal,CP + Log-Normal,conformal,Log-Normal,correct,TRUE,2000,0.3,3,0.3,0.7,0.2,0.1,1500,1.5588938601144826,0.4235714285714286,0.18571428571428572,0.88,1.0672412344405544,0.25610222180274334
aft_lognormal_linear,Log-Normal AFT (Linear),"Linear log-normal accelerated-failure-time DGP; log-normal is correct, Cox and Weibull are misspecified.",0.7,22,28260436,cp_weibull,CP + Weibull,conformal,Weibull,misspecified,TRUE,2000,0.3,3,0.3,0.7,0.2,0.1,1500,1.5588938601144826,0.4235714285714286,0.18571428571428572,0.885,1.0826089640765302,0.22961260531877106
aft_lognormal_linear,Log-Normal AFT (Linear),"Linear log-normal accelerated-failure-time DGP; log-normal is correct, Cox and Weibull are misspecified.",0.7,22,28260436,plugin_cox,Cox Plug-in,plug-in,Cox,misspecified,FALSE,2000,0.3,3,0.3,0.7,0.2,0.1,1500,1.5588938601144826,0.4235714285714286,0.18571428571428572,0.9016666666666666,1.1407667504744228,0.18080680128306054
aft_lognormal_linear,Log-Normal AFT (Linear),"Linear log-normal accelerated-failure-time DGP; log-normal is correct, Cox and Weibull are misspecified.",0.7,22,28260436,plugin_lognormal,Log-Normal Plug-in,plug-in,Log-Normal,correct,FALSE,2000,0.3,3,0.3,0.7,0.2,0.1,1500,1.5588938601144826,0.4235714285714286,0.18571428571428572,0.8866666666666667,1.0792243170173352,0.24986022509266248
aft_lognormal_linear,Log-Normal AFT (Linear),"Linear log-normal accelerated-failure-time DGP; log-normal is correct, Cox and Weibull are misspecified.",0.7,22,28260436,plugin_weibull,Weibull Plug-in,plug-in,Weibull,misspecified,FALSE,2000,0.3,3,0.3,0.7,0.2,0.1,1500,1.5588938601144826,0.4235714285714286,0.18571428571428572,0.9033333333333333,1.1278559363633989,0.207799452569232
aft_lognormal_linear,Log-Normal AFT (Linear),"Linear log-normal accelerated-failure-time DGP; log-normal is correct, Cox and Weibull are misspecified.",0.7,23,28260437,cp_cox,CP + Cox,conformal,Cox,misspecified,TRUE,2000,0.3,3,0.3,0.7,0.2,0.1,1500,1.6193977939882616,0.4092857142857143,0.21428571428571427,0.9266666666666666,1.1874339308896849,0.19490362369364167
aft_lognormal_linear,Log-Normal AFT (Linear),"Linear log-normal accelerated-failure-time DGP; log-normal is correct, Cox and Weibull are misspecified.",0.7,23,28260437,cp_lognormal,CP + Log-Normal,conformal,Log-Normal,correct,TRUE,2000,0.3,3,0.3,0.7,0.2,0.1,1500,1.6193977939882616,0.4092857142857143,0.21428571428571427,0.9233333333333333,1.1550244701577188,0.25747873729050674
aft_lognormal_linear,Log-Normal AFT (Linear),"Linear log-normal accelerated-failure-time DGP; log-normal is correct, Cox and Weibull are misspecified.",0.7,23,28260437,cp_weibull,CP + Weibull,conformal,Weibull,misspecified,TRUE,2000,0.3,3,0.3,0.7,0.2,0.1,1500,1.6193977939882616,0.4092857142857143,0.21428571428571427,0.915,1.154505421719236,0.23375832666458618
aft_lognormal_linear,Log-Normal AFT (Linear),"Linear log-normal accelerated-failure-time DGP; log-normal is correct, Cox and Weibull are misspecified.",0.7,23,28260437,plugin_cox,Cox Plug-in,plug-in,Cox,misspecified,FALSE,2000,0.3,3,0.3,0.7,0.2,0.1,1500,1.6193977939882616,0.4092857142857143,0.21428571428571427,0.9316666666666666,1.2133482700098293,0.18002072180471795
aft_lognormal_linear,Log-Normal AFT (Linear),"Linear log-normal accelerated-failure-time DGP; log-normal is correct, Cox and Weibull are misspecified.",0.7,23,28260437,plugin_lognormal,Log-Normal Plug-in,plug-in,Log-Normal,correct,FALSE,2000,0.3,3,0.3,0.7,0.2,0.1,1500,1.6193977939882616,0.4092857142857143,0.21428571428571427,0.9183333333333333,1.150016309497939,0.259669439625011
aft_lognormal_linear,Log-Normal AFT (Linear),"Linear log-normal accelerated-failure-time DGP; log-normal is correct, Cox and Weibull are misspecified.",0.7,23,28260437,plugin_weibull,Weibull Plug-in,plug-in,Weibull,misspecified,FALSE,2000,0.3,3,0.3,0.7,0.2,0.1,1500,1.6193977939882616,0.4092857142857143,0.21428571428571427,0.9433333333333334,1.2118965099867052,0.20831536043771956
aft_lognormal_linear,Log-Normal AFT (Linear),"Linear log-normal accelerated-failure-time DGP; log-normal is correct, Cox and Weibull are misspecified.",0.7,24,28260438,cp_cox,CP + Cox,conformal,Cox,misspecified,TRUE,2000,0.3,3,0.3,0.7,0.2,0.1,1500,1.5656106831465966,0.4157142857142857,0.20785714285714285,0.895,1.1461267053007125,0.18868870512316968
aft_lognormal_linear,Log-Normal AFT (Linear),"Linear log-normal accelerated-failure-time DGP; log-normal is correct, Cox and Weibull are misspecified.",0.7,24,28260438,cp_lognormal,CP + Log-Normal,conformal,Log-Normal,correct,TRUE,2000,0.3,3,0.3,0.7,0.2,0.1,1500,1.5656106831465966,0.4157142857142857,0.20785714285714285,0.8933333333333333,1.0998857197448983,0.25820785374261657
aft_lognormal_linear,Log-Normal AFT (Linear),"Linear log-normal accelerated-failure-time DGP; log-normal is correct, Cox and Weibull are misspecified.",0.7,24,28260438,cp_weibull,CP + Weibull,conformal,Weibull,misspecified,TRUE,2000,0.3,3,0.3,0.7,0.2,0.1,1500,1.5656106831465966,0.4157142857142857,0.20785714285714285,0.8816666666666667,1.093314466106071,0.23780372828790888
aft_lognormal_linear,Log-Normal AFT (Linear),"Linear log-normal accelerated-failure-time DGP; log-normal is correct, Cox and Weibull are misspecified.",0.7,24,28260438,plugin_cox,Cox Plug-in,plug-in,Cox,misspecified,FALSE,2000,0.3,3,0.3,0.7,0.2,0.1,1500,1.5656106831465966,0.4157142857142857,0.20785714285714285,0.9016666666666666,1.160576217324422,0.17881742417702548
aft_lognormal_linear,Log-Normal AFT (Linear),"Linear log-normal accelerated-failure-time DGP; log-normal is correct, Cox and Weibull are misspecified.",0.7,24,28260438,plugin_lognormal,Log-Normal Plug-in,plug-in,Log-Normal,correct,FALSE,2000,0.3,3,0.3,0.7,0.2,0.1,1500,1.5656106831465966,0.4157142857142857,0.20785714285714285,0.8933333333333333,1.0961280425771542,0.26013408252940956
aft_lognormal_linear,Log-Normal AFT (Linear),"Linear log-normal accelerated-failure-time DGP; log-normal is correct, Cox and Weibull are misspecified.",0.7,24,28260438,plugin_weibull,Weibull Plug-in,plug-in,Weibull,misspecified,FALSE,2000,0.3,3,0.3,0.7,0.2,0.1,1500,1.5656106831465966,0.4157142857142857,0.20785714285714285,0.91,1.1505230173947625,0.2089989098380641
aft_lognormal_linear,Log-Normal AFT (Linear),"Linear log-normal accelerated-failure-time DGP; log-normal is correct, Cox and Weibull are misspecified.",0.7,25,28260439,cp_cox,CP + Cox,conformal,Cox,misspecified,TRUE,2000,0.3,3,0.3,0.7,0.2,0.1,1500,1.56520915429905,0.3921428571428571,0.19428571428571428,0.8766666666666667,1.0917387680632147,0.21119187325654368
aft_lognormal_linear,Log-Normal AFT (Linear),"Linear log-normal accelerated-failure-time DGP; log-normal is correct, Cox and Weibull are misspecified.",0.7,25,28260439,cp_lognormal,CP + Log-Normal,conformal,Log-Normal,correct,TRUE,2000,0.3,3,0.3,0.7,0.2,0.1,1500,1.56520915429905,0.3921428571428571,0.19428571428571428,0.885,1.0879912292344647,0.2605037402321592
aft_lognormal_linear,Log-Normal AFT (Linear),"Linear log-normal accelerated-failure-time DGP; log-normal is correct, Cox and Weibull are misspecified.",0.7,25,28260439,cp_weibull,CP + Weibull,conformal,Weibull,misspecified,TRUE,2000,0.3,3,0.3,0.7,0.2,0.1,1500,1.56520915429905,0.3921428571428571,0.19428571428571428,0.885,1.0969902036675212,0.22552943222185626
aft_lognormal_linear,Log-Normal AFT (Linear),"Linear log-normal accelerated-failure-time DGP; log-normal is correct, Cox and Weibull are misspecified.",0.7,25,28260439,plugin_cox,Cox Plug-in,plug-in,Cox,misspecified,FALSE,2000,0.3,3,0.3,0.7,0.2,0.1,1500,1.56520915429905,0.3921428571428571,0.19428571428571428,0.91,1.1389080549329713,0.18578829571905503
aft_lognormal_linear,Log-Normal AFT (Linear),"Linear log-normal accelerated-failure-time DGP; log-normal is correct, Cox and Weibull are misspecified.",0.7,25,28260439,plugin_lognormal,Log-Normal Plug-in,plug-in,Log-Normal,correct,FALSE,2000,0.3,3,0.3,0.7,0.2,0.1,1500,1.56520915429905,0.3921428571428571,0.19428571428571428,0.885,1.0796133453582928,0.2644045383270019
aft_lognormal_linear,Log-Normal AFT (Linear),"Linear log-normal accelerated-failure-time DGP; log-normal is correct, Cox and Weibull are misspecified.",0.7,25,28260439,plugin_weibull,Weibull Plug-in,plug-in,Weibull,misspecified,FALSE,2000,0.3,3,0.3,0.7,0.2,0.1,1500,1.56520915429905,0.3921428571428571,0.19428571428571428,0.905,1.1352301701773233,0.20757810671154836
aft_lognormal_linear,Log-Normal AFT (Linear),"Linear log-normal accelerated-failure-time DGP; log-normal is correct, Cox and Weibull are misspecified.",0.7,26,28260440,cp_cox,CP + Cox,conformal,Cox,misspecified,TRUE,2000,0.3,3,0.3,0.7,0.2,0.1,1500,1.5847896552507434,0.41214285714285714,0.2007142857142857,0.915,1.161554022009883,0.19463666291499046
aft_lognormal_linear,Log-Normal AFT (Linear),"Linear log-normal accelerated-failure-time DGP; log-normal is correct, Cox and Weibull are misspecified.",0.7,26,28260440,cp_lognormal,CP + Log-Normal,conformal,Log-Normal,correct,TRUE,2000,0.3,3,0.3,0.7,0.2,0.1,1500,1.5847896552507434,0.41214285714285714,0.2007142857142857,0.9116666666666666,1.1342449349241077,0.2560996021571863
aft_lognormal_linear,Log-Normal AFT (Linear),"Linear log-normal accelerated-failure-time DGP; log-normal is correct, Cox and Weibull are misspecified.",0.7,26,28260440,cp_weibull,CP + Weibull,conformal,Weibull,misspecified,TRUE,2000,0.3,3,0.3,0.7,0.2,0.1,1500,1.5847896552507434,0.41214285714285714,0.2007142857142857,0.9133333333333333,1.1466520457271154,0.22354384768790883
aft_lognormal_linear,Log-Normal AFT (Linear),"Linear log-normal accelerated-failure-time DGP; log-normal is correct, Cox and Weibull are misspecified.",0.7,26,28260440,plugin_cox,Cox Plug-in,plug-in,Cox,misspecified,FALSE,2000,0.3,3,0.3,0.7,0.2,0.1,1500,1.5847896552507434,0.41214285714285714,0.2007142857142857,0.9166666666666666,1.1640966199885505,0.19333989939202492
aft_lognormal_linear,Log-Normal AFT (Linear),"Linear log-normal accelerated-failure-time DGP; log-normal is correct, Cox and Weibull are misspecified.",0.7,26,28260440,plugin_lognormal,Log-Normal Plug-in,plug-in,Log-Normal,correct,FALSE,2000,0.3,3,0.3,0.7,0.2,0.1,1500,1.5847896552507434,0.41214285714285714,0.2007142857142857,0.8916666666666667,1.1028271539770387,0.2718871975385932
aft_lognormal_linear,Log-Normal AFT (Linear),"Linear log-normal accelerated-failure-time DGP; log-normal is correct, Cox and Weibull are misspecified.",0.7,26,28260440,plugin_weibull,Weibull Plug-in,plug-in,Weibull,misspecified,FALSE,2000,0.3,3,0.3,0.7,0.2,0.1,1500,1.5847896552507434,0.41214285714285714,0.2007142857142857,0.9233333333333333,1.1593388510021254,0.2174347651912178
aft_lognormal_linear,Log-Normal AFT (Linear),"Linear log-normal accelerated-failure-time DGP; log-normal is correct, Cox and Weibull are misspecified.",0.7,27,28260441,cp_cox,CP + Cox,conformal,Cox,misspecified,TRUE,2000,0.3,3,0.3,0.7,0.2,0.1,1500,1.5376664773904274,0.42428571428571427,0.22285714285714286,0.8833333333333333,1.106506547428889,0.20467236627428897
aft_lognormal_linear,Log-Normal AFT (Linear),"Linear log-normal accelerated-failure-time DGP; log-normal is correct, Cox and Weibull are misspecified.",0.7,27,28260441,cp_lognormal,CP + Log-Normal,conformal,Log-Normal,correct,TRUE,2000,0.3,3,0.3,0.7,0.2,0.1,1500,1.5376664773904274,0.42428571428571427,0.22285714285714286,0.88,1.0810510738057133,0.25156504711344885
aft_lognormal_linear,Log-Normal AFT (Linear),"Linear log-normal accelerated-failure-time DGP; log-normal is correct, Cox and Weibull are misspecified.",0.7,27,28260441,cp_weibull,CP + Weibull,conformal,Weibull,misspecified,TRUE,2000,0.3,3,0.3,0.7,0.2,0.1,1500,1.5376664773904274,0.42428571428571427,0.22285714285714286,0.885,1.097995326054145,0.2183710612319505
aft_lognormal_linear,Log-Normal AFT (Linear),"Linear log-normal accelerated-failure-time DGP; log-normal is correct, Cox and Weibull are misspecified.",0.7,27,28260441,plugin_cox,Cox Plug-in,plug-in,Cox,misspecified,FALSE,2000,0.3,3,0.3,0.7,0.2,0.1,1500,1.5376664773904274,0.42428571428571427,0.22285714285714286,0.9033333333333333,1.1297377167563813,0.19205039167429794
aft_lognormal_linear,Log-Normal AFT (Linear),"Linear log-normal accelerated-failure-time DGP; log-normal is correct, Cox and Weibull are misspecified.",0.7,27,28260441,plugin_lognormal,Log-Normal Plug-in,plug-in,Log-Normal,correct,FALSE,2000,0.3,3,0.3,0.7,0.2,0.1,1500,1.5376664773904274,0.42428571428571427,0.22285714285714286,0.8783333333333333,1.0727651399783678,0.255781829425802
aft_lognormal_linear,Log-Normal AFT (Linear),"Linear log-normal accelerated-failure-time DGP; log-normal is correct, Cox and Weibull are misspecified.",0.7,27,28260441,plugin_weibull,Weibull Plug-in,plug-in,Weibull,misspecified,FALSE,2000,0.3,3,0.3,0.7,0.2,0.1,1500,1.5376664773904274,0.42428571428571427,0.22285714285714286,0.8983333333333333,1.1198108721194675,0.208139207574579
aft_lognormal_linear,Log-Normal AFT (Linear),"Linear log-normal accelerated-failure-time DGP; log-normal is correct, Cox and Weibull are misspecified.",0.7,28,28260442,cp_cox,CP + Cox,conformal,Cox,misspecified,TRUE,2000,0.3,3,0.3,0.7,0.2,0.1,1500,1.5832640829055267,0.41,0.2092857142857143,0.8966666666666666,1.1755694790455895,0.20018969899839287
aft_lognormal_linear,Log-Normal AFT (Linear),"Linear log-normal accelerated-failure-time DGP; log-normal is correct, Cox and Weibull are misspecified.",0.7,28,28260442,cp_lognormal,CP + Log-Normal,conformal,Log-Normal,correct,TRUE,2000,0.3,3,0.3,0.7,0.2,0.1,1500,1.5832640829055267,0.41,0.2092857142857143,0.8766666666666667,1.130759725360074,0.26020677453814783
aft_lognormal_linear,Log-Normal AFT (Linear),"Linear log-normal accelerated-failure-time DGP; log-normal is correct, Cox and Weibull are misspecified.",0.7,28,28260442,cp_weibull,CP + Weibull,conformal,Weibull,misspecified,TRUE,2000,0.3,3,0.3,0.7,0.2,0.1,1500,1.5832640829055267,0.41,0.2092857142857143,0.8683333333333333,1.1268190418029917,0.2422777349116651
aft_lognormal_linear,Log-Normal AFT (Linear),"Linear log-normal accelerated-failure-time DGP; log-normal is correct, Cox and Weibull are misspecified.",0.7,28,28260442,plugin_cox,Cox Plug-in,plug-in,Cox,misspecified,FALSE,2000,0.3,3,0.3,0.7,0.2,0.1,1500,1.5832640829055267,0.41,0.2092857142857143,0.9,1.191067740001953,0.19099764195344476
aft_lognormal_linear,Log-Normal AFT (Linear),"Linear log-normal accelerated-failure-time DGP; log-normal is correct, Cox and Weibull are misspecified.",0.7,28,28260442,plugin_lognormal,Log-Normal Plug-in,plug-in,Log-Normal,correct,FALSE,2000,0.3,3,0.3,0.7,0.2,0.1,1500,1.5832640829055267,0.41,0.2092857142857143,0.8816666666666667,1.1396481226727795,0.25549790855123683
aft_lognormal_linear,Log-Normal AFT (Linear),"Linear log-normal accelerated-failure-time DGP; log-normal is correct, Cox and Weibull are misspecified.",0.7,28,28260442,plugin_weibull,Weibull Plug-in,plug-in,Weibull,misspecified,FALSE,2000,0.3,3,0.3,0.7,0.2,0.1,1500,1.5832640829055267,0.41,0.2092857142857143,0.9066666666666666,1.1866035498193506,0.21214475372766056
aft_lognormal_linear,Log-Normal AFT (Linear),"Linear log-normal accelerated-failure-time DGP; log-normal is correct, Cox and Weibull are misspecified.",0.7,29,28260443,cp_cox,CP + Cox,conformal,Cox,misspecified,TRUE,2000,0.3,3,0.3,0.7,0.2,0.1,1500,1.6182312704368995,0.40785714285714286,0.215,0.925,1.2455095299862298,0.16493998217399086
aft_lognormal_linear,Log-Normal AFT (Linear),"Linear log-normal accelerated-failure-time DGP; log-normal is correct, Cox and Weibull are misspecified.",0.7,29,28260443,cp_lognormal,CP + Log-Normal,conformal,Log-Normal,correct,TRUE,2000,0.3,3,0.3,0.7,0.2,0.1,1500,1.6182312704368995,0.40785714285714286,0.215,0.9316666666666666,1.210368005218832,0.23130258829490208
aft_lognormal_linear,Log-Normal AFT (Linear),"Linear log-normal accelerated-failure-time DGP; log-normal is correct, Cox and Weibull are misspecified.",0.7,29,28260443,cp_weibull,CP + Weibull,conformal,Weibull,misspecified,TRUE,2000,0.3,3,0.3,0.7,0.2,0.1,1500,1.6182312704368995,0.40785714285714286,0.215,0.915,1.1969154811012617,0.21874138194222933
aft_lognormal_linear,Log-Normal AFT (Linear),"Linear log-normal accelerated-failure-time DGP; log-normal is correct, Cox and Weibull are misspecified.",0.7,29,28260443,plugin_cox,Cox Plug-in,plug-in,Cox,misspecified,FALSE,2000,0.3,3,0.3,0.7,0.2,0.1,1500,1.6182312704368995,0.40785714285714286,0.215,0.925,1.238350676256795,0.1697346157770405
aft_lognormal_linear,Log-Normal AFT (Linear),"Linear log-normal accelerated-failure-time DGP; log-normal is correct, Cox and Weibull are misspecified.",0.7,29,28260443,plugin_lognormal,Log-Normal Plug-in,plug-in,Log-Normal,correct,FALSE,2000,0.3,3,0.3,0.7,0.2,0.1,1500,1.6182312704368995,0.40785714285714286,0.215,0.9133333333333333,1.180151268606387,0.24677521595630855
aft_lognormal_linear,Log-Normal AFT (Linear),"Linear log-normal accelerated-failure-time DGP; log-normal is correct, Cox and Weibull are misspecified.",0.7,29,28260443,plugin_weibull,Weibull Plug-in,plug-in,Weibull,misspecified,FALSE,2000,0.3,3,0.3,0.7,0.2,0.1,1500,1.6182312704368995,0.40785714285714286,0.215,0.935,1.2326461874177805,0.20097663967268034
aft_lognormal_linear,Log-Normal AFT (Linear),"Linear log-normal accelerated-failure-time DGP; log-normal is correct, Cox and Weibull are misspecified.",0.7,30,28260444,cp_cox,CP + Cox,conformal,Cox,misspecified,TRUE,2000,0.3,3,0.3,0.7,0.2,0.1,1500,1.5460356545402654,0.4057142857142857,0.2042857142857143,0.905,1.12779337833998,0.1679936914016025
aft_lognormal_linear,Log-Normal AFT (Linear),"Linear log-normal accelerated-failure-time DGP; log-normal is correct, Cox and Weibull are misspecified.",0.7,30,28260444,cp_lognormal,CP + Log-Normal,conformal,Log-Normal,correct,TRUE,2000,0.3,3,0.3,0.7,0.2,0.1,1500,1.5460356545402654,0.4057142857142857,0.2042857142857143,0.9133333333333333,1.1097306108447895,0.21849595374502367
aft_lognormal_linear,Log-Normal AFT (Linear),"Linear log-normal accelerated-failure-time DGP; log-normal is correct, Cox and Weibull are misspecified.",0.7,30,28260444,cp_weibull,CP + Weibull,conformal,Weibull,misspecified,TRUE,2000,0.3,3,0.3,0.7,0.2,0.1,1500,1.5460356545402654,0.4057142857142857,0.2042857142857143,0.9,1.0963161340370366,0.21379312026410072
aft_lognormal_linear,Log-Normal AFT (Linear),"Linear log-normal accelerated-failure-time DGP; log-normal is correct, Cox and Weibull are misspecified.",0.7,30,28260444,plugin_cox,Cox Plug-in,plug-in,Cox,misspecified,FALSE,2000,0.3,3,0.3,0.7,0.2,0.1,1500,1.5460356545402654,0.4057142857142857,0.2042857142857143,0.905,1.130446919049636,0.16669570722967492
aft_lognormal_linear,Log-Normal AFT (Linear),"Linear log-normal accelerated-failure-time DGP; log-normal is correct, Cox and Weibull are misspecified.",0.7,30,28260444,plugin_lognormal,Log-Normal Plug-in,plug-in,Log-Normal,correct,FALSE,2000,0.3,3,0.3,0.7,0.2,0.1,1500,1.5460356545402654,0.4057142857142857,0.2042857142857143,0.9,1.0866973969317437,0.22942649551008912
aft_lognormal_linear,Log-Normal AFT (Linear),"Linear log-normal accelerated-failure-time DGP; log-normal is correct, Cox and Weibull are misspecified.",0.7,30,28260444,plugin_weibull,Weibull Plug-in,plug-in,Weibull,misspecified,FALSE,2000,0.3,3,0.3,0.7,0.2,0.1,1500,1.5460356545402654,0.4057142857142857,0.2042857142857143,0.915,1.129148310773033,0.19911841081081347
aft_lognormal_linear,Log-Normal AFT (Linear),"Linear log-normal accelerated-failure-time DGP; log-normal is correct, Cox and Weibull are misspecified.",0.8,1,29260415,cp_cox,CP + Cox,conformal,Cox,misspecified,TRUE,2000,0.3,3,0.3,0.7,0.2,0.1,1500,1.9979683876505185,0.32571428571428573,0.13,0.9266666666666666,1.5838099940463166,0.17238369922914307
aft_lognormal_linear,Log-Normal AFT (Linear),"Linear log-normal accelerated-failure-time DGP; log-normal is correct, Cox and Weibull are misspecified.",0.8,1,29260415,cp_lognormal,CP + Log-Normal,conformal,Log-Normal,correct,TRUE,2000,0.3,3,0.3,0.7,0.2,0.1,1500,1.9979683876505185,0.32571428571428573,0.13,0.935,1.5589249693050466,0.2286212051518345
aft_lognormal_linear,Log-Normal AFT (Linear),"Linear log-normal accelerated-failure-time DGP; log-normal is correct, Cox and Weibull are misspecified.",0.8,1,29260415,cp_weibull,CP + Weibull,conformal,Weibull,misspecified,TRUE,2000,0.3,3,0.3,0.7,0.2,0.1,1500,1.9979683876505185,0.32571428571428573,0.13,0.925,1.5560448730768892,0.20661225847826345
aft_lognormal_linear,Log-Normal AFT (Linear),"Linear log-normal accelerated-failure-time DGP; log-normal is correct, Cox and Weibull are misspecified.",0.8,1,29260415,plugin_cox,Cox Plug-in,plug-in,Cox,misspecified,FALSE,2000,0.3,3,0.3,0.7,0.2,0.1,1500,1.9979683876505185,0.32571428571428573,0.13,0.93,1.6014546259067974,0.16217513694612415
aft_lognormal_linear,Log-Normal AFT (Linear),"Linear log-normal accelerated-failure-time DGP; log-normal is correct, Cox and Weibull are misspecified.",0.8,1,29260415,plugin_lognormal,Log-Normal Plug-in,plug-in,Log-Normal,correct,FALSE,2000,0.3,3,0.3,0.7,0.2,0.1,1500,1.9979683876505185,0.32571428571428573,0.13,0.9166666666666666,1.5294525655346762,0.24396824416245377
aft_lognormal_linear,Log-Normal AFT (Linear),"Linear log-normal accelerated-failure-time DGP; log-normal is correct, Cox and Weibull are misspecified.",0.8,1,29260415,plugin_weibull,Weibull Plug-in,plug-in,Weibull,misspecified,FALSE,2000,0.3,3,0.3,0.7,0.2,0.1,1500,1.9979683876505185,0.32571428571428573,0.13,0.94,1.5943482953296664,0.18870428047277482
aft_lognormal_linear,Log-Normal AFT (Linear),"Linear log-normal accelerated-failure-time DGP; log-normal is correct, Cox and Weibull are misspecified.",0.8,2,29260416,cp_cox,CP + Cox,conformal,Cox,misspecified,TRUE,2000,0.3,3,0.3,0.7,0.2,0.1,1500,2.1434110577515257,0.32,0.12285714285714286,0.9116666666666666,1.7079740487637667,0.15631447867738146
aft_lognormal_linear,Log-Normal AFT (Linear),"Linear log-normal accelerated-failure-time DGP; log-normal is correct, Cox and Weibull are misspecified.",0.8,2,29260416,cp_lognormal,CP + Log-Normal,conformal,Log-Normal,correct,TRUE,2000,0.3,3,0.3,0.7,0.2,0.1,1500,2.1434110577515257,0.32,0.12285714285714286,0.9266666666666666,1.697302483135216,0.22077266620159183
aft_lognormal_linear,Log-Normal AFT (Linear),"Linear log-normal accelerated-failure-time DGP; log-normal is correct, Cox and Weibull are misspecified.",0.8,2,29260416,cp_weibull,CP + Weibull,conformal,Weibull,misspecified,TRUE,2000,0.3,3,0.3,0.7,0.2,0.1,1500,2.1434110577515257,0.32,0.12285714285714286,0.8833333333333333,1.6481791163645345,0.22483789830704287
aft_lognormal_linear,Log-Normal AFT (Linear),"Linear log-normal accelerated-failure-time DGP; log-normal is correct, Cox and Weibull are misspecified.",0.8,2,29260416,plugin_cox,Cox Plug-in,plug-in,Cox,misspecified,FALSE,2000,0.3,3,0.3,0.7,0.2,0.1,1500,2.1434110577515257,0.32,0.12285714285714286,0.9233333333333333,1.7302422830409758,0.14540342814102566
aft_lognormal_linear,Log-Normal AFT (Linear),"Linear log-normal accelerated-failure-time DGP; log-normal is correct, Cox and Weibull are misspecified.",0.8,2,29260416,plugin_lognormal,Log-Normal Plug-in,plug-in,Log-Normal,correct,FALSE,2000,0.3,3,0.3,0.7,0.2,0.1,1500,2.1434110577515257,0.32,0.12285714285714286,0.9083333333333333,1.6723181892894954,0.23313703102068953
aft_lognormal_linear,Log-Normal AFT (Linear),"Linear log-normal accelerated-failure-time DGP; log-normal is correct, Cox and Weibull are misspecified.",0.8,2,29260416,plugin_weibull,Weibull Plug-in,plug-in,Weibull,misspecified,FALSE,2000,0.3,3,0.3,0.7,0.2,0.1,1500,2.1434110577515257,0.32,0.12285714285714286,0.9383333333333334,1.7381200550494769,0.18400424050813535
aft_lognormal_linear,Log-Normal AFT (Linear),"Linear log-normal accelerated-failure-time DGP; log-normal is correct, Cox and Weibull are misspecified.",0.8,3,29260417,cp_cox,CP + Cox,conformal,Cox,misspecified,TRUE,2000,0.3,3,0.3,0.7,0.2,0.1,1500,2.0910664125448712,0.32357142857142857,0.13857142857142857,0.915,1.6590973280115084,0.163445723801115
aft_lognormal_linear,Log-Normal AFT (Linear),"Linear log-normal accelerated-failure-time DGP; log-normal is correct, Cox and Weibull are misspecified.",0.8,3,29260417,cp_lognormal,CP + Log-Normal,conformal,Log-Normal,correct,TRUE,2000,0.3,3,0.3,0.7,0.2,0.1,1500,2.0910664125448712,0.32357142857142857,0.13857142857142857,0.8983333333333333,1.6114595001880494,0.24140042423504415
aft_lognormal_linear,Log-Normal AFT (Linear),"Linear log-normal accelerated-failure-time DGP; log-normal is correct, Cox and Weibull are misspecified.",0.8,3,29260417,cp_weibull,CP + Weibull,conformal,Weibull,misspecified,TRUE,2000,0.3,3,0.3,0.7,0.2,0.1,1500,2.0910664125448712,0.32357142857142857,0.13857142857142857,0.9033333333333333,1.6276581288483147,0.21610819587399605
aft_lognormal_linear,Log-Normal AFT (Linear),"Linear log-normal accelerated-failure-time DGP; log-normal is correct, Cox and Weibull are misspecified.",0.8,3,29260417,plugin_cox,Cox Plug-in,plug-in,Cox,misspecified,FALSE,2000,0.3,3,0.3,0.7,0.2,0.1,1500,2.0910664125448712,0.32357142857142857,0.13857142857142857,0.9216666666666666,1.6844752614421914,0.14997988893820882
aft_lognormal_linear,Log-Normal AFT (Linear),"Linear log-normal accelerated-failure-time DGP; log-normal is correct, Cox and Weibull are misspecified.",0.8,3,29260417,plugin_lognormal,Log-Normal Plug-in,plug-in,Log-Normal,correct,FALSE,2000,0.3,3,0.3,0.7,0.2,0.1,1500,2.0910664125448712,0.32357142857142857,0.13857142857142857,0.9083333333333333,1.6231728838957544,0.23550472981651968
aft_lognormal_linear,Log-Normal AFT (Linear),"Linear log-normal accelerated-failure-time DGP; log-normal is correct, Cox and Weibull are misspecified.",0.8,3,29260417,plugin_weibull,Weibull Plug-in,plug-in,Weibull,misspecified,FALSE,2000,0.3,3,0.3,0.7,0.2,0.1,1500,2.0910664125448712,0.32357142857142857,0.13857142857142857,0.9383333333333334,1.687193834969216,0.1883440093185886
aft_lognormal_linear,Log-Normal AFT (Linear),"Linear log-normal accelerated-failure-time DGP; log-normal is correct, Cox and Weibull are misspecified.",0.8,4,29260418,cp_cox,CP + Cox,conformal,Cox,misspecified,TRUE,2000,0.3,3,0.3,0.7,0.2,0.1,1500,2.1800991353632955,0.32,0.13857142857142857,0.8816666666666667,1.7083320022951045,0.23341926799202087
aft_lognormal_linear,Log-Normal AFT (Linear),"Linear log-normal accelerated-failure-time DGP; log-normal is correct, Cox and Weibull are misspecified.",0.8,4,29260418,cp_lognormal,CP + Log-Normal,conformal,Log-Normal,correct,TRUE,2000,0.3,3,0.3,0.7,0.2,0.1,1500,2.1800991353632955,0.32,0.13857142857142857,0.8833333333333333,1.6957044384386546,0.29309073379975165
aft_lognormal_linear,Log-Normal AFT (Linear),"Linear log-normal accelerated-failure-time DGP; log-normal is correct, Cox and Weibull are misspecified.",0.8,4,29260418,cp_weibull,CP + Weibull,conformal,Weibull,misspecified,TRUE,2000,0.3,3,0.3,0.7,0.2,0.1,1500,2.1800991353632955,0.32,0.13857142857142857,0.8966666666666666,1.7075427993168941,0.2705312630826816
aft_lognormal_linear,Log-Normal AFT (Linear),"Linear log-normal accelerated-failure-time DGP; log-normal is correct, Cox and Weibull are misspecified.",0.8,4,29260418,plugin_cox,Cox Plug-in,plug-in,Cox,misspecified,FALSE,2000,0.3,3,0.3,0.7,0.2,0.1,1500,2.1800991353632955,0.32,0.13857142857142857,0.91,1.764809808769028,0.1933986802572728
aft_lognormal_linear,Log-Normal AFT (Linear),"Linear log-normal accelerated-failure-time DGP; log-normal is correct, Cox and Weibull are misspecified.",0.8,4,29260418,plugin_lognormal,Log-Normal Plug-in,plug-in,Log-Normal,correct,FALSE,2000,0.3,3,0.3,0.7,0.2,0.1,1500,2.1800991353632955,0.32,0.13857142857142857,0.8966666666666666,1.7019955677321577,0.2892841857248691
aft_lognormal_linear,Log-Normal AFT (Linear),"Linear log-normal accelerated-failure-time DGP; log-normal is correct, Cox and Weibull are misspecified.",0.8,4,29260418,plugin_weibull,Weibull Plug-in,plug-in,Weibull,misspecified,FALSE,2000,0.3,3,0.3,0.7,0.2,0.1,1500,2.1800991353632955,0.32,0.13857142857142857,0.9366666666666666,1.7676657818583357,0.23611177662882304
aft_lognormal_linear,Log-Normal AFT (Linear),"Linear log-normal accelerated-failure-time DGP; log-normal is correct, Cox and Weibull are misspecified.",0.8,5,29260419,cp_cox,CP + Cox,conformal,Cox,misspecified,TRUE,2000,0.3,3,0.3,0.7,0.2,0.1,1500,2.1409026884806006,0.3142857142857143,0.12714285714285714,0.8983333333333333,1.703164147021236,0.20195681927814563
aft_lognormal_linear,Log-Normal AFT (Linear),"Linear log-normal accelerated-failure-time DGP; log-normal is correct, Cox and Weibull are misspecified.",0.8,5,29260419,cp_lognormal,CP + Log-Normal,conformal,Log-Normal,correct,TRUE,2000,0.3,3,0.3,0.7,0.2,0.1,1500,2.1409026884806006,0.3142857142857143,0.12714285714285714,0.87,1.652236795787349,0.2655211404851713
aft_lognormal_linear,Log-Normal AFT (Linear),"Linear log-normal accelerated-failure-time DGP; log-normal is correct, Cox and Weibull are misspecified.",0.8,5,29260419,cp_weibull,CP + Weibull,conformal,Weibull,misspecified,TRUE,2000,0.3,3,0.3,0.7,0.2,0.1,1500,2.1409026884806006,0.3142857142857143,0.12714285714285714,0.905,1.7078803246276533,0.22459419466389127
aft_lognormal_linear,Log-Normal AFT (Linear),"Linear log-normal accelerated-failure-time DGP; log-normal is correct, Cox and Weibull are misspecified.",0.8,5,29260419,plugin_cox,Cox Plug-in,plug-in,Cox,misspecified,FALSE,2000,0.3,3,0.3,0.7,0.2,0.1,1500,2.1409026884806006,0.3142857142857143,0.12714285714285714,0.9116666666666666,1.7302470834790606,0.1868881698653489
aft_lognormal_linear,Log-Normal AFT (Linear),"Linear log-normal accelerated-failure-time DGP; log-normal is correct, Cox and Weibull are misspecified.",0.8,5,29260419,plugin_lognormal,Log-Normal Plug-in,plug-in,Log-Normal,correct,FALSE,2000,0.3,3,0.3,0.7,0.2,0.1,1500,2.1409026884806006,0.3142857142857143,0.12714285714285714,0.8866666666666667,1.6762306250808245,0.25352250164112194
aft_lognormal_linear,Log-Normal AFT (Linear),"Linear log-normal accelerated-failure-time DGP; log-normal is correct, Cox and Weibull are misspecified.",0.8,5,29260419,plugin_weibull,Weibull Plug-in,plug-in,Weibull,misspecified,FALSE,2000,0.3,3,0.3,0.7,0.2,0.1,1500,2.1409026884806006,0.3142857142857143,0.12714285714285714,0.9183333333333333,1.7299440177671779,0.21315049612626671
aft_lognormal_linear,Log-Normal AFT (Linear),"Linear log-normal accelerated-failure-time DGP; log-normal is correct, Cox and Weibull are misspecified.",0.8,6,29260420,cp_cox,CP + Cox,conformal,Cox,misspecified,TRUE,2000,0.3,3,0.3,0.7,0.2,0.1,1500,2.0054980002932363,0.32785714285714285,0.12642857142857142,0.9133333333333333,1.5994010768613214,0.17473949513155904
aft_lognormal_linear,Log-Normal AFT (Linear),"Linear log-normal accelerated-failure-time DGP; log-normal is correct, Cox and Weibull are misspecified.",0.8,6,29260420,cp_lognormal,CP + Log-Normal,conformal,Log-Normal,correct,TRUE,2000,0.3,3,0.3,0.7,0.2,0.1,1500,2.0054980002932363,0.32785714285714285,0.12642857142857142,0.9,1.5453574403647328,0.24591833289113055
aft_lognormal_linear,Log-Normal AFT (Linear),"Linear log-normal accelerated-failure-time DGP; log-normal is correct, Cox and Weibull are misspecified.",0.8,6,29260420,cp_weibull,CP + Weibull,conformal,Weibull,misspecified,TRUE,2000,0.3,3,0.3,0.7,0.2,0.1,1500,2.0054980002932363,0.32785714285714285,0.12642857142857142,0.905,1.5596049092808244,0.22110279115725512
aft_lognormal_linear,Log-Normal AFT (Linear),"Linear log-normal accelerated-failure-time DGP; log-normal is correct, Cox and Weibull are misspecified.",0.8,6,29260420,plugin_cox,Cox Plug-in,plug-in,Cox,misspecified,FALSE,2000,0.3,3,0.3,0.7,0.2,0.1,1500,2.0054980002932363,0.32785714285714285,0.12642857142857142,0.9183333333333333,1.6224384773504803,0.16331502318657465
aft_lognormal_linear,Log-Normal AFT (Linear),"Linear log-normal accelerated-failure-time DGP; log-normal is correct, Cox and Weibull are misspecified.",0.8,6,29260420,plugin_lognormal,Log-Normal Plug-in,plug-in,Log-Normal,correct,FALSE,2000,0.3,3,0.3,0.7,0.2,0.1,1500,2.0054980002932363,0.32785714285714285,0.12642857142857142,0.9083333333333333,1.5581332287733562,0.239639107561519
aft_lognormal_linear,Log-Normal AFT (Linear),"Linear log-normal accelerated-failure-time DGP; log-normal is correct, Cox and Weibull are misspecified.",0.8,6,29260420,plugin_weibull,Weibull Plug-in,plug-in,Weibull,misspecified,FALSE,2000,0.3,3,0.3,0.7,0.2,0.1,1500,2.0054980002932363,0.32785714285714285,0.12642857142857142,0.9333333333333333,1.6225526868280995,0.19333444718594534
aft_lognormal_linear,Log-Normal AFT (Linear),"Linear log-normal accelerated-failure-time DGP; log-normal is correct, Cox and Weibull are misspecified.",0.8,7,29260421,cp_cox,CP + Cox,conformal,Cox,misspecified,TRUE,2000,0.3,3,0.3,0.7,0.2,0.1,1500,2.011214704140466,0.3292857142857143,0.12571428571428572,0.8933333333333333,1.5619815082109227,0.2242037519796212
aft_lognormal_linear,Log-Normal AFT (Linear),"Linear log-normal accelerated-failure-time DGP; log-normal is correct, Cox and Weibull are misspecified.",0.8,7,29260421,cp_lognormal,CP + Log-Normal,conformal,Log-Normal,correct,TRUE,2000,0.3,3,0.3,0.7,0.2,0.1,1500,2.011214704140466,0.3292857142857143,0.12571428571428572,0.895,1.5294246634475457,0.28801298400782954
aft_lognormal_linear,Log-Normal AFT (Linear),"Linear log-normal accelerated-failure-time DGP; log-normal is correct, Cox and Weibull are misspecified.",0.8,7,29260421,cp_weibull,CP + Weibull,conformal,Weibull,misspecified,TRUE,2000,0.3,3,0.3,0.7,0.2,0.1,1500,2.011214704140466,0.3292857142857143,0.12571428571428572,0.9033333333333333,1.5454774037122028,0.25871560199099775
aft_lognormal_linear,Log-Normal AFT (Linear),"Linear log-normal accelerated-failure-time DGP; log-normal is correct, Cox and Weibull are misspecified.",0.8,7,29260421,plugin_cox,Cox Plug-in,plug-in,Cox,misspecified,FALSE,2000,0.3,3,0.3,0.7,0.2,0.1,1500,2.011214704140466,0.3292857142857143,0.12571428571428572,0.9166666666666666,1.600456068246735,0.19860855511048495
aft_lognormal_linear,Log-Normal AFT (Linear),"Linear log-normal accelerated-failure-time DGP; log-normal is correct, Cox and Weibull are misspecified.",0.8,7,29260421,plugin_lognormal,Log-Normal Plug-in,plug-in,Log-Normal,correct,FALSE,2000,0.3,3,0.3,0.7,0.2,0.1,1500,2.011214704140466,0.3292857142857143,0.12571428571428572,0.9016666666666666,1.5410135530364233,0.28148883757237775
aft_lognormal_linear,Log-Normal AFT (Linear),"Linear log-normal accelerated-failure-time DGP; log-normal is correct, Cox and Weibull are misspecified.",0.8,7,29260421,plugin_weibull,Weibull Plug-in,plug-in,Weibull,misspecified,FALSE,2000,0.3,3,0.3,0.7,0.2,0.1,1500,2.011214704140466,0.3292857142857143,0.12571428571428572,0.9283333333333333,1.5981404155264312,0.2294614649664377
aft_lognormal_linear,Log-Normal AFT (Linear),"Linear log-normal accelerated-failure-time DGP; log-normal is correct, Cox and Weibull are misspecified.",0.8,8,29260422,cp_cox,CP + Cox,conformal,Cox,misspecified,TRUE,2000,0.3,3,0.3,0.7,0.2,0.1,1500,2.162577364931946,0.3357142857142857,0.13071428571428573,0.8766666666666667,1.7018722210038937,0.20662010709478526
aft_lognormal_linear,Log-Normal AFT (Linear),"Linear log-normal accelerated-failure-time DGP; log-normal is correct, Cox and Weibull are misspecified.",0.8,8,29260422,cp_lognormal,CP + Log-Normal,conformal,Log-Normal,correct,TRUE,2000,0.3,3,0.3,0.7,0.2,0.1,1500,2.162577364931946,0.3357142857142857,0.13071428571428573,0.885,1.672361538669529,0.28398995638314634
aft_lognormal_linear,Log-Normal AFT (Linear),"Linear log-normal accelerated-failure-time DGP; log-normal is correct, Cox and Weibull are misspecified.",0.8,8,29260422,cp_weibull,CP + Weibull,conformal,Weibull,misspecified,TRUE,2000,0.3,3,0.3,0.7,0.2,0.1,1500,2.162577364931946,0.3357142857142857,0.13071428571428573,0.8733333333333333,1.6658535381779513,0.2623941746789786
aft_lognormal_linear,Log-Normal AFT (Linear),"Linear log-normal accelerated-failure-time DGP; log-normal is correct, Cox and Weibull are misspecified.",0.8,8,29260422,plugin_cox,Cox Plug-in,plug-in,Cox,misspecified,FALSE,2000,0.3,3,0.3,0.7,0.2,0.1,1500,2.162577364931946,0.3357142857142857,0.13071428571428573,0.8983333333333333,1.733687790258528,0.1884394627770986
aft_lognormal_linear,Log-Normal AFT (Linear),"Linear log-normal accelerated-failure-time DGP; log-normal is correct, Cox and Weibull are misspecified.",0.8,8,29260422,plugin_lognormal,Log-Normal Plug-in,plug-in,Log-Normal,correct,FALSE,2000,0.3,3,0.3,0.7,0.2,0.1,1500,2.162577364931946,0.3357142857142857,0.13071428571428573,0.885,1.6731053363561652,0.2836181682009502
aft_lognormal_linear,Log-Normal AFT (Linear),"Linear log-normal accelerated-failure-time DGP; log-normal is correct, Cox and Weibull are misspecified.",0.8,8,29260422,plugin_weibull,Weibull Plug-in,plug-in,Weibull,misspecified,FALSE,2000,0.3,3,0.3,0.7,0.2,0.1,1500,2.162577364931946,0.3357142857142857,0.13071428571428573,0.9166666666666666,1.7379348629511127,0.22431724197530903
aft_lognormal_linear,Log-Normal AFT (Linear),"Linear log-normal accelerated-failure-time DGP; log-normal is correct, Cox and Weibull are misspecified.",0.8,9,29260423,cp_cox,CP + Cox,conformal,Cox,misspecified,TRUE,2000,0.3,3,0.3,0.7,0.2,0.1,1500,2.167988942742773,0.335,0.11357142857142857,0.905,1.7256566845798194,0.21676019246192446
aft_lognormal_linear,Log-Normal AFT (Linear),"Linear log-normal accelerated-failure-time DGP; log-normal is correct, Cox and Weibull are misspecified.",0.8,9,29260423,cp_lognormal,CP + Log-Normal,conformal,Log-Normal,correct,TRUE,2000,0.3,3,0.3,0.7,0.2,0.1,1500,2.167988942742773,0.335,0.11357142857142857,0.8933333333333333,1.673932046920153,0.2875212448102172
aft_lognormal_linear,Log-Normal AFT (Linear),"Linear log-normal accelerated-failure-time DGP; log-normal is correct, Cox and Weibull are misspecified.",0.8,9,29260423,cp_weibull,CP + Weibull,conformal,Weibull,misspecified,TRUE,2000,0.3,3,0.3,0.7,0.2,0.1,1500,2.167988942742773,0.335,0.11357142857142857,0.9,1.6933773280669204,0.2622207071384929
aft_lognormal_linear,Log-Normal AFT (Linear),"Linear log-normal accelerated-failure-time DGP; log-normal is correct, Cox and Weibull are misspecified.",0.8,9,29260423,plugin_cox,Cox Plug-in,plug-in,Cox,misspecified,FALSE,2000,0.3,3,0.3,0.7,0.2,0.1,1500,2.167988942742773,0.335,0.11357142857142857,0.9183333333333333,1.7468485706745283,0.20313075355052185
aft_lognormal_linear,Log-Normal AFT (Linear),"Linear log-normal accelerated-failure-time DGP; log-normal is correct, Cox and Weibull are misspecified.",0.8,9,29260423,plugin_lognormal,Log-Normal Plug-in,plug-in,Log-Normal,correct,FALSE,2000,0.3,3,0.3,0.7,0.2,0.1,1500,2.167988942742773,0.335,0.11357142857142857,0.8983333333333333,1.6863322659825488,0.28128712912081066
aft_lognormal_linear,Log-Normal AFT (Linear),"Linear log-normal accelerated-failure-time DGP; log-normal is correct, Cox and Weibull are misspecified.",0.8,9,29260423,plugin_weibull,Weibull Plug-in,plug-in,Weibull,misspecified,FALSE,2000,0.3,3,0.3,0.7,0.2,0.1,1500,2.167988942742773,0.335,0.11357142857142857,0.9333333333333333,1.7475757337085835,0.23387638397695457
aft_lognormal_linear,Log-Normal AFT (Linear),"Linear log-normal accelerated-failure-time DGP; log-normal is correct, Cox and Weibull are misspecified.",0.8,10,29260424,cp_cox,CP + Cox,conformal,Cox,misspecified,TRUE,2000,0.3,3,0.3,0.7,0.2,0.1,1500,2.148464554158064,0.31285714285714283,0.13785714285714284,0.9016666666666666,1.7148848237184873,0.19895303714982635
aft_lognormal_linear,Log-Normal AFT (Linear),"Linear log-normal accelerated-failure-time DGP; log-normal is correct, Cox and Weibull are misspecified.",0.8,10,29260424,cp_lognormal,CP + Log-Normal,conformal,Log-Normal,correct,TRUE,2000,0.3,3,0.3,0.7,0.2,0.1,1500,2.148464554158064,0.31285714285714283,0.13785714285714284,0.915,1.6830392143914035,0.2673728698358279
aft_lognormal_linear,Log-Normal AFT (Linear),"Linear log-normal accelerated-failure-time DGP; log-normal is correct, Cox and Weibull are misspecified.",0.8,10,29260424,cp_weibull,CP + Weibull,conformal,Weibull,misspecified,TRUE,2000,0.3,3,0.3,0.7,0.2,0.1,1500,2.148464554158064,0.31285714285714283,0.13785714285714284,0.9083333333333333,1.6940267600682022,0.23108779736400134
aft_lognormal_linear,Log-Normal AFT (Linear),"Linear log-normal accelerated-failure-time DGP; log-normal is correct, Cox and Weibull are misspecified.",0.8,10,29260424,plugin_cox,Cox Plug-in,plug-in,Cox,misspecified,FALSE,2000,0.3,3,0.3,0.7,0.2,0.1,1500,2.148464554158064,0.31285714285714283,0.13785714285714284,0.9266666666666666,1.7624571199295225,0.16881180756121042
aft_lognormal_linear,Log-Normal AFT (Linear),"Linear log-normal accelerated-failure-time DGP; log-normal is correct, Cox and Weibull are misspecified.",0.8,10,29260424,plugin_lognormal,Log-Normal Plug-in,plug-in,Log-Normal,correct,FALSE,2000,0.3,3,0.3,0.7,0.2,0.1,1500,2.148464554158064,0.31285714285714283,0.13785714285714284,0.9133333333333333,1.680360128209599,0.2689119243302088
aft_lognormal_linear,Log-Normal AFT (Linear),"Linear log-normal accelerated-failure-time DGP; log-normal is correct, Cox and Weibull are misspecified.",0.8,10,29260424,plugin_weibull,Weibull Plug-in,plug-in,Weibull,misspecified,FALSE,2000,0.3,3,0.3,0.7,0.2,0.1,1500,2.148464554158064,0.31285714285714283,0.13785714285714284,0.9383333333333334,1.7566258916074227,0.1992552878050862
aft_lognormal_linear,Log-Normal AFT (Linear),"Linear log-normal accelerated-failure-time DGP; log-normal is correct, Cox and Weibull are misspecified.",0.8,11,29260425,cp_cox,CP + Cox,conformal,Cox,misspecified,TRUE,2000,0.3,3,0.3,0.7,0.2,0.1,1500,2.0226654730218163,0.32,0.13214285714285715,0.8866666666666667,1.5778434046165664,0.19526537316835324
aft_lognormal_linear,Log-Normal AFT (Linear),"Linear log-normal accelerated-failure-time DGP; log-normal is correct, Cox and Weibull are misspecified.",0.8,11,29260425,cp_lognormal,CP + Log-Normal,conformal,Log-Normal,correct,TRUE,2000,0.3,3,0.3,0.7,0.2,0.1,1500,2.0226654730218163,0.32,0.13214285714285715,0.8933333333333333,1.5581222491780051,0.2609078767970907
aft_lognormal_linear,Log-Normal AFT (Linear),"Linear log-normal accelerated-failure-time DGP; log-normal is correct, Cox and Weibull are misspecified.",0.8,11,29260425,cp_weibull,CP + Weibull,conformal,Weibull,misspecified,TRUE,2000,0.3,3,0.3,0.7,0.2,0.1,1500,2.0226654730218163,0.32,0.13214285714285715,0.8766666666666667,1.5405671077771177,0.23658595235829366
aft_lognormal_linear,Log-Normal AFT (Linear),"Linear log-normal accelerated-failure-time DGP; log-normal is correct, Cox and Weibull are misspecified.",0.8,11,29260425,plugin_cox,Cox Plug-in,plug-in,Cox,misspecified,FALSE,2000,0.3,3,0.3,0.7,0.2,0.1,1500,2.0226654730218163,0.32,0.13214285714285715,0.9116666666666666,1.622909921963122,0.17170273150276458
aft_lognormal_linear,Log-Normal AFT (Linear),"Linear log-normal accelerated-failure-time DGP; log-normal is correct, Cox and Weibull are misspecified.",0.8,11,29260425,plugin_lognormal,Log-Normal Plug-in,plug-in,Log-Normal,correct,FALSE,2000,0.3,3,0.3,0.7,0.2,0.1,1500,2.0226654730218163,0.32,0.13214285714285715,0.8933333333333333,1.5606617646577634,0.25958256688479603
aft_lognormal_linear,Log-Normal AFT (Linear),"Linear log-normal accelerated-failure-time DGP; log-normal is correct, Cox and Weibull are misspecified.",0.8,11,29260425,plugin_weibull,Weibull Plug-in,plug-in,Weibull,misspecified,FALSE,2000,0.3,3,0.3,0.7,0.2,0.1,1500,2.0226654730218163,0.32,0.13214285714285715,0.915,1.6262357654443833,0.1967467530616038
aft_lognormal_linear,Log-Normal AFT (Linear),"Linear log-normal accelerated-failure-time DGP; log-normal is correct, Cox and Weibull are misspecified.",0.8,12,29260426,cp_cox,CP + Cox,conformal,Cox,misspecified,TRUE,2000,0.3,3,0.3,0.7,0.2,0.1,1500,2.05628151855247,0.32285714285714284,0.12571428571428572,0.8933333333333333,1.5929794211135806,0.17959461774875704
aft_lognormal_linear,Log-Normal AFT (Linear),"Linear log-normal accelerated-failure-time DGP; log-normal is correct, Cox and Weibull are misspecified.",0.8,12,29260426,cp_lognormal,CP + Log-Normal,conformal,Log-Normal,correct,TRUE,2000,0.3,3,0.3,0.7,0.2,0.1,1500,2.05628151855247,0.32285714285714284,0.12571428571428572,0.915,1.5891181441992108,0.23044512997590488
aft_lognormal_linear,Log-Normal AFT (Linear),"Linear log-normal accelerated-failure-time DGP; log-normal is correct, Cox and Weibull are misspecified.",0.8,12,29260426,cp_weibull,CP + Weibull,conformal,Weibull,misspecified,TRUE,2000,0.3,3,0.3,0.7,0.2,0.1,1500,2.05628151855247,0.32285714285714284,0.12571428571428572,0.9183333333333333,1.6080826558197163,0.201134179479879
aft_lognormal_linear,Log-Normal AFT (Linear),"Linear log-normal accelerated-failure-time DGP; log-normal is correct, Cox and Weibull are misspecified.",0.8,12,29260426,plugin_cox,Cox Plug-in,plug-in,Cox,misspecified,FALSE,2000,0.3,3,0.3,0.7,0.2,0.1,1500,2.05628151855247,0.32285714285714284,0.12571428571428572,0.9283333333333333,1.6616697286882007,0.14603469421609444
aft_lognormal_linear,Log-Normal AFT (Linear),"Linear log-normal accelerated-failure-time DGP; log-normal is correct, Cox and Weibull are misspecified.",0.8,12,29260426,plugin_lognormal,Log-Normal Plug-in,plug-in,Log-Normal,correct,FALSE,2000,0.3,3,0.3,0.7,0.2,0.1,1500,2.05628151855247,0.32285714285714284,0.12571428571428572,0.9233333333333333,1.6053277537356296,0.22244915730007156
aft_lognormal_linear,Log-Normal AFT (Linear),"Linear log-normal accelerated-failure-time DGP; log-normal is correct, Cox and Weibull are misspecified.",0.8,12,29260426,plugin_weibull,Weibull Plug-in,plug-in,Weibull,misspecified,FALSE,2000,0.3,3,0.3,0.7,0.2,0.1,1500,2.05628151855247,0.32285714285714284,0.12571428571428572,0.9516666666666667,1.6680074049066347,0.17424228786586168
aft_lognormal_linear,Log-Normal AFT (Linear),"Linear log-normal accelerated-failure-time DGP; log-normal is correct, Cox and Weibull are misspecified.",0.8,13,29260427,cp_cox,CP + Cox,conformal,Cox,misspecified,TRUE,2000,0.3,3,0.3,0.7,0.2,0.1,1500,2.1279538208560034,0.32857142857142857,0.13285714285714287,0.8733333333333333,1.6491482569713012,0.21296694929916582
aft_lognormal_linear,Log-Normal AFT (Linear),"Linear log-normal accelerated-failure-time DGP; log-normal is correct, Cox and Weibull are misspecified.",0.8,13,29260427,cp_lognormal,CP + Log-Normal,conformal,Log-Normal,correct,TRUE,2000,0.3,3,0.3,0.7,0.2,0.1,1500,2.1279538208560034,0.32857142857142857,0.13285714285714287,0.8783333333333333,1.6137575441524539,0.291834883049949
aft_lognormal_linear,Log-Normal AFT (Linear),"Linear log-normal accelerated-failure-time DGP; log-normal is correct, Cox and Weibull are misspecified.",0.8,13,29260427,cp_weibull,CP + Weibull,conformal,Weibull,misspecified,TRUE,2000,0.3,3,0.3,0.7,0.2,0.1,1500,2.1279538208560034,0.32857142857142857,0.13285714285714287,0.88,1.6323804540371512,0.2552753406489725
aft_lognormal_linear,Log-Normal AFT (Linear),"Linear log-normal accelerated-failure-time DGP; log-normal is correct, Cox and Weibull are misspecified.",0.8,13,29260427,plugin_cox,Cox Plug-in,plug-in,Cox,misspecified,FALSE,2000,0.3,3,0.3,0.7,0.2,0.1,1500,2.1279538208560034,0.32857142857142857,0.13285714285714287,0.8966666666666666,1.7190178482551186,0.1694381205310396
aft_lognormal_linear,Log-Normal AFT (Linear),"Linear log-normal accelerated-failure-time DGP; log-normal is correct, Cox and Weibull are misspecified.",0.8,13,29260427,plugin_lognormal,Log-Normal Plug-in,plug-in,Log-Normal,correct,FALSE,2000,0.3,3,0.3,0.7,0.2,0.1,1500,2.1279538208560034,0.32857142857142857,0.13285714285714287,0.885,1.6388274791921926,0.2776063055750288
aft_lognormal_linear,Log-Normal AFT (Linear),"Linear log-normal accelerated-failure-time DGP; log-normal is correct, Cox and Weibull are misspecified.",0.8,13,29260427,plugin_weibull,Weibull Plug-in,plug-in,Weibull,misspecified,FALSE,2000,0.3,3,0.3,0.7,0.2,0.1,1500,2.1279538208560034,0.32857142857142857,0.13285714285714287,0.92,1.7205236594827107,0.20987179739473566
aft_lognormal_linear,Log-Normal AFT (Linear),"Linear log-normal accelerated-failure-time DGP; log-normal is correct, Cox and Weibull are misspecified.",0.8,14,29260428,cp_cox,CP + Cox,conformal,Cox,misspecified,TRUE,2000,0.3,3,0.3,0.7,0.2,0.1,1500,1.9585654162064177,0.3292857142857143,0.13357142857142856,0.9166666666666666,1.5459759593493614,0.1579483766253082
aft_lognormal_linear,Log-Normal AFT (Linear),"Linear log-normal accelerated-failure-time DGP; log-normal is correct, Cox and Weibull are misspecified.",0.8,14,29260428,cp_lognormal,CP + Log-Normal,conformal,Log-Normal,correct,TRUE,2000,0.3,3,0.3,0.7,0.2,0.1,1500,1.9585654162064177,0.3292857142857143,0.13357142857142856,0.905,1.5041223579256062,0.23051772055242087
aft_lognormal_linear,Log-Normal AFT (Linear),"Linear log-normal accelerated-failure-time DGP; log-normal is correct, Cox and Weibull are misspecified.",0.8,14,29260428,cp_weibull,CP + Weibull,conformal,Weibull,misspecified,TRUE,2000,0.3,3,0.3,0.7,0.2,0.1,1500,1.9585654162064177,0.3292857142857143,0.13357142857142856,0.9316666666666666,1.5449874329986408,0.18184862635267093
aft_lognormal_linear,Log-Normal AFT (Linear),"Linear log-normal accelerated-failure-time DGP; log-normal is correct, Cox and Weibull are misspecified.",0.8,14,29260428,plugin_cox,Cox Plug-in,plug-in,Cox,misspecified,FALSE,2000,0.3,3,0.3,0.7,0.2,0.1,1500,1.9585654162064177,0.3292857142857143,0.13357142857142856,0.935,1.5715947687392875,0.14493867139340103
aft_lognormal_linear,Log-Normal AFT (Linear),"Linear log-normal accelerated-failure-time DGP; log-normal is correct, Cox and Weibull are misspecified.",0.8,14,29260428,plugin_lognormal,Log-Normal Plug-in,plug-in,Log-Normal,correct,FALSE,2000,0.3,3,0.3,0.7,0.2,0.1,1500,1.9585654162064177,0.3292857142857143,0.13357142857142856,0.905,1.5063951658142345,0.22946429274030636
aft_lognormal_linear,Log-Normal AFT (Linear),"Linear log-normal accelerated-failure-time DGP; log-normal is correct, Cox and Weibull are misspecified.",0.8,14,29260428,plugin_weibull,Weibull Plug-in,plug-in,Weibull,misspecified,FALSE,2000,0.3,3,0.3,0.7,0.2,0.1,1500,1.9585654162064177,0.3292857142857143,0.13357142857142856,0.94,1.5736252760407823,0.1692566784483734
aft_lognormal_linear,Log-Normal AFT (Linear),"Linear log-normal accelerated-failure-time DGP; log-normal is correct, Cox and Weibull are misspecified.",0.8,15,29260429,cp_cox,CP + Cox,conformal,Cox,misspecified,TRUE,2000,0.3,3,0.3,0.7,0.2,0.1,1500,1.9740631575399838,0.35214285714285715,0.14142857142857143,0.8833333333333333,1.5313658263643082,0.20249403737074478
aft_lognormal_linear,Log-Normal AFT (Linear),"Linear log-normal accelerated-failure-time DGP; log-normal is correct, Cox and Weibull are misspecified.",0.8,15,29260429,cp_lognormal,CP + Log-Normal,conformal,Log-Normal,correct,TRUE,2000,0.3,3,0.3,0.7,0.2,0.1,1500,1.9740631575399838,0.35214285714285715,0.14142857142857143,0.885,1.4894274411609958,0.2841349826365381
aft_lognormal_linear,Log-Normal AFT (Linear),"Linear log-normal accelerated-failure-time DGP; log-normal is correct, Cox and Weibull are misspecified.",0.8,15,29260429,cp_weibull,CP + Weibull,conformal,Weibull,misspecified,TRUE,2000,0.3,3,0.3,0.7,0.2,0.1,1500,1.9740631575399838,0.35214285714285715,0.14142857142857143,0.8916666666666667,1.517729780735277,0.24400227251293063
aft_lognormal_linear,Log-Normal AFT (Linear),"Linear log-normal accelerated-failure-time DGP; log-normal is correct, Cox and Weibull are misspecified.",0.8,15,29260429,plugin_cox,Cox Plug-in,plug-in,Cox,misspecified,FALSE,2000,0.3,3,0.3,0.7,0.2,0.1,1500,1.9740631575399838,0.35214285714285715,0.14142857142857143,0.9033333333333333,1.571730325657976,0.17729703754019827
aft_lognormal_linear,Log-Normal AFT (Linear),"Linear log-normal accelerated-failure-time DGP; log-normal is correct, Cox and Weibull are misspecified.",0.8,15,29260429,plugin_lognormal,Log-Normal Plug-in,plug-in,Log-Normal,correct,FALSE,2000,0.3,3,0.3,0.7,0.2,0.1,1500,1.9740631575399838,0.35214285714285715,0.14142857142857143,0.8916666666666667,1.5082312530082846,0.2737273626494756
aft_lognormal_linear,Log-Normal AFT (Linear),"Linear log-normal accelerated-failure-time DGP; log-normal is correct, Cox and Weibull are misspecified.",0.8,15,29260429,plugin_weibull,Weibull Plug-in,plug-in,Weibull,misspecified,FALSE,2000,0.3,3,0.3,0.7,0.2,0.1,1500,1.9740631575399838,0.35214285714285715,0.14142857142857143,0.92,1.5732817415932197,0.21429853971389756
aft_lognormal_linear,Log-Normal AFT (Linear),"Linear log-normal accelerated-failure-time DGP; log-normal is correct, Cox and Weibull are misspecified.",0.8,16,29260430,cp_cox,CP + Cox,conformal,Cox,misspecified,TRUE,2000,0.3,3,0.3,0.7,0.2,0.1,1500,2.0894158211322376,0.3242857142857143,0.12071428571428572,0.87,1.6054279824789244,0.17318526800940087
aft_lognormal_linear,Log-Normal AFT (Linear),"Linear log-normal accelerated-failure-time DGP; log-normal is correct, Cox and Weibull are misspecified.",0.8,16,29260430,cp_lognormal,CP + Log-Normal,conformal,Log-Normal,correct,TRUE,2000,0.3,3,0.3,0.7,0.2,0.1,1500,2.0894158211322376,0.3242857142857143,0.12071428571428572,0.8933333333333333,1.587075143825416,0.2508873749956392
aft_lognormal_linear,Log-Normal AFT (Linear),"Linear log-normal accelerated-failure-time DGP; log-normal is correct, Cox and Weibull are misspecified.",0.8,16,29260430,cp_weibull,CP + Weibull,conformal,Weibull,misspecified,TRUE,2000,0.3,3,0.3,0.7,0.2,0.1,1500,2.0894158211322376,0.3242857142857143,0.12071428571428572,0.8933333333333333,1.6098829265530437,0.2169739997393914
aft_lognormal_linear,Log-Normal AFT (Linear),"Linear log-normal accelerated-failure-time DGP; log-normal is correct, Cox and Weibull are misspecified.",0.8,16,29260430,plugin_cox,Cox Plug-in,plug-in,Cox,misspecified,FALSE,2000,0.3,3,0.3,0.7,0.2,0.1,1500,2.0894158211322376,0.3242857142857143,0.12071428571428572,0.9066666666666666,1.6722807680894263,0.1403834513061578
aft_lognormal_linear,Log-Normal AFT (Linear),"Linear log-normal accelerated-failure-time DGP; log-normal is correct, Cox and Weibull are misspecified.",0.8,16,29260430,plugin_lognormal,Log-Normal Plug-in,plug-in,Log-Normal,correct,FALSE,2000,0.3,3,0.3,0.7,0.2,0.1,1500,2.0894158211322376,0.3242857142857143,0.12071428571428572,0.9066666666666666,1.6168568265735526,0.23601330935617829
aft_lognormal_linear,Log-Normal AFT (Linear),"Linear log-normal accelerated-failure-time DGP; log-normal is correct, Cox and Weibull are misspecified.",0.8,16,29260430,plugin_weibull,Weibull Plug-in,plug-in,Weibull,misspecified,FALSE,2000,0.3,3,0.3,0.7,0.2,0.1,1500,2.0894158211322376,0.3242857142857143,0.12071428571428572,0.9383333333333334,1.6872702657190213,0.1819585905821829
aft_lognormal_linear,Log-Normal AFT (Linear),"Linear log-normal accelerated-failure-time DGP; log-normal is correct, Cox and Weibull are misspecified.",0.8,17,29260431,cp_cox,CP + Cox,conformal,Cox,misspecified,TRUE,2000,0.3,3,0.3,0.7,0.2,0.1,1500,2.231795901569653,0.32857142857142857,0.11857142857142858,0.8816666666666667,1.7803043855096965,0.2079450416960499
aft_lognormal_linear,Log-Normal AFT (Linear),"Linear log-normal accelerated-failure-time DGP; log-normal is correct, Cox and Weibull are misspecified.",0.8,17,29260431,cp_lognormal,CP + Log-Normal,conformal,Log-Normal,correct,TRUE,2000,0.3,3,0.3,0.7,0.2,0.1,1500,2.231795901569653,0.32857142857142857,0.11857142857142858,0.885,1.7419622986557026,0.285964744998517
aft_lognormal_linear,Log-Normal AFT (Linear),"Linear log-normal accelerated-failure-time DGP; log-normal is correct, Cox and Weibull are misspecified.",0.8,17,29260431,cp_weibull,CP + Weibull,conformal,Weibull,misspecified,TRUE,2000,0.3,3,0.3,0.7,0.2,0.1,1500,2.231795901569653,0.32857142857142857,0.11857142857142858,0.8866666666666667,1.7580945312814529,0.24679272624148166
aft_lognormal_linear,Log-Normal AFT (Linear),"Linear log-normal accelerated-failure-time DGP; log-normal is correct, Cox and Weibull are misspecified.",0.8,17,29260431,plugin_cox,Cox Plug-in,plug-in,Cox,misspecified,FALSE,2000,0.3,3,0.3,0.7,0.2,0.1,1500,2.231795901569653,0.32857142857142857,0.11857142857142858,0.9066666666666666,1.820985306636329,0.18397797846623337
aft_lognormal_linear,Log-Normal AFT (Linear),"Linear log-normal accelerated-failure-time DGP; log-normal is correct, Cox and Weibull are misspecified.",0.8,17,29260431,plugin_lognormal,Log-Normal Plug-in,plug-in,Log-Normal,correct,FALSE,2000,0.3,3,0.3,0.7,0.2,0.1,1500,2.231795901569653,0.32857142857142857,0.11857142857142858,0.8816666666666667,1.734684271733431,0.28990937280766726
aft_lognormal_linear,Log-Normal AFT (Linear),"Linear log-normal accelerated-failure-time DGP; log-normal is correct, Cox and Weibull are misspecified.",0.8,17,29260431,plugin_weibull,Weibull Plug-in,plug-in,Weibull,misspecified,FALSE,2000,0.3,3,0.3,0.7,0.2,0.1,1500,2.231795901569653,0.32857142857142857,0.11857142857142858,0.9133333333333333,1.816799502349771,0.21620814117882298
aft_lognormal_linear,Log-Normal AFT (Linear),"Linear log-normal accelerated-failure-time DGP; log-normal is correct, Cox and Weibull are misspecified.",0.8,18,29260432,cp_cox,CP + Cox,conformal,Cox,misspecified,TRUE,2000,0.3,3,0.3,0.7,0.2,0.1,1500,2.11093360466043,0.3221428571428571,0.12785714285714286,0.915,1.6608616152502764,0.22006083258804737
aft_lognormal_linear,Log-Normal AFT (Linear),"Linear log-normal accelerated-failure-time DGP; log-normal is correct, Cox and Weibull are misspecified.",0.8,18,29260432,cp_lognormal,CP + Log-Normal,conformal,Log-Normal,correct,TRUE,2000,0.3,3,0.3,0.7,0.2,0.1,1500,2.11093360466043,0.3221428571428571,0.12785714285714286,0.9133333333333333,1.635211080753131,0.27835580889656236
aft_lognormal_linear,Log-Normal AFT (Linear),"Linear log-normal accelerated-failure-time DGP; log-normal is correct, Cox and Weibull are misspecified.",0.8,18,29260432,cp_weibull,CP + Weibull,conformal,Weibull,misspecified,TRUE,2000,0.3,3,0.3,0.7,0.2,0.1,1500,2.11093360466043,0.3221428571428571,0.12785714285714286,0.9266666666666666,1.6652735936189995,0.2465958088006414
aft_lognormal_linear,Log-Normal AFT (Linear),"Linear log-normal accelerated-failure-time DGP; log-normal is correct, Cox and Weibull are misspecified.",0.8,18,29260432,plugin_cox,Cox Plug-in,plug-in,Cox,misspecified,FALSE,2000,0.3,3,0.3,0.7,0.2,0.1,1500,2.11093360466043,0.3221428571428571,0.12785714285714286,0.9366666666666666,1.7220767113573099,0.17756422362522184
aft_lognormal_linear,Log-Normal AFT (Linear),"Linear log-normal accelerated-failure-time DGP; log-normal is correct, Cox and Weibull are misspecified.",0.8,18,29260432,plugin_lognormal,Log-Normal Plug-in,plug-in,Log-Normal,correct,FALSE,2000,0.3,3,0.3,0.7,0.2,0.1,1500,2.11093360466043,0.3221428571428571,0.12785714285714286,0.92,1.6505446933358037,0.26980930976968354
aft_lognormal_linear,Log-Normal AFT (Linear),"Linear log-normal accelerated-failure-time DGP; log-normal is correct, Cox and Weibull are misspecified.",0.8,18,29260432,plugin_weibull,Weibull Plug-in,plug-in,Weibull,misspecified,FALSE,2000,0.3,3,0.3,0.7,0.2,0.1,1500,2.11093360466043,0.3221428571428571,0.12785714285714286,0.95,1.7214744683130445,0.21549833582321262
aft_lognormal_linear,Log-Normal AFT (Linear),"Linear log-normal accelerated-failure-time DGP; log-normal is correct, Cox and Weibull are misspecified.",0.8,19,29260433,cp_cox,CP + Cox,conformal,Cox,misspecified,TRUE,2000,0.3,3,0.3,0.7,0.2,0.1,1500,2.0428897008451115,0.32142857142857145,0.12285714285714286,0.8983333333333333,1.6274618682894,0.18079863634384422
aft_lognormal_linear,Log-Normal AFT (Linear),"Linear log-normal accelerated-failure-time DGP; log-normal is correct, Cox and Weibull are misspecified.",0.8,19,29260433,cp_lognormal,CP + Log-Normal,conformal,Log-Normal,correct,TRUE,2000,0.3,3,0.3,0.7,0.2,0.1,1500,2.0428897008451115,0.32142857142857145,0.12285714285714286,0.9183333333333333,1.6086896412419198,0.2418104203988682
aft_lognormal_linear,Log-Normal AFT (Linear),"Linear log-normal accelerated-failure-time DGP; log-normal is correct, Cox and Weibull are misspecified.",0.8,19,29260433,cp_weibull,CP + Weibull,conformal,Weibull,misspecified,TRUE,2000,0.3,3,0.3,0.7,0.2,0.1,1500,2.0428897008451115,0.32142857142857145,0.12285714285714286,0.91,1.613705711727498,0.21678551915421057
aft_lognormal_linear,Log-Normal AFT (Linear),"Linear log-normal accelerated-failure-time DGP; log-normal is correct, Cox and Weibull are misspecified.",0.8,19,29260433,plugin_cox,Cox Plug-in,plug-in,Cox,misspecified,FALSE,2000,0.3,3,0.3,0.7,0.2,0.1,1500,2.0428897008451115,0.32142857142857145,0.12285714285714286,0.9,1.6323934385346057,0.1782890749221439
aft_lognormal_linear,Log-Normal AFT (Linear),"Linear log-normal accelerated-failure-time DGP; log-normal is correct, Cox and Weibull are misspecified.",0.8,19,29260433,plugin_lognormal,Log-Normal Plug-in,plug-in,Log-Normal,correct,FALSE,2000,0.3,3,0.3,0.7,0.2,0.1,1500,2.0428897008451115,0.32142857142857145,0.12285714285714286,0.895,1.5707086326614572,0.26283038488437493
aft_lognormal_linear,Log-Normal AFT (Linear),"Linear log-normal accelerated-failure-time DGP; log-normal is correct, Cox and Weibull are misspecified.",0.8,19,29260433,plugin_weibull,Weibull Plug-in,plug-in,Weibull,misspecified,FALSE,2000,0.3,3,0.3,0.7,0.2,0.1,1500,2.0428897008451115,0.32142857142857145,0.12285714285714286,0.9166666666666666,1.631721180772756,0.20768570902892516
aft_lognormal_linear,Log-Normal AFT (Linear),"Linear log-normal accelerated-failure-time DGP; log-normal is correct, Cox and Weibull are misspecified.",0.8,20,29260434,cp_cox,CP + Cox,conformal,Cox,misspecified,TRUE,2000,0.3,3,0.3,0.7,0.2,0.1,1500,2.1816798809668136,0.32357142857142857,0.1442857142857143,0.8816666666666667,1.7204544635918313,0.18840111978942423
aft_lognormal_linear,Log-Normal AFT (Linear),"Linear log-normal accelerated-failure-time DGP; log-normal is correct, Cox and Weibull are misspecified.",0.8,20,29260434,cp_lognormal,CP + Log-Normal,conformal,Log-Normal,correct,TRUE,2000,0.3,3,0.3,0.7,0.2,0.1,1500,2.1816798809668136,0.32357142857142857,0.1442857142857143,0.915,1.703754668305008,0.26546061052264286
aft_lognormal_linear,Log-Normal AFT (Linear),"Linear log-normal accelerated-failure-time DGP; log-normal is correct, Cox and Weibull are misspecified.",0.8,20,29260434,cp_weibull,CP + Weibull,conformal,Weibull,misspecified,TRUE,2000,0.3,3,0.3,0.7,0.2,0.1,1500,2.1816798809668136,0.32357142857142857,0.1442857142857143,0.915,1.7301170532091241,0.2307419469950574
aft_lognormal_linear,Log-Normal AFT (Linear),"Linear log-normal accelerated-failure-time DGP; log-normal is correct, Cox and Weibull are misspecified.",0.8,20,29260434,plugin_cox,Cox Plug-in,plug-in,Cox,misspecified,FALSE,2000,0.3,3,0.3,0.7,0.2,0.1,1500,2.1816798809668136,0.32357142857142857,0.1442857142857143,0.9033333333333333,1.7593965959003874,0.16456828994032405
aft_lognormal_linear,Log-Normal AFT (Linear),"Linear log-normal accelerated-failure-time DGP; log-normal is correct, Cox and Weibull are misspecified.",0.8,20,29260434,plugin_lognormal,Log-Normal Plug-in,plug-in,Log-Normal,correct,FALSE,2000,0.3,3,0.3,0.7,0.2,0.1,1500,2.1816798809668136,0.32357142857142857,0.1442857142857143,0.91,1.698396802877726,0.26843660381561624
aft_lognormal_linear,Log-Normal AFT (Linear),"Linear log-normal accelerated-failure-time DGP; log-normal is correct, Cox and Weibull are misspecified.",0.8,20,29260434,plugin_weibull,Weibull Plug-in,plug-in,Weibull,misspecified,FALSE,2000,0.3,3,0.3,0.7,0.2,0.1,1500,2.1816798809668136,0.32357142857142857,0.1442857142857143,0.9333333333333333,1.7673201017253475,0.21173173773710816
aft_lognormal_linear,Log-Normal AFT (Linear),"Linear log-normal accelerated-failure-time DGP; log-normal is correct, Cox and Weibull are misspecified.",0.8,21,29260435,cp_cox,CP + Cox,conformal,Cox,misspecified,TRUE,2000,0.3,3,0.3,0.7,0.2,0.1,1500,2.0233260391490107,0.31285714285714283,0.12071428571428572,0.8733333333333333,1.553268766586641,0.2138517533112761
aft_lognormal_linear,Log-Normal AFT (Linear),"Linear log-normal accelerated-failure-time DGP; log-normal is correct, Cox and Weibull are misspecified.",0.8,21,29260435,cp_lognormal,CP + Log-Normal,conformal,Log-Normal,correct,TRUE,2000,0.3,3,0.3,0.7,0.2,0.1,1500,2.0233260391490107,0.31285714285714283,0.12071428571428572,0.89,1.5384613768928845,0.2630584723103555
aft_lognormal_linear,Log-Normal AFT (Linear),"Linear log-normal accelerated-failure-time DGP; log-normal is correct, Cox and Weibull are misspecified.",0.8,21,29260435,cp_weibull,CP + Weibull,conformal,Weibull,misspecified,TRUE,2000,0.3,3,0.3,0.7,0.2,0.1,1500,2.0233260391490107,0.31285714285714283,0.12071428571428572,0.8833333333333333,1.5518755227649712,0.2398904451280165
aft_lognormal_linear,Log-Normal AFT (Linear),"Linear log-normal accelerated-failure-time DGP; log-normal is correct, Cox and Weibull are misspecified.",0.8,21,29260435,plugin_cox,Cox Plug-in,plug-in,Cox,misspecified,FALSE,2000,0.3,3,0.3,0.7,0.2,0.1,1500,2.0233260391490107,0.31285714285714283,0.12071428571428572,0.895,1.602991829080013,0.1825072459913064
aft_lognormal_linear,Log-Normal AFT (Linear),"Linear log-normal accelerated-failure-time DGP; log-normal is correct, Cox and Weibull are misspecified.",0.8,21,29260435,plugin_lognormal,Log-Normal Plug-in,plug-in,Log-Normal,correct,FALSE,2000,0.3,3,0.3,0.7,0.2,0.1,1500,2.0233260391490107,0.31285714285714283,0.12071428571428572,0.8916666666666667,1.5410242506799992,0.26176377101818815
aft_lognormal_linear,Log-Normal AFT (Linear),"Linear log-normal accelerated-failure-time DGP; log-normal is correct, Cox and Weibull are misspecified.",0.8,21,29260435,plugin_weibull,Weibull Plug-in,plug-in,Weibull,misspecified,FALSE,2000,0.3,3,0.3,0.7,0.2,0.1,1500,2.0233260391490107,0.31285714285714283,0.12071428571428572,0.9133333333333333,1.6012331680597194,0.21477555588992142
aft_lognormal_linear,Log-Normal AFT (Linear),"Linear log-normal accelerated-failure-time DGP; log-normal is correct, Cox and Weibull are misspecified.",0.8,22,29260436,cp_cox,CP + Cox,conformal,Cox,misspecified,TRUE,2000,0.3,3,0.3,0.7,0.2,0.1,1500,2.123109938154345,0.3514285714285714,0.145,0.8483333333333334,1.6575267138583307,0.22565643700366142
aft_lognormal_linear,Log-Normal AFT (Linear),"Linear log-normal accelerated-failure-time DGP; log-normal is correct, Cox and Weibull are misspecified.",0.8,22,29260436,cp_lognormal,CP + Log-Normal,conformal,Log-Normal,correct,TRUE,2000,0.3,3,0.3,0.7,0.2,0.1,1500,2.123109938154345,0.3514285714285714,0.145,0.84,1.6168682280834328,0.30332940633748495
aft_lognormal_linear,Log-Normal AFT (Linear),"Linear log-normal accelerated-failure-time DGP; log-normal is correct, Cox and Weibull are misspecified.",0.8,22,29260436,cp_weibull,CP + Weibull,conformal,Weibull,misspecified,TRUE,2000,0.3,3,0.3,0.7,0.2,0.1,1500,2.123109938154345,0.3514285714285714,0.145,0.8283333333333334,1.6052180617903877,0.28622657356037745
aft_lognormal_linear,Log-Normal AFT (Linear),"Linear log-normal accelerated-failure-time DGP; log-normal is correct, Cox and Weibull are misspecified.",0.8,22,29260436,plugin_cox,Cox Plug-in,plug-in,Cox,misspecified,FALSE,2000,0.3,3,0.3,0.7,0.2,0.1,1500,2.123109938154345,0.3514285714285714,0.145,0.8683333333333333,1.696520711069735,0.1988496986824645
aft_lognormal_linear,Log-Normal AFT (Linear),"Linear log-normal accelerated-failure-time DGP; log-normal is correct, Cox and Weibull are misspecified.",0.8,22,29260436,plugin_lognormal,Log-Normal Plug-in,plug-in,Log-Normal,correct,FALSE,2000,0.3,3,0.3,0.7,0.2,0.1,1500,2.123109938154345,0.3514285714285714,0.145,0.8416666666666667,1.6192153058324432,0.302081317005059
aft_lognormal_linear,Log-Normal AFT (Linear),"Linear log-normal accelerated-failure-time DGP; log-normal is correct, Cox and Weibull are misspecified.",0.8,22,29260436,plugin_weibull,Weibull Plug-in,plug-in,Weibull,misspecified,FALSE,2000,0.3,3,0.3,0.7,0.2,0.1,1500,2.123109938154345,0.3514285714285714,0.145,0.88,1.6940662736143088,0.23712227129583333
aft_lognormal_linear,Log-Normal AFT (Linear),"Linear log-normal accelerated-failure-time DGP; log-normal is correct, Cox and Weibull are misspecified.",0.8,23,29260437,cp_cox,CP + Cox,conformal,Cox,misspecified,TRUE,2000,0.3,3,0.3,0.7,0.2,0.1,1500,2.090628119211941,0.3142857142857143,0.12214285714285714,0.9016666666666666,1.6751710293360877,0.182537177578566
aft_lognormal_linear,Log-Normal AFT (Linear),"Linear log-normal accelerated-failure-time DGP; log-normal is correct, Cox and Weibull are misspecified.",0.8,23,29260437,cp_lognormal,CP + Log-Normal,conformal,Log-Normal,correct,TRUE,2000,0.3,3,0.3,0.7,0.2,0.1,1500,2.090628119211941,0.3142857142857143,0.12214285714285714,0.9066666666666666,1.6546319645934273,0.24791778874095763
aft_lognormal_linear,Log-Normal AFT (Linear),"Linear log-normal accelerated-failure-time DGP; log-normal is correct, Cox and Weibull are misspecified.",0.8,23,29260437,cp_weibull,CP + Weibull,conformal,Weibull,misspecified,TRUE,2000,0.3,3,0.3,0.7,0.2,0.1,1500,2.090628119211941,0.3142857142857143,0.12214285714285714,0.905,1.666907323727088,0.2070830042388723
aft_lognormal_linear,Log-Normal AFT (Linear),"Linear log-normal accelerated-failure-time DGP; log-normal is correct, Cox and Weibull are misspecified.",0.8,23,29260437,plugin_cox,Cox Plug-in,plug-in,Cox,misspecified,FALSE,2000,0.3,3,0.3,0.7,0.2,0.1,1500,2.090628119211941,0.3142857142857143,0.12214285714285714,0.92,1.7036300471574521,0.1673448320337098
aft_lognormal_linear,Log-Normal AFT (Linear),"Linear log-normal accelerated-failure-time DGP; log-normal is correct, Cox and Weibull are misspecified.",0.8,23,29260437,plugin_lognormal,Log-Normal Plug-in,plug-in,Log-Normal,correct,FALSE,2000,0.3,3,0.3,0.7,0.2,0.1,1500,2.090628119211941,0.3142857142857143,0.12214285714285714,0.8966666666666666,1.6252466936137502,0.2646269530894592
aft_lognormal_linear,Log-Normal AFT (Linear),"Linear log-normal accelerated-failure-time DGP; log-normal is correct, Cox and Weibull are misspecified.",0.8,23,29260437,plugin_weibull,Weibull Plug-in,plug-in,Weibull,misspecified,FALSE,2000,0.3,3,0.3,0.7,0.2,0.1,1500,2.090628119211941,0.3142857142857143,0.12214285714285714,0.9233333333333333,1.6999783456519588,0.19092036448545788
aft_lognormal_linear,Log-Normal AFT (Linear),"Linear log-normal accelerated-failure-time DGP; log-normal is correct, Cox and Weibull are misspecified.",0.8,24,29260438,cp_cox,CP + Cox,conformal,Cox,misspecified,TRUE,2000,0.3,3,0.3,0.7,0.2,0.1,1500,2.1133164246461007,0.31285714285714283,0.13071428571428573,0.9216666666666666,1.6971886639598122,0.1731746567105995
aft_lognormal_linear,Log-Normal AFT (Linear),"Linear log-normal accelerated-failure-time DGP; log-normal is correct, Cox and Weibull are misspecified.",0.8,24,29260438,cp_lognormal,CP + Log-Normal,conformal,Log-Normal,correct,TRUE,2000,0.3,3,0.3,0.7,0.2,0.1,1500,2.1133164246461007,0.31285714285714283,0.13071428571428573,0.8983333333333333,1.6329342941531677,0.2561494108380473
aft_lognormal_linear,Log-Normal AFT (Linear),"Linear log-normal accelerated-failure-time DGP; log-normal is correct, Cox and Weibull are misspecified.",0.8,24,29260438,cp_weibull,CP + Weibull,conformal,Weibull,misspecified,TRUE,2000,0.3,3,0.3,0.7,0.2,0.1,1500,2.1133164246461007,0.31285714285714283,0.13071428571428573,0.8883333333333333,1.6275898030426645,0.23757690721592734
aft_lognormal_linear,Log-Normal AFT (Linear),"Linear log-normal accelerated-failure-time DGP; log-normal is correct, Cox and Weibull are misspecified.",0.8,24,29260438,plugin_cox,Cox Plug-in,plug-in,Cox,misspecified,FALSE,2000,0.3,3,0.3,0.7,0.2,0.1,1500,2.1133164246461007,0.31285714285714283,0.13071428571428573,0.9216666666666666,1.6942089979442763,0.17483520133438368
aft_lognormal_linear,Log-Normal AFT (Linear),"Linear log-normal accelerated-failure-time DGP; log-normal is correct, Cox and Weibull are misspecified.",0.8,24,29260438,plugin_lognormal,Log-Normal Plug-in,plug-in,Log-Normal,correct,FALSE,2000,0.3,3,0.3,0.7,0.2,0.1,1500,2.1133164246461007,0.31285714285714283,0.13071428571428573,0.8883333333333333,1.6194903345036107,0.2633180004357304
aft_lognormal_linear,Log-Normal AFT (Linear),"Linear log-normal accelerated-failure-time DGP; log-normal is correct, Cox and Weibull are misspecified.",0.8,24,29260438,plugin_weibull,Weibull Plug-in,plug-in,Weibull,misspecified,FALSE,2000,0.3,3,0.3,0.7,0.2,0.1,1500,2.1133164246461007,0.31285714285714283,0.13071428571428573,0.9233333333333333,1.6876220446650532,0.2082141470468327
aft_lognormal_linear,Log-Normal AFT (Linear),"Linear log-normal accelerated-failure-time DGP; log-normal is correct, Cox and Weibull are misspecified.",0.8,25,29260439,cp_cox,CP + Cox,conformal,Cox,misspecified,TRUE,2000,0.3,3,0.3,0.7,0.2,0.1,1500,2.201552406860767,0.34214285714285714,0.14,0.895,1.758437924601606,0.18021590217827008
aft_lognormal_linear,Log-Normal AFT (Linear),"Linear log-normal accelerated-failure-time DGP; log-normal is correct, Cox and Weibull are misspecified.",0.8,25,29260439,cp_lognormal,CP + Log-Normal,conformal,Log-Normal,correct,TRUE,2000,0.3,3,0.3,0.7,0.2,0.1,1500,2.201552406860767,0.34214285714285714,0.14,0.8983333333333333,1.7313816853540378,0.252828798043981
aft_lognormal_linear,Log-Normal AFT (Linear),"Linear log-normal accelerated-failure-time DGP; log-normal is correct, Cox and Weibull are misspecified.",0.8,25,29260439,cp_weibull,CP + Weibull,conformal,Weibull,misspecified,TRUE,2000,0.3,3,0.3,0.7,0.2,0.1,1500,2.201552406860767,0.34214285714285714,0.14,0.8966666666666666,1.7380487031387546,0.23502556621952334
aft_lognormal_linear,Log-Normal AFT (Linear),"Linear log-normal accelerated-failure-time DGP; log-normal is correct, Cox and Weibull are misspecified.",0.8,25,29260439,plugin_cox,Cox Plug-in,plug-in,Cox,misspecified,FALSE,2000,0.3,3,0.3,0.7,0.2,0.1,1500,2.201552406860767,0.34214285714285714,0.14,0.915,1.8004197991255981,0.15413737328555377
aft_lognormal_linear,Log-Normal AFT (Linear),"Linear log-normal accelerated-failure-time DGP; log-normal is correct, Cox and Weibull are misspecified.",0.8,25,29260439,plugin_lognormal,Log-Normal Plug-in,plug-in,Log-Normal,correct,FALSE,2000,0.3,3,0.3,0.7,0.2,0.1,1500,2.201552406860767,0.34214285714285714,0.14,0.8983333333333333,1.7324923851014977,0.25223153226520567
aft_lognormal_linear,Log-Normal AFT (Linear),"Linear log-normal accelerated-failure-time DGP; log-normal is correct, Cox and Weibull are misspecified.",0.8,25,29260439,plugin_weibull,Weibull Plug-in,plug-in,Weibull,misspecified,FALSE,2000,0.3,3,0.3,0.7,0.2,0.1,1500,2.201552406860767,0.34214285714285714,0.14,0.94,1.8042779090080054,0.20144318816149273
aft_lognormal_linear,Log-Normal AFT (Linear),"Linear log-normal accelerated-failure-time DGP; log-normal is correct, Cox and Weibull are misspecified.",0.8,26,29260440,cp_cox,CP + Cox,conformal,Cox,misspecified,TRUE,2000,0.3,3,0.3,0.7,0.2,0.1,1500,2.1052691424506427,0.3392857142857143,0.13214285714285715,0.8983333333333333,1.700606561711463,0.16834694954540702
aft_lognormal_linear,Log-Normal AFT (Linear),"Linear log-normal accelerated-failure-time DGP; log-normal is correct, Cox and Weibull are misspecified.",0.8,26,29260440,cp_lognormal,CP + Log-Normal,conformal,Log-Normal,correct,TRUE,2000,0.3,3,0.3,0.7,0.2,0.1,1500,2.1052691424506427,0.3392857142857143,0.13214285714285715,0.875,1.6386071749341835,0.24069652810129272
aft_lognormal_linear,Log-Normal AFT (Linear),"Linear log-normal accelerated-failure-time DGP; log-normal is correct, Cox and Weibull are misspecified.",0.8,26,29260440,cp_weibull,CP + Weibull,conformal,Weibull,misspecified,TRUE,2000,0.3,3,0.3,0.7,0.2,0.1,1500,2.1052691424506427,0.3392857142857143,0.13214285714285715,0.905,1.6894993515184866,0.1986020963301982
aft_lognormal_linear,Log-Normal AFT (Linear),"Linear log-normal accelerated-failure-time DGP; log-normal is correct, Cox and Weibull are misspecified.",0.8,26,29260440,plugin_cox,Cox Plug-in,plug-in,Cox,misspecified,FALSE,2000,0.3,3,0.3,0.7,0.2,0.1,1500,2.1052691424506427,0.3392857142857143,0.13214285714285715,0.9016666666666666,1.7064595391120152,0.16523750486833924
aft_lognormal_linear,Log-Normal AFT (Linear),"Linear log-normal accelerated-failure-time DGP; log-normal is correct, Cox and Weibull are misspecified.",0.8,26,29260440,plugin_lognormal,Log-Normal Plug-in,plug-in,Log-Normal,correct,FALSE,2000,0.3,3,0.3,0.7,0.2,0.1,1500,2.1052691424506427,0.3392857142857143,0.13214285714285715,0.885,1.6519152930518743,0.2338324207828039
aft_lognormal_linear,Log-Normal AFT (Linear),"Linear log-normal accelerated-failure-time DGP; log-normal is correct, Cox and Weibull are misspecified.",0.8,26,29260440,plugin_weibull,Weibull Plug-in,plug-in,Weibull,misspecified,FALSE,2000,0.3,3,0.3,0.7,0.2,0.1,1500,2.1052691424506427,0.3392857142857143,0.13214285714285715,0.915,1.7055276267804087,0.19094581841631142
aft_lognormal_linear,Log-Normal AFT (Linear),"Linear log-normal accelerated-failure-time DGP; log-normal is correct, Cox and Weibull are misspecified.",0.8,27,29260441,cp_cox,CP + Cox,conformal,Cox,misspecified,TRUE,2000,0.3,3,0.3,0.7,0.2,0.1,1500,2.132493578824064,0.35,0.13285714285714287,0.895,1.6998283651109778,0.21924693207422055
aft_lognormal_linear,Log-Normal AFT (Linear),"Linear log-normal accelerated-failure-time DGP; log-normal is correct, Cox and Weibull are misspecified.",0.8,27,29260441,cp_lognormal,CP + Log-Normal,conformal,Log-Normal,correct,TRUE,2000,0.3,3,0.3,0.7,0.2,0.1,1500,2.132493578824064,0.35,0.13285714285714287,0.8933333333333333,1.649470417424177,0.3074770334238866
aft_lognormal_linear,Log-Normal AFT (Linear),"Linear log-normal accelerated-failure-time DGP; log-normal is correct, Cox and Weibull are misspecified.",0.8,27,29260441,cp_weibull,CP + Weibull,conformal,Weibull,misspecified,TRUE,2000,0.3,3,0.3,0.7,0.2,0.1,1500,2.132493578824064,0.35,0.13285714285714287,0.895,1.6651259859721506,0.2772467223395797
aft_lognormal_linear,Log-Normal AFT (Linear),"Linear log-normal accelerated-failure-time DGP; log-normal is correct, Cox and Weibull are misspecified.",0.8,27,29260441,plugin_cox,Cox Plug-in,plug-in,Cox,misspecified,FALSE,2000,0.3,3,0.3,0.7,0.2,0.1,1500,2.132493578824064,0.35,0.13285714285714287,0.9133333333333333,1.7260093756206105,0.2001895483722889
aft_lognormal_linear,Log-Normal AFT (Linear),"Linear log-normal accelerated-failure-time DGP; log-normal is correct, Cox and Weibull are misspecified.",0.8,27,29260441,plugin_lognormal,Log-Normal Plug-in,plug-in,Log-Normal,correct,FALSE,2000,0.3,3,0.3,0.7,0.2,0.1,1500,2.132493578824064,0.35,0.13285714285714287,0.8933333333333333,1.648320501041495,0.3082090332663121
aft_lognormal_linear,Log-Normal AFT (Linear),"Linear log-normal accelerated-failure-time DGP; log-normal is correct, Cox and Weibull are misspecified.",0.8,27,29260441,plugin_weibull,Weibull Plug-in,plug-in,Weibull,misspecified,FALSE,2000,0.3,3,0.3,0.7,0.2,0.1,1500,2.132493578824064,0.35,0.13285714285714287,0.9266666666666666,1.724742605762178,0.24188159928324685
aft_lognormal_linear,Log-Normal AFT (Linear),"Linear log-normal accelerated-failure-time DGP; log-normal is correct, Cox and Weibull are misspecified.",0.8,28,29260442,cp_cox,CP + Cox,conformal,Cox,misspecified,TRUE,2000,0.3,3,0.3,0.7,0.2,0.1,1500,2.0166880004767975,0.3292857142857143,0.135,0.9183333333333333,1.6042035707818771,0.1709294701989314
aft_lognormal_linear,Log-Normal AFT (Linear),"Linear log-normal accelerated-failure-time DGP; log-normal is correct, Cox and Weibull are misspecified.",0.8,28,29260442,cp_lognormal,CP + Log-Normal,conformal,Log-Normal,correct,TRUE,2000,0.3,3,0.3,0.7,0.2,0.1,1500,2.0166880004767975,0.3292857142857143,0.135,0.9033333333333333,1.5463069705623786,0.2649553620587073
aft_lognormal_linear,Log-Normal AFT (Linear),"Linear log-normal accelerated-failure-time DGP; log-normal is correct, Cox and Weibull are misspecified.",0.8,28,29260442,cp_weibull,CP + Weibull,conformal,Weibull,misspecified,TRUE,2000,0.3,3,0.3,0.7,0.2,0.1,1500,2.0166880004767975,0.3292857142857143,0.135,0.9083333333333333,1.556698457523037,0.23884552032323475
aft_lognormal_linear,Log-Normal AFT (Linear),"Linear log-normal accelerated-failure-time DGP; log-normal is correct, Cox and Weibull are misspecified.",0.8,28,29260442,plugin_cox,Cox Plug-in,plug-in,Cox,misspecified,FALSE,2000,0.3,3,0.3,0.7,0.2,0.1,1500,2.0166880004767975,0.3292857142857143,0.135,0.9233333333333333,1.6188342711454298,0.1618794420981645
aft_lognormal_linear,Log-Normal AFT (Linear),"Linear log-normal accelerated-failure-time DGP; log-normal is correct, Cox and Weibull are misspecified.",0.8,28,29260442,plugin_lognormal,Log-Normal Plug-in,plug-in,Log-Normal,correct,FALSE,2000,0.3,3,0.3,0.7,0.2,0.1,1500,2.0166880004767975,0.3292857142857143,0.135,0.9033333333333333,1.5473144186048098,0.2643878885768663
aft_lognormal_linear,Log-Normal AFT (Linear),"Linear log-normal accelerated-failure-time DGP; log-normal is correct, Cox and Weibull are misspecified.",0.8,28,29260442,plugin_weibull,Weibull Plug-in,plug-in,Weibull,misspecified,FALSE,2000,0.3,3,0.3,0.7,0.2,0.1,1500,2.0166880004767975,0.3292857142857143,0.135,0.93,1.6205477606661831,0.2056923318103523
aft_lognormal_linear,Log-Normal AFT (Linear),"Linear log-normal accelerated-failure-time DGP; log-normal is correct, Cox and Weibull are misspecified.",0.8,29,29260443,cp_cox,CP + Cox,conformal,Cox,misspecified,TRUE,2000,0.3,3,0.3,0.7,0.2,0.1,1500,2.0591690211653924,0.32071428571428573,0.12642857142857142,0.8933333333333333,1.626956463513059,0.17139001070097717
aft_lognormal_linear,Log-Normal AFT (Linear),"Linear log-normal accelerated-failure-time DGP; log-normal is correct, Cox and Weibull are misspecified.",0.8,29,29260443,cp_lognormal,CP + Log-Normal,conformal,Log-Normal,correct,TRUE,2000,0.3,3,0.3,0.7,0.2,0.1,1500,2.0591690211653924,0.32071428571428573,0.12642857142857142,0.895,1.6092547181317662,0.24380110859636167
aft_lognormal_linear,Log-Normal AFT (Linear),"Linear log-normal accelerated-failure-time DGP; log-normal is correct, Cox and Weibull are misspecified.",0.8,29,29260443,cp_weibull,CP + Weibull,conformal,Weibull,misspecified,TRUE,2000,0.3,3,0.3,0.7,0.2,0.1,1500,2.0591690211653924,0.32071428571428573,0.12642857142857142,0.9066666666666666,1.6474147462541242,0.19935872245939243
aft_lognormal_linear,Log-Normal AFT (Linear),"Linear log-normal accelerated-failure-time DGP; log-normal is correct, Cox and Weibull are misspecified.",0.8,29,29260443,plugin_cox,Cox Plug-in,plug-in,Cox,misspecified,FALSE,2000,0.3,3,0.3,0.7,0.2,0.1,1500,2.0591690211653924,0.32071428571428573,0.12642857142857142,0.9066666666666666,1.6647545351005937,0.15392677397083795
aft_lognormal_linear,Log-Normal AFT (Linear),"Linear log-normal accelerated-failure-time DGP; log-normal is correct, Cox and Weibull are misspecified.",0.8,29,29260443,plugin_lognormal,Log-Normal Plug-in,plug-in,Log-Normal,correct,FALSE,2000,0.3,3,0.3,0.7,0.2,0.1,1500,2.0591690211653924,0.32071428571428573,0.12642857142857142,0.8983333333333333,1.614586181417983,0.24091207694998762
aft_lognormal_linear,Log-Normal AFT (Linear),"Linear log-normal accelerated-failure-time DGP; log-normal is correct, Cox and Weibull are misspecified.",0.8,29,29260443,plugin_weibull,Weibull Plug-in,plug-in,Weibull,misspecified,FALSE,2000,0.3,3,0.3,0.7,0.2,0.1,1500,2.0591690211653924,0.32071428571428573,0.12642857142857142,0.92,1.6748699403709855,0.1860657641162358
aft_lognormal_linear,Log-Normal AFT (Linear),"Linear log-normal accelerated-failure-time DGP; log-normal is correct, Cox and Weibull are misspecified.",0.8,30,29260444,cp_cox,CP + Cox,conformal,Cox,misspecified,TRUE,2000,0.3,3,0.3,0.7,0.2,0.1,1500,2.02028679545751,0.335,0.12714285714285714,0.9083333333333333,1.6005892035176035,0.17793951844438344
aft_lognormal_linear,Log-Normal AFT (Linear),"Linear log-normal accelerated-failure-time DGP; log-normal is correct, Cox and Weibull are misspecified.",0.8,30,29260444,cp_lognormal,CP + Log-Normal,conformal,Log-Normal,correct,TRUE,2000,0.3,3,0.3,0.7,0.2,0.1,1500,2.02028679545751,0.335,0.12714285714285714,0.9166666666666666,1.5845045726348652,0.24688053148367956
aft_lognormal_linear,Log-Normal AFT (Linear),"Linear log-normal accelerated-failure-time DGP; log-normal is correct, Cox and Weibull are misspecified.",0.8,30,29260444,cp_weibull,CP + Weibull,conformal,Weibull,misspecified,TRUE,2000,0.3,3,0.3,0.7,0.2,0.1,1500,2.02028679545751,0.335,0.12714285714285714,0.9,1.5701784423895733,0.23258449913063878
aft_lognormal_linear,Log-Normal AFT (Linear),"Linear log-normal accelerated-failure-time DGP; log-normal is correct, Cox and Weibull are misspecified.",0.8,30,29260444,plugin_cox,Cox Plug-in,plug-in,Cox,misspecified,FALSE,2000,0.3,3,0.3,0.7,0.2,0.1,1500,2.02028679545751,0.335,0.12714285714285714,0.9166666666666666,1.617211719377255,0.1678852362493593
aft_lognormal_linear,Log-Normal AFT (Linear),"Linear log-normal accelerated-failure-time DGP; log-normal is correct, Cox and Weibull are misspecified.",0.8,30,29260444,plugin_lognormal,Log-Normal Plug-in,plug-in,Log-Normal,correct,FALSE,2000,0.3,3,0.3,0.7,0.2,0.1,1500,2.02028679545751,0.335,0.12714285714285714,0.9016666666666666,1.5620340957873577,0.2596105672131595
aft_lognormal_linear,Log-Normal AFT (Linear),"Linear log-normal accelerated-failure-time DGP; log-normal is correct, Cox and Weibull are misspecified.",0.8,30,29260444,plugin_weibull,Weibull Plug-in,plug-in,Weibull,misspecified,FALSE,2000,0.3,3,0.3,0.7,0.2,0.1,1500,2.02028679545751,0.335,0.12714285714285714,0.93,1.6186599901951786,0.20753262787211332
aft_lognormal_linear,Log-Normal AFT (Linear),"Linear log-normal accelerated-failure-time DGP; log-normal is correct, Cox and Weibull are misspecified.",0.9,1,30260415,cp_cox,CP + Cox,conformal,Cox,misspecified,TRUE,2000,0.3,3,0.3,0.7,0.2,0.1,1500,3.2096247582363064,0.2735714285714286,0.065,0.9166666666666666,2.7680468551843713,0.19012254974520018
aft_lognormal_linear,Log-Normal AFT (Linear),"Linear log-normal accelerated-failure-time DGP; log-normal is correct, Cox and Weibull are misspecified.",0.9,1,30260415,cp_lognormal,CP + Log-Normal,conformal,Log-Normal,correct,TRUE,2000,0.3,3,0.3,0.7,0.2,0.1,1500,3.2096247582363064,0.2735714285714286,0.065,0.9033333333333333,2.7190395925969852,0.2866591922590091
aft_lognormal_linear,Log-Normal AFT (Linear),"Linear log-normal accelerated-failure-time DGP; log-normal is correct, Cox and Weibull are misspecified.",0.9,1,30260415,cp_weibull,CP + Weibull,conformal,Weibull,misspecified,TRUE,2000,0.3,3,0.3,0.7,0.2,0.1,1500,3.2096247582363064,0.2735714285714286,0.065,0.895,2.7070110668482963,0.2754072542971661
aft_lognormal_linear,Log-Normal AFT (Linear),"Linear log-normal accelerated-failure-time DGP; log-normal is correct, Cox and Weibull are misspecified.",0.9,1,30260415,plugin_cox,Cox Plug-in,plug-in,Cox,misspecified,FALSE,2000,0.3,3,0.3,0.7,0.2,0.1,1500,3.2096247582363064,0.2735714285714286,0.065,0.9283333333333333,2.807224466184513,0.16317311194523634
aft_lognormal_linear,Log-Normal AFT (Linear),"Linear log-normal accelerated-failure-time DGP; log-normal is correct, Cox and Weibull are misspecified.",0.9,1,30260415,plugin_lognormal,Log-Normal Plug-in,plug-in,Log-Normal,correct,FALSE,2000,0.3,3,0.3,0.7,0.2,0.1,1500,3.2096247582363064,0.2735714285714286,0.065,0.905,2.7219883228857635,0.2849361873620526
aft_lognormal_linear,Log-Normal AFT (Linear),"Linear log-normal accelerated-failure-time DGP; log-normal is correct, Cox and Weibull are misspecified.",0.9,1,30260415,plugin_weibull,Weibull Plug-in,plug-in,Weibull,misspecified,FALSE,2000,0.3,3,0.3,0.7,0.2,0.1,1500,3.2096247582363064,0.2735714285714286,0.065,0.9416666666666667,2.814224184629036,0.21665980889612643
aft_lognormal_linear,Log-Normal AFT (Linear),"Linear log-normal accelerated-failure-time DGP; log-normal is correct, Cox and Weibull are misspecified.",0.9,2,30260416,cp_cox,CP + Cox,conformal,Cox,misspecified,TRUE,2000,0.3,3,0.3,0.7,0.2,0.1,1500,3.042274997202074,0.26857142857142857,0.05785714285714286,0.8783333333333333,2.6169001419427613,0.15020561429244028
aft_lognormal_linear,Log-Normal AFT (Linear),"Linear log-normal accelerated-failure-time DGP; log-normal is correct, Cox and Weibull are misspecified.",0.9,2,30260416,cp_lognormal,CP + Log-Normal,conformal,Log-Normal,correct,TRUE,2000,0.3,3,0.3,0.7,0.2,0.1,1500,3.042274997202074,0.26857142857142857,0.05785714285714286,0.8883333333333333,2.596498024434684,0.22290607500323548
aft_lognormal_linear,Log-Normal AFT (Linear),"Linear log-normal accelerated-failure-time DGP; log-normal is correct, Cox and Weibull are misspecified.",0.9,2,30260416,cp_weibull,CP + Weibull,conformal,Weibull,misspecified,TRUE,2000,0.3,3,0.3,0.7,0.2,0.1,1500,3.042274997202074,0.26857142857142857,0.05785714285714286,0.8833333333333333,2.598124862090574,0.19871739740144598
aft_lognormal_linear,Log-Normal AFT (Linear),"Linear log-normal accelerated-failure-time DGP; log-normal is correct, Cox and Weibull are misspecified.",0.9,2,30260416,plugin_cox,Cox Plug-in,plug-in,Cox,misspecified,FALSE,2000,0.3,3,0.3,0.7,0.2,0.1,1500,3.042274997202074,0.26857142857142857,0.05785714285714286,0.8866666666666667,2.6472794420230943,0.13547404643573535
aft_lognormal_linear,Log-Normal AFT (Linear),"Linear log-normal accelerated-failure-time DGP; log-normal is correct, Cox and Weibull are misspecified.",0.9,2,30260416,plugin_lognormal,Log-Normal Plug-in,plug-in,Log-Normal,correct,FALSE,2000,0.3,3,0.3,0.7,0.2,0.1,1500,3.042274997202074,0.26857142857142857,0.05785714285714286,0.8816666666666667,2.5869699841774456,0.2276704710711367
aft_lognormal_linear,Log-Normal AFT (Linear),"Linear log-normal accelerated-failure-time DGP; log-normal is correct, Cox and Weibull are misspecified.",0.9,2,30260416,plugin_weibull,Weibull Plug-in,plug-in,Weibull,misspecified,FALSE,2000,0.3,3,0.3,0.7,0.2,0.1,1500,3.042274997202074,0.26857142857142857,0.05785714285714286,0.92,2.6615997274304006,0.1703180813963499
aft_lognormal_linear,Log-Normal AFT (Linear),"Linear log-normal accelerated-failure-time DGP; log-normal is correct, Cox and Weibull are misspecified.",0.9,3,30260417,cp_cox,CP + Cox,conformal,Cox,misspecified,TRUE,2000,0.3,3,0.3,0.7,0.2,0.1,1500,2.9475761920311316,0.245,0.056428571428571425,0.9383333333333334,2.5297676534538787,0.20243136356879213
aft_lognormal_linear,Log-Normal AFT (Linear),"Linear log-normal accelerated-failure-time DGP; log-normal is correct, Cox and Weibull are misspecified.",0.9,3,30260417,cp_lognormal,CP + Log-Normal,conformal,Log-Normal,correct,TRUE,2000,0.3,3,0.3,0.7,0.2,0.1,1500,2.9475761920311316,0.245,0.056428571428571425,0.9216666666666666,2.4490130727303416,0.3095165991527081
aft_lognormal_linear,Log-Normal AFT (Linear),"Linear log-normal accelerated-failure-time DGP; log-normal is correct, Cox and Weibull are misspecified.",0.9,3,30260417,cp_weibull,CP + Weibull,conformal,Weibull,misspecified,TRUE,2000,0.3,3,0.3,0.7,0.2,0.1,1500,2.9475761920311316,0.245,0.056428571428571425,0.9366666666666666,2.5083508989011634,0.25555255995806364
aft_lognormal_linear,Log-Normal AFT (Linear),"Linear log-normal accelerated-failure-time DGP; log-normal is correct, Cox and Weibull are misspecified.",0.9,3,30260417,plugin_cox,Cox Plug-in,plug-in,Cox,misspecified,FALSE,2000,0.3,3,0.3,0.7,0.2,0.1,1500,2.9475761920311316,0.245,0.056428571428571425,0.94,2.5494292537782064,0.18924321136236086
aft_lognormal_linear,Log-Normal AFT (Linear),"Linear log-normal accelerated-failure-time DGP; log-normal is correct, Cox and Weibull are misspecified.",0.9,3,30260417,plugin_lognormal,Log-Normal Plug-in,plug-in,Log-Normal,correct,FALSE,2000,0.3,3,0.3,0.7,0.2,0.1,1500,2.9475761920311316,0.245,0.056428571428571425,0.9283333333333333,2.463089131612406,0.30077793857797497
aft_lognormal_linear,Log-Normal AFT (Linear),"Linear log-normal accelerated-failure-time DGP; log-normal is correct, Cox and Weibull are misspecified.",0.9,3,30260417,plugin_weibull,Weibull Plug-in,plug-in,Weibull,misspecified,FALSE,2000,0.3,3,0.3,0.7,0.2,0.1,1500,2.9475761920311316,0.245,0.056428571428571425,0.9566666666666667,2.5509970706525817,0.23073992158329384
aft_lognormal_linear,Log-Normal AFT (Linear),"Linear log-normal accelerated-failure-time DGP; log-normal is correct, Cox and Weibull are misspecified.",0.9,4,30260418,cp_cox,CP + Cox,conformal,Cox,misspecified,TRUE,2000,0.3,3,0.3,0.7,0.2,0.1,1500,2.939857131177371,0.27,0.05785714285714286,0.8833333333333333,2.51563447565783,0.1668316429244029
aft_lognormal_linear,Log-Normal AFT (Linear),"Linear log-normal accelerated-failure-time DGP; log-normal is correct, Cox and Weibull are misspecified.",0.9,4,30260418,cp_lognormal,CP + Log-Normal,conformal,Log-Normal,correct,TRUE,2000,0.3,3,0.3,0.7,0.2,0.1,1500,2.939857131177371,0.27,0.05785714285714286,0.875,2.4537140174722216,0.2765118354670404
aft_lognormal_linear,Log-Normal AFT (Linear),"Linear log-normal accelerated-failure-time DGP; log-normal is correct, Cox and Weibull are misspecified.",0.9,4,30260418,cp_weibull,CP + Weibull,conformal,Weibull,misspecified,TRUE,2000,0.3,3,0.3,0.7,0.2,0.1,1500,2.939857131177371,0.27,0.05785714285714286,0.88,2.485853081735728,0.2306880232476816
aft_lognormal_linear,Log-Normal AFT (Linear),"Linear log-normal accelerated-failure-time DGP; log-normal is correct, Cox and Weibull are misspecified.",0.9,4,30260418,plugin_cox,Cox Plug-in,plug-in,Cox,misspecified,FALSE,2000,0.3,3,0.3,0.7,0.2,0.1,1500,2.939857131177371,0.27,0.05785714285714286,0.8983333333333333,2.5472008949451053,0.14524169374176255
aft_lognormal_linear,Log-Normal AFT (Linear),"Linear log-normal accelerated-failure-time DGP; log-normal is correct, Cox and Weibull are misspecified.",0.9,4,30260418,plugin_lognormal,Log-Normal Plug-in,plug-in,Log-Normal,correct,FALSE,2000,0.3,3,0.3,0.7,0.2,0.1,1500,2.939857131177371,0.27,0.05785714285714286,0.8766666666666667,2.466240069487185,0.26938718114988847
aft_lognormal_linear,Log-Normal AFT (Linear),"Linear log-normal accelerated-failure-time DGP; log-normal is correct, Cox and Weibull are misspecified.",0.9,4,30260418,plugin_weibull,Weibull Plug-in,plug-in,Weibull,misspecified,FALSE,2000,0.3,3,0.3,0.7,0.2,0.1,1500,2.939857131177371,0.27,0.05785714285714286,0.9216666666666666,2.561912826579635,0.1920406318679285
aft_lognormal_linear,Log-Normal AFT (Linear),"Linear log-normal accelerated-failure-time DGP; log-normal is correct, Cox and Weibull are misspecified.",0.9,5,30260419,cp_cox,CP + Cox,conformal,Cox,misspecified,TRUE,2000,0.3,3,0.3,0.7,0.2,0.1,1500,3.104928841590438,0.25285714285714284,0.06642857142857143,0.925,2.6909759939663642,0.17488909031658695
aft_lognormal_linear,Log-Normal AFT (Linear),"Linear log-normal accelerated-failure-time DGP; log-normal is correct, Cox and Weibull are misspecified.",0.9,5,30260419,cp_lognormal,CP + Log-Normal,conformal,Log-Normal,correct,TRUE,2000,0.3,3,0.3,0.7,0.2,0.1,1500,3.104928841590438,0.25285714285714284,0.06642857142857143,0.875,2.5934858590515804,0.29289306091439776
aft_lognormal_linear,Log-Normal AFT (Linear),"Linear log-normal accelerated-failure-time DGP; log-normal is correct, Cox and Weibull are misspecified.",0.9,5,30260419,cp_weibull,CP + Weibull,conformal,Weibull,misspecified,TRUE,2000,0.3,3,0.3,0.7,0.2,0.1,1500,3.104928841590438,0.25285714285714284,0.06642857142857143,0.9033333333333333,2.625491419269752,0.26821081438844047
aft_lognormal_linear,Log-Normal AFT (Linear),"Linear log-normal accelerated-failure-time DGP; log-normal is correct, Cox and Weibull are misspecified.",0.9,5,30260419,plugin_cox,Cox Plug-in,plug-in,Cox,misspecified,FALSE,2000,0.3,3,0.3,0.7,0.2,0.1,1500,3.104928841590438,0.25285714285714284,0.06642857142857143,0.9283333333333333,2.6975059609243615,0.17119548807039422
aft_lognormal_linear,Log-Normal AFT (Linear),"Linear log-normal accelerated-failure-time DGP; log-normal is correct, Cox and Weibull are misspecified.",0.9,5,30260419,plugin_lognormal,Log-Normal Plug-in,plug-in,Log-Normal,correct,FALSE,2000,0.3,3,0.3,0.7,0.2,0.1,1500,3.104928841590438,0.25285714285714284,0.06642857142857143,0.9033333333333333,2.624375523418928,0.2752031743462829
aft_lognormal_linear,Log-Normal AFT (Linear),"Linear log-normal accelerated-failure-time DGP; log-normal is correct, Cox and Weibull are misspecified.",0.9,5,30260419,plugin_weibull,Weibull Plug-in,plug-in,Weibull,misspecified,FALSE,2000,0.3,3,0.3,0.7,0.2,0.1,1500,3.104928841590438,0.25285714285714284,0.06642857142857143,0.9466666666666667,2.7086472048541297,0.22169112290349366
aft_lognormal_linear,Log-Normal AFT (Linear),"Linear log-normal accelerated-failure-time DGP; log-normal is correct, Cox and Weibull are misspecified.",0.9,6,30260420,cp_cox,CP + Cox,conformal,Cox,misspecified,TRUE,2000,0.3,3,0.3,0.7,0.2,0.1,1500,2.933151342411087,0.275,0.05142857142857143,0.8883333333333333,2.4913084079598735,0.19502133386564338
aft_lognormal_linear,Log-Normal AFT (Linear),"Linear log-normal accelerated-failure-time DGP; log-normal is correct, Cox and Weibull are misspecified.",0.9,6,30260420,cp_lognormal,CP + Log-Normal,conformal,Log-Normal,correct,TRUE,2000,0.3,3,0.3,0.7,0.2,0.1,1500,2.933151342411087,0.275,0.05142857142857143,0.9,2.469391534440935,0.2659633459482118
aft_lognormal_linear,Log-Normal AFT (Linear),"Linear log-normal accelerated-failure-time DGP; log-normal is correct, Cox and Weibull are misspecified.",0.9,6,30260420,cp_weibull,CP + Weibull,conformal,Weibull,misspecified,TRUE,2000,0.3,3,0.3,0.7,0.2,0.1,1500,2.933151342411087,0.275,0.05142857142857143,0.9233333333333333,2.5108418724788457,0.22486004067467788
aft_lognormal_linear,Log-Normal AFT (Linear),"Linear log-normal accelerated-failure-time DGP; log-normal is correct, Cox and Weibull are misspecified.",0.9,6,30260420,plugin_cox,Cox Plug-in,plug-in,Cox,misspecified,FALSE,2000,0.3,3,0.3,0.7,0.2,0.1,1500,2.933151342411087,0.275,0.05142857142857143,0.9283333333333333,2.5452569912860348,0.16117448574914303
aft_lognormal_linear,Log-Normal AFT (Linear),"Linear log-normal accelerated-failure-time DGP; log-normal is correct, Cox and Weibull are misspecified.",0.9,6,30260420,plugin_lognormal,Log-Normal Plug-in,plug-in,Log-Normal,correct,FALSE,2000,0.3,3,0.3,0.7,0.2,0.1,1500,2.933151342411087,0.275,0.05142857142857143,0.9016666666666666,2.477788326494824,0.26114783828346105
aft_lognormal_linear,Log-Normal AFT (Linear),"Linear log-normal accelerated-failure-time DGP; log-normal is correct, Cox and Weibull are misspecified.",0.9,6,30260420,plugin_weibull,Weibull Plug-in,plug-in,Weibull,misspecified,FALSE,2000,0.3,3,0.3,0.7,0.2,0.1,1500,2.933151342411087,0.275,0.05142857142857143,0.945,2.5533566040693745,0.20222293458218818
aft_lognormal_linear,Log-Normal AFT (Linear),"Linear log-normal accelerated-failure-time DGP; log-normal is correct, Cox and Weibull are misspecified.",0.9,7,30260421,cp_cox,CP + Cox,conformal,Cox,misspecified,TRUE,2000,0.3,3,0.3,0.7,0.2,0.1,1500,2.947415132954514,0.2714285714285714,0.05071428571428571,0.9433333333333334,2.55596563522813,0.1813343643747113
aft_lognormal_linear,Log-Normal AFT (Linear),"Linear log-normal accelerated-failure-time DGP; log-normal is correct, Cox and Weibull are misspecified.",0.9,7,30260421,cp_lognormal,CP + Log-Normal,conformal,Log-Normal,correct,TRUE,2000,0.3,3,0.3,0.7,0.2,0.1,1500,2.947415132954514,0.2714285714285714,0.05071428571428571,0.9333333333333333,2.5010998610588078,0.2582828430750543
aft_lognormal_linear,Log-Normal AFT (Linear),"Linear log-normal accelerated-failure-time DGP; log-normal is correct, Cox and Weibull are misspecified.",0.9,7,30260421,cp_weibull,CP + Weibull,conformal,Weibull,misspecified,TRUE,2000,0.3,3,0.3,0.7,0.2,0.1,1500,2.947415132954514,0.2714285714285714,0.05071428571428571,0.9166666666666666,2.4769530755013496,0.2547236104933387
aft_lognormal_linear,Log-Normal AFT (Linear),"Linear log-normal accelerated-failure-time DGP; log-normal is correct, Cox and Weibull are misspecified.",0.9,7,30260421,plugin_cox,Cox Plug-in,plug-in,Cox,misspecified,FALSE,2000,0.3,3,0.3,0.7,0.2,0.1,1500,2.947415132954514,0.2714285714285714,0.05071428571428571,0.9483333333333334,2.5640446735084375,0.17675457100394948
aft_lognormal_linear,Log-Normal AFT (Linear),"Linear log-normal accelerated-failure-time DGP; log-normal is correct, Cox and Weibull are misspecified.",0.9,7,30260421,plugin_lognormal,Log-Normal Plug-in,plug-in,Log-Normal,correct,FALSE,2000,0.3,3,0.3,0.7,0.2,0.1,1500,2.947415132954514,0.2714285714285714,0.05071428571428571,0.9283333333333333,2.480390157959584,0.2702675573174962
aft_lognormal_linear,Log-Normal AFT (Linear),"Linear log-normal accelerated-failure-time DGP; log-normal is correct, Cox and Weibull are misspecified.",0.9,7,30260421,plugin_weibull,Weibull Plug-in,plug-in,Weibull,misspecified,FALSE,2000,0.3,3,0.3,0.7,0.2,0.1,1500,2.947415132954514,0.2714285714285714,0.05071428571428571,0.965,2.560171882391661,0.20966621507488167
aft_lognormal_linear,Log-Normal AFT (Linear),"Linear log-normal accelerated-failure-time DGP; log-normal is correct, Cox and Weibull are misspecified.",0.9,8,30260422,cp_cox,CP + Cox,conformal,Cox,misspecified,TRUE,2000,0.3,3,0.3,0.7,0.2,0.1,1500,3.196668778871275,0.26285714285714284,0.04642857142857143,0.9283333333333333,2.735800640540961,0.20840515789429157
aft_lognormal_linear,Log-Normal AFT (Linear),"Linear log-normal accelerated-failure-time DGP; log-normal is correct, Cox and Weibull are misspecified.",0.9,8,30260422,cp_lognormal,CP + Log-Normal,conformal,Log-Normal,correct,TRUE,2000,0.3,3,0.3,0.7,0.2,0.1,1500,3.196668778871275,0.26285714285714284,0.04642857142857143,0.9266666666666666,2.696405076749315,0.2909792832597248
aft_lognormal_linear,Log-Normal AFT (Linear),"Linear log-normal accelerated-failure-time DGP; log-normal is correct, Cox and Weibull are misspecified.",0.9,8,30260422,cp_weibull,CP + Weibull,conformal,Weibull,misspecified,TRUE,2000,0.3,3,0.3,0.7,0.2,0.1,1500,3.196668778871275,0.26285714285714284,0.04642857142857143,0.9366666666666666,2.723545218791955,0.2598194767859189
aft_lognormal_linear,Log-Normal AFT (Linear),"Linear log-normal accelerated-failure-time DGP; log-normal is correct, Cox and Weibull are misspecified.",0.9,8,30260422,plugin_cox,Cox Plug-in,plug-in,Cox,misspecified,FALSE,2000,0.3,3,0.3,0.7,0.2,0.1,1500,3.196668778871275,0.26285714285714284,0.04642857142857143,0.945,2.7946174423305297,0.1756483600891778
aft_lognormal_linear,Log-Normal AFT (Linear),"Linear log-normal accelerated-failure-time DGP; log-normal is correct, Cox and Weibull are misspecified.",0.9,8,30260422,plugin_lognormal,Log-Normal Plug-in,plug-in,Log-Normal,correct,FALSE,2000,0.3,3,0.3,0.7,0.2,0.1,1500,3.196668778871275,0.26285714285714284,0.04642857142857143,0.9316666666666666,2.7105755031737204,0.28273702921057337
aft_lognormal_linear,Log-Normal AFT (Linear),"Linear log-normal accelerated-failure-time DGP; log-normal is correct, Cox and Weibull are misspecified.",0.9,8,30260422,plugin_weibull,Weibull Plug-in,plug-in,Weibull,misspecified,FALSE,2000,0.3,3,0.3,0.7,0.2,0.1,1500,3.196668778871275,0.26285714285714284,0.04642857142857143,0.965,2.8099844412927286,0.21235070655564864
aft_lognormal_linear,Log-Normal AFT (Linear),"Linear log-normal accelerated-failure-time DGP; log-normal is correct, Cox and Weibull are misspecified.",0.9,9,30260423,cp_cox,CP + Cox,conformal,Cox,misspecified,TRUE,2000,0.3,3,0.3,0.7,0.2,0.1,1500,2.9415783172538363,0.24714285714285714,0.05857142857142857,0.915,2.5252467151311664,0.17137837594826544
aft_lognormal_linear,Log-Normal AFT (Linear),"Linear log-normal accelerated-failure-time DGP; log-normal is correct, Cox and Weibull are misspecified.",0.9,9,30260423,cp_lognormal,CP + Log-Normal,conformal,Log-Normal,correct,TRUE,2000,0.3,3,0.3,0.7,0.2,0.1,1500,2.9415783172538363,0.24714285714285714,0.05857142857142857,0.9183333333333333,2.479135658855518,0.2725055929780984
aft_lognormal_linear,Log-Normal AFT (Linear),"Linear log-normal accelerated-failure-time DGP; log-normal is correct, Cox and Weibull are misspecified.",0.9,9,30260423,cp_weibull,CP + Weibull,conformal,Weibull,misspecified,TRUE,2000,0.3,3,0.3,0.7,0.2,0.1,1500,2.9415783172538363,0.24714285714285714,0.05857142857142857,0.9133333333333333,2.491173125133382,0.24010709462913396
aft_lognormal_linear,Log-Normal AFT (Linear),"Linear log-normal accelerated-failure-time DGP; log-normal is correct, Cox and Weibull are misspecified.",0.9,9,30260423,plugin_cox,Cox Plug-in,plug-in,Cox,misspecified,FALSE,2000,0.3,3,0.3,0.7,0.2,0.1,1500,2.9415783172538363,0.24714285714285714,0.05857142857142857,0.925,2.556490485760954,0.1541135977662073
aft_lognormal_linear,Log-Normal AFT (Linear),"Linear log-normal accelerated-failure-time DGP; log-normal is correct, Cox and Weibull are misspecified.",0.9,9,30260423,plugin_lognormal,Log-Normal Plug-in,plug-in,Log-Normal,correct,FALSE,2000,0.3,3,0.3,0.7,0.2,0.1,1500,2.9415783172538363,0.24714285714285714,0.05857142857142857,0.92,2.482477908040266,0.2705360912908518
aft_lognormal_linear,Log-Normal AFT (Linear),"Linear log-normal accelerated-failure-time DGP; log-normal is correct, Cox and Weibull are misspecified.",0.9,9,30260423,plugin_weibull,Weibull Plug-in,plug-in,Weibull,misspecified,FALSE,2000,0.3,3,0.3,0.7,0.2,0.1,1500,2.9415783172538363,0.24714285714285714,0.05857142857142857,0.9416666666666667,2.5744259749920673,0.1957257237016461
aft_lognormal_linear,Log-Normal AFT (Linear),"Linear log-normal accelerated-failure-time DGP; log-normal is correct, Cox and Weibull are misspecified.",0.9,10,30260424,cp_cox,CP + Cox,conformal,Cox,misspecified,TRUE,2000,0.3,3,0.3,0.7,0.2,0.1,1500,3.120502192532301,0.26142857142857145,0.06142857142857143,0.895,2.649346738792016,0.22055634632274287
aft_lognormal_linear,Log-Normal AFT (Linear),"Linear log-normal accelerated-failure-time DGP; log-normal is correct, Cox and Weibull are misspecified.",0.9,10,30260424,cp_lognormal,CP + Log-Normal,conformal,Log-Normal,correct,TRUE,2000,0.3,3,0.3,0.7,0.2,0.1,1500,3.120502192532301,0.26142857142857145,0.06142857142857143,0.9083333333333333,2.6285451693219217,0.29127293818152367
aft_lognormal_linear,Log-Normal AFT (Linear),"Linear log-normal accelerated-failure-time DGP; log-normal is correct, Cox and Weibull are misspecified.",0.9,10,30260424,cp_weibull,CP + Weibull,conformal,Weibull,misspecified,TRUE,2000,0.3,3,0.3,0.7,0.2,0.1,1500,3.120502192532301,0.26142857142857145,0.06142857142857143,0.9116666666666666,2.6487290371454155,0.2557358498382512
aft_lognormal_linear,Log-Normal AFT (Linear),"Linear log-normal accelerated-failure-time DGP; log-normal is correct, Cox and Weibull are misspecified.",0.9,10,30260424,plugin_cox,Cox Plug-in,plug-in,Cox,misspecified,FALSE,2000,0.3,3,0.3,0.7,0.2,0.1,1500,3.120502192532301,0.26142857142857145,0.06142857142857143,0.9266666666666666,2.704696302120344,0.18825948657140917
aft_lognormal_linear,Log-Normal AFT (Linear),"Linear log-normal accelerated-failure-time DGP; log-normal is correct, Cox and Weibull are misspecified.",0.9,10,30260424,plugin_lognormal,Log-Normal Plug-in,plug-in,Log-Normal,correct,FALSE,2000,0.3,3,0.3,0.7,0.2,0.1,1500,3.120502192532301,0.26142857142857145,0.06142857142857143,0.9066666666666666,2.6253838934813762,0.29314463440504557
aft_lognormal_linear,Log-Normal AFT (Linear),"Linear log-normal accelerated-failure-time DGP; log-normal is correct, Cox and Weibull are misspecified.",0.9,10,30260424,plugin_weibull,Weibull Plug-in,plug-in,Weibull,misspecified,FALSE,2000,0.3,3,0.3,0.7,0.2,0.1,1500,3.120502192532301,0.26142857142857145,0.06142857142857143,0.93,2.7100696804865545,0.22248469644948562
aft_lognormal_linear,Log-Normal AFT (Linear),"Linear log-normal accelerated-failure-time DGP; log-normal is correct, Cox and Weibull are misspecified.",0.9,11,30260425,cp_cox,CP + Cox,conformal,Cox,misspecified,TRUE,2000,0.3,3,0.3,0.7,0.2,0.1,1500,3.284819623136416,0.23,0.041428571428571426,0.89,2.8458615588311673,0.15913866434601018
aft_lognormal_linear,Log-Normal AFT (Linear),"Linear log-normal accelerated-failure-time DGP; log-normal is correct, Cox and Weibull are misspecified.",0.9,11,30260425,cp_lognormal,CP + Log-Normal,conformal,Log-Normal,correct,TRUE,2000,0.3,3,0.3,0.7,0.2,0.1,1500,3.284819623136416,0.23,0.041428571428571426,0.8883333333333333,2.812824942978909,0.24284836239897528
aft_lognormal_linear,Log-Normal AFT (Linear),"Linear log-normal accelerated-failure-time DGP; log-normal is correct, Cox and Weibull are misspecified.",0.9,11,30260425,cp_weibull,CP + Weibull,conformal,Weibull,misspecified,TRUE,2000,0.3,3,0.3,0.7,0.2,0.1,1500,3.284819623136416,0.23,0.041428571428571426,0.8716666666666667,2.789102132431023,0.2218491055768304
aft_lognormal_linear,Log-Normal AFT (Linear),"Linear log-normal accelerated-failure-time DGP; log-normal is correct, Cox and Weibull are misspecified.",0.9,11,30260425,plugin_cox,Cox Plug-in,plug-in,Cox,misspecified,FALSE,2000,0.3,3,0.3,0.7,0.2,0.1,1500,3.284819623136416,0.23,0.041428571428571426,0.915,2.9040858496875397,0.1276344295639743
aft_lognormal_linear,Log-Normal AFT (Linear),"Linear log-normal accelerated-failure-time DGP; log-normal is correct, Cox and Weibull are misspecified.",0.9,11,30260425,plugin_lognormal,Log-Normal Plug-in,plug-in,Log-Normal,correct,FALSE,2000,0.3,3,0.3,0.7,0.2,0.1,1500,3.284819623136416,0.23,0.041428571428571426,0.8816666666666667,2.796946623355608,0.25101799667722485
aft_lognormal_linear,Log-Normal AFT (Linear),"Linear log-normal accelerated-failure-time DGP; log-normal is correct, Cox and Weibull are misspecified.",0.9,11,30260425,plugin_weibull,Weibull Plug-in,plug-in,Weibull,misspecified,FALSE,2000,0.3,3,0.3,0.7,0.2,0.1,1500,3.284819623136416,0.23,0.041428571428571426,0.9433333333333334,2.9193065075104014,0.1635785690410978
aft_lognormal_linear,Log-Normal AFT (Linear),"Linear log-normal accelerated-failure-time DGP; log-normal is correct, Cox and Weibull are misspecified.",0.9,12,30260426,cp_cox,CP + Cox,conformal,Cox,misspecified,TRUE,2000,0.3,3,0.3,0.7,0.2,0.1,1500,3.1261968982249697,0.2507142857142857,0.05928571428571429,0.8966666666666666,2.688553256204088,0.18807299898744628
aft_lognormal_linear,Log-Normal AFT (Linear),"Linear log-normal accelerated-failure-time DGP; log-normal is correct, Cox and Weibull are misspecified.",0.9,12,30260426,cp_lognormal,CP + Log-Normal,conformal,Log-Normal,correct,TRUE,2000,0.3,3,0.3,0.7,0.2,0.1,1500,3.1261968982249697,0.2507142857142857,0.05928571428571429,0.9183333333333333,2.675708519602178,0.251493186665052
aft_lognormal_linear,Log-Normal AFT (Linear),"Linear log-normal accelerated-failure-time DGP; log-normal is correct, Cox and Weibull are misspecified.",0.9,12,30260426,cp_weibull,CP + Weibull,conformal,Weibull,misspecified,TRUE,2000,0.3,3,0.3,0.7,0.2,0.1,1500,3.1261968982249697,0.2507142857142857,0.05928571428571429,0.9033333333333333,2.6501273859436463,0.25449068258483204
aft_lognormal_linear,Log-Normal AFT (Linear),"Linear log-normal accelerated-failure-time DGP; log-normal is correct, Cox and Weibull are misspecified.",0.9,12,30260426,plugin_cox,Cox Plug-in,plug-in,Cox,misspecified,FALSE,2000,0.3,3,0.3,0.7,0.2,0.1,1500,3.1261968982249697,0.2507142857142857,0.05928571428571429,0.9116666666666666,2.7180890511309985,0.17125339366350614
aft_lognormal_linear,Log-Normal AFT (Linear),"Linear log-normal accelerated-failure-time DGP; log-normal is correct, Cox and Weibull are misspecified.",0.9,12,30260426,plugin_lognormal,Log-Normal Plug-in,plug-in,Log-Normal,correct,FALSE,2000,0.3,3,0.3,0.7,0.2,0.1,1500,3.1261968982249697,0.2507142857142857,0.05928571428571429,0.9016666666666666,2.64711472766189,0.26745618192784837
aft_lognormal_linear,Log-Normal AFT (Linear),"Linear log-normal accelerated-failure-time DGP; log-normal is correct, Cox and Weibull are misspecified.",0.9,12,30260426,plugin_weibull,Weibull Plug-in,plug-in,Weibull,misspecified,FALSE,2000,0.3,3,0.3,0.7,0.2,0.1,1500,3.1261968982249697,0.2507142857142857,0.05928571428571429,0.9333333333333333,2.723124741766361,0.21546876156075948
aft_lognormal_linear,Log-Normal AFT (Linear),"Linear log-normal accelerated-failure-time DGP; log-normal is correct, Cox and Weibull are misspecified.",0.9,13,30260427,cp_cox,CP + Cox,conformal,Cox,misspecified,TRUE,2000,0.3,3,0.3,0.7,0.2,0.1,1500,2.8918519201131887,0.26857142857142857,0.06714285714285714,0.915,2.4803224143374587,0.16704770014307221
aft_lognormal_linear,Log-Normal AFT (Linear),"Linear log-normal accelerated-failure-time DGP; log-normal is correct, Cox and Weibull are misspecified.",0.9,13,30260427,cp_lognormal,CP + Log-Normal,conformal,Log-Normal,correct,TRUE,2000,0.3,3,0.3,0.7,0.2,0.1,1500,2.8918519201131887,0.26857142857142857,0.06714285714285714,0.89,2.4195333922966125,0.2525981248180467
aft_lognormal_linear,Log-Normal AFT (Linear),"Linear log-normal accelerated-failure-time DGP; log-normal is correct, Cox and Weibull are misspecified.",0.9,13,30260427,cp_weibull,CP + Weibull,conformal,Weibull,misspecified,TRUE,2000,0.3,3,0.3,0.7,0.2,0.1,1500,2.8918519201131887,0.26857142857142857,0.06714285714285714,0.89,2.4124250645226426,0.23876686766962826
aft_lognormal_linear,Log-Normal AFT (Linear),"Linear log-normal accelerated-failure-time DGP; log-normal is correct, Cox and Weibull are misspecified.",0.9,13,30260427,plugin_cox,Cox Plug-in,plug-in,Cox,misspecified,FALSE,2000,0.3,3,0.3,0.7,0.2,0.1,1500,2.8918519201131887,0.26857142857142857,0.06714285714285714,0.9433333333333334,2.5138896299265774,0.1505765593564455
aft_lognormal_linear,Log-Normal AFT (Linear),"Linear log-normal accelerated-failure-time DGP; log-normal is correct, Cox and Weibull are misspecified.",0.9,13,30260427,plugin_lognormal,Log-Normal Plug-in,plug-in,Log-Normal,correct,FALSE,2000,0.3,3,0.3,0.7,0.2,0.1,1500,2.8918519201131887,0.26857142857142857,0.06714285714285714,0.9133333333333333,2.443658737020543,0.23969577930552782
aft_lognormal_linear,Log-Normal AFT (Linear),"Linear log-normal accelerated-failure-time DGP; log-normal is correct, Cox and Weibull are misspecified.",0.9,13,30260427,plugin_weibull,Weibull Plug-in,plug-in,Weibull,misspecified,FALSE,2000,0.3,3,0.3,0.7,0.2,0.1,1500,2.8918519201131887,0.26857142857142857,0.06714285714285714,0.9466666666666667,2.522386291049599,0.18400335720542718
aft_lognormal_linear,Log-Normal AFT (Linear),"Linear log-normal accelerated-failure-time DGP; log-normal is correct, Cox and Weibull are misspecified.",0.9,14,30260428,cp_cox,CP + Cox,conformal,Cox,misspecified,TRUE,2000,0.3,3,0.3,0.7,0.2,0.1,1500,3.1800341635541747,0.24714285714285714,0.06285714285714286,0.915,2.7795847795296935,0.14446576415944035
aft_lognormal_linear,Log-Normal AFT (Linear),"Linear log-normal accelerated-failure-time DGP; log-normal is correct, Cox and Weibull are misspecified.",0.9,14,30260428,cp_lognormal,CP + Log-Normal,conformal,Log-Normal,correct,TRUE,2000,0.3,3,0.3,0.7,0.2,0.1,1500,3.1800341635541747,0.24714285714285714,0.06285714285714286,0.915,2.769891961981517,0.2084520069150143
aft_lognormal_linear,Log-Normal AFT (Linear),"Linear log-normal accelerated-failure-time DGP; log-normal is correct, Cox and Weibull are misspecified.",0.9,14,30260428,cp_weibull,CP + Weibull,conformal,Weibull,misspecified,TRUE,2000,0.3,3,0.3,0.7,0.2,0.1,1500,3.1800341635541747,0.24714285714285714,0.06285714285714286,0.91,2.7653928343311582,0.19357930758718572
aft_lognormal_linear,Log-Normal AFT (Linear),"Linear log-normal accelerated-failure-time DGP; log-normal is correct, Cox and Weibull are misspecified.",0.9,14,30260428,plugin_cox,Cox Plug-in,plug-in,Cox,misspecified,FALSE,2000,0.3,3,0.3,0.7,0.2,0.1,1500,3.1800341635541747,0.24714285714285714,0.06285714285714286,0.9316666666666666,2.8176165180568087,0.12744152939908854
aft_lognormal_linear,Log-Normal AFT (Linear),"Linear log-normal accelerated-failure-time DGP; log-normal is correct, Cox and Weibull are misspecified.",0.9,14,30260428,plugin_lognormal,Log-Normal Plug-in,plug-in,Log-Normal,correct,FALSE,2000,0.3,3,0.3,0.7,0.2,0.1,1500,3.1800341635541747,0.24714285714285714,0.06285714285714286,0.905,2.7495411547221162,0.21879516740739097
aft_lognormal_linear,Log-Normal AFT (Linear),"Linear log-normal accelerated-failure-time DGP; log-normal is correct, Cox and Weibull are misspecified.",0.9,14,30260428,plugin_weibull,Weibull Plug-in,plug-in,Weibull,misspecified,FALSE,2000,0.3,3,0.3,0.7,0.2,0.1,1500,3.1800341635541747,0.24714285714285714,0.06285714285714286,0.94,2.8338402484293437,0.16162397150892066
aft_lognormal_linear,Log-Normal AFT (Linear),"Linear log-normal accelerated-failure-time DGP; log-normal is correct, Cox and Weibull are misspecified.",0.9,15,30260429,cp_cox,CP + Cox,conformal,Cox,misspecified,TRUE,2000,0.3,3,0.3,0.7,0.2,0.1,1500,2.974138002399314,0.24428571428571427,0.05357142857142857,0.8883333333333333,2.557000400542005,0.1609705244956517
aft_lognormal_linear,Log-Normal AFT (Linear),"Linear log-normal accelerated-failure-time DGP; log-normal is correct, Cox and Weibull are misspecified.",0.9,15,30260429,cp_lognormal,CP + Log-Normal,conformal,Log-Normal,correct,TRUE,2000,0.3,3,0.3,0.7,0.2,0.1,1500,2.974138002399314,0.24428571428571427,0.05357142857142857,0.8916666666666667,2.50746739410045,0.2516301902383932
aft_lognormal_linear,Log-Normal AFT (Linear),"Linear log-normal accelerated-failure-time DGP; log-normal is correct, Cox and Weibull are misspecified.",0.9,15,30260429,cp_weibull,CP + Weibull,conformal,Weibull,misspecified,TRUE,2000,0.3,3,0.3,0.7,0.2,0.1,1500,2.974138002399314,0.24428571428571427,0.05357142857142857,0.8933333333333333,2.534541361869172,0.21076673593645395
aft_lognormal_linear,Log-Normal AFT (Linear),"Linear log-normal accelerated-failure-time DGP; log-normal is correct, Cox and Weibull are misspecified.",0.9,15,30260429,plugin_cox,Cox Plug-in,plug-in,Cox,misspecified,FALSE,2000,0.3,3,0.3,0.7,0.2,0.1,1500,2.974138002399314,0.24428571428571427,0.05357142857142857,0.905,2.5956198562245856,0.14135046556858502
aft_lognormal_linear,Log-Normal AFT (Linear),"Linear log-normal accelerated-failure-time DGP; log-normal is correct, Cox and Weibull are misspecified.",0.9,15,30260429,plugin_lognormal,Log-Normal Plug-in,plug-in,Log-Normal,correct,FALSE,2000,0.3,3,0.3,0.7,0.2,0.1,1500,2.974138002399314,0.24428571428571427,0.05357142857142857,0.9,2.5211362046320036,0.2442599266451382
aft_lognormal_linear,Log-Normal AFT (Linear),"Linear log-normal accelerated-failure-time DGP; log-normal is correct, Cox and Weibull are misspecified.",0.9,15,30260429,plugin_weibull,Weibull Plug-in,plug-in,Weibull,misspecified,FALSE,2000,0.3,3,0.3,0.7,0.2,0.1,1500,2.974138002399314,0.24428571428571427,0.05357142857142857,0.9383333333333334,2.609999449270005,0.17458799088894528
aft_lognormal_linear,Log-Normal AFT (Linear),"Linear log-normal accelerated-failure-time DGP; log-normal is correct, Cox and Weibull are misspecified.",0.9,16,30260430,cp_cox,CP + Cox,conformal,Cox,misspecified,TRUE,2000,0.3,3,0.3,0.7,0.2,0.1,1500,3.139177894949945,0.24857142857142858,0.056428571428571425,0.9,2.6917561603865883,0.23440597319525694
aft_lognormal_linear,Log-Normal AFT (Linear),"Linear log-normal accelerated-failure-time DGP; log-normal is correct, Cox and Weibull are misspecified.",0.9,16,30260430,cp_lognormal,CP + Log-Normal,conformal,Log-Normal,correct,TRUE,2000,0.3,3,0.3,0.7,0.2,0.1,1500,3.139177894949945,0.24857142857142858,0.056428571428571425,0.8816666666666667,2.61849674155773,0.3397122447840326
aft_lognormal_linear,Log-Normal AFT (Linear),"Linear log-normal accelerated-failure-time DGP; log-normal is correct, Cox and Weibull are misspecified.",0.9,16,30260430,cp_weibull,CP + Weibull,conformal,Weibull,misspecified,TRUE,2000,0.3,3,0.3,0.7,0.2,0.1,1500,3.139177894949945,0.24857142857142858,0.056428571428571425,0.88,2.631008810859446,0.30389992230000257
aft_lognormal_linear,Log-Normal AFT (Linear),"Linear log-normal accelerated-failure-time DGP; log-normal is correct, Cox and Weibull are misspecified.",0.9,16,30260430,plugin_cox,Cox Plug-in,plug-in,Cox,misspecified,FALSE,2000,0.3,3,0.3,0.7,0.2,0.1,1500,3.139177894949945,0.24857142857142858,0.056428571428571425,0.92,2.7288709211398094,0.2135992713817869
aft_lognormal_linear,Log-Normal AFT (Linear),"Linear log-normal accelerated-failure-time DGP; log-normal is correct, Cox and Weibull are misspecified.",0.9,16,30260430,plugin_lognormal,Log-Normal Plug-in,plug-in,Log-Normal,correct,FALSE,2000,0.3,3,0.3,0.7,0.2,0.1,1500,3.139177894949945,0.24857142857142858,0.056428571428571425,0.8966666666666666,2.642135368429717,0.3260332063736929
aft_lognormal_linear,Log-Normal AFT (Linear),"Linear log-normal accelerated-failure-time DGP; log-normal is correct, Cox and Weibull are misspecified.",0.9,16,30260430,plugin_weibull,Weibull Plug-in,plug-in,Weibull,misspecified,FALSE,2000,0.3,3,0.3,0.7,0.2,0.1,1500,3.139177894949945,0.24857142857142858,0.056428571428571425,0.9383333333333334,2.736462189205637,0.24903009829433564
aft_lognormal_linear,Log-Normal AFT (Linear),"Linear log-normal accelerated-failure-time DGP; log-normal is correct, Cox and Weibull are misspecified.",0.9,17,30260431,cp_cox,CP + Cox,conformal,Cox,misspecified,TRUE,2000,0.3,3,0.3,0.7,0.2,0.1,1500,3.0913069520772916,0.26571428571428574,0.052142857142857144,0.865,2.6447843109588156,0.1884898520027657
aft_lognormal_linear,Log-Normal AFT (Linear),"Linear log-normal accelerated-failure-time DGP; log-normal is correct, Cox and Weibull are misspecified.",0.9,17,30260431,cp_lognormal,CP + Log-Normal,conformal,Log-Normal,correct,TRUE,2000,0.3,3,0.3,0.7,0.2,0.1,1500,3.0913069520772916,0.26571428571428574,0.052142857142857144,0.9033333333333333,2.6437801855825045,0.2576808721627645
aft_lognormal_linear,Log-Normal AFT (Linear),"Linear log-normal accelerated-failure-time DGP; log-normal is correct, Cox and Weibull are misspecified.",0.9,17,30260431,cp_weibull,CP + Weibull,conformal,Weibull,misspecified,TRUE,2000,0.3,3,0.3,0.7,0.2,0.1,1500,3.0913069520772916,0.26571428571428574,0.052142857142857144,0.8883333333333333,2.6340942241828413,0.2449569438225941
aft_lognormal_linear,Log-Normal AFT (Linear),"Linear log-normal accelerated-failure-time DGP; log-normal is correct, Cox and Weibull are misspecified.",0.9,17,30260431,plugin_cox,Cox Plug-in,plug-in,Cox,misspecified,FALSE,2000,0.3,3,0.3,0.7,0.2,0.1,1500,3.0913069520772916,0.26571428571428574,0.052142857142857144,0.905,2.6913455411716103,0.1575454503428801
aft_lognormal_linear,Log-Normal AFT (Linear),"Linear log-normal accelerated-failure-time DGP; log-normal is correct, Cox and Weibull are misspecified.",0.9,17,30260431,plugin_lognormal,Log-Normal Plug-in,plug-in,Log-Normal,correct,FALSE,2000,0.3,3,0.3,0.7,0.2,0.1,1500,3.0913069520772916,0.26571428571428574,0.052142857142857144,0.895,2.626813111258994,0.26745032247738293
aft_lognormal_linear,Log-Normal AFT (Linear),"Linear log-normal accelerated-failure-time DGP; log-normal is correct, Cox and Weibull are misspecified.",0.9,17,30260431,plugin_weibull,Weibull Plug-in,plug-in,Weibull,misspecified,FALSE,2000,0.3,3,0.3,0.7,0.2,0.1,1500,3.0913069520772916,0.26571428571428574,0.052142857142857144,0.9283333333333333,2.7045451136986234,0.20721207467854608
aft_lognormal_linear,Log-Normal AFT (Linear),"Linear log-normal accelerated-failure-time DGP; log-normal is correct, Cox and Weibull are misspecified.",0.9,18,30260432,cp_cox,CP + Cox,conformal,Cox,misspecified,TRUE,2000,0.3,3,0.3,0.7,0.2,0.1,1500,2.994631403447799,0.26785714285714285,0.05357142857142857,0.9116666666666666,2.573760719806463,0.15290344068106843
aft_lognormal_linear,Log-Normal AFT (Linear),"Linear log-normal accelerated-failure-time DGP; log-normal is correct, Cox and Weibull are misspecified.",0.9,18,30260432,cp_lognormal,CP + Log-Normal,conformal,Log-Normal,correct,TRUE,2000,0.3,3,0.3,0.7,0.2,0.1,1500,2.994631403447799,0.26785714285714285,0.05357142857142857,0.8966666666666666,2.5163555012497234,0.2509131496094388
aft_lognormal_linear,Log-Normal AFT (Linear),"Linear log-normal accelerated-failure-time DGP; log-normal is correct, Cox and Weibull are misspecified.",0.9,18,30260432,cp_weibull,CP + Weibull,conformal,Weibull,misspecified,TRUE,2000,0.3,3,0.3,0.7,0.2,0.1,1500,2.994631403447799,0.26785714285714285,0.05357142857142857,0.9033333333333333,2.5227118292759854,0.22815494331065764
aft_lognormal_linear,Log-Normal AFT (Linear),"Linear log-normal accelerated-failure-time DGP; log-normal is correct, Cox and Weibull are misspecified.",0.9,18,30260432,plugin_cox,Cox Plug-in,plug-in,Cox,misspecified,FALSE,2000,0.3,3,0.3,0.7,0.2,0.1,1500,2.994631403447799,0.26785714285714285,0.05357142857142857,0.9233333333333333,2.5998986906031694,0.1391095911454522
aft_lognormal_linear,Log-Normal AFT (Linear),"Linear log-normal accelerated-failure-time DGP; log-normal is correct, Cox and Weibull are misspecified.",0.9,18,30260432,plugin_lognormal,Log-Normal Plug-in,plug-in,Log-Normal,correct,FALSE,2000,0.3,3,0.3,0.7,0.2,0.1,1500,2.994631403447799,0.26785714285714285,0.05357142857142857,0.9,2.522789330586841,0.24753783344651614
aft_lognormal_linear,Log-Normal AFT (Linear),"Linear log-normal accelerated-failure-time DGP; log-normal is correct, Cox and Weibull are misspecified.",0.9,18,30260432,plugin_weibull,Weibull Plug-in,plug-in,Weibull,misspecified,FALSE,2000,0.3,3,0.3,0.7,0.2,0.1,1500,2.994631403447799,0.26785714285714285,0.05357142857142857,0.9416666666666667,2.618076812338648,0.18204964593521536
aft_lognormal_linear,Log-Normal AFT (Linear),"Linear log-normal accelerated-failure-time DGP; log-normal is correct, Cox and Weibull are misspecified.",0.9,19,30260433,cp_cox,CP + Cox,conformal,Cox,misspecified,TRUE,2000,0.3,3,0.3,0.7,0.2,0.1,1500,3.046278947110931,0.2557142857142857,0.06285714285714286,0.9333333333333333,2.6482923237346494,0.15061050457735708
aft_lognormal_linear,Log-Normal AFT (Linear),"Linear log-normal accelerated-failure-time DGP; log-normal is correct, Cox and Weibull are misspecified.",0.9,19,30260433,cp_lognormal,CP + Log-Normal,conformal,Log-Normal,correct,TRUE,2000,0.3,3,0.3,0.7,0.2,0.1,1500,3.046278947110931,0.2557142857142857,0.06285714285714286,0.9183333333333333,2.590503101790479,0.24953322202721323
aft_lognormal_linear,Log-Normal AFT (Linear),"Linear log-normal accelerated-failure-time DGP; log-normal is correct, Cox and Weibull are misspecified.",0.9,19,30260433,cp_weibull,CP + Weibull,conformal,Weibull,misspecified,TRUE,2000,0.3,3,0.3,0.7,0.2,0.1,1500,3.046278947110931,0.2557142857142857,0.06285714285714286,0.9133333333333333,2.5765711685674626,0.2401831048729322
aft_lognormal_linear,Log-Normal AFT (Linear),"Linear log-normal accelerated-failure-time DGP; log-normal is correct, Cox and Weibull are misspecified.",0.9,19,30260433,plugin_cox,Cox Plug-in,plug-in,Cox,misspecified,FALSE,2000,0.3,3,0.3,0.7,0.2,0.1,1500,3.046278947110931,0.2557142857142857,0.06285714285714286,0.9433333333333334,2.664312004051857,0.14257334914600828
aft_lognormal_linear,Log-Normal AFT (Linear),"Linear log-normal accelerated-failure-time DGP; log-normal is correct, Cox and Weibull are misspecified.",0.9,19,30260433,plugin_lognormal,Log-Normal Plug-in,plug-in,Log-Normal,correct,FALSE,2000,0.3,3,0.3,0.7,0.2,0.1,1500,3.046278947110931,0.2557142857142857,0.06285714285714286,0.9266666666666666,2.600530510799884,0.24404330476987748
aft_lognormal_linear,Log-Normal AFT (Linear),"Linear log-normal accelerated-failure-time DGP; log-normal is correct, Cox and Weibull are misspecified.",0.9,19,30260433,plugin_weibull,Weibull Plug-in,plug-in,Weibull,misspecified,FALSE,2000,0.3,3,0.3,0.7,0.2,0.1,1500,3.046278947110931,0.2557142857142857,0.06285714285714286,0.9583333333333334,2.6811458129056955,0.18670929857143634
aft_lognormal_linear,Log-Normal AFT (Linear),"Linear log-normal accelerated-failure-time DGP; log-normal is correct, Cox and Weibull are misspecified.",0.9,20,30260434,cp_cox,CP + Cox,conformal,Cox,misspecified,TRUE,2000,0.3,3,0.3,0.7,0.2,0.1,1500,2.9673420454957165,0.275,0.05857142857142857,0.8933333333333333,2.5045682328254832,0.19604676427218448
aft_lognormal_linear,Log-Normal AFT (Linear),"Linear log-normal accelerated-failure-time DGP; log-normal is correct, Cox and Weibull are misspecified.",0.9,20,30260434,cp_lognormal,CP + Log-Normal,conformal,Log-Normal,correct,TRUE,2000,0.3,3,0.3,0.7,0.2,0.1,1500,2.9673420454957165,0.275,0.05857142857142857,0.9066666666666666,2.485094166757529,0.26901044325942
aft_lognormal_linear,Log-Normal AFT (Linear),"Linear log-normal accelerated-failure-time DGP; log-normal is correct, Cox and Weibull are misspecified.",0.9,20,30260434,cp_weibull,CP + Weibull,conformal,Weibull,misspecified,TRUE,2000,0.3,3,0.3,0.7,0.2,0.1,1500,2.9673420454957165,0.275,0.05857142857142857,0.8833333333333333,2.4615123582230596,0.26108959602024817
aft_lognormal_linear,Log-Normal AFT (Linear),"Linear log-normal accelerated-failure-time DGP; log-normal is correct, Cox and Weibull are misspecified.",0.9,20,30260434,plugin_cox,Cox Plug-in,plug-in,Cox,misspecified,FALSE,2000,0.3,3,0.3,0.7,0.2,0.1,1500,2.9673420454957165,0.275,0.05857142857142857,0.9083333333333333,2.5477359738258136,0.16921470655856077
aft_lognormal_linear,Log-Normal AFT (Linear),"Linear log-normal accelerated-failure-time DGP; log-normal is correct, Cox and Weibull are misspecified.",0.9,20,30260434,plugin_lognormal,Log-Normal Plug-in,plug-in,Log-Normal,correct,FALSE,2000,0.3,3,0.3,0.7,0.2,0.1,1500,2.9673420454957165,0.275,0.05857142857142857,0.9,2.4708857907504025,0.2769362459351609
aft_lognormal_linear,Log-Normal AFT (Linear),"Linear log-normal accelerated-failure-time DGP; log-normal is correct, Cox and Weibull are misspecified.",0.9,20,30260434,plugin_weibull,Weibull Plug-in,plug-in,Weibull,misspecified,FALSE,2000,0.3,3,0.3,0.7,0.2,0.1,1500,2.9673420454957165,0.275,0.05857142857142857,0.9383333333333334,2.555906899874164,0.2123668077650014
aft_lognormal_linear,Log-Normal AFT (Linear),"Linear log-normal accelerated-failure-time DGP; log-normal is correct, Cox and Weibull are misspecified.",0.9,21,30260435,cp_cox,CP + Cox,conformal,Cox,misspecified,TRUE,2000,0.3,3,0.3,0.7,0.2,0.1,1500,3.1146254945761176,0.2664285714285714,0.05857142857142857,0.8733333333333333,2.6819406378077124,0.181472724792545
aft_lognormal_linear,Log-Normal AFT (Linear),"Linear log-normal accelerated-failure-time DGP; log-normal is correct, Cox and Weibull are misspecified.",0.9,21,30260435,cp_lognormal,CP + Log-Normal,conformal,Log-Normal,correct,TRUE,2000,0.3,3,0.3,0.7,0.2,0.1,1500,3.1146254945761176,0.2664285714285714,0.05857142857142857,0.8833333333333333,2.638912039179719,0.27067136654421436
aft_lognormal_linear,Log-Normal AFT (Linear),"Linear log-normal accelerated-failure-time DGP; log-normal is correct, Cox and Weibull are misspecified.",0.9,21,30260435,cp_weibull,CP + Weibull,conformal,Weibull,misspecified,TRUE,2000,0.3,3,0.3,0.7,0.2,0.1,1500,3.1146254945761176,0.2664285714285714,0.05857142857142857,0.8733333333333333,2.636543438974335,0.24649035614899892
aft_lognormal_linear,Log-Normal AFT (Linear),"Linear log-normal accelerated-failure-time DGP; log-normal is correct, Cox and Weibull are misspecified.",0.9,21,30260435,plugin_cox,Cox Plug-in,plug-in,Cox,misspecified,FALSE,2000,0.3,3,0.3,0.7,0.2,0.1,1500,3.1146254945761176,0.2664285714285714,0.05857142857142857,0.8983333333333333,2.722207634465243,0.15769356069616428
aft_lognormal_linear,Log-Normal AFT (Linear),"Linear log-normal accelerated-failure-time DGP; log-normal is correct, Cox and Weibull are misspecified.",0.9,21,30260435,plugin_lognormal,Log-Normal Plug-in,plug-in,Log-Normal,correct,FALSE,2000,0.3,3,0.3,0.7,0.2,0.1,1500,3.1146254945761176,0.2664285714285714,0.05857142857142857,0.8833333333333333,2.638077162716082,0.2711463944223305
aft_lognormal_linear,Log-Normal AFT (Linear),"Linear log-normal accelerated-failure-time DGP; log-normal is correct, Cox and Weibull are misspecified.",0.9,21,30260435,plugin_weibull,Weibull Plug-in,plug-in,Weibull,misspecified,FALSE,2000,0.3,3,0.3,0.7,0.2,0.1,1500,3.1146254945761176,0.2664285714285714,0.05857142857142857,0.9283333333333333,2.731801949058403,0.19737681214181108
aft_lognormal_linear,Log-Normal AFT (Linear),"Linear log-normal accelerated-failure-time DGP; log-normal is correct, Cox and Weibull are misspecified.",0.9,22,30260436,cp_cox,CP + Cox,conformal,Cox,misspecified,TRUE,2000,0.3,3,0.3,0.7,0.2,0.1,1500,3.0997919674775583,0.2592857142857143,0.04928571428571429,0.915,2.65483996990824,0.20430854691795258
aft_lognormal_linear,Log-Normal AFT (Linear),"Linear log-normal accelerated-failure-time DGP; log-normal is correct, Cox and Weibull are misspecified.",0.9,22,30260436,cp_lognormal,CP + Log-Normal,conformal,Log-Normal,correct,TRUE,2000,0.3,3,0.3,0.7,0.2,0.1,1500,3.0997919674775583,0.2592857142857143,0.04928571428571429,0.9066666666666666,2.610249349217508,0.2843997719144241
aft_lognormal_linear,Log-Normal AFT (Linear),"Linear log-normal accelerated-failure-time DGP; log-normal is correct, Cox and Weibull are misspecified.",0.9,22,30260436,cp_weibull,CP + Weibull,conformal,Weibull,misspecified,TRUE,2000,0.3,3,0.3,0.7,0.2,0.1,1500,3.0997919674775583,0.2592857142857143,0.04928571428571429,0.9,2.6104907111451863,0.2635295828427256
aft_lognormal_linear,Log-Normal AFT (Linear),"Linear log-normal accelerated-failure-time DGP; log-normal is correct, Cox and Weibull are misspecified.",0.9,22,30260436,plugin_cox,Cox Plug-in,plug-in,Cox,misspecified,FALSE,2000,0.3,3,0.3,0.7,0.2,0.1,1500,3.0997919674775583,0.2592857142857143,0.04928571428571429,0.9266666666666666,2.700323234189791,0.17732581730978433
aft_lognormal_linear,Log-Normal AFT (Linear),"Linear log-normal accelerated-failure-time DGP; log-normal is correct, Cox and Weibull are misspecified.",0.9,22,30260436,plugin_lognormal,Log-Normal Plug-in,plug-in,Log-Normal,correct,FALSE,2000,0.3,3,0.3,0.7,0.2,0.1,1500,3.0997919674775583,0.2592857142857143,0.04928571428571429,0.905,2.6048067288224117,0.2875616620977215
aft_lognormal_linear,Log-Normal AFT (Linear),"Linear log-normal accelerated-failure-time DGP; log-normal is correct, Cox and Weibull are misspecified.",0.9,22,30260436,plugin_weibull,Weibull Plug-in,plug-in,Weibull,misspecified,FALSE,2000,0.3,3,0.3,0.7,0.2,0.1,1500,3.0997919674775583,0.2592857142857143,0.04928571428571429,0.9366666666666666,2.700008320206522,0.21531687570635236
aft_lognormal_linear,Log-Normal AFT (Linear),"Linear log-normal accelerated-failure-time DGP; log-normal is correct, Cox and Weibull are misspecified.",0.9,23,30260437,cp_cox,CP + Cox,conformal,Cox,misspecified,TRUE,2000,0.3,3,0.3,0.7,0.2,0.1,1500,3.1592604059557123,0.27071428571428574,0.06714285714285714,0.9183333333333333,2.755802595479523,0.1849860665559065
aft_lognormal_linear,Log-Normal AFT (Linear),"Linear log-normal accelerated-failure-time DGP; log-normal is correct, Cox and Weibull are misspecified.",0.9,23,30260437,cp_lognormal,CP + Log-Normal,conformal,Log-Normal,correct,TRUE,2000,0.3,3,0.3,0.7,0.2,0.1,1500,3.1592604059557123,0.27071428571428574,0.06714285714285714,0.8933333333333333,2.6692323389176633,0.2838478158261552
aft_lognormal_linear,Log-Normal AFT (Linear),"Linear log-normal accelerated-failure-time DGP; log-normal is correct, Cox and Weibull are misspecified.",0.9,23,30260437,cp_weibull,CP + Weibull,conformal,Weibull,misspecified,TRUE,2000,0.3,3,0.3,0.7,0.2,0.1,1500,3.1592604059557123,0.27071428571428574,0.06714285714285714,0.8983333333333333,2.6762719797044943,0.2813543273459838
aft_lognormal_linear,Log-Normal AFT (Linear),"Linear log-normal accelerated-failure-time DGP; log-normal is correct, Cox and Weibull are misspecified.",0.9,23,30260437,plugin_cox,Cox Plug-in,plug-in,Cox,misspecified,FALSE,2000,0.3,3,0.3,0.7,0.2,0.1,1500,3.1592604059557123,0.27071428571428574,0.06714285714285714,0.9116666666666666,2.7370049458785335,0.19678498811795217
aft_lognormal_linear,Log-Normal AFT (Linear),"Linear log-normal accelerated-failure-time DGP; log-normal is correct, Cox and Weibull are misspecified.",0.9,23,30260437,plugin_lognormal,Log-Normal Plug-in,plug-in,Log-Normal,correct,FALSE,2000,0.3,3,0.3,0.7,0.2,0.1,1500,3.1592604059557123,0.27071428571428574,0.06714285714285714,0.8966666666666666,2.6709835463441456,0.28283343229079927
aft_lognormal_linear,Log-Normal AFT (Linear),"Linear log-normal accelerated-failure-time DGP; log-normal is correct, Cox and Weibull are misspecified.",0.9,23,30260437,plugin_weibull,Weibull Plug-in,plug-in,Weibull,misspecified,FALSE,2000,0.3,3,0.3,0.7,0.2,0.1,1500,3.1592604059557123,0.27071428571428574,0.06714285714285714,0.9266666666666666,2.735670516543514,0.246753010897491
aft_lognormal_linear,Log-Normal AFT (Linear),"Linear log-normal accelerated-failure-time DGP; log-normal is correct, Cox and Weibull are misspecified.",0.9,24,30260438,cp_cox,CP + Cox,conformal,Cox,misspecified,TRUE,2000,0.3,3,0.3,0.7,0.2,0.1,1500,3.1554143436752806,0.25,0.05785714285714286,0.9116666666666666,2.7457351830100354,0.14949548680140343
aft_lognormal_linear,Log-Normal AFT (Linear),"Linear log-normal accelerated-failure-time DGP; log-normal is correct, Cox and Weibull are misspecified.",0.9,24,30260438,cp_lognormal,CP + Log-Normal,conformal,Log-Normal,correct,TRUE,2000,0.3,3,0.3,0.7,0.2,0.1,1500,3.1554143436752806,0.25,0.05785714285714286,0.935,2.7298685751552756,0.22158225212236515
aft_lognormal_linear,Log-Normal AFT (Linear),"Linear log-normal accelerated-failure-time DGP; log-normal is correct, Cox and Weibull are misspecified.",0.9,24,30260438,cp_weibull,CP + Weibull,conformal,Weibull,misspecified,TRUE,2000,0.3,3,0.3,0.7,0.2,0.1,1500,3.1554143436752806,0.25,0.05785714285714286,0.935,2.7324216769748064,0.20733183798709143
aft_lognormal_linear,Log-Normal AFT (Linear),"Linear log-normal accelerated-failure-time DGP; log-normal is correct, Cox and Weibull are misspecified.",0.9,24,30260438,plugin_cox,Cox Plug-in,plug-in,Cox,misspecified,FALSE,2000,0.3,3,0.3,0.7,0.2,0.1,1500,3.1554143436752806,0.25,0.05785714285714286,0.935,2.7809139367619693,0.13257616665097233
aft_lognormal_linear,Log-Normal AFT (Linear),"Linear log-normal accelerated-failure-time DGP; log-normal is correct, Cox and Weibull are misspecified.",0.9,24,30260438,plugin_lognormal,Log-Normal Plug-in,plug-in,Log-Normal,correct,FALSE,2000,0.3,3,0.3,0.7,0.2,0.1,1500,3.1554143436752806,0.25,0.05785714285714286,0.9316666666666666,2.7246277749272676,0.22431114382650355
aft_lognormal_linear,Log-Normal AFT (Linear),"Linear log-normal accelerated-failure-time DGP; log-normal is correct, Cox and Weibull are misspecified.",0.9,24,30260438,plugin_weibull,Weibull Plug-in,plug-in,Weibull,misspecified,FALSE,2000,0.3,3,0.3,0.7,0.2,0.1,1500,3.1554143436752806,0.25,0.05785714285714286,0.9666666666666667,2.805234625922618,0.17164222981404956
aft_lognormal_linear,Log-Normal AFT (Linear),"Linear log-normal accelerated-failure-time DGP; log-normal is correct, Cox and Weibull are misspecified.",0.9,25,30260439,cp_cox,CP + Cox,conformal,Cox,misspecified,TRUE,2000,0.3,3,0.3,0.7,0.2,0.1,1500,2.9816557121040073,0.25785714285714284,0.05928571428571429,0.8933333333333333,2.541748027386078,0.18343877351162619
aft_lognormal_linear,Log-Normal AFT (Linear),"Linear log-normal accelerated-failure-time DGP; log-normal is correct, Cox and Weibull are misspecified.",0.9,25,30260439,cp_lognormal,CP + Log-Normal,conformal,Log-Normal,correct,TRUE,2000,0.3,3,0.3,0.7,0.2,0.1,1500,2.9816557121040073,0.25785714285714284,0.05928571428571429,0.9016666666666666,2.509905857711198,0.26048241291694946
aft_lognormal_linear,Log-Normal AFT (Linear),"Linear log-normal accelerated-failure-time DGP; log-normal is correct, Cox and Weibull are misspecified.",0.9,25,30260439,cp_weibull,CP + Weibull,conformal,Weibull,misspecified,TRUE,2000,0.3,3,0.3,0.7,0.2,0.1,1500,2.9816557121040073,0.25785714285714284,0.05928571428571429,0.9,2.517002387893174,0.23859498582256838
aft_lognormal_linear,Log-Normal AFT (Linear),"Linear log-normal accelerated-failure-time DGP; log-normal is correct, Cox and Weibull are misspecified.",0.9,25,30260439,plugin_cox,Cox Plug-in,plug-in,Cox,misspecified,FALSE,2000,0.3,3,0.3,0.7,0.2,0.1,1500,2.9816557121040073,0.25785714285714284,0.05928571428571429,0.9166666666666666,2.5985090970954285,0.14987051520597958
aft_lognormal_linear,Log-Normal AFT (Linear),"Linear log-normal accelerated-failure-time DGP; log-normal is correct, Cox and Weibull are misspecified.",0.9,25,30260439,plugin_lognormal,Log-Normal Plug-in,plug-in,Log-Normal,correct,FALSE,2000,0.3,3,0.3,0.7,0.2,0.1,1500,2.9816557121040073,0.25785714285714284,0.05928571428571429,0.9133333333333333,2.5317477489941536,0.24842214730992143
aft_lognormal_linear,Log-Normal AFT (Linear),"Linear log-normal accelerated-failure-time DGP; log-normal is correct, Cox and Weibull are misspecified.",0.9,25,30260439,plugin_weibull,Weibull Plug-in,plug-in,Weibull,misspecified,FALSE,2000,0.3,3,0.3,0.7,0.2,0.1,1500,2.9816557121040073,0.25785714285714284,0.05928571428571429,0.9483333333333334,2.6071996944809257,0.19227954167269815
aft_lognormal_linear,Log-Normal AFT (Linear),"Linear log-normal accelerated-failure-time DGP; log-normal is correct, Cox and Weibull are misspecified.",0.9,26,30260440,cp_cox,CP + Cox,conformal,Cox,misspecified,TRUE,2000,0.3,3,0.3,0.7,0.2,0.1,1500,2.983854678064014,0.2507142857142857,0.04928571428571429,0.9133333333333333,2.564406811641275,0.17192218159360367
aft_lognormal_linear,Log-Normal AFT (Linear),"Linear log-normal accelerated-failure-time DGP; log-normal is correct, Cox and Weibull are misspecified.",0.9,26,30260440,cp_lognormal,CP + Log-Normal,conformal,Log-Normal,correct,TRUE,2000,0.3,3,0.3,0.7,0.2,0.1,1500,2.983854678064014,0.2507142857142857,0.04928571428571429,0.9083333333333333,2.526344895007013,0.2491166392441546
aft_lognormal_linear,Log-Normal AFT (Linear),"Linear log-normal accelerated-failure-time DGP; log-normal is correct, Cox and Weibull are misspecified.",0.9,26,30260440,cp_weibull,CP + Weibull,conformal,Weibull,misspecified,TRUE,2000,0.3,3,0.3,0.7,0.2,0.1,1500,2.983854678064014,0.2507142857142857,0.04928571428571429,0.9166666666666666,2.5438523754251388,0.22749773666323622
aft_lognormal_linear,Log-Normal AFT (Linear),"Linear log-normal accelerated-failure-time DGP; log-normal is correct, Cox and Weibull are misspecified.",0.9,26,30260440,plugin_cox,Cox Plug-in,plug-in,Cox,misspecified,FALSE,2000,0.3,3,0.3,0.7,0.2,0.1,1500,2.983854678064014,0.2507142857142857,0.04928571428571429,0.925,2.5907204080383837,0.15780660604065092
aft_lognormal_linear,Log-Normal AFT (Linear),"Linear log-normal accelerated-failure-time DGP; log-normal is correct, Cox and Weibull are misspecified.",0.9,26,30260440,plugin_lognormal,Log-Normal Plug-in,plug-in,Log-Normal,correct,FALSE,2000,0.3,3,0.3,0.7,0.2,0.1,1500,2.983854678064014,0.2507142857142857,0.04928571428571429,0.9033333333333333,2.5205324912591167,0.25228152563834494
aft_lognormal_linear,Log-Normal AFT (Linear),"Linear log-normal accelerated-failure-time DGP; log-normal is correct, Cox and Weibull are misspecified.",0.9,26,30260440,plugin_weibull,Weibull Plug-in,plug-in,Weibull,misspecified,FALSE,2000,0.3,3,0.3,0.7,0.2,0.1,1500,2.983854678064014,0.2507142857142857,0.04928571428571429,0.935,2.5999379083951344,0.19849940703245383
aft_lognormal_linear,Log-Normal AFT (Linear),"Linear log-normal accelerated-failure-time DGP; log-normal is correct, Cox and Weibull are misspecified.",0.9,27,30260441,cp_cox,CP + Cox,conformal,Cox,misspecified,TRUE,2000,0.3,3,0.3,0.7,0.2,0.1,1500,3.122036120574519,0.24857142857142858,0.05071428571428571,0.9033333333333333,2.6865669489244772,0.1931036727176195
aft_lognormal_linear,Log-Normal AFT (Linear),"Linear log-normal accelerated-failure-time DGP; log-normal is correct, Cox and Weibull are misspecified.",0.9,27,30260441,cp_lognormal,CP + Log-Normal,conformal,Log-Normal,correct,TRUE,2000,0.3,3,0.3,0.7,0.2,0.1,1500,3.122036120574519,0.24857142857142858,0.05071428571428571,0.9116666666666666,2.657384932825628,0.27267452410160137
aft_lognormal_linear,Log-Normal AFT (Linear),"Linear log-normal accelerated-failure-time DGP; log-normal is correct, Cox and Weibull are misspecified.",0.9,27,30260441,cp_weibull,CP + Weibull,conformal,Weibull,misspecified,TRUE,2000,0.3,3,0.3,0.7,0.2,0.1,1500,3.122036120574519,0.24857142857142858,0.05071428571428571,0.9116666666666666,2.665107406767241,0.247844485692272
aft_lognormal_linear,Log-Normal AFT (Linear),"Linear log-normal accelerated-failure-time DGP; log-normal is correct, Cox and Weibull are misspecified.",0.9,27,30260441,plugin_cox,Cox Plug-in,plug-in,Cox,misspecified,FALSE,2000,0.3,3,0.3,0.7,0.2,0.1,1500,3.122036120574519,0.24857142857142858,0.05071428571428571,0.9216666666666666,2.730269705164853,0.16596386746505676
aft_lognormal_linear,Log-Normal AFT (Linear),"Linear log-normal accelerated-failure-time DGP; log-normal is correct, Cox and Weibull are misspecified.",0.9,27,30260441,plugin_lognormal,Log-Normal Plug-in,plug-in,Log-Normal,correct,FALSE,2000,0.3,3,0.3,0.7,0.2,0.1,1500,3.122036120574519,0.24857142857142858,0.05071428571428571,0.9116666666666666,2.6554370663700473,0.27381760427182994
aft_lognormal_linear,Log-Normal AFT (Linear),"Linear log-normal accelerated-failure-time DGP; log-normal is correct, Cox and Weibull are misspecified.",0.9,27,30260441,plugin_weibull,Weibull Plug-in,plug-in,Weibull,misspecified,FALSE,2000,0.3,3,0.3,0.7,0.2,0.1,1500,3.122036120574519,0.24857142857142858,0.05071428571428571,0.9333333333333333,2.7373510492983786,0.20865852979452537
aft_lognormal_linear,Log-Normal AFT (Linear),"Linear log-normal accelerated-failure-time DGP; log-normal is correct, Cox and Weibull are misspecified.",0.9,28,30260442,cp_cox,CP + Cox,conformal,Cox,misspecified,TRUE,2000,0.3,3,0.3,0.7,0.2,0.1,1500,3.075275691557462,0.24928571428571428,0.055,0.9183333333333333,2.631458383030701,0.16351432907470415
aft_lognormal_linear,Log-Normal AFT (Linear),"Linear log-normal accelerated-failure-time DGP; log-normal is correct, Cox and Weibull are misspecified.",0.9,28,30260442,cp_lognormal,CP + Log-Normal,conformal,Log-Normal,correct,TRUE,2000,0.3,3,0.3,0.7,0.2,0.1,1500,3.075275691557462,0.24928571428571428,0.055,0.9233333333333333,2.601209970473895,0.24856312892724744
aft_lognormal_linear,Log-Normal AFT (Linear),"Linear log-normal accelerated-failure-time DGP; log-normal is correct, Cox and Weibull are misspecified.",0.9,28,30260442,cp_weibull,CP + Weibull,conformal,Weibull,misspecified,TRUE,2000,0.3,3,0.3,0.7,0.2,0.1,1500,3.075275691557462,0.24928571428571428,0.055,0.915,2.59004667562535,0.2384283649698192
aft_lognormal_linear,Log-Normal AFT (Linear),"Linear log-normal accelerated-failure-time DGP; log-normal is correct, Cox and Weibull are misspecified.",0.9,28,30260442,plugin_cox,Cox Plug-in,plug-in,Cox,misspecified,FALSE,2000,0.3,3,0.3,0.7,0.2,0.1,1500,3.075275691557462,0.24928571428571428,0.055,0.93,2.6661557004043264,0.14411475048657624
aft_lognormal_linear,Log-Normal AFT (Linear),"Linear log-normal accelerated-failure-time DGP; log-normal is correct, Cox and Weibull are misspecified.",0.9,28,30260442,plugin_lognormal,Log-Normal Plug-in,plug-in,Log-Normal,correct,FALSE,2000,0.3,3,0.3,0.7,0.2,0.1,1500,3.075275691557462,0.24928571428571428,0.055,0.9216666666666666,2.5987750962793865,0.24983978724995387
aft_lognormal_linear,Log-Normal AFT (Linear),"Linear log-normal accelerated-failure-time DGP; log-normal is correct, Cox and Weibull are misspecified.",0.9,28,30260442,plugin_weibull,Weibull Plug-in,plug-in,Weibull,misspecified,FALSE,2000,0.3,3,0.3,0.7,0.2,0.1,1500,3.075275691557462,0.24928571428571428,0.055,0.9466666666666667,2.6805038736301534,0.1939801536883776
aft_lognormal_linear,Log-Normal AFT (Linear),"Linear log-normal accelerated-failure-time DGP; log-normal is correct, Cox and Weibull are misspecified.",0.9,29,30260443,cp_cox,CP + Cox,conformal,Cox,misspecified,TRUE,2000,0.3,3,0.3,0.7,0.2,0.1,1500,2.958671052129793,0.28,0.05785714285714286,0.9166666666666666,2.542356015798433,0.15015283497278273
aft_lognormal_linear,Log-Normal AFT (Linear),"Linear log-normal accelerated-failure-time DGP; log-normal is correct, Cox and Weibull are misspecified.",0.9,29,30260443,cp_lognormal,CP + Log-Normal,conformal,Log-Normal,correct,TRUE,2000,0.3,3,0.3,0.7,0.2,0.1,1500,2.958671052129793,0.28,0.05785714285714286,0.9,2.487718673213491,0.23904164581595336
aft_lognormal_linear,Log-Normal AFT (Linear),"Linear log-normal accelerated-failure-time DGP; log-normal is correct, Cox and Weibull are misspecified.",0.9,29,30260443,cp_weibull,CP + Weibull,conformal,Weibull,misspecified,TRUE,2000,0.3,3,0.3,0.7,0.2,0.1,1500,2.958671052129793,0.28,0.05785714285714286,0.91,2.504399453123549,0.21793674124575993
aft_lognormal_linear,Log-Normal AFT (Linear),"Linear log-normal accelerated-failure-time DGP; log-normal is correct, Cox and Weibull are misspecified.",0.9,29,30260443,plugin_cox,Cox Plug-in,plug-in,Cox,misspecified,FALSE,2000,0.3,3,0.3,0.7,0.2,0.1,1500,2.958671052129793,0.28,0.05785714285714286,0.92,2.5591977758131828,0.14106733432978677
aft_lognormal_linear,Log-Normal AFT (Linear),"Linear log-normal accelerated-failure-time DGP; log-normal is correct, Cox and Weibull are misspecified.",0.9,29,30260443,plugin_lognormal,Log-Normal Plug-in,plug-in,Log-Normal,correct,FALSE,2000,0.3,3,0.3,0.7,0.2,0.1,1500,2.958671052129793,0.28,0.05785714285714286,0.905,2.4967167661969607,0.23447447713337224
aft_lognormal_linear,Log-Normal AFT (Linear),"Linear log-normal accelerated-failure-time DGP; log-normal is correct, Cox and Weibull are misspecified.",0.9,29,30260443,plugin_weibull,Weibull Plug-in,plug-in,Weibull,misspecified,FALSE,2000,0.3,3,0.3,0.7,0.2,0.1,1500,2.958671052129793,0.28,0.05785714285714286,0.9583333333333334,2.575489651833852,0.18383122755014383
aft_lognormal_linear,Log-Normal AFT (Linear),"Linear log-normal accelerated-failure-time DGP; log-normal is correct, Cox and Weibull are misspecified.",0.9,30,30260444,cp_cox,CP + Cox,conformal,Cox,misspecified,TRUE,2000,0.3,3,0.3,0.7,0.2,0.1,1500,3.2345678596031364,0.25214285714285717,0.05785714285714286,0.92,2.8762322699551772,0.1341809010515862
aft_lognormal_linear,Log-Normal AFT (Linear),"Linear log-normal accelerated-failure-time DGP; log-normal is correct, Cox and Weibull are misspecified.",0.9,30,30260444,cp_lognormal,CP + Log-Normal,conformal,Log-Normal,correct,TRUE,2000,0.3,3,0.3,0.7,0.2,0.1,1500,3.2345678596031364,0.25214285714285717,0.05785714285714286,0.9116666666666666,2.803102626047609,0.22881515827366486
aft_lognormal_linear,Log-Normal AFT (Linear),"Linear log-normal accelerated-failure-time DGP; log-normal is correct, Cox and Weibull are misspecified.",0.9,30,30260444,cp_weibull,CP + Weibull,conformal,Weibull,misspecified,TRUE,2000,0.3,3,0.3,0.7,0.2,0.1,1500,3.2345678596031364,0.25214285714285717,0.05785714285714286,0.915,2.8133167687160525,0.2192078084606478
aft_lognormal_linear,Log-Normal AFT (Linear),"Linear log-normal accelerated-failure-time DGP; log-normal is correct, Cox and Weibull are misspecified.",0.9,30,30260444,plugin_cox,Cox Plug-in,plug-in,Cox,misspecified,FALSE,2000,0.3,3,0.3,0.7,0.2,0.1,1500,3.2345678596031364,0.25214285714285717,0.05785714285714286,0.9083333333333333,2.8583115153699374,0.14492389633763944
aft_lognormal_linear,Log-Normal AFT (Linear),"Linear log-normal accelerated-failure-time DGP; log-normal is correct, Cox and Weibull are misspecified.",0.9,30,30260444,plugin_lognormal,Log-Normal Plug-in,plug-in,Log-Normal,correct,FALSE,2000,0.3,3,0.3,0.7,0.2,0.1,1500,3.2345678596031364,0.25214285714285717,0.05785714285714286,0.9116666666666666,2.7931351138129177,0.2341011412734563
aft_lognormal_linear,Log-Normal AFT (Linear),"Linear log-normal accelerated-failure-time DGP; log-normal is correct, Cox and Weibull are misspecified.",0.9,30,30260444,plugin_weibull,Weibull Plug-in,plug-in,Weibull,misspecified,FALSE,2000,0.3,3,0.3,0.7,0.2,0.1,1500,3.2345678596031364,0.25214285714285717,0.05785714285714286,0.9383333333333334,2.862195923994595,0.19377240250014677
aft_lognormal_linear,Log-Normal AFT (Linear),"Linear log-normal accelerated-failure-time DGP; log-normal is correct, Cox and Weibull are misspecified.",0.99,1,31160415,cp_cox,CP + Cox,conformal,Cox,misspecified,TRUE,2000,0.3,3,0.3,0.7,0.2,0.1,1500,6.6981056327144595,0.2,7.142857142857143e-4,0.9316666666666666,6.316346159371563,0.14931509665010695
aft_lognormal_linear,Log-Normal AFT (Linear),"Linear log-normal accelerated-failure-time DGP; log-normal is correct, Cox and Weibull are misspecified.",0.99,1,31160415,cp_lognormal,CP + Log-Normal,conformal,Log-Normal,correct,TRUE,2000,0.3,3,0.3,0.7,0.2,0.1,1500,6.6981056327144595,0.2,7.142857142857143e-4,0.9233333333333333,6.290825393641041,0.22763514774535745
aft_lognormal_linear,Log-Normal AFT (Linear),"Linear log-normal accelerated-failure-time DGP; log-normal is correct, Cox and Weibull are misspecified.",0.99,1,31160415,cp_weibull,CP + Weibull,conformal,Weibull,misspecified,TRUE,2000,0.3,3,0.3,0.7,0.2,0.1,1500,6.6981056327144595,0.2,7.142857142857143e-4,0.9133333333333333,6.276673434861409,0.21544552505902495
aft_lognormal_linear,Log-Normal AFT (Linear),"Linear log-normal accelerated-failure-time DGP; log-normal is correct, Cox and Weibull are misspecified.",0.99,1,31160415,plugin_cox,Cox Plug-in,plug-in,Cox,misspecified,FALSE,2000,0.3,3,0.3,0.7,0.2,0.1,1500,6.6981056327144595,0.2,7.142857142857143e-4,0.9316666666666666,6.324518075288514,0.14577348319109645
aft_lognormal_linear,Log-Normal AFT (Linear),"Linear log-normal accelerated-failure-time DGP; log-normal is correct, Cox and Weibull are misspecified.",0.99,1,31160415,plugin_lognormal,Log-Normal Plug-in,plug-in,Log-Normal,correct,FALSE,2000,0.3,3,0.3,0.7,0.2,0.1,1500,6.6981056327144595,0.2,7.142857142857143e-4,0.91,6.2515867213885725,0.2495662411267686
aft_lognormal_linear,Log-Normal AFT (Linear),"Linear log-normal accelerated-failure-time DGP; log-normal is correct, Cox and Weibull are misspecified.",0.99,1,31160415,plugin_weibull,Weibull Plug-in,plug-in,Weibull,misspecified,FALSE,2000,0.3,3,0.3,0.7,0.2,0.1,1500,6.6981056327144595,0.2,7.142857142857143e-4,0.9533333333333334,6.348323661083825,0.17881633372592956
aft_lognormal_linear,Log-Normal AFT (Linear),"Linear log-normal accelerated-failure-time DGP; log-normal is correct, Cox and Weibull are misspecified.",0.99,2,31160416,cp_cox,CP + Cox,conformal,Cox,misspecified,TRUE,2000,0.3,3,0.3,0.7,0.2,0.1,1500,7.602883022979353,0.19428571428571428,0.002857142857142857,0.8833333333333333,7.167660650592205,0.16045795107097047
aft_lognormal_linear,Log-Normal AFT (Linear),"Linear log-normal accelerated-failure-time DGP; log-normal is correct, Cox and Weibull are misspecified.",0.99,2,31160416,cp_lognormal,CP + Log-Normal,conformal,Log-Normal,correct,TRUE,2000,0.3,3,0.3,0.7,0.2,0.1,1500,7.602883022979353,0.19428571428571428,0.002857142857142857,0.905,7.158370522787905,0.2379013877947436
aft_lognormal_linear,Log-Normal AFT (Linear),"Linear log-normal accelerated-failure-time DGP; log-normal is correct, Cox and Weibull are misspecified.",0.99,2,31160416,cp_weibull,CP + Weibull,conformal,Weibull,misspecified,TRUE,2000,0.3,3,0.3,0.7,0.2,0.1,1500,7.602883022979353,0.19428571428571428,0.002857142857142857,0.8916666666666667,7.140955846458606,0.23432790011279217
aft_lognormal_linear,Log-Normal AFT (Linear),"Linear log-normal accelerated-failure-time DGP; log-normal is correct, Cox and Weibull are misspecified.",0.99,2,31160416,plugin_cox,Cox Plug-in,plug-in,Cox,misspecified,FALSE,2000,0.3,3,0.3,0.7,0.2,0.1,1500,7.602883022979353,0.19428571428571428,0.002857142857142857,0.91,7.214634407494732,0.1367078968317577
aft_lognormal_linear,Log-Normal AFT (Linear),"Linear log-normal accelerated-failure-time DGP; log-normal is correct, Cox and Weibull are misspecified.",0.99,2,31160416,plugin_lognormal,Log-Normal Plug-in,plug-in,Log-Normal,correct,FALSE,2000,0.3,3,0.3,0.7,0.2,0.1,1500,7.602883022979353,0.19428571428571428,0.002857142857142857,0.9,7.1418567519227025,0.2467394947205647
aft_lognormal_linear,Log-Normal AFT (Linear),"Linear log-normal accelerated-failure-time DGP; log-normal is correct, Cox and Weibull are misspecified.",0.99,2,31160416,plugin_weibull,Weibull Plug-in,plug-in,Weibull,misspecified,FALSE,2000,0.3,3,0.3,0.7,0.2,0.1,1500,7.602883022979353,0.19428571428571428,0.002857142857142857,0.9433333333333334,7.252464201301336,0.17776158411437548
aft_lognormal_linear,Log-Normal AFT (Linear),"Linear log-normal accelerated-failure-time DGP; log-normal is correct, Cox and Weibull are misspecified.",0.99,3,31160417,cp_cox,CP + Cox,conformal,Cox,misspecified,TRUE,2000,0.3,3,0.3,0.7,0.2,0.1,1500,7.567487635371361,0.185,0.002142857142857143,0.905,7.141938216027251,0.18232976427569453
aft_lognormal_linear,Log-Normal AFT (Linear),"Linear log-normal accelerated-failure-time DGP; log-normal is correct, Cox and Weibull are misspecified.",0.99,3,31160417,cp_lognormal,CP + Log-Normal,conformal,Log-Normal,correct,TRUE,2000,0.3,3,0.3,0.7,0.2,0.1,1500,7.567487635371361,0.185,0.002142857142857143,0.9216666666666666,7.141291608075068,0.24546636231580443
aft_lognormal_linear,Log-Normal AFT (Linear),"Linear log-normal accelerated-failure-time DGP; log-normal is correct, Cox and Weibull are misspecified.",0.99,3,31160417,cp_weibull,CP + Weibull,conformal,Weibull,misspecified,TRUE,2000,0.3,3,0.3,0.7,0.2,0.1,1500,7.567487635371361,0.185,0.002142857142857143,0.8883333333333333,7.090902880658569,0.25482423671252424
aft_lognormal_linear,Log-Normal AFT (Linear),"Linear log-normal accelerated-failure-time DGP; log-normal is correct, Cox and Weibull are misspecified.",0.99,3,31160417,plugin_cox,Cox Plug-in,plug-in,Cox,misspecified,FALSE,2000,0.3,3,0.3,0.7,0.2,0.1,1500,7.567487635371361,0.185,0.002142857142857143,0.9166666666666666,7.19517963762288,0.1518485714917958
aft_lognormal_linear,Log-Normal AFT (Linear),"Linear log-normal accelerated-failure-time DGP; log-normal is correct, Cox and Weibull are misspecified.",0.99,3,31160417,plugin_lognormal,Log-Normal Plug-in,plug-in,Log-Normal,correct,FALSE,2000,0.3,3,0.3,0.7,0.2,0.1,1500,7.567487635371361,0.185,0.002142857142857143,0.9,7.103935211796936,0.266981670099858
aft_lognormal_linear,Log-Normal AFT (Linear),"Linear log-normal accelerated-failure-time DGP; log-normal is correct, Cox and Weibull are misspecified.",0.99,3,31160417,plugin_weibull,Weibull Plug-in,plug-in,Weibull,misspecified,FALSE,2000,0.3,3,0.3,0.7,0.2,0.1,1500,7.567487635371361,0.185,0.002142857142857143,0.9483333333333334,7.220014783051364,0.18578962817248992
aft_lognormal_linear,Log-Normal AFT (Linear),"Linear log-normal accelerated-failure-time DGP; log-normal is correct, Cox and Weibull are misspecified.",0.99,4,31160418,cp_cox,CP + Cox,conformal,Cox,misspecified,TRUE,2000,0.3,3,0.3,0.7,0.2,0.1,1500,7.966076023680017,0.20357142857142857,0.002857142857142857,0.8966666666666666,7.546333375884683,0.16803761161293582
aft_lognormal_linear,Log-Normal AFT (Linear),"Linear log-normal accelerated-failure-time DGP; log-normal is correct, Cox and Weibull are misspecified.",0.99,4,31160418,cp_lognormal,CP + Log-Normal,conformal,Log-Normal,correct,TRUE,2000,0.3,3,0.3,0.7,0.2,0.1,1500,7.966076023680017,0.20357142857142857,0.002857142857142857,0.905,7.519639924879963,0.2500568205600525
aft_lognormal_linear,Log-Normal AFT (Linear),"Linear log-normal accelerated-failure-time DGP; log-normal is correct, Cox and Weibull are misspecified.",0.99,4,31160418,cp_weibull,CP + Weibull,conformal,Weibull,misspecified,TRUE,2000,0.3,3,0.3,0.7,0.2,0.1,1500,7.966076023680017,0.20357142857142857,0.002857142857142857,0.9,7.5025862754993,0.2565825691062105
aft_lognormal_linear,Log-Normal AFT (Linear),"Linear log-normal accelerated-failure-time DGP; log-normal is correct, Cox and Weibull are misspecified.",0.99,4,31160418,plugin_cox,Cox Plug-in,plug-in,Cox,misspecified,FALSE,2000,0.3,3,0.3,0.7,0.2,0.1,1500,7.966076023680017,0.20357142857142857,0.002857142857142857,0.9083333333333333,7.5807381706072405,0.14889572426094572
aft_lognormal_linear,Log-Normal AFT (Linear),"Linear log-normal accelerated-failure-time DGP; log-normal is correct, Cox and Weibull are misspecified.",0.99,4,31160418,plugin_lognormal,Log-Normal Plug-in,plug-in,Log-Normal,correct,FALSE,2000,0.3,3,0.3,0.7,0.2,0.1,1500,7.966076023680017,0.20357142857142857,0.002857142857142857,0.9016666666666666,7.506928983233361,0.25717644565985254
aft_lognormal_linear,Log-Normal AFT (Linear),"Linear log-normal accelerated-failure-time DGP; log-normal is correct, Cox and Weibull are misspecified.",0.99,4,31160418,plugin_weibull,Weibull Plug-in,plug-in,Weibull,misspecified,FALSE,2000,0.3,3,0.3,0.7,0.2,0.1,1500,7.966076023680017,0.20357142857142857,0.002857142857142857,0.94,7.6003118021818015,0.20248284672426647
aft_lognormal_linear,Log-Normal AFT (Linear),"Linear log-normal accelerated-failure-time DGP; log-normal is correct, Cox and Weibull are misspecified.",0.99,5,31160419,cp_cox,CP + Cox,conformal,Cox,misspecified,TRUE,2000,0.3,3,0.3,0.7,0.2,0.1,1500,7.675894075932157,0.20642857142857143,7.142857142857143e-4,0.925,7.2515578534723915,0.14703199033537603
aft_lognormal_linear,Log-Normal AFT (Linear),"Linear log-normal accelerated-failure-time DGP; log-normal is correct, Cox and Weibull are misspecified.",0.99,5,31160419,cp_lognormal,CP + Log-Normal,conformal,Log-Normal,correct,TRUE,2000,0.3,3,0.3,0.7,0.2,0.1,1500,7.675894075932157,0.20642857142857143,7.142857142857143e-4,0.905,7.191425235368045,0.25018886036692756
aft_lognormal_linear,Log-Normal AFT (Linear),"Linear log-normal accelerated-failure-time DGP; log-normal is correct, Cox and Weibull are misspecified.",0.99,5,31160419,cp_weibull,CP + Weibull,conformal,Weibull,misspecified,TRUE,2000,0.3,3,0.3,0.7,0.2,0.1,1500,7.675894075932157,0.20642857142857143,7.142857142857143e-4,0.9066666666666666,7.197268178799445,0.2426132890619659
aft_lognormal_linear,Log-Normal AFT (Linear),"Linear log-normal accelerated-failure-time DGP; log-normal is correct, Cox and Weibull are misspecified.",0.99,5,31160419,plugin_cox,Cox Plug-in,plug-in,Cox,misspecified,FALSE,2000,0.3,3,0.3,0.7,0.2,0.1,1500,7.675894075932157,0.20642857142857143,7.142857142857143e-4,0.93,7.2649968724476315,0.1406151468683993
aft_lognormal_linear,Log-Normal AFT (Linear),"Linear log-normal accelerated-failure-time DGP; log-normal is correct, Cox and Weibull are misspecified.",0.99,5,31160419,plugin_lognormal,Log-Normal Plug-in,plug-in,Log-Normal,correct,FALSE,2000,0.3,3,0.3,0.7,0.2,0.1,1500,7.675894075932157,0.20642857142857143,7.142857142857143e-4,0.905,7.190252642777023,0.2507944093299542
aft_lognormal_linear,Log-Normal AFT (Linear),"Linear log-normal accelerated-failure-time DGP; log-normal is correct, Cox and Weibull are misspecified.",0.99,5,31160419,plugin_weibull,Weibull Plug-in,plug-in,Weibull,misspecified,FALSE,2000,0.3,3,0.3,0.7,0.2,0.1,1500,7.675894075932157,0.20642857142857143,7.142857142857143e-4,0.9516666666666667,7.290673962075631,0.19526632260277096
aft_lognormal_linear,Log-Normal AFT (Linear),"Linear log-normal accelerated-failure-time DGP; log-normal is correct, Cox and Weibull are misspecified.",0.99,6,31160420,cp_cox,CP + Cox,conformal,Cox,misspecified,TRUE,2000,0.3,3,0.3,0.7,0.2,0.1,1500,7.072262530172148,0.21,0.002857142857142857,0.8733333333333333,6.641466128385544,0.20002380827910018
aft_lognormal_linear,Log-Normal AFT (Linear),"Linear log-normal accelerated-failure-time DGP; log-normal is correct, Cox and Weibull are misspecified.",0.99,6,31160420,cp_lognormal,CP + Log-Normal,conformal,Log-Normal,correct,TRUE,2000,0.3,3,0.3,0.7,0.2,0.1,1500,7.072262530172148,0.21,0.002857142857142857,0.8633333333333333,6.589450578570109,0.28712358715154496
aft_lognormal_linear,Log-Normal AFT (Linear),"Linear log-normal accelerated-failure-time DGP; log-normal is correct, Cox and Weibull are misspecified.",0.99,6,31160420,cp_weibull,CP + Weibull,conformal,Weibull,misspecified,TRUE,2000,0.3,3,0.3,0.7,0.2,0.1,1500,7.072262530172148,0.21,0.002857142857142857,0.86,6.585933150630235,0.2843041245014582
aft_lognormal_linear,Log-Normal AFT (Linear),"Linear log-normal accelerated-failure-time DGP; log-normal is correct, Cox and Weibull are misspecified.",0.99,6,31160420,plugin_cox,Cox Plug-in,plug-in,Cox,misspecified,FALSE,2000,0.3,3,0.3,0.7,0.2,0.1,1500,7.072262530172148,0.21,0.002857142857142857,0.9016666666666666,6.681226670507297,0.17542864435883226
aft_lognormal_linear,Log-Normal AFT (Linear),"Linear log-normal accelerated-failure-time DGP; log-normal is correct, Cox and Weibull are misspecified.",0.99,6,31160420,plugin_lognormal,Log-Normal Plug-in,plug-in,Log-Normal,correct,FALSE,2000,0.3,3,0.3,0.7,0.2,0.1,1500,7.072262530172148,0.21,0.002857142857142857,0.8816666666666667,6.613779608575226,0.2726553488575094
aft_lognormal_linear,Log-Normal AFT (Linear),"Linear log-normal accelerated-failure-time DGP; log-normal is correct, Cox and Weibull are misspecified.",0.99,6,31160420,plugin_weibull,Weibull Plug-in,plug-in,Weibull,misspecified,FALSE,2000,0.3,3,0.3,0.7,0.2,0.1,1500,7.072262530172148,0.21,0.002857142857142857,0.9283333333333333,6.690152155555999,0.2233785580062948
aft_lognormal_linear,Log-Normal AFT (Linear),"Linear log-normal accelerated-failure-time DGP; log-normal is correct, Cox and Weibull are misspecified.",0.99,7,31160421,cp_cox,CP + Cox,conformal,Cox,misspecified,TRUE,2000,0.3,3,0.3,0.7,0.2,0.1,1500,7.569089244699305,0.21714285714285714,0.002857142857142857,0.89,7.132254135511274,0.17744390501471538
aft_lognormal_linear,Log-Normal AFT (Linear),"Linear log-normal accelerated-failure-time DGP; log-normal is correct, Cox and Weibull are misspecified.",0.99,7,31160421,cp_lognormal,CP + Log-Normal,conformal,Log-Normal,correct,TRUE,2000,0.3,3,0.3,0.7,0.2,0.1,1500,7.569089244699305,0.21714285714285714,0.002857142857142857,0.9183333333333333,7.120927346441649,0.2577000266249179
aft_lognormal_linear,Log-Normal AFT (Linear),"Linear log-normal accelerated-failure-time DGP; log-normal is correct, Cox and Weibull are misspecified.",0.99,7,31160421,cp_weibull,CP + Weibull,conformal,Weibull,misspecified,TRUE,2000,0.3,3,0.3,0.7,0.2,0.1,1500,7.569089244699305,0.21714285714285714,0.002857142857142857,0.9283333333333333,7.1357185691121705,0.24625486392785823
aft_lognormal_linear,Log-Normal AFT (Linear),"Linear log-normal accelerated-failure-time DGP; log-normal is correct, Cox and Weibull are misspecified.",0.99,7,31160421,plugin_cox,Cox Plug-in,plug-in,Cox,misspecified,FALSE,2000,0.3,3,0.3,0.7,0.2,0.1,1500,7.569089244699305,0.21714285714285714,0.002857142857142857,0.9066666666666666,7.168139052792688,0.15661074377512121
aft_lognormal_linear,Log-Normal AFT (Linear),"Linear log-normal accelerated-failure-time DGP; log-normal is correct, Cox and Weibull are misspecified.",0.99,7,31160421,plugin_lognormal,Log-Normal Plug-in,plug-in,Log-Normal,correct,FALSE,2000,0.3,3,0.3,0.7,0.2,0.1,1500,7.569089244699305,0.21714285714285714,0.002857142857142857,0.91,7.099236837707827,0.2701724047988436
aft_lognormal_linear,Log-Normal AFT (Linear),"Linear log-normal accelerated-failure-time DGP; log-normal is correct, Cox and Weibull are misspecified.",0.99,7,31160421,plugin_weibull,Weibull Plug-in,plug-in,Weibull,misspecified,FALSE,2000,0.3,3,0.3,0.7,0.2,0.1,1500,7.569089244699305,0.21714285714285714,0.002857142857142857,0.9466666666666667,7.19543964634725,0.21231946733411092
aft_lognormal_linear,Log-Normal AFT (Linear),"Linear log-normal accelerated-failure-time DGP; log-normal is correct, Cox and Weibull are misspecified.",0.99,8,31160422,cp_cox,CP + Cox,conformal,Cox,misspecified,TRUE,2000,0.3,3,0.3,0.7,0.2,0.1,1500,7.202749648325732,0.2042857142857143,0.002142857142857143,0.925,6.768936109026637,0.18189149380510847
aft_lognormal_linear,Log-Normal AFT (Linear),"Linear log-normal accelerated-failure-time DGP; log-normal is correct, Cox and Weibull are misspecified.",0.99,8,31160422,cp_lognormal,CP + Log-Normal,conformal,Log-Normal,correct,TRUE,2000,0.3,3,0.3,0.7,0.2,0.1,1500,7.202749648325732,0.2042857142857143,0.002142857142857143,0.9216666666666666,6.723474912724832,0.25778570836382053
aft_lognormal_linear,Log-Normal AFT (Linear),"Linear log-normal accelerated-failure-time DGP; log-normal is correct, Cox and Weibull are misspecified.",0.99,8,31160422,cp_weibull,CP + Weibull,conformal,Weibull,misspecified,TRUE,2000,0.3,3,0.3,0.7,0.2,0.1,1500,7.202749648325732,0.2042857142857143,0.002142857142857143,0.93,6.7466723323777575,0.2490387785736205
aft_lognormal_linear,Log-Normal AFT (Linear),"Linear log-normal accelerated-failure-time DGP; log-normal is correct, Cox and Weibull are misspecified.",0.99,8,31160422,plugin_cox,Cox Plug-in,plug-in,Cox,misspecified,FALSE,2000,0.3,3,0.3,0.7,0.2,0.1,1500,7.202749648325732,0.2042857142857143,0.002142857142857143,0.9416666666666667,6.805959769226581,0.1642549649298865
aft_lognormal_linear,Log-Normal AFT (Linear),"Linear log-normal accelerated-failure-time DGP; log-normal is correct, Cox and Weibull are misspecified.",0.99,8,31160422,plugin_lognormal,Log-Normal Plug-in,plug-in,Log-Normal,correct,FALSE,2000,0.3,3,0.3,0.7,0.2,0.1,1500,7.202749648325732,0.2042857142857143,0.002142857142857143,0.9283333333333333,6.742963290694674,0.24730356743995394
aft_lognormal_linear,Log-Normal AFT (Linear),"Linear log-normal accelerated-failure-time DGP; log-normal is correct, Cox and Weibull are misspecified.",0.99,8,31160422,plugin_weibull,Weibull Plug-in,plug-in,Weibull,misspecified,FALSE,2000,0.3,3,0.3,0.7,0.2,0.1,1500,7.202749648325732,0.2042857142857143,0.002142857142857143,0.9566666666666667,6.823544915932358,0.2070628818455755
aft_lognormal_linear,Log-Normal AFT (Linear),"Linear log-normal accelerated-failure-time DGP; log-normal is correct, Cox and Weibull are misspecified.",0.99,9,31160423,cp_cox,CP + Cox,conformal,Cox,misspecified,TRUE,2000,0.3,3,0.3,0.7,0.2,0.1,1500,7.81909838392315,0.215,0.0035714285714285713,0.8916666666666667,7.391452592083414,0.18057749949793114
aft_lognormal_linear,Log-Normal AFT (Linear),"Linear log-normal accelerated-failure-time DGP; log-normal is correct, Cox and Weibull are misspecified.",0.99,9,31160423,cp_lognormal,CP + Log-Normal,conformal,Log-Normal,correct,TRUE,2000,0.3,3,0.3,0.7,0.2,0.1,1500,7.81909838392315,0.215,0.0035714285714285713,0.9033333333333333,7.376288216669142,0.25680091479381617
aft_lognormal_linear,Log-Normal AFT (Linear),"Linear log-normal accelerated-failure-time DGP; log-normal is correct, Cox and Weibull are misspecified.",0.99,9,31160423,cp_weibull,CP + Weibull,conformal,Weibull,misspecified,TRUE,2000,0.3,3,0.3,0.7,0.2,0.1,1500,7.81909838392315,0.215,0.0035714285714285713,0.905,7.378355533870995,0.2660893897483207
aft_lognormal_linear,Log-Normal AFT (Linear),"Linear log-normal accelerated-failure-time DGP; log-normal is correct, Cox and Weibull are misspecified.",0.99,9,31160423,plugin_cox,Cox Plug-in,plug-in,Cox,misspecified,FALSE,2000,0.3,3,0.3,0.7,0.2,0.1,1500,7.81909838392315,0.215,0.0035714285714285713,0.9116666666666666,7.432633368569844,0.1521344737606067
aft_lognormal_linear,Log-Normal AFT (Linear),"Linear log-normal accelerated-failure-time DGP; log-normal is correct, Cox and Weibull are misspecified.",0.99,9,31160423,plugin_lognormal,Log-Normal Plug-in,plug-in,Log-Normal,correct,FALSE,2000,0.3,3,0.3,0.7,0.2,0.1,1500,7.81909838392315,0.215,0.0035714285714285713,0.9033333333333333,7.377637490575081,0.2560184242392264
aft_lognormal_linear,Log-Normal AFT (Linear),"Linear log-normal accelerated-failure-time DGP; log-normal is correct, Cox and Weibull are misspecified.",0.99,9,31160423,plugin_weibull,Weibull Plug-in,plug-in,Weibull,misspecified,FALSE,2000,0.3,3,0.3,0.7,0.2,0.1,1500,7.81909838392315,0.215,0.0035714285714285713,0.9333333333333333,7.46778444803034,0.21209853047130925
aft_lognormal_linear,Log-Normal AFT (Linear),"Linear log-normal accelerated-failure-time DGP; log-normal is correct, Cox and Weibull are misspecified.",0.99,10,31160424,cp_cox,CP + Cox,conformal,Cox,misspecified,TRUE,2000,0.3,3,0.3,0.7,0.2,0.1,1500,7.605372116125724,0.2057142857142857,0.002142857142857143,0.885,7.182123148515614,0.15256838771983336
aft_lognormal_linear,Log-Normal AFT (Linear),"Linear log-normal accelerated-failure-time DGP; log-normal is correct, Cox and Weibull are misspecified.",0.99,10,31160424,cp_lognormal,CP + Log-Normal,conformal,Log-Normal,correct,TRUE,2000,0.3,3,0.3,0.7,0.2,0.1,1500,7.605372116125724,0.2057142857142857,0.002142857142857143,0.875,7.1342384097079234,0.25015660380765137
aft_lognormal_linear,Log-Normal AFT (Linear),"Linear log-normal accelerated-failure-time DGP; log-normal is correct, Cox and Weibull are misspecified.",0.99,10,31160424,cp_weibull,CP + Weibull,conformal,Weibull,misspecified,TRUE,2000,0.3,3,0.3,0.7,0.2,0.1,1500,7.605372116125724,0.2057142857142857,0.002142857142857143,0.8716666666666667,7.132080538917198,0.23149618920867313
aft_lognormal_linear,Log-Normal AFT (Linear),"Linear log-normal accelerated-failure-time DGP; log-normal is correct, Cox and Weibull are misspecified.",0.99,10,31160424,plugin_cox,Cox Plug-in,plug-in,Cox,misspecified,FALSE,2000,0.3,3,0.3,0.7,0.2,0.1,1500,7.605372116125724,0.2057142857142857,0.002142857142857143,0.895,7.222656174647617,0.13244910708477867
aft_lognormal_linear,Log-Normal AFT (Linear),"Linear log-normal accelerated-failure-time DGP; log-normal is correct, Cox and Weibull are misspecified.",0.99,10,31160424,plugin_lognormal,Log-Normal Plug-in,plug-in,Log-Normal,correct,FALSE,2000,0.3,3,0.3,0.7,0.2,0.1,1500,7.605372116125724,0.2057142857142857,0.002142857142857143,0.8816666666666667,7.146932627629421,0.2434163888750775
aft_lognormal_linear,Log-Normal AFT (Linear),"Linear log-normal accelerated-failure-time DGP; log-normal is correct, Cox and Weibull are misspecified.",0.99,10,31160424,plugin_weibull,Weibull Plug-in,plug-in,Weibull,misspecified,FALSE,2000,0.3,3,0.3,0.7,0.2,0.1,1500,7.605372116125724,0.2057142857142857,0.002142857142857143,0.9333333333333333,7.25446722110828,0.17163446358019074
aft_lognormal_linear,Log-Normal AFT (Linear),"Linear log-normal accelerated-failure-time DGP; log-normal is correct, Cox and Weibull are misspecified.",0.99,11,31160425,cp_cox,CP + Cox,conformal,Cox,misspecified,TRUE,2000,0.3,3,0.3,0.7,0.2,0.1,1500,7.44052484963731,0.21071428571428572,0.0014285714285714286,0.9,7.016281189244577,0.16340890116749893
aft_lognormal_linear,Log-Normal AFT (Linear),"Linear log-normal accelerated-failure-time DGP; log-normal is correct, Cox and Weibull are misspecified.",0.99,11,31160425,cp_lognormal,CP + Log-Normal,conformal,Log-Normal,correct,TRUE,2000,0.3,3,0.3,0.7,0.2,0.1,1500,7.44052484963731,0.21071428571428572,0.0014285714285714286,0.9116666666666666,7.010307574481538,0.2434130849517917
aft_lognormal_linear,Log-Normal AFT (Linear),"Linear log-normal accelerated-failure-time DGP; log-normal is correct, Cox and Weibull are misspecified.",0.99,11,31160425,cp_weibull,CP + Weibull,conformal,Weibull,misspecified,TRUE,2000,0.3,3,0.3,0.7,0.2,0.1,1500,7.44052484963731,0.21071428571428572,0.0014285714285714286,0.9033333333333333,6.992531300978344,0.2336857656573209
aft_lognormal_linear,Log-Normal AFT (Linear),"Linear log-normal accelerated-failure-time DGP; log-normal is correct, Cox and Weibull are misspecified.",0.99,11,31160425,plugin_cox,Cox Plug-in,plug-in,Cox,misspecified,FALSE,2000,0.3,3,0.3,0.7,0.2,0.1,1500,7.44052484963731,0.21071428571428572,0.0014285714285714286,0.9233333333333333,7.055868343407411,0.1416515144834929
aft_lognormal_linear,Log-Normal AFT (Linear),"Linear log-normal accelerated-failure-time DGP; log-normal is correct, Cox and Weibull are misspecified.",0.99,11,31160425,plugin_lognormal,Log-Normal Plug-in,plug-in,Log-Normal,correct,FALSE,2000,0.3,3,0.3,0.7,0.2,0.1,1500,7.44052484963731,0.21071428571428572,0.0014285714285714286,0.9066666666666666,6.979676228070431,0.26074402667990954
aft_lognormal_linear,Log-Normal AFT (Linear),"Linear log-normal accelerated-failure-time DGP; log-normal is correct, Cox and Weibull are misspecified.",0.99,11,31160425,plugin_weibull,Weibull Plug-in,plug-in,Weibull,misspecified,FALSE,2000,0.3,3,0.3,0.7,0.2,0.1,1500,7.44052484963731,0.21071428571428572,0.0014285714285714286,0.94,7.07732879626196,0.18945305813174979
aft_lognormal_linear,Log-Normal AFT (Linear),"Linear log-normal accelerated-failure-time DGP; log-normal is correct, Cox and Weibull are misspecified.",0.99,12,31160426,cp_cox,CP + Cox,conformal,Cox,misspecified,TRUE,2000,0.3,3,0.3,0.7,0.2,0.1,1500,7.128084015857197,0.17857142857142858,0.0014285714285714286,0.885,6.668555277337893,0.168854745140479
aft_lognormal_linear,Log-Normal AFT (Linear),"Linear log-normal accelerated-failure-time DGP; log-normal is correct, Cox and Weibull are misspecified.",0.99,12,31160426,cp_lognormal,CP + Log-Normal,conformal,Log-Normal,correct,TRUE,2000,0.3,3,0.3,0.7,0.2,0.1,1500,7.128084015857197,0.17857142857142858,0.0014285714285714286,0.905,6.646855100742528,0.23572201043885374
aft_lognormal_linear,Log-Normal AFT (Linear),"Linear log-normal accelerated-failure-time DGP; log-normal is correct, Cox and Weibull are misspecified.",0.99,12,31160426,cp_weibull,CP + Weibull,conformal,Weibull,misspecified,TRUE,2000,0.3,3,0.3,0.7,0.2,0.1,1500,7.128084015857197,0.17857142857142858,0.0014285714285714286,0.9083333333333333,6.656393224036563,0.22799934996429858
aft_lognormal_linear,Log-Normal AFT (Linear),"Linear log-normal accelerated-failure-time DGP; log-normal is correct, Cox and Weibull are misspecified.",0.99,12,31160426,plugin_cox,Cox Plug-in,plug-in,Cox,misspecified,FALSE,2000,0.3,3,0.3,0.7,0.2,0.1,1500,7.128084015857197,0.17857142857142858,0.0014285714285714286,0.9083333333333333,6.714917805769544,0.14529726386166378
aft_lognormal_linear,Log-Normal AFT (Linear),"Linear log-normal accelerated-failure-time DGP; log-normal is correct, Cox and Weibull are misspecified.",0.99,12,31160426,plugin_lognormal,Log-Normal Plug-in,plug-in,Log-Normal,correct,FALSE,2000,0.3,3,0.3,0.7,0.2,0.1,1500,7.128084015857197,0.17857142857142858,0.0014285714285714286,0.905,6.646648272784866,0.23582332168691797
aft_lognormal_linear,Log-Normal AFT (Linear),"Linear log-normal accelerated-failure-time DGP; log-normal is correct, Cox and Weibull are misspecified.",0.99,12,31160426,plugin_weibull,Weibull Plug-in,plug-in,Weibull,misspecified,FALSE,2000,0.3,3,0.3,0.7,0.2,0.1,1500,7.128084015857197,0.17857142857142858,0.0014285714285714286,0.9383333333333334,6.735557652731468,0.18973394687456252
aft_lognormal_linear,Log-Normal AFT (Linear),"Linear log-normal accelerated-failure-time DGP; log-normal is correct, Cox and Weibull are misspecified.",0.99,13,31160427,cp_cox,CP + Cox,conformal,Cox,misspecified,TRUE,2000,0.3,3,0.3,0.7,0.2,0.1,1500,7.710278046223595,0.21142857142857144,0.0014285714285714286,0.9083333333333333,7.291361686556761,0.17412457279858135
aft_lognormal_linear,Log-Normal AFT (Linear),"Linear log-normal accelerated-failure-time DGP; log-normal is correct, Cox and Weibull are misspecified.",0.99,13,31160427,cp_lognormal,CP + Log-Normal,conformal,Log-Normal,correct,TRUE,2000,0.3,3,0.3,0.7,0.2,0.1,1500,7.710278046223595,0.21142857142857144,0.0014285714285714286,0.9,7.232776817483602,0.2731294443766441
aft_lognormal_linear,Log-Normal AFT (Linear),"Linear log-normal accelerated-failure-time DGP; log-normal is correct, Cox and Weibull are misspecified.",0.99,13,31160427,cp_weibull,CP + Weibull,conformal,Weibull,misspecified,TRUE,2000,0.3,3,0.3,0.7,0.2,0.1,1500,7.710278046223595,0.21142857142857144,0.0014285714285714286,0.8883333333333333,7.197993968676895,0.2975633075265719
aft_lognormal_linear,Log-Normal AFT (Linear),"Linear log-normal accelerated-failure-time DGP; log-normal is correct, Cox and Weibull are misspecified.",0.99,13,31160427,plugin_cox,Cox Plug-in,plug-in,Cox,misspecified,FALSE,2000,0.3,3,0.3,0.7,0.2,0.1,1500,7.710278046223595,0.21142857142857144,0.0014285714285714286,0.9083333333333333,7.299402590567549,0.1691429235985198
aft_lognormal_linear,Log-Normal AFT (Linear),"Linear log-normal accelerated-failure-time DGP; log-normal is correct, Cox and Weibull are misspecified.",0.99,13,31160427,plugin_lognormal,Log-Normal Plug-in,plug-in,Log-Normal,correct,FALSE,2000,0.3,3,0.3,0.7,0.2,0.1,1500,7.710278046223595,0.21142857142857144,0.0014285714285714286,0.8983333333333333,7.222267042005191,0.27914100825160304
aft_lognormal_linear,Log-Normal AFT (Linear),"Linear log-normal accelerated-failure-time DGP; log-normal is correct, Cox and Weibull are misspecified.",0.99,13,31160427,plugin_weibull,Weibull Plug-in,plug-in,Weibull,misspecified,FALSE,2000,0.3,3,0.3,0.7,0.2,0.1,1500,7.710278046223595,0.21142857142857144,0.0014285714285714286,0.94,7.312492543551874,0.2310561171995955
aft_lognormal_linear,Log-Normal AFT (Linear),"Linear log-normal accelerated-failure-time DGP; log-normal is correct, Cox and Weibull are misspecified.",0.99,14,31160428,cp_cox,CP + Cox,conformal,Cox,misspecified,TRUE,2000,0.3,3,0.3,0.7,0.2,0.1,1500,8.465925510043444,0.18857142857142858,0.0035714285714285713,0.905,8.03816707290316,0.1850041369083943
aft_lognormal_linear,Log-Normal AFT (Linear),"Linear log-normal accelerated-failure-time DGP; log-normal is correct, Cox and Weibull are misspecified.",0.99,14,31160428,cp_lognormal,CP + Log-Normal,conformal,Log-Normal,correct,TRUE,2000,0.3,3,0.3,0.7,0.2,0.1,1500,8.465925510043444,0.18857142857142858,0.0035714285714285713,0.905,8.008161209717256,0.25764248331937334
aft_lognormal_linear,Log-Normal AFT (Linear),"Linear log-normal accelerated-failure-time DGP; log-normal is correct, Cox and Weibull are misspecified.",0.99,14,31160428,cp_weibull,CP + Weibull,conformal,Weibull,misspecified,TRUE,2000,0.3,3,0.3,0.7,0.2,0.1,1500,8.465925510043444,0.18857142857142858,0.0035714285714285713,0.9033333333333333,8.013264759553165,0.2565889983942414
aft_lognormal_linear,Log-Normal AFT (Linear),"Linear log-normal accelerated-failure-time DGP; log-normal is correct, Cox and Weibull are misspecified.",0.99,14,31160428,plugin_cox,Cox Plug-in,plug-in,Cox,misspecified,FALSE,2000,0.3,3,0.3,0.7,0.2,0.1,1500,8.465925510043444,0.18857142857142858,0.0035714285714285713,0.9183333333333333,8.074687109990178,0.1634434233151033
aft_lognormal_linear,Log-Normal AFT (Linear),"Linear log-normal accelerated-failure-time DGP; log-normal is correct, Cox and Weibull are misspecified.",0.99,14,31160428,plugin_lognormal,Log-Normal Plug-in,plug-in,Log-Normal,correct,FALSE,2000,0.3,3,0.3,0.7,0.2,0.1,1500,8.465925510043444,0.18857142857142858,0.0035714285714285713,0.9,7.999773983324131,0.2623630476677661
aft_lognormal_linear,Log-Normal AFT (Linear),"Linear log-normal accelerated-failure-time DGP; log-normal is correct, Cox and Weibull are misspecified.",0.99,14,31160428,plugin_weibull,Weibull Plug-in,plug-in,Weibull,misspecified,FALSE,2000,0.3,3,0.3,0.7,0.2,0.1,1500,8.465925510043444,0.18857142857142858,0.0035714285714285713,0.94,8.084943552962034,0.2159581511494354
aft_lognormal_linear,Log-Normal AFT (Linear),"Linear log-normal accelerated-failure-time DGP; log-normal is correct, Cox and Weibull are misspecified.",0.99,15,31160429,cp_cox,CP + Cox,conformal,Cox,misspecified,TRUE,2000,0.3,3,0.3,0.7,0.2,0.1,1500,7.372837967020969,0.19714285714285715,7.142857142857143e-4,0.87,6.893823002102277,0.2126213330107645
aft_lognormal_linear,Log-Normal AFT (Linear),"Linear log-normal accelerated-failure-time DGP; log-normal is correct, Cox and Weibull are misspecified.",0.99,15,31160429,cp_lognormal,CP + Log-Normal,conformal,Log-Normal,correct,TRUE,2000,0.3,3,0.3,0.7,0.2,0.1,1500,7.372837967020969,0.19714285714285715,7.142857142857143e-4,0.895,6.885613475382219,0.2719979335303908
aft_lognormal_linear,Log-Normal AFT (Linear),"Linear log-normal accelerated-failure-time DGP; log-normal is correct, Cox and Weibull are misspecified.",0.99,15,31160429,cp_weibull,CP + Weibull,conformal,Weibull,misspecified,TRUE,2000,0.3,3,0.3,0.7,0.2,0.1,1500,7.372837967020969,0.19714285714285715,7.142857142857143e-4,0.9066666666666666,6.9149390088707525,0.24465838587661692
aft_lognormal_linear,Log-Normal AFT (Linear),"Linear log-normal accelerated-failure-time DGP; log-normal is correct, Cox and Weibull are misspecified.",0.99,15,31160429,plugin_cox,Cox Plug-in,plug-in,Cox,misspecified,FALSE,2000,0.3,3,0.3,0.7,0.2,0.1,1500,7.372837967020969,0.19714285714285715,7.142857142857143e-4,0.92,6.980090492669769,0.15988878953314004
aft_lognormal_linear,Log-Normal AFT (Linear),"Linear log-normal accelerated-failure-time DGP; log-normal is correct, Cox and Weibull are misspecified.",0.99,15,31160429,plugin_lognormal,Log-Normal Plug-in,plug-in,Log-Normal,correct,FALSE,2000,0.3,3,0.3,0.7,0.2,0.1,1500,7.372837967020969,0.19714285714285715,7.142857142857143e-4,0.9016666666666666,6.901668451693178,0.26303508282316934
aft_lognormal_linear,Log-Normal AFT (Linear),"Linear log-normal accelerated-failure-time DGP; log-normal is correct, Cox and Weibull are misspecified.",0.99,15,31160429,plugin_weibull,Weibull Plug-in,plug-in,Weibull,misspecified,FALSE,2000,0.3,3,0.3,0.7,0.2,0.1,1500,7.372837967020969,0.19714285714285715,7.142857142857143e-4,0.9483333333333334,6.989964026745852,0.20457203178697836
aft_lognormal_linear,Log-Normal AFT (Linear),"Linear log-normal accelerated-failure-time DGP; log-normal is correct, Cox and Weibull are misspecified.",0.99,16,31160430,cp_cox,CP + Cox,conformal,Cox,misspecified,TRUE,2000,0.3,3,0.3,0.7,0.2,0.1,1500,7.181848294757047,0.2007142857142857,0.0035714285714285713,0.8833333333333333,6.723187736542112,0.18992779325709988
aft_lognormal_linear,Log-Normal AFT (Linear),"Linear log-normal accelerated-failure-time DGP; log-normal is correct, Cox and Weibull are misspecified.",0.99,16,31160430,cp_lognormal,CP + Log-Normal,conformal,Log-Normal,correct,TRUE,2000,0.3,3,0.3,0.7,0.2,0.1,1500,7.181848294757047,0.2007142857142857,0.0035714285714285713,0.9016666666666666,6.710203398160386,0.2576624312369914
aft_lognormal_linear,Log-Normal AFT (Linear),"Linear log-normal accelerated-failure-time DGP; log-normal is correct, Cox and Weibull are misspecified.",0.99,16,31160430,cp_weibull,CP + Weibull,conformal,Weibull,misspecified,TRUE,2000,0.3,3,0.3,0.7,0.2,0.1,1500,7.181848294757047,0.2007142857142857,0.0035714285714285713,0.9,6.707254579887535,0.26068368177004475
aft_lognormal_linear,Log-Normal AFT (Linear),"Linear log-normal accelerated-failure-time DGP; log-normal is correct, Cox and Weibull are misspecified.",0.99,16,31160430,plugin_cox,Cox Plug-in,plug-in,Cox,misspecified,FALSE,2000,0.3,3,0.3,0.7,0.2,0.1,1500,7.181848294757047,0.2007142857142857,0.0035714285714285713,0.9133333333333333,6.786492901891002,0.15604555156300753
aft_lognormal_linear,Log-Normal AFT (Linear),"Linear log-normal accelerated-failure-time DGP; log-normal is correct, Cox and Weibull are misspecified.",0.99,16,31160430,plugin_lognormal,Log-Normal Plug-in,plug-in,Log-Normal,correct,FALSE,2000,0.3,3,0.3,0.7,0.2,0.1,1500,7.181848294757047,0.2007142857142857,0.0035714285714285713,0.9016666666666666,6.710922640387139,0.25726950490166844
aft_lognormal_linear,Log-Normal AFT (Linear),"Linear log-normal accelerated-failure-time DGP; log-normal is correct, Cox and Weibull are misspecified.",0.99,16,31160430,plugin_weibull,Weibull Plug-in,plug-in,Weibull,misspecified,FALSE,2000,0.3,3,0.3,0.7,0.2,0.1,1500,7.181848294757047,0.2007142857142857,0.0035714285714285713,0.9433333333333334,6.805982749549698,0.2064545127869984
aft_lognormal_linear,Log-Normal AFT (Linear),"Linear log-normal accelerated-failure-time DGP; log-normal is correct, Cox and Weibull are misspecified.",0.99,17,31160431,cp_cox,CP + Cox,conformal,Cox,misspecified,TRUE,2000,0.3,3,0.3,0.7,0.2,0.1,1500,8.481152558192921,0.20142857142857143,0.0014285714285714286,0.915,8.062989711373666,0.17589658645774475
aft_lognormal_linear,Log-Normal AFT (Linear),"Linear log-normal accelerated-failure-time DGP; log-normal is correct, Cox and Weibull are misspecified.",0.99,17,31160431,cp_lognormal,CP + Log-Normal,conformal,Log-Normal,correct,TRUE,2000,0.3,3,0.3,0.7,0.2,0.1,1500,8.481152558192921,0.20142857142857143,0.0014285714285714286,0.8833333333333333,7.973576676602722,0.2931702795810474
aft_lognormal_linear,Log-Normal AFT (Linear),"Linear log-normal accelerated-failure-time DGP; log-normal is correct, Cox and Weibull are misspecified.",0.99,17,31160431,cp_weibull,CP + Weibull,conformal,Weibull,misspecified,TRUE,2000,0.3,3,0.3,0.7,0.2,0.1,1500,8.481152558192921,0.20142857142857143,0.0014285714285714286,0.9,7.990249672568604,0.2830830611401039
aft_lognormal_linear,Log-Normal AFT (Linear),"Linear log-normal accelerated-failure-time DGP; log-normal is correct, Cox and Weibull are misspecified.",0.99,17,31160431,plugin_cox,Cox Plug-in,plug-in,Cox,misspecified,FALSE,2000,0.3,3,0.3,0.7,0.2,0.1,1500,8.481152558192921,0.20142857142857143,0.0014285714285714286,0.9216666666666666,8.076557727423056,0.16797384509996705
aft_lognormal_linear,Log-Normal AFT (Linear),"Linear log-normal accelerated-failure-time DGP; log-normal is correct, Cox and Weibull are misspecified.",0.99,17,31160431,plugin_lognormal,Log-Normal Plug-in,plug-in,Log-Normal,correct,FALSE,2000,0.3,3,0.3,0.7,0.2,0.1,1500,8.481152558192921,0.20142857142857143,0.0014285714285714286,0.905,8.00166710708613,0.27694555406301846
aft_lognormal_linear,Log-Normal AFT (Linear),"Linear log-normal accelerated-failure-time DGP; log-normal is correct, Cox and Weibull are misspecified.",0.99,17,31160431,plugin_weibull,Weibull Plug-in,plug-in,Weibull,misspecified,FALSE,2000,0.3,3,0.3,0.7,0.2,0.1,1500,8.481152558192921,0.20142857142857143,0.0014285714285714286,0.9433333333333334,8.092378076632912,0.2241899030460954
aft_lognormal_linear,Log-Normal AFT (Linear),"Linear log-normal accelerated-failure-time DGP; log-normal is correct, Cox and Weibull are misspecified.",0.99,18,31160432,cp_cox,CP + Cox,conformal,Cox,misspecified,TRUE,2000,0.3,3,0.3,0.7,0.2,0.1,1500,8.638485327912534,0.18357142857142858,0.002857142857142857,0.8916666666666667,8.200660722219201,0.17699754389680888
aft_lognormal_linear,Log-Normal AFT (Linear),"Linear log-normal accelerated-failure-time DGP; log-normal is correct, Cox and Weibull are misspecified.",0.99,18,31160432,cp_lognormal,CP + Log-Normal,conformal,Log-Normal,correct,TRUE,2000,0.3,3,0.3,0.7,0.2,0.1,1500,8.638485327912534,0.18357142857142858,0.002857142857142857,0.8916666666666667,8.154587958822903,0.26260765245526485
aft_lognormal_linear,Log-Normal AFT (Linear),"Linear log-normal accelerated-failure-time DGP; log-normal is correct, Cox and Weibull are misspecified.",0.99,18,31160432,cp_weibull,CP + Weibull,conformal,Weibull,misspecified,TRUE,2000,0.3,3,0.3,0.7,0.2,0.1,1500,8.638485327912534,0.18357142857142858,0.002857142857142857,0.885,8.144479477067131,0.269896300544595
aft_lognormal_linear,Log-Normal AFT (Linear),"Linear log-normal accelerated-failure-time DGP; log-normal is correct, Cox and Weibull are misspecified.",0.99,18,31160432,plugin_cox,Cox Plug-in,plug-in,Cox,misspecified,FALSE,2000,0.3,3,0.3,0.7,0.2,0.1,1500,8.638485327912534,0.18357142857142858,0.002857142857142857,0.9183333333333333,8.23834828276049,0.1555232056686424
aft_lognormal_linear,Log-Normal AFT (Linear),"Linear log-normal accelerated-failure-time DGP; log-normal is correct, Cox and Weibull are misspecified.",0.99,18,31160432,plugin_lognormal,Log-Normal Plug-in,plug-in,Log-Normal,correct,FALSE,2000,0.3,3,0.3,0.7,0.2,0.1,1500,8.638485327912534,0.18357142857142858,0.002857142857142857,0.8916666666666667,8.152405484982548,0.26379206544936534
aft_lognormal_linear,Log-Normal AFT (Linear),"Linear log-normal accelerated-failure-time DGP; log-normal is correct, Cox and Weibull are misspecified.",0.99,18,31160432,plugin_weibull,Weibull Plug-in,plug-in,Weibull,misspecified,FALSE,2000,0.3,3,0.3,0.7,0.2,0.1,1500,8.638485327912534,0.18357142857142858,0.002857142857142857,0.9433333333333334,8.262006860112438,0.20568611792766447
aft_lognormal_linear,Log-Normal AFT (Linear),"Linear log-normal accelerated-failure-time DGP; log-normal is correct, Cox and Weibull are misspecified.",0.99,19,31160433,cp_cox,CP + Cox,conformal,Cox,misspecified,TRUE,2000,0.3,3,0.3,0.7,0.2,0.1,1500,7.281720370249356,0.2292857142857143,0.005,0.8833333333333333,6.849467426684379,0.17660716687074915
aft_lognormal_linear,Log-Normal AFT (Linear),"Linear log-normal accelerated-failure-time DGP; log-normal is correct, Cox and Weibull are misspecified.",0.99,19,31160433,cp_lognormal,CP + Log-Normal,conformal,Log-Normal,correct,TRUE,2000,0.3,3,0.3,0.7,0.2,0.1,1500,7.281720370249356,0.2292857142857143,0.005,0.8716666666666667,6.7982623170858725,0.28483899416897956
aft_lognormal_linear,Log-Normal AFT (Linear),"Linear log-normal accelerated-failure-time DGP; log-normal is correct, Cox and Weibull are misspecified.",0.99,19,31160433,cp_weibull,CP + Weibull,conformal,Weibull,misspecified,TRUE,2000,0.3,3,0.3,0.7,0.2,0.1,1500,7.281720370249356,0.2292857142857143,0.005,0.8933333333333333,6.821527814902465,0.25498617134561624
aft_lognormal_linear,Log-Normal AFT (Linear),"Linear log-normal accelerated-failure-time DGP; log-normal is correct, Cox and Weibull are misspecified.",0.99,19,31160433,plugin_cox,Cox Plug-in,plug-in,Cox,misspecified,FALSE,2000,0.3,3,0.3,0.7,0.2,0.1,1500,7.281720370249356,0.2292857142857143,0.005,0.9166666666666666,6.909759134275473,0.14735495619959368
aft_lognormal_linear,Log-Normal AFT (Linear),"Linear log-normal accelerated-failure-time DGP; log-normal is correct, Cox and Weibull are misspecified.",0.99,19,31160433,plugin_lognormal,Log-Normal Plug-in,plug-in,Log-Normal,correct,FALSE,2000,0.3,3,0.3,0.7,0.2,0.1,1500,7.281720370249356,0.2292857142857143,0.005,0.905,6.82963833739606,0.26635318344000375
aft_lognormal_linear,Log-Normal AFT (Linear),"Linear log-normal accelerated-failure-time DGP; log-normal is correct, Cox and Weibull are misspecified.",0.99,19,31160433,plugin_weibull,Weibull Plug-in,plug-in,Weibull,misspecified,FALSE,2000,0.3,3,0.3,0.7,0.2,0.1,1500,7.281720370249356,0.2292857142857143,0.005,0.9483333333333334,6.933413860433814,0.19299169958469317
aft_lognormal_linear,Log-Normal AFT (Linear),"Linear log-normal accelerated-failure-time DGP; log-normal is correct, Cox and Weibull are misspecified.",0.99,20,31160434,cp_cox,CP + Cox,conformal,Cox,misspecified,TRUE,2000,0.3,3,0.3,0.7,0.2,0.1,1500,7.868816944639611,0.22642857142857142,0.002857142857142857,0.88,7.43690764390589,0.16354880618760576
aft_lognormal_linear,Log-Normal AFT (Linear),"Linear log-normal accelerated-failure-time DGP; log-normal is correct, Cox and Weibull are misspecified.",0.99,20,31160434,cp_lognormal,CP + Log-Normal,conformal,Log-Normal,correct,TRUE,2000,0.3,3,0.3,0.7,0.2,0.1,1500,7.868816944639611,0.22642857142857142,0.002857142857142857,0.8683333333333333,7.38726177012804,0.2697041923168314
aft_lognormal_linear,Log-Normal AFT (Linear),"Linear log-normal accelerated-failure-time DGP; log-normal is correct, Cox and Weibull are misspecified.",0.99,20,31160434,cp_weibull,CP + Weibull,conformal,Weibull,misspecified,TRUE,2000,0.3,3,0.3,0.7,0.2,0.1,1500,7.868816944639611,0.22642857142857142,0.002857142857142857,0.8716666666666667,7.390197252859654,0.28094916185073665
aft_lognormal_linear,Log-Normal AFT (Linear),"Linear log-normal accelerated-failure-time DGP; log-normal is correct, Cox and Weibull are misspecified.",0.99,20,31160434,plugin_cox,Cox Plug-in,plug-in,Cox,misspecified,FALSE,2000,0.3,3,0.3,0.7,0.2,0.1,1500,7.868816944639611,0.22642857142857142,0.002857142857142857,0.89,7.457446379073792,0.15141563200631683
aft_lognormal_linear,Log-Normal AFT (Linear),"Linear log-normal accelerated-failure-time DGP; log-normal is correct, Cox and Weibull are misspecified.",0.99,20,31160434,plugin_lognormal,Log-Normal Plug-in,plug-in,Log-Normal,correct,FALSE,2000,0.3,3,0.3,0.7,0.2,0.1,1500,7.868816944639611,0.22642857142857142,0.002857142857142857,0.8733333333333333,7.3935253571347035,0.26619615053044265
aft_lognormal_linear,Log-Normal AFT (Linear),"Linear log-normal accelerated-failure-time DGP; log-normal is correct, Cox and Weibull are misspecified.",0.99,20,31160434,plugin_weibull,Weibull Plug-in,plug-in,Weibull,misspecified,FALSE,2000,0.3,3,0.3,0.7,0.2,0.1,1500,7.868816944639611,0.22642857142857142,0.002857142857142857,0.9266666666666666,7.489577109798558,0.22261330983429314
aft_lognormal_linear,Log-Normal AFT (Linear),"Linear log-normal accelerated-failure-time DGP; log-normal is correct, Cox and Weibull are misspecified.",0.99,21,31160435,cp_cox,CP + Cox,conformal,Cox,misspecified,TRUE,2000,0.3,3,0.3,0.7,0.2,0.1,1500,6.693426881124604,0.19714285714285715,0.002142857142857143,0.905,6.295043501873803,0.14933732888173606
aft_lognormal_linear,Log-Normal AFT (Linear),"Linear log-normal accelerated-failure-time DGP; log-normal is correct, Cox and Weibull are misspecified.",0.99,21,31160435,cp_lognormal,CP + Log-Normal,conformal,Log-Normal,correct,TRUE,2000,0.3,3,0.3,0.7,0.2,0.1,1500,6.693426881124604,0.19714285714285715,0.002142857142857143,0.905,6.235337033999763,0.2421068825220031
aft_lognormal_linear,Log-Normal AFT (Linear),"Linear log-normal accelerated-failure-time DGP; log-normal is correct, Cox and Weibull are misspecified.",0.99,21,31160435,cp_weibull,CP + Weibull,conformal,Weibull,misspecified,TRUE,2000,0.3,3,0.3,0.7,0.2,0.1,1500,6.693426881124604,0.19714285714285715,0.002142857142857143,0.9033333333333333,6.248203707682877,0.2280740346843742
aft_lognormal_linear,Log-Normal AFT (Linear),"Linear log-normal accelerated-failure-time DGP; log-normal is correct, Cox and Weibull are misspecified.",0.99,21,31160435,plugin_cox,Cox Plug-in,plug-in,Cox,misspecified,FALSE,2000,0.3,3,0.3,0.7,0.2,0.1,1500,6.693426881124604,0.19714285714285715,0.002142857142857143,0.9166666666666666,6.310161968147722,0.14215754826889093
aft_lognormal_linear,Log-Normal AFT (Linear),"Linear log-normal accelerated-failure-time DGP; log-normal is correct, Cox and Weibull are misspecified.",0.99,21,31160435,plugin_lognormal,Log-Normal Plug-in,plug-in,Log-Normal,correct,FALSE,2000,0.3,3,0.3,0.7,0.2,0.1,1500,6.693426881124604,0.19714285714285715,0.002142857142857143,0.905,6.237451548743485,0.24098933194570799
aft_lognormal_linear,Log-Normal AFT (Linear),"Linear log-normal accelerated-failure-time DGP; log-normal is correct, Cox and Weibull are misspecified.",0.99,21,31160435,plugin_weibull,Weibull Plug-in,plug-in,Weibull,misspecified,FALSE,2000,0.3,3,0.3,0.7,0.2,0.1,1500,6.693426881124604,0.19714285714285715,0.002142857142857143,0.9366666666666666,6.3329364445527165,0.18466807937804425
aft_lognormal_linear,Log-Normal AFT (Linear),"Linear log-normal accelerated-failure-time DGP; log-normal is correct, Cox and Weibull are misspecified.",0.99,22,31160436,cp_cox,CP + Cox,conformal,Cox,misspecified,TRUE,2000,0.3,3,0.3,0.7,0.2,0.1,1500,7.484588849656986,0.2,0.002857142857142857,0.9083333333333333,7.050947648062243,0.16006054341852755
aft_lognormal_linear,Log-Normal AFT (Linear),"Linear log-normal accelerated-failure-time DGP; log-normal is correct, Cox and Weibull are misspecified.",0.99,22,31160436,cp_lognormal,CP + Log-Normal,conformal,Log-Normal,correct,TRUE,2000,0.3,3,0.3,0.7,0.2,0.1,1500,7.484588849656986,0.2,0.002857142857142857,0.9166666666666666,7.016924865753496,0.2419372154930821
aft_lognormal_linear,Log-Normal AFT (Linear),"Linear log-normal accelerated-failure-time DGP; log-normal is correct, Cox and Weibull are misspecified.",0.99,22,31160436,cp_weibull,CP + Weibull,conformal,Weibull,misspecified,TRUE,2000,0.3,3,0.3,0.7,0.2,0.1,1500,7.484588849656986,0.2,0.002857142857142857,0.925,7.026600398048681,0.23286964970880045
aft_lognormal_linear,Log-Normal AFT (Linear),"Linear log-normal accelerated-failure-time DGP; log-normal is correct, Cox and Weibull are misspecified.",0.99,22,31160436,plugin_cox,Cox Plug-in,plug-in,Cox,misspecified,FALSE,2000,0.3,3,0.3,0.7,0.2,0.1,1500,7.484588849656986,0.2,0.002857142857142857,0.9266666666666666,7.086926343281053,0.14056902852120345
aft_lognormal_linear,Log-Normal AFT (Linear),"Linear log-normal accelerated-failure-time DGP; log-normal is correct, Cox and Weibull are misspecified.",0.99,22,31160436,plugin_lognormal,Log-Normal Plug-in,plug-in,Log-Normal,correct,FALSE,2000,0.3,3,0.3,0.7,0.2,0.1,1500,7.484588849656986,0.2,0.002857142857142857,0.9166666666666666,7.014765099113232,0.24305453037095406
aft_lognormal_linear,Log-Normal AFT (Linear),"Linear log-normal accelerated-failure-time DGP; log-normal is correct, Cox and Weibull are misspecified.",0.99,22,31160436,plugin_weibull,Weibull Plug-in,plug-in,Weibull,misspecified,FALSE,2000,0.3,3,0.3,0.7,0.2,0.1,1500,7.484588849656986,0.2,0.002857142857142857,0.955,7.114654707428743,0.1880973937519572
aft_lognormal_linear,Log-Normal AFT (Linear),"Linear log-normal accelerated-failure-time DGP; log-normal is correct, Cox and Weibull are misspecified.",0.99,23,31160437,cp_cox,CP + Cox,conformal,Cox,misspecified,TRUE,2000,0.3,3,0.3,0.7,0.2,0.1,1500,7.711428566714351,0.22071428571428572,0.005,0.8966666666666666,7.2993206234629,0.1692448535261643
aft_lognormal_linear,Log-Normal AFT (Linear),"Linear log-normal accelerated-failure-time DGP; log-normal is correct, Cox and Weibull are misspecified.",0.99,23,31160437,cp_lognormal,CP + Log-Normal,conformal,Log-Normal,correct,TRUE,2000,0.3,3,0.3,0.7,0.2,0.1,1500,7.711428566714351,0.22071428571428572,0.005,0.89,7.242862836330802,0.2685876838998639
aft_lognormal_linear,Log-Normal AFT (Linear),"Linear log-normal accelerated-failure-time DGP; log-normal is correct, Cox and Weibull are misspecified.",0.99,23,31160437,cp_weibull,CP + Weibull,conformal,Weibull,misspecified,TRUE,2000,0.3,3,0.3,0.7,0.2,0.1,1500,7.711428566714351,0.22071428571428572,0.005,0.885,7.240860314072404,0.26062795618420126
aft_lognormal_linear,Log-Normal AFT (Linear),"Linear log-normal accelerated-failure-time DGP; log-normal is correct, Cox and Weibull are misspecified.",0.99,23,31160437,plugin_cox,Cox Plug-in,plug-in,Cox,misspecified,FALSE,2000,0.3,3,0.3,0.7,0.2,0.1,1500,7.711428566714351,0.22071428571428572,0.005,0.8966666666666666,7.306818237381502,0.1656146836924678
aft_lognormal_linear,Log-Normal AFT (Linear),"Linear log-normal accelerated-failure-time DGP; log-normal is correct, Cox and Weibull are misspecified.",0.99,23,31160437,plugin_lognormal,Log-Normal Plug-in,plug-in,Log-Normal,correct,FALSE,2000,0.3,3,0.3,0.7,0.2,0.1,1500,7.711428566714351,0.22071428571428572,0.005,0.8866666666666667,7.228804524089014,0.27664608271078833
aft_lognormal_linear,Log-Normal AFT (Linear),"Linear log-normal accelerated-failure-time DGP; log-normal is correct, Cox and Weibull are misspecified.",0.99,23,31160437,plugin_weibull,Weibull Plug-in,plug-in,Weibull,misspecified,FALSE,2000,0.3,3,0.3,0.7,0.2,0.1,1500,7.711428566714351,0.22071428571428572,0.005,0.9333333333333333,7.324209862958909,0.2144641479519147
aft_lognormal_linear,Log-Normal AFT (Linear),"Linear log-normal accelerated-failure-time DGP; log-normal is correct, Cox and Weibull are misspecified.",0.99,24,31160438,cp_cox,CP + Cox,conformal,Cox,misspecified,TRUE,2000,0.3,3,0.3,0.7,0.2,0.1,1500,7.062851143903671,0.19357142857142856,0.005,0.91,6.632491859278823,0.20232821641391296
aft_lognormal_linear,Log-Normal AFT (Linear),"Linear log-normal accelerated-failure-time DGP; log-normal is correct, Cox and Weibull are misspecified.",0.99,24,31160438,cp_lognormal,CP + Log-Normal,conformal,Log-Normal,correct,TRUE,2000,0.3,3,0.3,0.7,0.2,0.1,1500,7.062851143903671,0.19357142857142856,0.005,0.9133333333333333,6.57143171777212,0.30125743121938303
aft_lognormal_linear,Log-Normal AFT (Linear),"Linear log-normal accelerated-failure-time DGP; log-normal is correct, Cox and Weibull are misspecified.",0.99,24,31160438,cp_weibull,CP + Weibull,conformal,Weibull,misspecified,TRUE,2000,0.3,3,0.3,0.7,0.2,0.1,1500,7.062851143903671,0.19357142857142856,0.005,0.9133333333333333,6.583695383677811,0.29521876879690606
aft_lognormal_linear,Log-Normal AFT (Linear),"Linear log-normal accelerated-failure-time DGP; log-normal is correct, Cox and Weibull are misspecified.",0.99,24,31160438,plugin_cox,Cox Plug-in,plug-in,Cox,misspecified,FALSE,2000,0.3,3,0.3,0.7,0.2,0.1,1500,7.062851143903671,0.19357142857142856,0.005,0.9283333333333333,6.670646176120986,0.1774673542367807
aft_lognormal_linear,Log-Normal AFT (Linear),"Linear log-normal accelerated-failure-time DGP; log-normal is correct, Cox and Weibull are misspecified.",0.99,24,31160438,plugin_lognormal,Log-Normal Plug-in,plug-in,Log-Normal,correct,FALSE,2000,0.3,3,0.3,0.7,0.2,0.1,1500,7.062851143903671,0.19357142857142856,0.005,0.9133333333333333,6.58100925735602,0.29538606183710053
aft_lognormal_linear,Log-Normal AFT (Linear),"Linear log-normal accelerated-failure-time DGP; log-normal is correct, Cox and Weibull are misspecified.",0.99,24,31160438,plugin_weibull,Weibull Plug-in,plug-in,Weibull,misspecified,FALSE,2000,0.3,3,0.3,0.7,0.2,0.1,1500,7.062851143903671,0.19357142857142856,0.005,0.9483333333333334,6.684934659495799,0.23284294689968354
aft_lognormal_linear,Log-Normal AFT (Linear),"Linear log-normal accelerated-failure-time DGP; log-normal is correct, Cox and Weibull are misspecified.",0.99,25,31160439,cp_cox,CP + Cox,conformal,Cox,misspecified,TRUE,2000,0.3,3,0.3,0.7,0.2,0.1,1500,8.111786382266356,0.21285714285714286,0.002142857142857143,0.9133333333333333,7.656701684929201,0.1808931517779194
aft_lognormal_linear,Log-Normal AFT (Linear),"Linear log-normal accelerated-failure-time DGP; log-normal is correct, Cox and Weibull are misspecified.",0.99,25,31160439,cp_lognormal,CP + Log-Normal,conformal,Log-Normal,correct,TRUE,2000,0.3,3,0.3,0.7,0.2,0.1,1500,8.111786382266356,0.21285714285714286,0.002142857142857143,0.885,7.5746815169670505,0.30399381711133233
aft_lognormal_linear,Log-Normal AFT (Linear),"Linear log-normal accelerated-failure-time DGP; log-normal is correct, Cox and Weibull are misspecified.",0.99,25,31160439,cp_weibull,CP + Weibull,conformal,Weibull,misspecified,TRUE,2000,0.3,3,0.3,0.7,0.2,0.1,1500,8.111786382266356,0.21285714285714286,0.002142857142857143,0.9033333333333333,7.614509949624803,0.26488758445731625
aft_lognormal_linear,Log-Normal AFT (Linear),"Linear log-normal accelerated-failure-time DGP; log-normal is correct, Cox and Weibull are misspecified.",0.99,25,31160439,plugin_cox,Cox Plug-in,plug-in,Cox,misspecified,FALSE,2000,0.3,3,0.3,0.7,0.2,0.1,1500,8.111786382266356,0.21285714285714286,0.002142857142857143,0.94,7.707045620186311,0.15396162370974692
aft_lognormal_linear,Log-Normal AFT (Linear),"Linear log-normal accelerated-failure-time DGP; log-normal is correct, Cox and Weibull are misspecified.",0.99,25,31160439,plugin_lognormal,Log-Normal Plug-in,plug-in,Log-Normal,correct,FALSE,2000,0.3,3,0.3,0.7,0.2,0.1,1500,8.111786382266356,0.21285714285714286,0.002142857142857143,0.9016666666666666,7.611427419023825,0.2831961521651895
aft_lognormal_linear,Log-Normal AFT (Linear),"Linear log-normal accelerated-failure-time DGP; log-normal is correct, Cox and Weibull are misspecified.",0.99,25,31160439,plugin_weibull,Weibull Plug-in,plug-in,Weibull,misspecified,FALSE,2000,0.3,3,0.3,0.7,0.2,0.1,1500,8.111786382266356,0.21285714285714286,0.002142857142857143,0.9616666666666667,7.738314987549305,0.19893952159565467
aft_lognormal_linear,Log-Normal AFT (Linear),"Linear log-normal accelerated-failure-time DGP; log-normal is correct, Cox and Weibull are misspecified.",0.99,26,31160440,cp_cox,CP + Cox,conformal,Cox,misspecified,TRUE,2000,0.3,3,0.3,0.7,0.2,0.1,1500,7.772024702108179,0.21071428571428572,0.0014285714285714286,0.9,7.328806131490019,0.201823873447499
aft_lognormal_linear,Log-Normal AFT (Linear),"Linear log-normal accelerated-failure-time DGP; log-normal is correct, Cox and Weibull are misspecified.",0.99,26,31160440,cp_lognormal,CP + Log-Normal,conformal,Log-Normal,correct,TRUE,2000,0.3,3,0.3,0.7,0.2,0.1,1500,7.772024702108179,0.21071428571428572,0.0014285714285714286,0.9083333333333333,7.312117141727062,0.2693342227578115
aft_lognormal_linear,Log-Normal AFT (Linear),"Linear log-normal accelerated-failure-time DGP; log-normal is correct, Cox and Weibull are misspecified.",0.99,26,31160440,cp_weibull,CP + Weibull,conformal,Weibull,misspecified,TRUE,2000,0.3,3,0.3,0.7,0.2,0.1,1500,7.772024702108179,0.21071428571428572,0.0014285714285714286,0.9,7.305446047138863,0.25908077555010334
aft_lognormal_linear,Log-Normal AFT (Linear),"Linear log-normal accelerated-failure-time DGP; log-normal is correct, Cox and Weibull are misspecified.",0.99,26,31160440,plugin_cox,Cox Plug-in,plug-in,Cox,misspecified,FALSE,2000,0.3,3,0.3,0.7,0.2,0.1,1500,7.772024702108179,0.21071428571428572,0.0014285714285714286,0.9216666666666666,7.384123046561715,0.17054864156838126
aft_lognormal_linear,Log-Normal AFT (Linear),"Linear log-normal accelerated-failure-time DGP; log-normal is correct, Cox and Weibull are misspecified.",0.99,26,31160440,plugin_lognormal,Log-Normal Plug-in,plug-in,Log-Normal,correct,FALSE,2000,0.3,3,0.3,0.7,0.2,0.1,1500,7.772024702108179,0.21071428571428572,0.0014285714285714286,0.9033333333333333,7.305338217002642,0.27330414319197893
aft_lognormal_linear,Log-Normal AFT (Linear),"Linear log-normal accelerated-failure-time DGP; log-normal is correct, Cox and Weibull are misspecified.",0.99,26,31160440,plugin_weibull,Weibull Plug-in,plug-in,Weibull,misspecified,FALSE,2000,0.3,3,0.3,0.7,0.2,0.1,1500,7.772024702108179,0.21071428571428572,0.0014285714285714286,0.9316666666666666,7.399075086139271,0.20709064745512706
aft_lognormal_linear,Log-Normal AFT (Linear),"Linear log-normal accelerated-failure-time DGP; log-normal is correct, Cox and Weibull are misspecified.",0.99,27,31160441,cp_cox,CP + Cox,conformal,Cox,misspecified,TRUE,2000,0.3,3,0.3,0.7,0.2,0.1,1500,7.091179933909419,0.22285714285714286,0.004285714285714286,0.8866666666666667,6.646918250619636,0.19283087527416046
aft_lognormal_linear,Log-Normal AFT (Linear),"Linear log-normal accelerated-failure-time DGP; log-normal is correct, Cox and Weibull are misspecified.",0.99,27,31160441,cp_lognormal,CP + Log-Normal,conformal,Log-Normal,correct,TRUE,2000,0.3,3,0.3,0.7,0.2,0.1,1500,7.091179933909419,0.22285714285714286,0.004285714285714286,0.9,6.612977844134309,0.2824960890837667
aft_lognormal_linear,Log-Normal AFT (Linear),"Linear log-normal accelerated-failure-time DGP; log-normal is correct, Cox and Weibull are misspecified.",0.99,27,31160441,cp_weibull,CP + Weibull,conformal,Weibull,misspecified,TRUE,2000,0.3,3,0.3,0.7,0.2,0.1,1500,7.091179933909419,0.22285714285714286,0.004285714285714286,0.8966666666666666,6.601844066448939,0.28715101606605303
aft_lognormal_linear,Log-Normal AFT (Linear),"Linear log-normal accelerated-failure-time DGP; log-normal is correct, Cox and Weibull are misspecified.",0.99,27,31160441,plugin_cox,Cox Plug-in,plug-in,Cox,misspecified,FALSE,2000,0.3,3,0.3,0.7,0.2,0.1,1500,7.091179933909419,0.22285714285714286,0.004285714285714286,0.9083333333333333,6.700833049793302,0.15773804972377617
aft_lognormal_linear,Log-Normal AFT (Linear),"Linear log-normal accelerated-failure-time DGP; log-normal is correct, Cox and Weibull are misspecified.",0.99,27,31160441,plugin_lognormal,Log-Normal Plug-in,plug-in,Log-Normal,correct,FALSE,2000,0.3,3,0.3,0.7,0.2,0.1,1500,7.091179933909419,0.22285714285714286,0.004285714285714286,0.9083333333333333,6.623275309846732,0.276412899876874
aft_lognormal_linear,Log-Normal AFT (Linear),"Linear log-normal accelerated-failure-time DGP; log-normal is correct, Cox and Weibull are misspecified.",0.99,27,31160441,plugin_weibull,Weibull Plug-in,plug-in,Weibull,misspecified,FALSE,2000,0.3,3,0.3,0.7,0.2,0.1,1500,7.091179933909419,0.22285714285714286,0.004285714285714286,0.9533333333333334,6.72675166728722,0.21385300772420127
aft_lognormal_linear,Log-Normal AFT (Linear),"Linear log-normal accelerated-failure-time DGP; log-normal is correct, Cox and Weibull are misspecified.",0.99,28,31160442,cp_cox,CP + Cox,conformal,Cox,misspecified,TRUE,2000,0.3,3,0.3,0.7,0.2,0.1,1500,7.7937655929847125,0.21285714285714286,0.002857142857142857,0.8566666666666667,7.326112983722982,0.19733963685165332
aft_lognormal_linear,Log-Normal AFT (Linear),"Linear log-normal accelerated-failure-time DGP; log-normal is correct, Cox and Weibull are misspecified.",0.99,28,31160442,cp_lognormal,CP + Log-Normal,conformal,Log-Normal,correct,TRUE,2000,0.3,3,0.3,0.7,0.2,0.1,1500,7.7937655929847125,0.21285714285714286,0.002857142857142857,0.84,7.260880122936991,0.2939165608377701
aft_lognormal_linear,Log-Normal AFT (Linear),"Linear log-normal accelerated-failure-time DGP; log-normal is correct, Cox and Weibull are misspecified.",0.99,28,31160442,cp_weibull,CP + Weibull,conformal,Weibull,misspecified,TRUE,2000,0.3,3,0.3,0.7,0.2,0.1,1500,7.7937655929847125,0.21285714285714286,0.002857142857142857,0.8616666666666667,7.283771496358028,0.2814871822088025
aft_lognormal_linear,Log-Normal AFT (Linear),"Linear log-normal accelerated-failure-time DGP; log-normal is correct, Cox and Weibull are misspecified.",0.99,28,31160442,plugin_cox,Cox Plug-in,plug-in,Cox,misspecified,FALSE,2000,0.3,3,0.3,0.7,0.2,0.1,1500,7.7937655929847125,0.21285714285714286,0.002857142857142857,0.89,7.387332097748513,0.16302707191451074
aft_lognormal_linear,Log-Normal AFT (Linear),"Linear log-normal accelerated-failure-time DGP; log-normal is correct, Cox and Weibull are misspecified.",0.99,28,31160442,plugin_lognormal,Log-Normal Plug-in,plug-in,Log-Normal,correct,FALSE,2000,0.3,3,0.3,0.7,0.2,0.1,1500,7.7937655929847125,0.21285714285714286,0.002857142857142857,0.8733333333333333,7.306979161042943,0.26849032668502126
aft_lognormal_linear,Log-Normal AFT (Linear),"Linear log-normal accelerated-failure-time DGP; log-normal is correct, Cox and Weibull are misspecified.",0.99,28,31160442,plugin_weibull,Weibull Plug-in,plug-in,Weibull,misspecified,FALSE,2000,0.3,3,0.3,0.7,0.2,0.1,1500,7.7937655929847125,0.21285714285714286,0.002857142857142857,0.9266666666666666,7.40461432404855,0.2147889453434287
aft_lognormal_linear,Log-Normal AFT (Linear),"Linear log-normal accelerated-failure-time DGP; log-normal is correct, Cox and Weibull are misspecified.",0.99,29,31160443,cp_cox,CP + Cox,conformal,Cox,misspecified,TRUE,2000,0.3,3,0.3,0.7,0.2,0.1,1500,7.551565041044617,0.19142857142857142,0.0014285714285714286,0.905,7.157311614822187,0.14175380302388416
aft_lognormal_linear,Log-Normal AFT (Linear),"Linear log-normal accelerated-failure-time DGP; log-normal is correct, Cox and Weibull are misspecified.",0.99,29,31160443,cp_lognormal,CP + Log-Normal,conformal,Log-Normal,correct,TRUE,2000,0.3,3,0.3,0.7,0.2,0.1,1500,7.551565041044617,0.19142857142857142,0.0014285714285714286,0.9033333333333333,7.098797879410176,0.227363819369306
aft_lognormal_linear,Log-Normal AFT (Linear),"Linear log-normal accelerated-failure-time DGP; log-normal is correct, Cox and Weibull are misspecified.",0.99,29,31160443,cp_weibull,CP + Weibull,conformal,Weibull,misspecified,TRUE,2000,0.3,3,0.3,0.7,0.2,0.1,1500,7.551565041044617,0.19142857142857142,0.0014285714285714286,0.895,7.082232519575012,0.2470718404808426
aft_lognormal_linear,Log-Normal AFT (Linear),"Linear log-normal accelerated-failure-time DGP; log-normal is correct, Cox and Weibull are misspecified.",0.99,29,31160443,plugin_cox,Cox Plug-in,plug-in,Cox,misspecified,FALSE,2000,0.3,3,0.3,0.7,0.2,0.1,1500,7.551565041044617,0.19142857142857142,0.0014285714285714286,0.905,7.155924267488036,0.14252846485744292
aft_lognormal_linear,Log-Normal AFT (Linear),"Linear log-normal accelerated-failure-time DGP; log-normal is correct, Cox and Weibull are misspecified.",0.99,29,31160443,plugin_lognormal,Log-Normal Plug-in,plug-in,Log-Normal,correct,FALSE,2000,0.3,3,0.3,0.7,0.2,0.1,1500,7.551565041044617,0.19142857142857142,0.0014285714285714286,0.905,7.0999023258965,0.22680920500524054
aft_lognormal_linear,Log-Normal AFT (Linear),"Linear log-normal accelerated-failure-time DGP; log-normal is correct, Cox and Weibull are misspecified.",0.99,29,31160443,plugin_weibull,Weibull Plug-in,plug-in,Weibull,misspecified,FALSE,2000,0.3,3,0.3,0.7,0.2,0.1,1500,7.551565041044617,0.19142857142857142,0.0014285714285714286,0.95,7.179774359932953,0.19572265644036296
aft_lognormal_linear,Log-Normal AFT (Linear),"Linear log-normal accelerated-failure-time DGP; log-normal is correct, Cox and Weibull are misspecified.",0.99,30,31160444,cp_cox,CP + Cox,conformal,Cox,misspecified,TRUE,2000,0.3,3,0.3,0.7,0.2,0.1,1500,7.760139351657242,0.23285714285714285,0.0035714285714285713,0.9316666666666666,7.381345101244877,0.15967327914207213
aft_lognormal_linear,Log-Normal AFT (Linear),"Linear log-normal accelerated-failure-time DGP; log-normal is correct, Cox and Weibull are misspecified.",0.99,30,31160444,cp_lognormal,CP + Log-Normal,conformal,Log-Normal,correct,TRUE,2000,0.3,3,0.3,0.7,0.2,0.1,1500,7.760139351657242,0.23285714285714285,0.0035714285714285713,0.9233333333333333,7.348136125778235,0.23409229718901955
aft_lognormal_linear,Log-Normal AFT (Linear),"Linear log-normal accelerated-failure-time DGP; log-normal is correct, Cox and Weibull are misspecified.",0.99,30,31160444,cp_weibull,CP + Weibull,conformal,Weibull,misspecified,TRUE,2000,0.3,3,0.3,0.7,0.2,0.1,1500,7.760139351657242,0.23285714285714285,0.0035714285714285713,0.92,7.341711677362568,0.24785542268495953
aft_lognormal_linear,Log-Normal AFT (Linear),"Linear log-normal accelerated-failure-time DGP; log-normal is correct, Cox and Weibull are misspecified.",0.99,30,31160444,plugin_cox,Cox Plug-in,plug-in,Cox,misspecified,FALSE,2000,0.3,3,0.3,0.7,0.2,0.1,1500,7.760139351657242,0.23285714285714285,0.0035714285714285713,0.925,7.371909136060431,0.16403114489733972
aft_lognormal_linear,Log-Normal AFT (Linear),"Linear log-normal accelerated-failure-time DGP; log-normal is correct, Cox and Weibull are misspecified.",0.99,30,31160444,plugin_lognormal,Log-Normal Plug-in,plug-in,Log-Normal,correct,FALSE,2000,0.3,3,0.3,0.7,0.2,0.1,1500,7.760139351657242,0.23285714285714285,0.0035714285714285713,0.9133333333333333,7.320646610760334,0.24971131013587997
aft_lognormal_linear,Log-Normal AFT (Linear),"Linear log-normal accelerated-failure-time DGP; log-normal is correct, Cox and Weibull are misspecified.",0.99,30,31160444,plugin_weibull,Weibull Plug-in,plug-in,Weibull,misspecified,FALSE,2000,0.3,3,0.3,0.7,0.2,0.1,1500,7.760139351657242,0.23285714285714285,0.0035714285714285713,0.9583333333333334,7.394218726229735,0.21675289866369588
aft_lognormal_nonlinear,Log-Normal AFT (Nonlinear),Nonlinear log-normal accelerated-failure-time DGP; all three working models are misspecified.,0.7,1,29260415,cp_cox,CP + Cox,conformal,Cox,misspecified,TRUE,2000,0.3,3,0.3,0.7,0.2,0.1,1500,1.541030391736474,0.4057142857142857,0.21,0.9366666666666666,1.1788061911813488,0.09796072106442456
aft_lognormal_nonlinear,Log-Normal AFT (Nonlinear),Nonlinear log-normal accelerated-failure-time DGP; all three working models are misspecified.,0.7,1,29260415,cp_lognormal,CP + Log-Normal,conformal,Log-Normal,misspecified,TRUE,2000,0.3,3,0.3,0.7,0.2,0.1,1500,1.541030391736474,0.4057142857142857,0.21,0.93,1.1448777451954153,0.14512846214848138
aft_lognormal_nonlinear,Log-Normal AFT (Nonlinear),Nonlinear log-normal accelerated-failure-time DGP; all three working models are misspecified.,0.7,1,29260415,cp_weibull,CP + Weibull,conformal,Weibull,misspecified,TRUE,2000,0.3,3,0.3,0.7,0.2,0.1,1500,1.541030391736474,0.4057142857142857,0.21,0.9216666666666666,1.1487570630510175,0.12185759581227666
aft_lognormal_nonlinear,Log-Normal AFT (Nonlinear),Nonlinear log-normal accelerated-failure-time DGP; all three working models are misspecified.,0.7,1,29260415,plugin_cox,Cox Plug-in,plug-in,Cox,misspecified,FALSE,2000,0.3,3,0.3,0.7,0.2,0.1,1500,1.541030391736474,0.4057142857142857,0.21,0.94,1.19263942185425,0.09352655399607306
aft_lognormal_nonlinear,Log-Normal AFT (Nonlinear),Nonlinear log-normal accelerated-failure-time DGP; all three working models are misspecified.,0.7,1,29260415,plugin_lognormal,Log-Normal Plug-in,plug-in,Log-Normal,misspecified,FALSE,2000,0.3,3,0.3,0.7,0.2,0.1,1500,1.541030391736474,0.4057142857142857,0.21,0.9333333333333333,1.1663064734713136,0.1372781589695615
aft_lognormal_nonlinear,Log-Normal AFT (Nonlinear),Nonlinear log-normal accelerated-failure-time DGP; all three working models are misspecified.,0.7,1,29260415,plugin_weibull,Weibull Plug-in,plug-in,Weibull,misspecified,FALSE,2000,0.3,3,0.3,0.7,0.2,0.1,1500,1.541030391736474,0.4057142857142857,0.21,0.945,1.1924149649407172,0.10829550383851179
aft_lognormal_nonlinear,Log-Normal AFT (Nonlinear),Nonlinear log-normal accelerated-failure-time DGP; all three working models are misspecified.,0.7,2,29260416,cp_cox,CP + Cox,conformal,Cox,misspecified,TRUE,2000,0.3,3,0.3,0.7,0.2,0.1,1500,1.593846072898607,0.39714285714285713,0.2292857142857143,0.9083333333333333,1.202109373383141,0.08090362734475433
aft_lognormal_nonlinear,Log-Normal AFT (Nonlinear),Nonlinear log-normal accelerated-failure-time DGP; all three working models are misspecified.,0.7,2,29260416,cp_lognormal,CP + Log-Normal,conformal,Log-Normal,misspecified,TRUE,2000,0.3,3,0.3,0.7,0.2,0.1,1500,1.593846072898607,0.39714285714285713,0.2292857142857143,0.9033333333333333,1.1748507794874403,0.13716385076406393
aft_lognormal_nonlinear,Log-Normal AFT (Nonlinear),Nonlinear log-normal accelerated-failure-time DGP; all three working models are misspecified.,0.7,2,29260416,cp_weibull,CP + Weibull,conformal,Weibull,misspecified,TRUE,2000,0.3,3,0.3,0.7,0.2,0.1,1500,1.593846072898607,0.39714285714285713,0.2292857142857143,0.9133333333333333,1.1905721403460643,0.11160390785877683
aft_lognormal_nonlinear,Log-Normal AFT (Nonlinear),Nonlinear log-normal accelerated-failure-time DGP; all three working models are misspecified.,0.7,2,29260416,plugin_cox,Cox Plug-in,plug-in,Cox,misspecified,FALSE,2000,0.3,3,0.3,0.7,0.2,0.1,1500,1.593846072898607,0.39714285714285713,0.2292857142857143,0.9116666666666666,1.2093596140369325,0.07898831665861275
aft_lognormal_nonlinear,Log-Normal AFT (Nonlinear),Nonlinear log-normal accelerated-failure-time DGP; all three working models are misspecified.,0.7,2,29260416,plugin_lognormal,Log-Normal Plug-in,plug-in,Log-Normal,misspecified,FALSE,2000,0.3,3,0.3,0.7,0.2,0.1,1500,1.593846072898607,0.39714285714285713,0.2292857142857143,0.915,1.194944179093484,0.13058600106444582
aft_lognormal_nonlinear,Log-Normal AFT (Nonlinear),Nonlinear log-normal accelerated-failure-time DGP; all three working models are misspecified.,0.7,2,29260416,plugin_weibull,Weibull Plug-in,plug-in,Weibull,misspecified,FALSE,2000,0.3,3,0.3,0.7,0.2,0.1,1500,1.593846072898607,0.39714285714285713,0.2292857142857143,0.9233333333333333,1.2254187897080768,0.10196028368508082
aft_lognormal_nonlinear,Log-Normal AFT (Nonlinear),Nonlinear log-normal accelerated-failure-time DGP; all three working models are misspecified.,0.7,3,29260417,cp_cox,CP + Cox,conformal,Cox,misspecified,TRUE,2000,0.3,3,0.3,0.7,0.2,0.1,1500,1.5400044047754289,0.3985714285714286,0.1992857142857143,0.92,1.1963329791140092,0.06573809047196741
aft_lognormal_nonlinear,Log-Normal AFT (Nonlinear),Nonlinear log-normal accelerated-failure-time DGP; all three working models are misspecified.,0.7,3,29260417,cp_lognormal,CP + Log-Normal,conformal,Log-Normal,misspecified,TRUE,2000,0.3,3,0.3,0.7,0.2,0.1,1500,1.5400044047754289,0.3985714285714286,0.1992857142857143,0.9083333333333333,1.1525484508323953,0.10818121899448672
aft_lognormal_nonlinear,Log-Normal AFT (Nonlinear),Nonlinear log-normal accelerated-failure-time DGP; all three working models are misspecified.,0.7,3,29260417,cp_weibull,CP + Weibull,conformal,Weibull,misspecified,TRUE,2000,0.3,3,0.3,0.7,0.2,0.1,1500,1.5400044047754289,0.3985714285714286,0.1992857142857143,0.9066666666666666,1.1626043246691382,0.086559540061101
aft_lognormal_nonlinear,Log-Normal AFT (Nonlinear),Nonlinear log-normal accelerated-failure-time DGP; all three working models are misspecified.,0.7,3,29260417,plugin_cox,Cox Plug-in,plug-in,Cox,misspecified,FALSE,2000,0.3,3,0.3,0.7,0.2,0.1,1500,1.5400044047754289,0.3985714285714286,0.1992857142857143,0.9166666666666666,1.180713087406602,0.06928694812033301
aft_lognormal_nonlinear,Log-Normal AFT (Nonlinear),Nonlinear log-normal accelerated-failure-time DGP; all three working models are misspecified.,0.7,3,29260417,plugin_lognormal,Log-Normal Plug-in,plug-in,Log-Normal,misspecified,FALSE,2000,0.3,3,0.3,0.7,0.2,0.1,1500,1.5400044047754289,0.3985714285714286,0.1992857142857143,0.9116666666666666,1.1680396345297366,0.10385593990407355
aft_lognormal_nonlinear,Log-Normal AFT (Nonlinear),Nonlinear log-normal accelerated-failure-time DGP; all three working models are misspecified.,0.7,3,29260417,plugin_weibull,Weibull Plug-in,plug-in,Weibull,misspecified,FALSE,2000,0.3,3,0.3,0.7,0.2,0.1,1500,1.5400044047754289,0.3985714285714286,0.1992857142857143,0.9166666666666666,1.1868025425802289,0.08100949722037776
aft_lognormal_nonlinear,Log-Normal AFT (Nonlinear),Nonlinear log-normal accelerated-failure-time DGP; all three working models are misspecified.,0.7,4,29260418,cp_cox,CP + Cox,conformal,Cox,misspecified,TRUE,2000,0.3,3,0.3,0.7,0.2,0.1,1500,1.5710149136294822,0.41785714285714287,0.23285714285714285,0.8933333333333333,1.1572400045504732,0.10283880802478072
aft_lognormal_nonlinear,Log-Normal AFT (Nonlinear),Nonlinear log-normal accelerated-failure-time DGP; all three working models are misspecified.,0.7,4,29260418,cp_lognormal,CP + Log-Normal,conformal,Log-Normal,misspecified,TRUE,2000,0.3,3,0.3,0.7,0.2,0.1,1500,1.5710149136294822,0.41785714285714287,0.23285714285714285,0.8933333333333333,1.1402915582752744,0.15419475815012176
aft_lognormal_nonlinear,Log-Normal AFT (Nonlinear),Nonlinear log-normal accelerated-failure-time DGP; all three working models are misspecified.,0.7,4,29260418,cp_weibull,CP + Weibull,conformal,Weibull,misspecified,TRUE,2000,0.3,3,0.3,0.7,0.2,0.1,1500,1.5710149136294822,0.41785714285714287,0.23285714285714285,0.8966666666666666,1.1525763838981173,0.12912749792514816
aft_lognormal_nonlinear,Log-Normal AFT (Nonlinear),Nonlinear log-normal accelerated-failure-time DGP; all three working models are misspecified.,0.7,4,29260418,plugin_cox,Cox Plug-in,plug-in,Cox,misspecified,FALSE,2000,0.3,3,0.3,0.7,0.2,0.1,1500,1.5710149136294822,0.41785714285714287,0.23285714285714285,0.9016666666666666,1.1720090855315766,0.09916089501313703
aft_lognormal_nonlinear,Log-Normal AFT (Nonlinear),Nonlinear log-normal accelerated-failure-time DGP; all three working models are misspecified.,0.7,4,29260418,plugin_lognormal,Log-Normal Plug-in,plug-in,Log-Normal,misspecified,FALSE,2000,0.3,3,0.3,0.7,0.2,0.1,1500,1.5710149136294822,0.41785714285714287,0.23285714285714285,0.905,1.1713052174938838,0.14309217078605577
aft_lognormal_nonlinear,Log-Normal AFT (Nonlinear),Nonlinear log-normal accelerated-failure-time DGP; all three working models are misspecified.,0.7,4,29260418,plugin_weibull,Weibull Plug-in,plug-in,Weibull,misspecified,FALSE,2000,0.3,3,0.3,0.7,0.2,0.1,1500,1.5710149136294822,0.41785714285714287,0.23285714285714285,0.9133333333333333,1.1878357230644558,0.11824668767097188
aft_lognormal_nonlinear,Log-Normal AFT (Nonlinear),Nonlinear log-normal accelerated-failure-time DGP; all three working models are misspecified.,0.7,5,29260419,cp_cox,CP + Cox,conformal,Cox,misspecified,TRUE,2000,0.3,3,0.3,0.7,0.2,0.1,1500,1.5918848093127085,0.40785714285714286,0.22142857142857142,0.9283333333333333,1.2710505577586824,0.08931270005966974
aft_lognormal_nonlinear,Log-Normal AFT (Nonlinear),Nonlinear log-normal accelerated-failure-time DGP; all three working models are misspecified.,0.7,5,29260419,cp_lognormal,CP + Log-Normal,conformal,Log-Normal,misspecified,TRUE,2000,0.3,3,0.3,0.7,0.2,0.1,1500,1.5918848093127085,0.40785714285714286,0.22142857142857142,0.9116666666666666,1.227725019010965,0.12981550426232735
aft_lognormal_nonlinear,Log-Normal AFT (Nonlinear),Nonlinear log-normal accelerated-failure-time DGP; all three working models are misspecified.,0.7,5,29260419,cp_weibull,CP + Weibull,conformal,Weibull,misspecified,TRUE,2000,0.3,3,0.3,0.7,0.2,0.1,1500,1.5918848093127085,0.40785714285714286,0.22142857142857142,0.92,1.253445937936859,0.10524119279019159
aft_lognormal_nonlinear,Log-Normal AFT (Nonlinear),Nonlinear log-normal accelerated-failure-time DGP; all three working models are misspecified.,0.7,5,29260419,plugin_cox,Cox Plug-in,plug-in,Cox,misspecified,FALSE,2000,0.3,3,0.3,0.7,0.2,0.1,1500,1.5918848093127085,0.40785714285714286,0.22142857142857142,0.9216666666666666,1.2530844919999802,0.09558175494189258
aft_lognormal_nonlinear,Log-Normal AFT (Nonlinear),Nonlinear log-normal accelerated-failure-time DGP; all three working models are misspecified.,0.7,5,29260419,plugin_lognormal,Log-Normal Plug-in,plug-in,Log-Normal,misspecified,FALSE,2000,0.3,3,0.3,0.7,0.2,0.1,1500,1.5918848093127085,0.40785714285714286,0.22142857142857142,0.91,1.2259881777275647,0.1304346525951002
aft_lognormal_nonlinear,Log-Normal AFT (Nonlinear),Nonlinear log-normal accelerated-failure-time DGP; all three working models are misspecified.,0.7,5,29260419,plugin_weibull,Weibull Plug-in,plug-in,Weibull,misspecified,FALSE,2000,0.3,3,0.3,0.7,0.2,0.1,1500,1.5918848093127085,0.40785714285714286,0.22142857142857142,0.9166666666666666,1.2450505773134506,0.10785182011653703
aft_lognormal_nonlinear,Log-Normal AFT (Nonlinear),Nonlinear log-normal accelerated-failure-time DGP; all three working models are misspecified.,0.7,6,29260420,cp_cox,CP + Cox,conformal,Cox,misspecified,TRUE,2000,0.3,3,0.3,0.7,0.2,0.1,1500,1.5522937585888457,0.4157142857142857,0.20285714285714285,0.9233333333333333,1.217286314549854,0.06890829989235836
aft_lognormal_nonlinear,Log-Normal AFT (Nonlinear),Nonlinear log-normal accelerated-failure-time DGP; all three working models are misspecified.,0.7,6,29260420,cp_lognormal,CP + Log-Normal,conformal,Log-Normal,misspecified,TRUE,2000,0.3,3,0.3,0.7,0.2,0.1,1500,1.5522937585888457,0.4157142857142857,0.20285714285714285,0.91,1.1770049714785729,0.11526055458439995
aft_lognormal_nonlinear,Log-Normal AFT (Nonlinear),Nonlinear log-normal accelerated-failure-time DGP; all three working models are misspecified.,0.7,6,29260420,cp_weibull,CP + Weibull,conformal,Weibull,misspecified,TRUE,2000,0.3,3,0.3,0.7,0.2,0.1,1500,1.5522937585888457,0.4157142857142857,0.20285714285714285,0.9183333333333333,1.1996734050463274,0.10159766491927612
aft_lognormal_nonlinear,Log-Normal AFT (Nonlinear),Nonlinear log-normal accelerated-failure-time DGP; all three working models are misspecified.,0.7,6,29260420,plugin_cox,Cox Plug-in,plug-in,Cox,misspecified,FALSE,2000,0.3,3,0.3,0.7,0.2,0.1,1500,1.5522937585888457,0.4157142857142857,0.20285714285714285,0.9183333333333333,1.2028972863941507,0.07380297401815177
aft_lognormal_nonlinear,Log-Normal AFT (Nonlinear),Nonlinear log-normal accelerated-failure-time DGP; all three working models are misspecified.,0.7,6,29260420,plugin_lognormal,Log-Normal Plug-in,plug-in,Log-Normal,misspecified,FALSE,2000,0.3,3,0.3,0.7,0.2,0.1,1500,1.5522937585888457,0.4157142857142857,0.20285714285714285,0.9116666666666666,1.1836576083800596,0.11321736372698518
aft_lognormal_nonlinear,Log-Normal AFT (Nonlinear),Nonlinear log-normal accelerated-failure-time DGP; all three working models are misspecified.,0.7,6,29260420,plugin_weibull,Weibull Plug-in,plug-in,Weibull,misspecified,FALSE,2000,0.3,3,0.3,0.7,0.2,0.1,1500,1.5522937585888457,0.4157142857142857,0.20285714285714285,0.9216666666666666,1.206004322594235,0.0997735885912875
aft_lognormal_nonlinear,Log-Normal AFT (Nonlinear),Nonlinear log-normal accelerated-failure-time DGP; all three working models are misspecified.,0.7,7,29260421,cp_cox,CP + Cox,conformal,Cox,misspecified,TRUE,2000,0.3,3,0.3,0.7,0.2,0.1,1500,1.5291540184973504,0.425,0.22214285714285714,0.895,1.1604361315666127,0.0832316366236171
aft_lognormal_nonlinear,Log-Normal AFT (Nonlinear),Nonlinear log-normal accelerated-failure-time DGP; all three working models are misspecified.,0.7,7,29260421,cp_lognormal,CP + Log-Normal,conformal,Log-Normal,misspecified,TRUE,2000,0.3,3,0.3,0.7,0.2,0.1,1500,1.5291540184973504,0.425,0.22214285714285714,0.8616666666666667,1.0962603203485612,0.1501928246850996
aft_lognormal_nonlinear,Log-Normal AFT (Nonlinear),Nonlinear log-normal accelerated-failure-time DGP; all three working models are misspecified.,0.7,7,29260421,cp_weibull,CP + Weibull,conformal,Weibull,misspecified,TRUE,2000,0.3,3,0.3,0.7,0.2,0.1,1500,1.5291540184973504,0.425,0.22214285714285714,0.8883333333333333,1.1484969711781816,0.10772232749182782
aft_lognormal_nonlinear,Log-Normal AFT (Nonlinear),Nonlinear log-normal accelerated-failure-time DGP; all three working models are misspecified.,0.7,7,29260421,plugin_cox,Cox Plug-in,plug-in,Cox,misspecified,FALSE,2000,0.3,3,0.3,0.7,0.2,0.1,1500,1.5291540184973504,0.425,0.22214285714285714,0.8966666666666666,1.161998541836833,0.08258665691519852
aft_lognormal_nonlinear,Log-Normal AFT (Nonlinear),Nonlinear log-normal accelerated-failure-time DGP; all three working models are misspecified.,0.7,7,29260421,plugin_lognormal,Log-Normal Plug-in,plug-in,Log-Normal,misspecified,FALSE,2000,0.3,3,0.3,0.7,0.2,0.1,1500,1.5291540184973504,0.425,0.22214285714285714,0.8883333333333333,1.1421388970397095,0.1342752147609025
aft_lognormal_nonlinear,Log-Normal AFT (Nonlinear),Nonlinear log-normal accelerated-failure-time DGP; all three working models are misspecified.,0.7,7,29260421,plugin_weibull,Weibull Plug-in,plug-in,Weibull,misspecified,FALSE,2000,0.3,3,0.3,0.7,0.2,0.1,1500,1.5291540184973504,0.425,0.22214285714285714,0.8983333333333333,1.1639860566809412,0.10333906346761493
aft_lognormal_nonlinear,Log-Normal AFT (Nonlinear),Nonlinear log-normal accelerated-failure-time DGP; all three working models are misspecified.,0.7,8,29260422,cp_cox,CP + Cox,conformal,Cox,misspecified,TRUE,2000,0.3,3,0.3,0.7,0.2,0.1,1500,1.569535028219744,0.415,0.2042857142857143,0.88,1.1816725973116762,0.09178813353465318
aft_lognormal_nonlinear,Log-Normal AFT (Nonlinear),Nonlinear log-normal accelerated-failure-time DGP; all three working models are misspecified.,0.7,8,29260422,cp_lognormal,CP + Log-Normal,conformal,Log-Normal,misspecified,TRUE,2000,0.3,3,0.3,0.7,0.2,0.1,1500,1.569535028219744,0.415,0.2042857142857143,0.8733333333333333,1.1593945404924095,0.12324415043824133
aft_lognormal_nonlinear,Log-Normal AFT (Nonlinear),Nonlinear log-normal accelerated-failure-time DGP; all three working models are misspecified.,0.7,8,29260422,cp_weibull,CP + Weibull,conformal,Weibull,misspecified,TRUE,2000,0.3,3,0.3,0.7,0.2,0.1,1500,1.569535028219744,0.415,0.2042857142857143,0.89,1.182689134330506,0.10397086407426878
aft_lognormal_nonlinear,Log-Normal AFT (Nonlinear),Nonlinear log-normal accelerated-failure-time DGP; all three working models are misspecified.,0.7,8,29260422,plugin_cox,Cox Plug-in,plug-in,Cox,misspecified,FALSE,2000,0.3,3,0.3,0.7,0.2,0.1,1500,1.569535028219744,0.415,0.2042857142857143,0.88,1.1821013966721363,0.09167777832905509
aft_lognormal_nonlinear,Log-Normal AFT (Nonlinear),Nonlinear log-normal accelerated-failure-time DGP; all three working models are misspecified.,0.7,8,29260422,plugin_lognormal,Log-Normal Plug-in,plug-in,Log-Normal,misspecified,FALSE,2000,0.3,3,0.3,0.7,0.2,0.1,1500,1.569535028219744,0.415,0.2042857142857143,0.89,1.1814472051129572,0.11661748958083844
aft_lognormal_nonlinear,Log-Normal AFT (Nonlinear),Nonlinear log-normal accelerated-failure-time DGP; all three working models are misspecified.,0.7,8,29260422,plugin_weibull,Weibull Plug-in,plug-in,Weibull,misspecified,FALSE,2000,0.3,3,0.3,0.7,0.2,0.1,1500,1.569535028219744,0.415,0.2042857142857143,0.895,1.1920597638022525,0.10145236133587268
aft_lognormal_nonlinear,Log-Normal AFT (Nonlinear),Nonlinear log-normal accelerated-failure-time DGP; all three working models are misspecified.,0.7,9,29260423,cp_cox,CP + Cox,conformal,Cox,misspecified,TRUE,2000,0.3,3,0.3,0.7,0.2,0.1,1500,1.568047765468073,0.4035714285714286,0.2007142857142857,0.895,1.170461955544204,0.10063249097105384
aft_lognormal_nonlinear,Log-Normal AFT (Nonlinear),Nonlinear log-normal accelerated-failure-time DGP; all three working models are misspecified.,0.7,9,29260423,cp_lognormal,CP + Log-Normal,conformal,Log-Normal,misspecified,TRUE,2000,0.3,3,0.3,0.7,0.2,0.1,1500,1.568047765468073,0.4035714285714286,0.2007142857142857,0.9033333333333333,1.1704606004111486,0.1422170117685538
aft_lognormal_nonlinear,Log-Normal AFT (Nonlinear),Nonlinear log-normal accelerated-failure-time DGP; all three working models are misspecified.,0.7,9,29260423,cp_weibull,CP + Weibull,conformal,Weibull,misspecified,TRUE,2000,0.3,3,0.3,0.7,0.2,0.1,1500,1.568047765468073,0.4035714285714286,0.2007142857142857,0.9,1.169709654455656,0.12838696008852138
aft_lognormal_nonlinear,Log-Normal AFT (Nonlinear),Nonlinear log-normal accelerated-failure-time DGP; all three working models are misspecified.,0.7,9,29260423,plugin_cox,Cox Plug-in,plug-in,Cox,misspecified,FALSE,2000,0.3,3,0.3,0.7,0.2,0.1,1500,1.568047765468073,0.4035714285714286,0.2007142857142857,0.8983333333333333,1.175504827696003,0.09915235697337063
aft_lognormal_nonlinear,Log-Normal AFT (Nonlinear),Nonlinear log-normal accelerated-failure-time DGP; all three working models are misspecified.,0.7,9,29260423,plugin_lognormal,Log-Normal Plug-in,plug-in,Log-Normal,misspecified,FALSE,2000,0.3,3,0.3,0.7,0.2,0.1,1500,1.568047765468073,0.4035714285714286,0.2007142857142857,0.905,1.1726139086016885,0.1414467729802079
aft_lognormal_nonlinear,Log-Normal AFT (Nonlinear),Nonlinear log-normal accelerated-failure-time DGP; all three working models are misspecified.,0.7,9,29260423,plugin_weibull,Weibull Plug-in,plug-in,Weibull,misspecified,FALSE,2000,0.3,3,0.3,0.7,0.2,0.1,1500,1.568047765468073,0.4035714285714286,0.2007142857142857,0.9133333333333333,1.188807081750617,0.12223173524779506
aft_lognormal_nonlinear,Log-Normal AFT (Nonlinear),Nonlinear log-normal accelerated-failure-time DGP; all three working models are misspecified.,0.7,10,29260424,cp_cox,CP + Cox,conformal,Cox,misspecified,TRUE,2000,0.3,3,0.3,0.7,0.2,0.1,1500,1.5858723852482663,0.4107142857142857,0.20714285714285716,0.92,1.2186564996419886,0.08743754595708442
aft_lognormal_nonlinear,Log-Normal AFT (Nonlinear),Nonlinear log-normal accelerated-failure-time DGP; all three working models are misspecified.,0.7,10,29260424,cp_lognormal,CP + Log-Normal,conformal,Log-Normal,misspecified,TRUE,2000,0.3,3,0.3,0.7,0.2,0.1,1500,1.5858723852482663,0.4107142857142857,0.20714285714285716,0.9216666666666666,1.213029968784455,0.13090623886651429
aft_lognormal_nonlinear,Log-Normal AFT (Nonlinear),Nonlinear log-normal accelerated-failure-time DGP; all three working models are misspecified.,0.7,10,29260424,cp_weibull,CP + Weibull,conformal,Weibull,misspecified,TRUE,2000,0.3,3,0.3,0.7,0.2,0.1,1500,1.5858723852482663,0.4107142857142857,0.20714285714285716,0.905,1.198119477023342,0.12595765861107142
aft_lognormal_nonlinear,Log-Normal AFT (Nonlinear),Nonlinear log-normal accelerated-failure-time DGP; all three working models are misspecified.,0.7,10,29260424,plugin_cox,Cox Plug-in,plug-in,Cox,misspecified,FALSE,2000,0.3,3,0.3,0.7,0.2,0.1,1500,1.5858723852482663,0.4107142857142857,0.20714285714285716,0.92,1.222510498302735,0.08612478980858791
aft_lognormal_nonlinear,Log-Normal AFT (Nonlinear),Nonlinear log-normal accelerated-failure-time DGP; all three working models are misspecified.,0.7,10,29260424,plugin_lognormal,Log-Normal Plug-in,plug-in,Log-Normal,misspecified,FALSE,2000,0.3,3,0.3,0.7,0.2,0.1,1500,1.5858723852482663,0.4107142857142857,0.20714285714285716,0.9133333333333333,1.203992344506917,0.13407937944875276
aft_lognormal_nonlinear,Log-Normal AFT (Nonlinear),Nonlinear log-normal accelerated-failure-time DGP; all three working models are misspecified.,0.7,10,29260424,plugin_weibull,Weibull Plug-in,plug-in,Weibull,misspecified,FALSE,2000,0.3,3,0.3,0.7,0.2,0.1,1500,1.5858723852482663,0.4107142857142857,0.20714285714285716,0.9266666666666666,1.2261360895317073,0.11685674192182685
aft_lognormal_nonlinear,Log-Normal AFT (Nonlinear),Nonlinear log-normal accelerated-failure-time DGP; all three working models are misspecified.,0.7,11,29260425,cp_cox,CP + Cox,conformal,Cox,misspecified,TRUE,2000,0.3,3,0.3,0.7,0.2,0.1,1500,1.5384038754416873,0.40714285714285714,0.21142857142857144,0.8983333333333333,1.1689914831796668,0.08444270490064697
aft_lognormal_nonlinear,Log-Normal AFT (Nonlinear),Nonlinear log-normal accelerated-failure-time DGP; all three working models are misspecified.,0.7,11,29260425,cp_lognormal,CP + Log-Normal,conformal,Log-Normal,misspecified,TRUE,2000,0.3,3,0.3,0.7,0.2,0.1,1500,1.5384038754416873,0.40714285714285714,0.21142857142857144,0.8816666666666667,1.139869502102098,0.1313074573372082
aft_lognormal_nonlinear,Log-Normal AFT (Nonlinear),Nonlinear log-normal accelerated-failure-time DGP; all three working models are misspecified.,0.7,11,29260425,cp_weibull,CP + Weibull,conformal,Weibull,misspecified,TRUE,2000,0.3,3,0.3,0.7,0.2,0.1,1500,1.5384038754416873,0.40714285714285714,0.21142857142857144,0.8816666666666667,1.1398867426366357,0.11341032976646462
aft_lognormal_nonlinear,Log-Normal AFT (Nonlinear),Nonlinear log-normal accelerated-failure-time DGP; all three working models are misspecified.,0.7,11,29260425,plugin_cox,Cox Plug-in,plug-in,Cox,misspecified,FALSE,2000,0.3,3,0.3,0.7,0.2,0.1,1500,1.5384038754416873,0.40714285714285714,0.21142857142857144,0.9033333333333333,1.180593067264635,0.07946120484341908
aft_lognormal_nonlinear,Log-Normal AFT (Nonlinear),Nonlinear log-normal accelerated-failure-time DGP; all three working models are misspecified.,0.7,11,29260425,plugin_lognormal,Log-Normal Plug-in,plug-in,Log-Normal,misspecified,FALSE,2000,0.3,3,0.3,0.7,0.2,0.1,1500,1.5384038754416873,0.40714285714285714,0.21142857142857144,0.9,1.1634572054808998,0.12353587836613764
aft_lognormal_nonlinear,Log-Normal AFT (Nonlinear),Nonlinear log-normal accelerated-failure-time DGP; all three working models are misspecified.,0.7,11,29260425,plugin_weibull,Weibull Plug-in,plug-in,Weibull,misspecified,FALSE,2000,0.3,3,0.3,0.7,0.2,0.1,1500,1.5384038754416873,0.40714285714285714,0.21142857142857144,0.9116666666666666,1.185018689808385,0.10056664353464931
aft_lognormal_nonlinear,Log-Normal AFT (Nonlinear),Nonlinear log-normal accelerated-failure-time DGP; all three working models are misspecified.,0.7,12,29260426,cp_cox,CP + Cox,conformal,Cox,misspecified,TRUE,2000,0.3,3,0.3,0.7,0.2,0.1,1500,1.5592578736875322,0.4092857142857143,0.20642857142857143,0.925,1.1832661283799746,0.08978440294558325
aft_lognormal_nonlinear,Log-Normal AFT (Nonlinear),Nonlinear log-normal accelerated-failure-time DGP; all three working models are misspecified.,0.7,12,29260426,cp_lognormal,CP + Log-Normal,conformal,Log-Normal,misspecified,TRUE,2000,0.3,3,0.3,0.7,0.2,0.1,1500,1.5592578736875322,0.4092857142857143,0.20642857142857143,0.925,1.1734034442686403,0.12399593366259448
aft_lognormal_nonlinear,Log-Normal AFT (Nonlinear),Nonlinear log-normal accelerated-failure-time DGP; all three working models are misspecified.,0.7,12,29260426,cp_weibull,CP + Weibull,conformal,Weibull,misspecified,TRUE,2000,0.3,3,0.3,0.7,0.2,0.1,1500,1.5592578736875322,0.4092857142857143,0.20642857142857143,0.93,1.1985238291903328,0.10465536684071056
aft_lognormal_nonlinear,Log-Normal AFT (Nonlinear),Nonlinear log-normal accelerated-failure-time DGP; all three working models are misspecified.,0.7,12,29260426,plugin_cox,Cox Plug-in,plug-in,Cox,misspecified,FALSE,2000,0.3,3,0.3,0.7,0.2,0.1,1500,1.5592578736875322,0.4092857142857143,0.20642857142857143,0.9266666666666666,1.1920222262897682,0.08746021313642018
aft_lognormal_nonlinear,Log-Normal AFT (Nonlinear),Nonlinear log-normal accelerated-failure-time DGP; all three working models are misspecified.,0.7,12,29260426,plugin_lognormal,Log-Normal Plug-in,plug-in,Log-Normal,misspecified,FALSE,2000,0.3,3,0.3,0.7,0.2,0.1,1500,1.5592578736875322,0.4092857142857143,0.20642857142857143,0.9283333333333333,1.1839690377332186,0.12060063604138316
aft_lognormal_nonlinear,Log-Normal AFT (Nonlinear),Nonlinear log-normal accelerated-failure-time DGP; all three working models are misspecified.,0.7,12,29260426,plugin_weibull,Weibull Plug-in,plug-in,Weibull,misspecified,FALSE,2000,0.3,3,0.3,0.7,0.2,0.1,1500,1.5592578736875322,0.4092857142857143,0.20642857142857143,0.9316666666666666,1.2047012802721528,0.10286317833238846
aft_lognormal_nonlinear,Log-Normal AFT (Nonlinear),Nonlinear log-normal accelerated-failure-time DGP; all three working models are misspecified.,0.7,13,29260427,cp_cox,CP + Cox,conformal,Cox,misspecified,TRUE,2000,0.3,3,0.3,0.7,0.2,0.1,1500,1.5647109910122565,0.40714285714285714,0.21,0.9033333333333333,1.178615621384921,0.08210094965028525
aft_lognormal_nonlinear,Log-Normal AFT (Nonlinear),Nonlinear log-normal accelerated-failure-time DGP; all three working models are misspecified.,0.7,13,29260427,cp_lognormal,CP + Log-Normal,conformal,Log-Normal,misspecified,TRUE,2000,0.3,3,0.3,0.7,0.2,0.1,1500,1.5647109910122565,0.40714285714285714,0.21,0.885,1.1351265767973497,0.14324001358474897
aft_lognormal_nonlinear,Log-Normal AFT (Nonlinear),Nonlinear log-normal accelerated-failure-time DGP; all three working models are misspecified.,0.7,13,29260427,cp_weibull,CP + Weibull,conformal,Weibull,misspecified,TRUE,2000,0.3,3,0.3,0.7,0.2,0.1,1500,1.5647109910122565,0.40714285714285714,0.21,0.8916666666666667,1.155219140865282,0.11378926810449108
aft_lognormal_nonlinear,Log-Normal AFT (Nonlinear),Nonlinear log-normal accelerated-failure-time DGP; all three working models are misspecified.,0.7,13,29260427,plugin_cox,Cox Plug-in,plug-in,Cox,misspecified,FALSE,2000,0.3,3,0.3,0.7,0.2,0.1,1500,1.5647109910122565,0.40714285714285714,0.21,0.9,1.1706218138082405,0.08421954098400285
aft_lognormal_nonlinear,Log-Normal AFT (Nonlinear),Nonlinear log-normal accelerated-failure-time DGP; all three working models are misspecified.,0.7,13,29260427,plugin_lognormal,Log-Normal Plug-in,plug-in,Log-Normal,misspecified,FALSE,2000,0.3,3,0.3,0.7,0.2,0.1,1500,1.5647109910122565,0.40714285714285714,0.21,0.905,1.1682366404221127,0.1321998412543106
aft_lognormal_nonlinear,Log-Normal AFT (Nonlinear),Nonlinear log-normal accelerated-failure-time DGP; all three working models are misspecified.,0.7,13,29260427,plugin_weibull,Weibull Plug-in,plug-in,Weibull,misspecified,FALSE,2000,0.3,3,0.3,0.7,0.2,0.1,1500,1.5647109910122565,0.40714285714285714,0.21,0.9166666666666666,1.1898095347180755,0.10417731710096627
aft_lognormal_nonlinear,Log-Normal AFT (Nonlinear),Nonlinear log-normal accelerated-failure-time DGP; all three working models are misspecified.,0.7,14,29260428,cp_cox,CP + Cox,conformal,Cox,misspecified,TRUE,2000,0.3,3,0.3,0.7,0.2,0.1,1500,1.5304011905576549,0.4057142857142857,0.18285714285714286,0.8966666666666666,1.1544645536764881,0.07075827609586104
aft_lognormal_nonlinear,Log-Normal AFT (Nonlinear),Nonlinear log-normal accelerated-failure-time DGP; all three working models are misspecified.,0.7,14,29260428,cp_lognormal,CP + Log-Normal,conformal,Log-Normal,misspecified,TRUE,2000,0.3,3,0.3,0.7,0.2,0.1,1500,1.5304011905576549,0.4057142857142857,0.18285714285714286,0.905,1.1456754893160004,0.11501491632381083
aft_lognormal_nonlinear,Log-Normal AFT (Nonlinear),Nonlinear log-normal accelerated-failure-time DGP; all three working models are misspecified.,0.7,14,29260428,cp_weibull,CP + Weibull,conformal,Weibull,misspecified,TRUE,2000,0.3,3,0.3,0.7,0.2,0.1,1500,1.5304011905576549,0.4057142857142857,0.18285714285714286,0.885,1.1310840567288671,0.091999515016798
aft_lognormal_nonlinear,Log-Normal AFT (Nonlinear),Nonlinear log-normal accelerated-failure-time DGP; all three working models are misspecified.,0.7,14,29260428,plugin_cox,Cox Plug-in,plug-in,Cox,misspecified,FALSE,2000,0.3,3,0.3,0.7,0.2,0.1,1500,1.5304011905576549,0.4057142857142857,0.18285714285714286,0.9033333333333333,1.164388236436828,0.06888915760626484
aft_lognormal_nonlinear,Log-Normal AFT (Nonlinear),Nonlinear log-normal accelerated-failure-time DGP; all three working models are misspecified.,0.7,14,29260428,plugin_lognormal,Log-Normal Plug-in,plug-in,Log-Normal,misspecified,FALSE,2000,0.3,3,0.3,0.7,0.2,0.1,1500,1.5304011905576549,0.4057142857142857,0.18285714285714286,0.91,1.16571267732885,0.10902473813913369
aft_lognormal_nonlinear,Log-Normal AFT (Nonlinear),Nonlinear log-normal accelerated-failure-time DGP; all three working models are misspecified.,0.7,14,29260428,plugin_weibull,Weibull Plug-in,plug-in,Weibull,misspecified,FALSE,2000,0.3,3,0.3,0.7,0.2,0.1,1500,1.5304011905576549,0.4057142857142857,0.18285714285714286,0.9116666666666666,1.1772755089205478,0.08135736911434262
aft_lognormal_nonlinear,Log-Normal AFT (Nonlinear),Nonlinear log-normal accelerated-failure-time DGP; all three working models are misspecified.,0.7,15,29260429,cp_cox,CP + Cox,conformal,Cox,misspecified,TRUE,2000,0.3,3,0.3,0.7,0.2,0.1,1500,1.5194483391818152,0.41928571428571426,0.21071428571428572,0.8916666666666667,1.1198572787380496,0.09080495621857401
aft_lognormal_nonlinear,Log-Normal AFT (Nonlinear),Nonlinear log-normal accelerated-failure-time DGP; all three working models are misspecified.,0.7,15,29260429,cp_lognormal,CP + Log-Normal,conformal,Log-Normal,misspecified,TRUE,2000,0.3,3,0.3,0.7,0.2,0.1,1500,1.5194483391818152,0.41928571428571426,0.21071428571428572,0.8816666666666667,1.102517193429524,0.1384302749860959
aft_lognormal_nonlinear,Log-Normal AFT (Nonlinear),Nonlinear log-normal accelerated-failure-time DGP; all three working models are misspecified.,0.7,15,29260429,cp_weibull,CP + Weibull,conformal,Weibull,misspecified,TRUE,2000,0.3,3,0.3,0.7,0.2,0.1,1500,1.5194483391818152,0.41928571428571426,0.21071428571428572,0.895,1.1266291741860908,0.10542033153273496
aft_lognormal_nonlinear,Log-Normal AFT (Nonlinear),Nonlinear log-normal accelerated-failure-time DGP; all three working models are misspecified.,0.7,15,29260429,plugin_cox,Cox Plug-in,plug-in,Cox,misspecified,FALSE,2000,0.3,3,0.3,0.7,0.2,0.1,1500,1.5194483391818152,0.41928571428571426,0.21071428571428572,0.905,1.1387245441264546,0.08639754545559718
aft_lognormal_nonlinear,Log-Normal AFT (Nonlinear),Nonlinear log-normal accelerated-failure-time DGP; all three working models are misspecified.,0.7,15,29260429,plugin_lognormal,Log-Normal Plug-in,plug-in,Log-Normal,misspecified,FALSE,2000,0.3,3,0.3,0.7,0.2,0.1,1500,1.5194483391818152,0.41928571428571426,0.21071428571428572,0.8983333333333333,1.127484134406549,0.1301407035779081
aft_lognormal_nonlinear,Log-Normal AFT (Nonlinear),Nonlinear log-normal accelerated-failure-time DGP; all three working models are misspecified.,0.7,15,29260429,plugin_weibull,Weibull Plug-in,plug-in,Weibull,misspecified,FALSE,2000,0.3,3,0.3,0.7,0.2,0.1,1500,1.5194483391818152,0.41928571428571426,0.21071428571428572,0.9133333333333333,1.1482948733063567,0.09960593807214145
aft_lognormal_nonlinear,Log-Normal AFT (Nonlinear),Nonlinear log-normal accelerated-failure-time DGP; all three working models are misspecified.,0.7,16,29260430,cp_cox,CP + Cox,conformal,Cox,misspecified,TRUE,2000,0.3,3,0.3,0.7,0.2,0.1,1500,1.5508556204445476,0.3964285714285714,0.21,0.9116666666666666,1.1740357207870507,0.07358744120878925
aft_lognormal_nonlinear,Log-Normal AFT (Nonlinear),Nonlinear log-normal accelerated-failure-time DGP; all three working models are misspecified.,0.7,16,29260430,cp_lognormal,CP + Log-Normal,conformal,Log-Normal,misspecified,TRUE,2000,0.3,3,0.3,0.7,0.2,0.1,1500,1.5508556204445476,0.3964285714285714,0.21,0.905,1.1459904061349644,0.11676053521436926
aft_lognormal_nonlinear,Log-Normal AFT (Nonlinear),Nonlinear log-normal accelerated-failure-time DGP; all three working models are misspecified.,0.7,16,29260430,cp_weibull,CP + Weibull,conformal,Weibull,misspecified,TRUE,2000,0.3,3,0.3,0.7,0.2,0.1,1500,1.5508556204445476,0.3964285714285714,0.21,0.9166666666666666,1.1896147959520655,0.08790873692898796
aft_lognormal_nonlinear,Log-Normal AFT (Nonlinear),Nonlinear log-normal accelerated-failure-time DGP; all three working models are misspecified.,0.7,16,29260430,plugin_cox,Cox Plug-in,plug-in,Cox,misspecified,FALSE,2000,0.3,3,0.3,0.7,0.2,0.1,1500,1.5508556204445476,0.3964285714285714,0.21,0.9116666666666666,1.1677418653089617,0.07497786756569466
aft_lognormal_nonlinear,Log-Normal AFT (Nonlinear),Nonlinear log-normal accelerated-failure-time DGP; all three working models are misspecified.,0.7,16,29260430,plugin_lognormal,Log-Normal Plug-in,plug-in,Log-Normal,misspecified,FALSE,2000,0.3,3,0.3,0.7,0.2,0.1,1500,1.5508556204445476,0.3964285714285714,0.21,0.9083333333333333,1.1599686506243296,0.11272929901464082
aft_lognormal_nonlinear,Log-Normal AFT (Nonlinear),Nonlinear log-normal accelerated-failure-time DGP; all three working models are misspecified.,0.7,16,29260430,plugin_weibull,Weibull Plug-in,plug-in,Weibull,misspecified,FALSE,2000,0.3,3,0.3,0.7,0.2,0.1,1500,1.5508556204445476,0.3964285714285714,0.21,0.915,1.1838249369109186,0.08931771166493921
aft_lognormal_nonlinear,Log-Normal AFT (Nonlinear),Nonlinear log-normal accelerated-failure-time DGP; all three working models are misspecified.,0.7,17,29260431,cp_cox,CP + Cox,conformal,Cox,misspecified,TRUE,2000,0.3,3,0.3,0.7,0.2,0.1,1500,1.6224270322572132,0.41285714285714287,0.21785714285714286,0.8833333333333333,1.212043531251613,0.10636093377879474
aft_lognormal_nonlinear,Log-Normal AFT (Nonlinear),Nonlinear log-normal accelerated-failure-time DGP; all three working models are misspecified.,0.7,17,29260431,cp_lognormal,CP + Log-Normal,conformal,Log-Normal,misspecified,TRUE,2000,0.3,3,0.3,0.7,0.2,0.1,1500,1.6224270322572132,0.41285714285714287,0.21785714285714286,0.8733333333333333,1.1924146612765973,0.15454110534426274
aft_lognormal_nonlinear,Log-Normal AFT (Nonlinear),Nonlinear log-normal accelerated-failure-time DGP; all three working models are misspecified.,0.7,17,29260431,cp_weibull,CP + Weibull,conformal,Weibull,misspecified,TRUE,2000,0.3,3,0.3,0.7,0.2,0.1,1500,1.6224270322572132,0.41285714285714287,0.21785714285714286,0.8833333333333333,1.2122935390025238,0.1256469300948018
aft_lognormal_nonlinear,Log-Normal AFT (Nonlinear),Nonlinear log-normal accelerated-failure-time DGP; all three working models are misspecified.,0.7,17,29260431,plugin_cox,Cox Plug-in,plug-in,Cox,misspecified,FALSE,2000,0.3,3,0.3,0.7,0.2,0.1,1500,1.6224270322572132,0.41285714285714287,0.21785714285714286,0.8966666666666666,1.2347817206184852,0.09764135419677492
aft_lognormal_nonlinear,Log-Normal AFT (Nonlinear),Nonlinear log-normal accelerated-failure-time DGP; all three working models are misspecified.,0.7,17,29260431,plugin_lognormal,Log-Normal Plug-in,plug-in,Log-Normal,misspecified,FALSE,2000,0.3,3,0.3,0.7,0.2,0.1,1500,1.6224270322572132,0.41285714285714287,0.21785714285714286,0.8833333333333333,1.2098225081820981,0.14828494137320092
aft_lognormal_nonlinear,Log-Normal AFT (Nonlinear),Nonlinear log-normal accelerated-failure-time DGP; all three working models are misspecified.,0.7,17,29260431,plugin_weibull,Weibull Plug-in,plug-in,Weibull,misspecified,FALSE,2000,0.3,3,0.3,0.7,0.2,0.1,1500,1.6224270322572132,0.41285714285714287,0.21785714285714286,0.9,1.2372748703150251,0.11799374487408701
aft_lognormal_nonlinear,Log-Normal AFT (Nonlinear),Nonlinear log-normal accelerated-failure-time DGP; all three working models are misspecified.,0.7,18,29260432,cp_cox,CP + Cox,conformal,Cox,misspecified,TRUE,2000,0.3,3,0.3,0.7,0.2,0.1,1500,1.566728042699026,0.40714285714285714,0.20357142857142857,0.9166666666666666,1.2050191124883747,0.07665402413269613
aft_lognormal_nonlinear,Log-Normal AFT (Nonlinear),Nonlinear log-normal accelerated-failure-time DGP; all three working models are misspecified.,0.7,18,29260432,cp_lognormal,CP + Log-Normal,conformal,Log-Normal,misspecified,TRUE,2000,0.3,3,0.3,0.7,0.2,0.1,1500,1.566728042699026,0.40714285714285714,0.20357142857142857,0.9066666666666666,1.183330367151116,0.11610827436725567
aft_lognormal_nonlinear,Log-Normal AFT (Nonlinear),Nonlinear log-normal accelerated-failure-time DGP; all three working models are misspecified.,0.7,18,29260432,cp_weibull,CP + Weibull,conformal,Weibull,misspecified,TRUE,2000,0.3,3,0.3,0.7,0.2,0.1,1500,1.566728042699026,0.40714285714285714,0.20357142857142857,0.9166666666666666,1.2003489442656472,0.09828030628655983
aft_lognormal_nonlinear,Log-Normal AFT (Nonlinear),Nonlinear log-normal accelerated-failure-time DGP; all three working models are misspecified.,0.7,18,29260432,plugin_cox,Cox Plug-in,plug-in,Cox,misspecified,FALSE,2000,0.3,3,0.3,0.7,0.2,0.1,1500,1.566728042699026,0.40714285714285714,0.20357142857142857,0.925,1.2259121063322158,0.07030054281878341
aft_lognormal_nonlinear,Log-Normal AFT (Nonlinear),Nonlinear log-normal accelerated-failure-time DGP; all three working models are misspecified.,0.7,18,29260432,plugin_lognormal,Log-Normal Plug-in,plug-in,Log-Normal,misspecified,FALSE,2000,0.3,3,0.3,0.7,0.2,0.1,1500,1.566728042699026,0.40714285714285714,0.20357142857142857,0.925,1.2147995308885253,0.10657814278231692
aft_lognormal_nonlinear,Log-Normal AFT (Nonlinear),Nonlinear log-normal accelerated-failure-time DGP; all three working models are misspecified.,0.7,18,29260432,plugin_weibull,Weibull Plug-in,plug-in,Weibull,misspecified,FALSE,2000,0.3,3,0.3,0.7,0.2,0.1,1500,1.566728042699026,0.40714285714285714,0.20357142857142857,0.9283333333333333,1.231664429229311,0.08988000324825576
aft_lognormal_nonlinear,Log-Normal AFT (Nonlinear),Nonlinear log-normal accelerated-failure-time DGP; all three working models are misspecified.,0.7,19,29260433,cp_cox,CP + Cox,conformal,Cox,misspecified,TRUE,2000,0.3,3,0.3,0.7,0.2,0.1,1500,1.5568487674316782,0.4057142857142857,0.21571428571428572,0.89,1.1770458828463697,0.1054092177542756
aft_lognormal_nonlinear,Log-Normal AFT (Nonlinear),Nonlinear log-normal accelerated-failure-time DGP; all three working models are misspecified.,0.7,19,29260433,cp_lognormal,CP + Log-Normal,conformal,Log-Normal,misspecified,TRUE,2000,0.3,3,0.3,0.7,0.2,0.1,1500,1.5568487674316782,0.4057142857142857,0.21571428571428572,0.89,1.1658188329874541,0.13567093426369126
aft_lognormal_nonlinear,Log-Normal AFT (Nonlinear),Nonlinear log-normal accelerated-failure-time DGP; all three working models are misspecified.,0.7,19,29260433,cp_weibull,CP + Weibull,conformal,Weibull,misspecified,TRUE,2000,0.3,3,0.3,0.7,0.2,0.1,1500,1.5568487674316782,0.4057142857142857,0.21571428571428572,0.8866666666666667,1.1616989060409266,0.13315066732805755
aft_lognormal_nonlinear,Log-Normal AFT (Nonlinear),Nonlinear log-normal accelerated-failure-time DGP; all three working models are misspecified.,0.7,19,29260433,plugin_cox,Cox Plug-in,plug-in,Cox,misspecified,FALSE,2000,0.3,3,0.3,0.7,0.2,0.1,1500,1.5568487674316782,0.4057142857142857,0.21571428571428572,0.8866666666666667,1.167000479737984,0.10916007383788913
aft_lognormal_nonlinear,Log-Normal AFT (Nonlinear),Nonlinear log-normal accelerated-failure-time DGP; all three working models are misspecified.,0.7,19,29260433,plugin_lognormal,Log-Normal Plug-in,plug-in,Log-Normal,misspecified,FALSE,2000,0.3,3,0.3,0.7,0.2,0.1,1500,1.5568487674316782,0.4057142857142857,0.21571428571428572,0.8866666666666667,1.1583433476772722,0.13826461312755736
aft_lognormal_nonlinear,Log-Normal AFT (Nonlinear),Nonlinear log-normal accelerated-failure-time DGP; all three working models are misspecified.,0.7,19,29260433,plugin_weibull,Weibull Plug-in,plug-in,Weibull,misspecified,FALSE,2000,0.3,3,0.3,0.7,0.2,0.1,1500,1.5568487674316782,0.4057142857142857,0.21571428571428572,0.89,1.1711682917974493,0.12995983985761345
aft_lognormal_nonlinear,Log-Normal AFT (Nonlinear),Nonlinear log-normal accelerated-failure-time DGP; all three working models are misspecified.,0.7,20,29260434,cp_cox,CP + Cox,conformal,Cox,misspecified,TRUE,2000,0.3,3,0.3,0.7,0.2,0.1,1500,1.6285085407939501,0.3992857142857143,0.22214285714285714,0.895,1.221096261521083,0.08256363359174966
aft_lognormal_nonlinear,Log-Normal AFT (Nonlinear),Nonlinear log-normal accelerated-failure-time DGP; all three working models are misspecified.,0.7,20,29260434,cp_lognormal,CP + Log-Normal,conformal,Log-Normal,misspecified,TRUE,2000,0.3,3,0.3,0.7,0.2,0.1,1500,1.6285085407939501,0.3992857142857143,0.22214285714285714,0.905,1.2222166857608907,0.11319354802843483
aft_lognormal_nonlinear,Log-Normal AFT (Nonlinear),Nonlinear log-normal accelerated-failure-time DGP; all three working models are misspecified.,0.7,20,29260434,cp_weibull,CP + Weibull,conformal,Weibull,misspecified,TRUE,2000,0.3,3,0.3,0.7,0.2,0.1,1500,1.6285085407939501,0.3992857142857143,0.22214285714285714,0.9133333333333333,1.2379531160894368,0.09730669970679681
aft_lognormal_nonlinear,Log-Normal AFT (Nonlinear),Nonlinear log-normal accelerated-failure-time DGP; all three working models are misspecified.,0.7,20,29260434,plugin_cox,Cox Plug-in,plug-in,Cox,misspecified,FALSE,2000,0.3,3,0.3,0.7,0.2,0.1,1500,1.6285085407939501,0.3992857142857143,0.22214285714285714,0.915,1.2517037142335834,0.07290294724539986
aft_lognormal_nonlinear,Log-Normal AFT (Nonlinear),Nonlinear log-normal accelerated-failure-time DGP; all three working models are misspecified.,0.7,20,29260434,plugin_lognormal,Log-Normal Plug-in,plug-in,Log-Normal,misspecified,FALSE,2000,0.3,3,0.3,0.7,0.2,0.1,1500,1.6285085407939501,0.3992857142857143,0.22214285714285714,0.915,1.2422447652243709,0.10761369367845698
aft_lognormal_nonlinear,Log-Normal AFT (Nonlinear),Nonlinear log-normal accelerated-failure-time DGP; all three working models are misspecified.,0.7,20,29260434,plugin_weibull,Weibull Plug-in,plug-in,Weibull,misspecified,FALSE,2000,0.3,3,0.3,0.7,0.2,0.1,1500,1.6285085407939501,0.3992857142857143,0.22214285714285714,0.9183333333333333,1.257962111170098,0.09232146802752425
aft_lognormal_nonlinear,Log-Normal AFT (Nonlinear),Nonlinear log-normal accelerated-failure-time DGP; all three working models are misspecified.,0.7,21,29260435,cp_cox,CP + Cox,conformal,Cox,misspecified,TRUE,2000,0.3,3,0.3,0.7,0.2,0.1,1500,1.5250041040695879,0.42,0.215,0.8983333333333333,1.1487453899329922,0.09789225693690012
aft_lognormal_nonlinear,Log-Normal AFT (Nonlinear),Nonlinear log-normal accelerated-failure-time DGP; all three working models are misspecified.,0.7,21,29260435,cp_lognormal,CP + Log-Normal,conformal,Log-Normal,misspecified,TRUE,2000,0.3,3,0.3,0.7,0.2,0.1,1500,1.5250041040695879,0.42,0.215,0.8833333333333333,1.1132102993141109,0.14380639885573504
aft_lognormal_nonlinear,Log-Normal AFT (Nonlinear),Nonlinear log-normal accelerated-failure-time DGP; all three working models are misspecified.,0.7,21,29260435,cp_weibull,CP + Weibull,conformal,Weibull,misspecified,TRUE,2000,0.3,3,0.3,0.7,0.2,0.1,1500,1.5250041040695879,0.42,0.215,0.885,1.1260534888078686,0.11270008541723338
aft_lognormal_nonlinear,Log-Normal AFT (Nonlinear),Nonlinear log-normal accelerated-failure-time DGP; all three working models are misspecified.,0.7,21,29260435,plugin_cox,Cox Plug-in,plug-in,Cox,misspecified,FALSE,2000,0.3,3,0.3,0.7,0.2,0.1,1500,1.5250041040695879,0.42,0.215,0.91,1.1656478041128315,0.093476663128465
aft_lognormal_nonlinear,Log-Normal AFT (Nonlinear),Nonlinear log-normal accelerated-failure-time DGP; all three working models are misspecified.,0.7,21,29260435,plugin_lognormal,Log-Normal Plug-in,plug-in,Log-Normal,misspecified,FALSE,2000,0.3,3,0.3,0.7,0.2,0.1,1500,1.5250041040695879,0.42,0.215,0.9083333333333333,1.148875710549972,0.13135134417956362
aft_lognormal_nonlinear,Log-Normal AFT (Nonlinear),Nonlinear log-normal accelerated-failure-time DGP; all three working models are misspecified.,0.7,21,29260435,plugin_weibull,Weibull Plug-in,plug-in,Weibull,misspecified,FALSE,2000,0.3,3,0.3,0.7,0.2,0.1,1500,1.5250041040695879,0.42,0.215,0.9166666666666666,1.1703318927982522,0.10019182068230789
aft_lognormal_nonlinear,Log-Normal AFT (Nonlinear),Nonlinear log-normal accelerated-failure-time DGP; all three working models are misspecified.,0.7,22,29260436,cp_cox,CP + Cox,conformal,Cox,misspecified,TRUE,2000,0.3,3,0.3,0.7,0.2,0.1,1500,1.6419608837843986,0.40785714285714286,0.22357142857142856,0.845,1.231344511820013,0.10367333785532384
aft_lognormal_nonlinear,Log-Normal AFT (Nonlinear),Nonlinear log-normal accelerated-failure-time DGP; all three working models are misspecified.,0.7,22,29260436,cp_lognormal,CP + Log-Normal,conformal,Log-Normal,misspecified,TRUE,2000,0.3,3,0.3,0.7,0.2,0.1,1500,1.6419608837843986,0.40785714285714286,0.22357142857142856,0.8433333333333334,1.222329997962117,0.14820989230623777
aft_lognormal_nonlinear,Log-Normal AFT (Nonlinear),Nonlinear log-normal accelerated-failure-time DGP; all three working models are misspecified.,0.7,22,29260436,cp_weibull,CP + Weibull,conformal,Weibull,misspecified,TRUE,2000,0.3,3,0.3,0.7,0.2,0.1,1500,1.6419608837843986,0.40785714285714286,0.22357142857142856,0.8633333333333333,1.2442649320276267,0.12910605912645148
aft_lognormal_nonlinear,Log-Normal AFT (Nonlinear),Nonlinear log-normal accelerated-failure-time DGP; all three working models are misspecified.,0.7,22,29260436,plugin_cox,Cox Plug-in,plug-in,Cox,misspecified,FALSE,2000,0.3,3,0.3,0.7,0.2,0.1,1500,1.6419608837843986,0.40785714285714286,0.22357142857142856,0.8566666666666667,1.2408487768956564,0.10066624476538981
aft_lognormal_nonlinear,Log-Normal AFT (Nonlinear),Nonlinear log-normal accelerated-failure-time DGP; all three working models are misspecified.,0.7,22,29260436,plugin_lognormal,Log-Normal Plug-in,plug-in,Log-Normal,misspecified,FALSE,2000,0.3,3,0.3,0.7,0.2,0.1,1500,1.6419608837843986,0.40785714285714286,0.22357142857142856,0.8483333333333334,1.225968695295041,0.14692473680870835
aft_lognormal_nonlinear,Log-Normal AFT (Nonlinear),Nonlinear log-normal accelerated-failure-time DGP; all three working models are misspecified.,0.7,22,29260436,plugin_weibull,Weibull Plug-in,plug-in,Weibull,misspecified,FALSE,2000,0.3,3,0.3,0.7,0.2,0.1,1500,1.6419608837843986,0.40785714285714286,0.22357142857142856,0.8666666666666667,1.2497482685954595,0.12732597569334222
aft_lognormal_nonlinear,Log-Normal AFT (Nonlinear),Nonlinear log-normal accelerated-failure-time DGP; all three working models are misspecified.,0.7,23,29260437,cp_cox,CP + Cox,conformal,Cox,misspecified,TRUE,2000,0.3,3,0.3,0.7,0.2,0.1,1500,1.5841132023876463,0.3892857142857143,0.22071428571428572,0.89,1.2090198972947361,0.09506453470319036
aft_lognormal_nonlinear,Log-Normal AFT (Nonlinear),Nonlinear log-normal accelerated-failure-time DGP; all three working models are misspecified.,0.7,23,29260437,cp_lognormal,CP + Log-Normal,conformal,Log-Normal,misspecified,TRUE,2000,0.3,3,0.3,0.7,0.2,0.1,1500,1.5841132023876463,0.3892857142857143,0.22071428571428572,0.8983333333333333,1.196473478476913,0.13547455912880432
aft_lognormal_nonlinear,Log-Normal AFT (Nonlinear),Nonlinear log-normal accelerated-failure-time DGP; all three working models are misspecified.,0.7,23,29260437,cp_weibull,CP + Weibull,conformal,Weibull,misspecified,TRUE,2000,0.3,3,0.3,0.7,0.2,0.1,1500,1.5841132023876463,0.3892857142857143,0.22071428571428572,0.8983333333333333,1.2094814525847828,0.11202207496695187
aft_lognormal_nonlinear,Log-Normal AFT (Nonlinear),Nonlinear log-normal accelerated-failure-time DGP; all three working models are misspecified.,0.7,23,29260437,plugin_cox,Cox Plug-in,plug-in,Cox,misspecified,FALSE,2000,0.3,3,0.3,0.7,0.2,0.1,1500,1.5841132023876463,0.3892857142857143,0.22071428571428572,0.9,1.2279560464293986,0.08793516635123975
aft_lognormal_nonlinear,Log-Normal AFT (Nonlinear),Nonlinear log-normal accelerated-failure-time DGP; all three working models are misspecified.,0.7,23,29260437,plugin_lognormal,Log-Normal Plug-in,plug-in,Log-Normal,misspecified,FALSE,2000,0.3,3,0.3,0.7,0.2,0.1,1500,1.5841132023876463,0.3892857142857143,0.22071428571428572,0.8983333333333333,1.1935244564018033,0.1365052003165961
aft_lognormal_nonlinear,Log-Normal AFT (Nonlinear),Nonlinear log-normal accelerated-failure-time DGP; all three working models are misspecified.,0.7,23,29260437,plugin_weibull,Weibull Plug-in,plug-in,Weibull,misspecified,FALSE,2000,0.3,3,0.3,0.7,0.2,0.1,1500,1.5841132023876463,0.3892857142857143,0.22071428571428572,0.915,1.2277760300637395,0.10655164558953042
aft_lognormal_nonlinear,Log-Normal AFT (Nonlinear),Nonlinear log-normal accelerated-failure-time DGP; all three working models are misspecified.,0.7,24,29260438,cp_cox,CP + Cox,conformal,Cox,misspecified,TRUE,2000,0.3,3,0.3,0.7,0.2,0.1,1500,1.5478951973544017,0.42214285714285715,0.21214285714285713,0.9,1.1659251464380425,0.09506789264918934
aft_lognormal_nonlinear,Log-Normal AFT (Nonlinear),Nonlinear log-normal accelerated-failure-time DGP; all three working models are misspecified.,0.7,24,29260438,cp_lognormal,CP + Log-Normal,conformal,Log-Normal,misspecified,TRUE,2000,0.3,3,0.3,0.7,0.2,0.1,1500,1.5478951973544017,0.42214285714285715,0.21214285714285713,0.905,1.1740575316147042,0.12549411279343115
aft_lognormal_nonlinear,Log-Normal AFT (Nonlinear),Nonlinear log-normal accelerated-failure-time DGP; all three working models are misspecified.,0.7,24,29260438,cp_weibull,CP + Weibull,conformal,Weibull,misspecified,TRUE,2000,0.3,3,0.3,0.7,0.2,0.1,1500,1.5478951973544017,0.42214285714285715,0.21214285714285713,0.9033333333333333,1.1736668614160528,0.10719574013736018
aft_lognormal_nonlinear,Log-Normal AFT (Nonlinear),Nonlinear log-normal accelerated-failure-time DGP; all three working models are misspecified.,0.7,24,29260438,plugin_cox,Cox Plug-in,plug-in,Cox,misspecified,FALSE,2000,0.3,3,0.3,0.7,0.2,0.1,1500,1.5478951973544017,0.42214285714285715,0.21214285714285713,0.9083333333333333,1.1880617922835253,0.08831325610556987
aft_lognormal_nonlinear,Log-Normal AFT (Nonlinear),Nonlinear log-normal accelerated-failure-time DGP; all three working models are misspecified.,0.7,24,29260438,plugin_lognormal,Log-Normal Plug-in,plug-in,Log-Normal,misspecified,FALSE,2000,0.3,3,0.3,0.7,0.2,0.1,1500,1.5478951973544017,0.42214285714285715,0.21214285714285713,0.9,1.1655160253223964,0.12836142353364702
aft_lognormal_nonlinear,Log-Normal AFT (Nonlinear),Nonlinear log-normal accelerated-failure-time DGP; all three working models are misspecified.,0.7,24,29260438,plugin_weibull,Weibull Plug-in,plug-in,Weibull,misspecified,FALSE,2000,0.3,3,0.3,0.7,0.2,0.1,1500,1.5478951973544017,0.42214285714285715,0.21214285714285713,0.9083333333333333,1.1857985205260646,0.10372069014112974
aft_lognormal_nonlinear,Log-Normal AFT (Nonlinear),Nonlinear log-normal accelerated-failure-time DGP; all three working models are misspecified.,0.7,25,29260439,cp_cox,CP + Cox,conformal,Cox,misspecified,TRUE,2000,0.3,3,0.3,0.7,0.2,0.1,1500,1.584622072368907,0.4185714285714286,0.20642857142857143,0.895,1.1929484260983434,0.08469414750641233
aft_lognormal_nonlinear,Log-Normal AFT (Nonlinear),Nonlinear log-normal accelerated-failure-time DGP; all three working models are misspecified.,0.7,25,29260439,cp_lognormal,CP + Log-Normal,conformal,Log-Normal,misspecified,TRUE,2000,0.3,3,0.3,0.7,0.2,0.1,1500,1.584622072368907,0.4185714285714286,0.20642857142857143,0.885,1.1598058278773133,0.1330310051168214
aft_lognormal_nonlinear,Log-Normal AFT (Nonlinear),Nonlinear log-normal accelerated-failure-time DGP; all three working models are misspecified.,0.7,25,29260439,cp_weibull,CP + Weibull,conformal,Weibull,misspecified,TRUE,2000,0.3,3,0.3,0.7,0.2,0.1,1500,1.584622072368907,0.4185714285714286,0.20642857142857143,0.8833333333333333,1.1601638077811394,0.11910792422850401
aft_lognormal_nonlinear,Log-Normal AFT (Nonlinear),Nonlinear log-normal accelerated-failure-time DGP; all three working models are misspecified.,0.7,25,29260439,plugin_cox,Cox Plug-in,plug-in,Cox,misspecified,FALSE,2000,0.3,3,0.3,0.7,0.2,0.1,1500,1.584622072368907,0.4185714285714286,0.20642857142857143,0.895,1.193654877872177,0.08453686343234547
aft_lognormal_nonlinear,Log-Normal AFT (Nonlinear),Nonlinear log-normal accelerated-failure-time DGP; all three working models are misspecified.,0.7,25,29260439,plugin_lognormal,Log-Normal Plug-in,plug-in,Log-Normal,misspecified,FALSE,2000,0.3,3,0.3,0.7,0.2,0.1,1500,1.584622072368907,0.4185714285714286,0.20642857142857143,0.9016666666666666,1.189418254971825,0.12375788764212134
aft_lognormal_nonlinear,Log-Normal AFT (Nonlinear),Nonlinear log-normal accelerated-failure-time DGP; all three working models are misspecified.,0.7,25,29260439,plugin_weibull,Weibull Plug-in,plug-in,Weibull,misspecified,FALSE,2000,0.3,3,0.3,0.7,0.2,0.1,1500,1.584622072368907,0.4185714285714286,0.20642857142857143,0.9083333333333333,1.207845261051226,0.10572795404765686
aft_lognormal_nonlinear,Log-Normal AFT (Nonlinear),Nonlinear log-normal accelerated-failure-time DGP; all three working models are misspecified.,0.7,26,29260440,cp_cox,CP + Cox,conformal,Cox,misspecified,TRUE,2000,0.3,3,0.3,0.7,0.2,0.1,1500,1.5930673251727279,0.415,0.20714285714285716,0.8633333333333333,1.205744291945294,0.09412467087459528
aft_lognormal_nonlinear,Log-Normal AFT (Nonlinear),Nonlinear log-normal accelerated-failure-time DGP; all three working models are misspecified.,0.7,26,29260440,cp_lognormal,CP + Log-Normal,conformal,Log-Normal,misspecified,TRUE,2000,0.3,3,0.3,0.7,0.2,0.1,1500,1.5930673251727279,0.415,0.20714285714285716,0.8666666666666667,1.1951513697744371,0.1303378263311397
aft_lognormal_nonlinear,Log-Normal AFT (Nonlinear),Nonlinear log-normal accelerated-failure-time DGP; all three working models are misspecified.,0.7,26,29260440,cp_weibull,CP + Weibull,conformal,Weibull,misspecified,TRUE,2000,0.3,3,0.3,0.7,0.2,0.1,1500,1.5930673251727279,0.415,0.20714285714285716,0.87,1.2107947906585237,0.10093124473436614
aft_lognormal_nonlinear,Log-Normal AFT (Nonlinear),Nonlinear log-normal accelerated-failure-time DGP; all three working models are misspecified.,0.7,26,29260440,plugin_cox,Cox Plug-in,plug-in,Cox,misspecified,FALSE,2000,0.3,3,0.3,0.7,0.2,0.1,1500,1.5930673251727279,0.415,0.20714285714285716,0.8833333333333333,1.2453221040081095,0.08048644917723105
aft_lognormal_nonlinear,Log-Normal AFT (Nonlinear),Nonlinear log-normal accelerated-failure-time DGP; all three working models are misspecified.,0.7,26,29260440,plugin_lognormal,Log-Normal Plug-in,plug-in,Log-Normal,misspecified,FALSE,2000,0.3,3,0.3,0.7,0.2,0.1,1500,1.5930673251727279,0.415,0.20714285714285716,0.8783333333333333,1.2210768483567433,0.12184590616767185
aft_lognormal_nonlinear,Log-Normal AFT (Nonlinear),Nonlinear log-normal accelerated-failure-time DGP; all three working models are misspecified.,0.7,26,29260440,plugin_weibull,Weibull Plug-in,plug-in,Weibull,misspecified,FALSE,2000,0.3,3,0.3,0.7,0.2,0.1,1500,1.5930673251727279,0.415,0.20714285714285716,0.8833333333333333,1.2427517168910345,0.09249367192618474
aft_lognormal_nonlinear,Log-Normal AFT (Nonlinear),Nonlinear log-normal accelerated-failure-time DGP; all three working models are misspecified.,0.7,27,29260441,cp_cox,CP + Cox,conformal,Cox,misspecified,TRUE,2000,0.3,3,0.3,0.7,0.2,0.1,1500,1.5934488028902565,0.3992857142857143,0.21214285714285713,0.9016666666666666,1.2200030001346678,0.10213971036743473
aft_lognormal_nonlinear,Log-Normal AFT (Nonlinear),Nonlinear log-normal accelerated-failure-time DGP; all three working models are misspecified.,0.7,27,29260441,cp_lognormal,CP + Log-Normal,conformal,Log-Normal,misspecified,TRUE,2000,0.3,3,0.3,0.7,0.2,0.1,1500,1.5934488028902565,0.3992857142857143,0.21214285714285713,0.89,1.1950978199379811,0.1533817071515854
aft_lognormal_nonlinear,Log-Normal AFT (Nonlinear),Nonlinear log-normal accelerated-failure-time DGP; all three working models are misspecified.,0.7,27,29260441,cp_weibull,CP + Weibull,conformal,Weibull,misspecified,TRUE,2000,0.3,3,0.3,0.7,0.2,0.1,1500,1.5934488028902565,0.3992857142857143,0.21214285714285713,0.9116666666666666,1.2284215175378506,0.12469891507268835
aft_lognormal_nonlinear,Log-Normal AFT (Nonlinear),Nonlinear log-normal accelerated-failure-time DGP; all three working models are misspecified.,0.7,27,29260441,plugin_cox,Cox Plug-in,plug-in,Cox,misspecified,FALSE,2000,0.3,3,0.3,0.7,0.2,0.1,1500,1.5934488028902565,0.3992857142857143,0.21214285714285713,0.9033333333333333,1.2259409469631473,0.10032310262467208
aft_lognormal_nonlinear,Log-Normal AFT (Nonlinear),Nonlinear log-normal accelerated-failure-time DGP; all three working models are misspecified.,0.7,27,29260441,plugin_lognormal,Log-Normal Plug-in,plug-in,Log-Normal,misspecified,FALSE,2000,0.3,3,0.3,0.7,0.2,0.1,1500,1.5934488028902565,0.3992857142857143,0.21214285714285713,0.9016666666666666,1.212625865529371,0.14663268011037375
aft_lognormal_nonlinear,Log-Normal AFT (Nonlinear),Nonlinear log-normal accelerated-failure-time DGP; all three working models are misspecified.,0.7,27,29260441,plugin_weibull,Weibull Plug-in,plug-in,Weibull,misspecified,FALSE,2000,0.3,3,0.3,0.7,0.2,0.1,1500,1.5934488028902565,0.3992857142857143,0.21214285714285713,0.915,1.2348528186319174,0.12250188405304362
aft_lognormal_nonlinear,Log-Normal AFT (Nonlinear),Nonlinear log-normal accelerated-failure-time DGP; all three working models are misspecified.,0.7,28,29260442,cp_cox,CP + Cox,conformal,Cox,misspecified,TRUE,2000,0.3,3,0.3,0.7,0.2,0.1,1500,1.4848626372232743,0.4164285714285714,0.2042857142857143,0.8883333333333333,1.1030171622049976,0.08817492943792507
aft_lognormal_nonlinear,Log-Normal AFT (Nonlinear),Nonlinear log-normal accelerated-failure-time DGP; all three working models are misspecified.,0.7,28,29260442,cp_lognormal,CP + Log-Normal,conformal,Log-Normal,misspecified,TRUE,2000,0.3,3,0.3,0.7,0.2,0.1,1500,1.4848626372232743,0.4164285714285714,0.2042857142857143,0.895,1.1076166058996904,0.12417174083513037
aft_lognormal_nonlinear,Log-Normal AFT (Nonlinear),Nonlinear log-normal accelerated-failure-time DGP; all three working models are misspecified.,0.7,28,29260442,cp_weibull,CP + Weibull,conformal,Weibull,misspecified,TRUE,2000,0.3,3,0.3,0.7,0.2,0.1,1500,1.4848626372232743,0.4164285714285714,0.2042857142857143,0.8916666666666667,1.0934740573502373,0.11658481087251352
aft_lognormal_nonlinear,Log-Normal AFT (Nonlinear),Nonlinear log-normal accelerated-failure-time DGP; all three working models are misspecified.,0.7,28,29260442,plugin_cox,Cox Plug-in,plug-in,Cox,misspecified,FALSE,2000,0.3,3,0.3,0.7,0.2,0.1,1500,1.4848626372232743,0.4164285714285714,0.2042857142857143,0.8966666666666666,1.1186457760617414,0.08375341293364144
aft_lognormal_nonlinear,Log-Normal AFT (Nonlinear),Nonlinear log-normal accelerated-failure-time DGP; all three working models are misspecified.,0.7,28,29260442,plugin_lognormal,Log-Normal Plug-in,plug-in,Log-Normal,misspecified,FALSE,2000,0.3,3,0.3,0.7,0.2,0.1,1500,1.4848626372232743,0.4164285714285714,0.2042857142857143,0.895,1.1114680086326938,0.12290403927618683
aft_lognormal_nonlinear,Log-Normal AFT (Nonlinear),Nonlinear log-normal accelerated-failure-time DGP; all three working models are misspecified.,0.7,28,29260442,plugin_weibull,Weibull Plug-in,plug-in,Weibull,misspecified,FALSE,2000,0.3,3,0.3,0.7,0.2,0.1,1500,1.4848626372232743,0.4164285714285714,0.2042857142857143,0.9033333333333333,1.125132913707181,0.10715443407917002
aft_lognormal_nonlinear,Log-Normal AFT (Nonlinear),Nonlinear log-normal accelerated-failure-time DGP; all three working models are misspecified.,0.7,29,29260443,cp_cox,CP + Cox,conformal,Cox,misspecified,TRUE,2000,0.3,3,0.3,0.7,0.2,0.1,1500,1.5788326366495853,0.4107142857142857,0.21357142857142858,0.9166666666666666,1.225158964605733,0.08558222381683521
aft_lognormal_nonlinear,Log-Normal AFT (Nonlinear),Nonlinear log-normal accelerated-failure-time DGP; all three working models are misspecified.,0.7,29,29260443,cp_lognormal,CP + Log-Normal,conformal,Log-Normal,misspecified,TRUE,2000,0.3,3,0.3,0.7,0.2,0.1,1500,1.5788326366495853,0.4107142857142857,0.21357142857142858,0.9233333333333333,1.2445890480112682,0.10960282470178093
aft_lognormal_nonlinear,Log-Normal AFT (Nonlinear),Nonlinear log-normal accelerated-failure-time DGP; all three working models are misspecified.,0.7,29,29260443,cp_weibull,CP + Weibull,conformal,Weibull,misspecified,TRUE,2000,0.3,3,0.3,0.7,0.2,0.1,1500,1.5788326366495853,0.4107142857142857,0.21357142857142858,0.92,1.2342688769897214,0.09622124849261153
aft_lognormal_nonlinear,Log-Normal AFT (Nonlinear),Nonlinear log-normal accelerated-failure-time DGP; all three working models are misspecified.,0.7,29,29260443,plugin_cox,Cox Plug-in,plug-in,Cox,misspecified,FALSE,2000,0.3,3,0.3,0.7,0.2,0.1,1500,1.5788326366495853,0.4107142857142857,0.21357142857142858,0.9233333333333333,1.235973263917258,0.08259407769759211
aft_lognormal_nonlinear,Log-Normal AFT (Nonlinear),Nonlinear log-normal accelerated-failure-time DGP; all three working models are misspecified.,0.7,29,29260443,plugin_lognormal,Log-Normal Plug-in,plug-in,Log-Normal,misspecified,FALSE,2000,0.3,3,0.3,0.7,0.2,0.1,1500,1.5788326366495853,0.4107142857142857,0.21357142857142858,0.915,1.2260006811200963,0.11569819223348274
aft_lognormal_nonlinear,Log-Normal AFT (Nonlinear),Nonlinear log-normal accelerated-failure-time DGP; all three working models are misspecified.,0.7,29,29260443,plugin_weibull,Weibull Plug-in,plug-in,Weibull,misspecified,FALSE,2000,0.3,3,0.3,0.7,0.2,0.1,1500,1.5788326366495853,0.4107142857142857,0.21357142857142858,0.9283333333333333,1.2471580304406693,0.09262188436247969
aft_lognormal_nonlinear,Log-Normal AFT (Nonlinear),Nonlinear log-normal accelerated-failure-time DGP; all three working models are misspecified.,0.7,30,29260444,cp_cox,CP + Cox,conformal,Cox,misspecified,TRUE,2000,0.3,3,0.3,0.7,0.2,0.1,1500,1.5194435849779329,0.4085714285714286,0.20642857142857143,0.9116666666666666,1.147849114316512,0.08633235075659823
aft_lognormal_nonlinear,Log-Normal AFT (Nonlinear),Nonlinear log-normal accelerated-failure-time DGP; all three working models are misspecified.,0.7,30,29260444,cp_lognormal,CP + Log-Normal,conformal,Log-Normal,misspecified,TRUE,2000,0.3,3,0.3,0.7,0.2,0.1,1500,1.5194435849779329,0.4085714285714286,0.20642857142857143,0.9133333333333333,1.1435666088713239,0.12431996110274511
aft_lognormal_nonlinear,Log-Normal AFT (Nonlinear),Nonlinear log-normal accelerated-failure-time DGP; all three working models are misspecified.,0.7,30,29260444,cp_weibull,CP + Weibull,conformal,Weibull,misspecified,TRUE,2000,0.3,3,0.3,0.7,0.2,0.1,1500,1.5194435849779329,0.4085714285714286,0.20642857142857143,0.9133333333333333,1.1509548497004027,0.10902631991720943
aft_lognormal_nonlinear,Log-Normal AFT (Nonlinear),Nonlinear log-normal accelerated-failure-time DGP; all three working models are misspecified.,0.7,30,29260444,plugin_cox,Cox Plug-in,plug-in,Cox,misspecified,FALSE,2000,0.3,3,0.3,0.7,0.2,0.1,1500,1.5194435849779329,0.4085714285714286,0.20642857142857143,0.9116666666666666,1.1495327385660798,0.08577449254757202
aft_lognormal_nonlinear,Log-Normal AFT (Nonlinear),Nonlinear log-normal accelerated-failure-time DGP; all three working models are misspecified.,0.7,30,29260444,plugin_lognormal,Log-Normal Plug-in,plug-in,Log-Normal,misspecified,FALSE,2000,0.3,3,0.3,0.7,0.2,0.1,1500,1.5194435849779329,0.4085714285714286,0.20642857142857143,0.9116666666666666,1.1405303604832508,0.12532418936225012
aft_lognormal_nonlinear,Log-Normal AFT (Nonlinear),Nonlinear log-normal accelerated-failure-time DGP; all three working models are misspecified.,0.7,30,29260444,plugin_weibull,Weibull Plug-in,plug-in,Weibull,misspecified,FALSE,2000,0.3,3,0.3,0.7,0.2,0.1,1500,1.5194435849779329,0.4085714285714286,0.20642857142857143,0.9183333333333333,1.1617233602694343,0.10584019517055515
aft_lognormal_nonlinear,Log-Normal AFT (Nonlinear),Nonlinear log-normal accelerated-failure-time DGP; all three working models are misspecified.,0.8,1,30260415,cp_cox,CP + Cox,conformal,Cox,misspecified,TRUE,2000,0.3,3,0.3,0.7,0.2,0.1,1500,2.0037449571824077,0.3271428571428571,0.11214285714285714,0.8933333333333333,1.6340569377642,0.062234216275570325
aft_lognormal_nonlinear,Log-Normal AFT (Nonlinear),Nonlinear log-normal accelerated-failure-time DGP; all three working models are misspecified.,0.8,1,30260415,cp_lognormal,CP + Log-Normal,conformal,Log-Normal,misspecified,TRUE,2000,0.3,3,0.3,0.7,0.2,0.1,1500,2.0037449571824077,0.3271428571428571,0.11214285714285714,0.8833333333333333,1.58881433669497,0.11637878965800287
aft_lognormal_nonlinear,Log-Normal AFT (Nonlinear),Nonlinear log-normal accelerated-failure-time DGP; all three working models are misspecified.,0.8,1,30260415,cp_weibull,CP + Weibull,conformal,Weibull,misspecified,TRUE,2000,0.3,3,0.3,0.7,0.2,0.1,1500,2.0037449571824077,0.3271428571428571,0.11214285714285714,0.8666666666666667,1.576396149219772,0.10879228216599088
aft_lognormal_nonlinear,Log-Normal AFT (Nonlinear),Nonlinear log-normal accelerated-failure-time DGP; all three working models are misspecified.,0.8,1,30260415,plugin_cox,Cox Plug-in,plug-in,Cox,misspecified,FALSE,2000,0.3,3,0.3,0.7,0.2,0.1,1500,2.0037449571824077,0.3271428571428571,0.11214285714285714,0.8883333333333333,1.6234526022586195,0.064679329379965525
aft_lognormal_nonlinear,Log-Normal AFT (Nonlinear),Nonlinear log-normal accelerated-failure-time DGP; all three working models are misspecified.,0.8,1,30260415,plugin_lognormal,Log-Normal Plug-in,plug-in,Log-Normal,misspecified,FALSE,2000,0.3,3,0.3,0.7,0.2,0.1,1500,2.0037449571824077,0.3271428571428571,0.11214285714285714,0.8933333333333333,1.609437859536365,0.11059435122840194
aft_lognormal_nonlinear,Log-Normal AFT (Nonlinear),Nonlinear log-normal accelerated-failure-time DGP; all three working models are misspecified.,0.8,1,30260415,plugin_weibull,Weibull Plug-in,plug-in,Weibull,misspecified,FALSE,2000,0.3,3,0.3,0.7,0.2,0.1,1500,2.0037449571824077,0.3271428571428571,0.11214285714285714,0.91,1.6414707794436385,0.0922259143623362
aft_lognormal_nonlinear,Log-Normal AFT (Nonlinear),Nonlinear log-normal accelerated-failure-time DGP; all three working models are misspecified.,0.8,2,30260416,cp_cox,CP + Cox,conformal,Cox,misspecified,TRUE,2000,0.3,3,0.3,0.7,0.2,0.1,1500,2.037171709436598,0.34214285714285714,0.12285714285714286,0.86,1.64153638549319,0.061069715736683336
aft_lognormal_nonlinear,Log-Normal AFT (Nonlinear),Nonlinear log-normal accelerated-failure-time DGP; all three working models are misspecified.,0.8,2,30260416,cp_lognormal,CP + Log-Normal,conformal,Log-Normal,misspecified,TRUE,2000,0.3,3,0.3,0.7,0.2,0.1,1500,2.037171709436598,0.34214285714285714,0.12285714285714286,0.87,1.6454423389119446,0.10473445036171142
aft_lognormal_nonlinear,Log-Normal AFT (Nonlinear),Nonlinear log-normal accelerated-failure-time DGP; all three working models are misspecified.,0.8,2,30260416,cp_weibull,CP + Weibull,conformal,Weibull,misspecified,TRUE,2000,0.3,3,0.3,0.7,0.2,0.1,1500,2.037171709436598,0.34214285714285714,0.12285714285714286,0.8766666666666667,1.6579229763792456,0.08438220474574243
aft_lognormal_nonlinear,Log-Normal AFT (Nonlinear),Nonlinear log-normal accelerated-failure-time DGP; all three working models are misspecified.,0.8,2,30260416,plugin_cox,Cox Plug-in,plug-in,Cox,misspecified,FALSE,2000,0.3,3,0.3,0.7,0.2,0.1,1500,2.037171709436598,0.34214285714285714,0.12285714285714286,0.8683333333333333,1.663527879893141,0.054861185490947734
aft_lognormal_nonlinear,Log-Normal AFT (Nonlinear),Nonlinear log-normal accelerated-failure-time DGP; all three working models are misspecified.,0.8,2,30260416,plugin_lognormal,Log-Normal Plug-in,plug-in,Log-Normal,misspecified,FALSE,2000,0.3,3,0.3,0.7,0.2,0.1,1500,2.037171709436598,0.34214285714285714,0.12285714285714286,0.875,1.6495605772491866,0.10363338043649266
aft_lognormal_nonlinear,Log-Normal AFT (Nonlinear),Nonlinear log-normal accelerated-failure-time DGP; all three working models are misspecified.,0.8,2,30260416,plugin_weibull,Weibull Plug-in,plug-in,Weibull,misspecified,FALSE,2000,0.3,3,0.3,0.7,0.2,0.1,1500,2.037171709436598,0.34214285714285714,0.12285714285714286,0.8983333333333333,1.686980001220793,0.07791706562789916
aft_lognormal_nonlinear,Log-Normal AFT (Nonlinear),Nonlinear log-normal accelerated-failure-time DGP; all three working models are misspecified.,0.8,3,30260417,cp_cox,CP + Cox,conformal,Cox,misspecified,TRUE,2000,0.3,3,0.3,0.7,0.2,0.1,1500,1.9320064600986477,0.3221428571428571,0.13357142857142856,0.8816666666666667,1.5310329363223771,0.08098090895580888
aft_lognormal_nonlinear,Log-Normal AFT (Nonlinear),Nonlinear log-normal accelerated-failure-time DGP; all three working models are misspecified.,0.8,3,30260417,cp_lognormal,CP + Log-Normal,conformal,Log-Normal,misspecified,TRUE,2000,0.3,3,0.3,0.7,0.2,0.1,1500,1.9320064600986477,0.3221428571428571,0.13357142857142856,0.895,1.529781315646428,0.12848288617678608
aft_lognormal_nonlinear,Log-Normal AFT (Nonlinear),Nonlinear log-normal accelerated-failure-time DGP; all three working models are misspecified.,0.8,3,30260417,cp_weibull,CP + Weibull,conformal,Weibull,misspecified,TRUE,2000,0.3,3,0.3,0.7,0.2,0.1,1500,1.9320064600986477,0.3221428571428571,0.13357142857142856,0.885,1.5235867576496218,0.11339323542049602
aft_lognormal_nonlinear,Log-Normal AFT (Nonlinear),Nonlinear log-normal accelerated-failure-time DGP; all three working models are misspecified.,0.8,3,30260417,plugin_cox,Cox Plug-in,plug-in,Cox,misspecified,FALSE,2000,0.3,3,0.3,0.7,0.2,0.1,1500,1.9320064600986477,0.3221428571428571,0.13357142857142856,0.8966666666666666,1.5655751678708554,0.06915165038680866
aft_lognormal_nonlinear,Log-Normal AFT (Nonlinear),Nonlinear log-normal accelerated-failure-time DGP; all three working models are misspecified.,0.8,3,30260417,plugin_lognormal,Log-Normal Plug-in,plug-in,Log-Normal,misspecified,FALSE,2000,0.3,3,0.3,0.7,0.2,0.1,1500,1.9320064600986477,0.3221428571428571,0.13357142857142856,0.9033333333333333,1.5411186024386372,0.12486141360460071
aft_lognormal_nonlinear,Log-Normal AFT (Nonlinear),Nonlinear log-normal accelerated-failure-time DGP; all three working models are misspecified.,0.8,3,30260417,plugin_weibull,Weibull Plug-in,plug-in,Weibull,misspecified,FALSE,2000,0.3,3,0.3,0.7,0.2,0.1,1500,1.9320064600986477,0.3221428571428571,0.13357142857142856,0.9133333333333333,1.583939792057666,0.09663687964741285
aft_lognormal_nonlinear,Log-Normal AFT (Nonlinear),Nonlinear log-normal accelerated-failure-time DGP; all three working models are misspecified.,0.8,4,30260418,cp_cox,CP + Cox,conformal,Cox,misspecified,TRUE,2000,0.3,3,0.3,0.7,0.2,0.1,1500,1.9841230228820879,0.3364285714285714,0.14357142857142857,0.87,1.6055711718611312,0.06581147326418166
aft_lognormal_nonlinear,Log-Normal AFT (Nonlinear),Nonlinear log-normal accelerated-failure-time DGP; all three working models are misspecified.,0.8,4,30260418,cp_lognormal,CP + Log-Normal,conformal,Log-Normal,misspecified,TRUE,2000,0.3,3,0.3,0.7,0.2,0.1,1500,1.9841230228820879,0.3364285714285714,0.14357142857142857,0.8766666666666667,1.580066130107016,0.12676628554834307
aft_lognormal_nonlinear,Log-Normal AFT (Nonlinear),Nonlinear log-normal accelerated-failure-time DGP; all three working models are misspecified.,0.8,4,30260418,cp_weibull,CP + Weibull,conformal,Weibull,misspecified,TRUE,2000,0.3,3,0.3,0.7,0.2,0.1,1500,1.9841230228820879,0.3364285714285714,0.14357142857142857,0.885,1.599610307042914,0.10561392846549122
aft_lognormal_nonlinear,Log-Normal AFT (Nonlinear),Nonlinear log-normal accelerated-failure-time DGP; all three working models are misspecified.,0.8,4,30260418,plugin_cox,Cox Plug-in,plug-in,Cox,misspecified,FALSE,2000,0.3,3,0.3,0.7,0.2,0.1,1500,1.9841230228820879,0.3364285714285714,0.14357142857142857,0.8733333333333333,1.606140928857888,0.06564051136482357
aft_lognormal_nonlinear,Log-Normal AFT (Nonlinear),Nonlinear log-normal accelerated-failure-time DGP; all three working models are misspecified.,0.8,4,30260418,plugin_lognormal,Log-Normal Plug-in,plug-in,Log-Normal,misspecified,FALSE,2000,0.3,3,0.3,0.7,0.2,0.1,1500,1.9841230228820879,0.3364285714285714,0.14357142857142857,0.8866666666666667,1.5962927110821359,0.12167545939453592
aft_lognormal_nonlinear,Log-Normal AFT (Nonlinear),Nonlinear log-normal accelerated-failure-time DGP; all three working models are misspecified.,0.8,4,30260418,plugin_weibull,Weibull Plug-in,plug-in,Weibull,misspecified,FALSE,2000,0.3,3,0.3,0.7,0.2,0.1,1500,1.9841230228820879,0.3364285714285714,0.14357142857142857,0.905,1.63649774037297,0.0954820743433364
aft_lognormal_nonlinear,Log-Normal AFT (Nonlinear),Nonlinear log-normal accelerated-failure-time DGP; all three working models are misspecified.,0.8,5,30260419,cp_cox,CP + Cox,conformal,Cox,misspecified,TRUE,2000,0.3,3,0.3,0.7,0.2,0.1,1500,2.1019811824197454,0.3264285714285714,0.13357142857142856,0.9216666666666666,1.7412072125554159,0.08881507881059132
aft_lognormal_nonlinear,Log-Normal AFT (Nonlinear),Nonlinear log-normal accelerated-failure-time DGP; all three working models are misspecified.,0.8,5,30260419,cp_lognormal,CP + Log-Normal,conformal,Log-Normal,misspecified,TRUE,2000,0.3,3,0.3,0.7,0.2,0.1,1500,2.1019811824197454,0.3264285714285714,0.13357142857142856,0.8883333333333333,1.6665778775701618,0.15429937248879685
aft_lognormal_nonlinear,Log-Normal AFT (Nonlinear),Nonlinear log-normal accelerated-failure-time DGP; all three working models are misspecified.,0.8,5,30260419,cp_weibull,CP + Weibull,conformal,Weibull,misspecified,TRUE,2000,0.3,3,0.3,0.7,0.2,0.1,1500,2.1019811824197454,0.3264285714285714,0.13357142857142856,0.89,1.6790030837556282,0.1352699013196137
aft_lognormal_nonlinear,Log-Normal AFT (Nonlinear),Nonlinear log-normal accelerated-failure-time DGP; all three working models are misspecified.,0.8,5,30260419,plugin_cox,Cox Plug-in,plug-in,Cox,misspecified,FALSE,2000,0.3,3,0.3,0.7,0.2,0.1,1500,2.1019811824197454,0.3264285714285714,0.13357142857142856,0.9116666666666666,1.7256005398741097,0.09420970706287703
aft_lognormal_nonlinear,Log-Normal AFT (Nonlinear),Nonlinear log-normal accelerated-failure-time DGP; all three working models are misspecified.,0.8,5,30260419,plugin_lognormal,Log-Normal Plug-in,plug-in,Log-Normal,misspecified,FALSE,2000,0.3,3,0.3,0.7,0.2,0.1,1500,2.1019811824197454,0.3264285714285714,0.13357142857142856,0.9,1.6978609423242188,0.14321319742463426
aft_lognormal_nonlinear,Log-Normal AFT (Nonlinear),Nonlinear log-normal accelerated-failure-time DGP; all three working models are misspecified.,0.8,5,30260419,plugin_weibull,Weibull Plug-in,plug-in,Weibull,misspecified,FALSE,2000,0.3,3,0.3,0.7,0.2,0.1,1500,2.1019811824197454,0.3264285714285714,0.13357142857142856,0.92,1.7377486986516295,0.11648284460192689
aft_lognormal_nonlinear,Log-Normal AFT (Nonlinear),Nonlinear log-normal accelerated-failure-time DGP; all three working models are misspecified.,0.8,6,30260420,cp_cox,CP + Cox,conformal,Cox,misspecified,TRUE,2000,0.3,3,0.3,0.7,0.2,0.1,1500,1.978562744078455,0.3585714285714286,0.13357142857142856,0.9,1.6020062175770438,0.07905883853207724
aft_lognormal_nonlinear,Log-Normal AFT (Nonlinear),Nonlinear log-normal accelerated-failure-time DGP; all three working models are misspecified.,0.8,6,30260420,cp_lognormal,CP + Log-Normal,conformal,Log-Normal,misspecified,TRUE,2000,0.3,3,0.3,0.7,0.2,0.1,1500,1.978562744078455,0.3585714285714286,0.13357142857142856,0.9016666666666666,1.5867390646801005,0.12534220611536065
aft_lognormal_nonlinear,Log-Normal AFT (Nonlinear),Nonlinear log-normal accelerated-failure-time DGP; all three working models are misspecified.,0.8,6,30260420,cp_weibull,CP + Weibull,conformal,Weibull,misspecified,TRUE,2000,0.3,3,0.3,0.7,0.2,0.1,1500,1.978562744078455,0.3585714285714286,0.13357142857142856,0.8966666666666666,1.5800513957040563,0.1173331320109314
aft_lognormal_nonlinear,Log-Normal AFT (Nonlinear),Nonlinear log-normal accelerated-failure-time DGP; all three working models are misspecified.,0.8,6,30260420,plugin_cox,Cox Plug-in,plug-in,Cox,misspecified,FALSE,2000,0.3,3,0.3,0.7,0.2,0.1,1500,1.978562744078455,0.3585714285714286,0.13357142857142856,0.9,1.602691580691814,0.07878789247267419
aft_lognormal_nonlinear,Log-Normal AFT (Nonlinear),Nonlinear log-normal accelerated-failure-time DGP; all three working models are misspecified.,0.8,6,30260420,plugin_lognormal,Log-Normal Plug-in,plug-in,Log-Normal,misspecified,FALSE,2000,0.3,3,0.3,0.7,0.2,0.1,1500,1.978562744078455,0.3585714285714286,0.13357142857142856,0.9066666666666666,1.597677106198155,0.12184318773913717
aft_lognormal_nonlinear,Log-Normal AFT (Nonlinear),Nonlinear log-normal accelerated-failure-time DGP; all three working models are misspecified.,0.8,6,30260420,plugin_weibull,Weibull Plug-in,plug-in,Weibull,misspecified,FALSE,2000,0.3,3,0.3,0.7,0.2,0.1,1500,1.978562744078455,0.3585714285714286,0.13357142857142856,0.9133333333333333,1.6283032213477275,0.10312641531111404
aft_lognormal_nonlinear,Log-Normal AFT (Nonlinear),Nonlinear log-normal accelerated-failure-time DGP; all three working models are misspecified.,0.8,7,30260421,cp_cox,CP + Cox,conformal,Cox,misspecified,TRUE,2000,0.3,3,0.3,0.7,0.2,0.1,1500,2.0201993230859547,0.3342857142857143,0.11357142857142857,0.9283333333333333,1.6737861535696004,0.07051669218778495
aft_lognormal_nonlinear,Log-Normal AFT (Nonlinear),Nonlinear log-normal accelerated-failure-time DGP; all three working models are misspecified.,0.8,7,30260421,cp_lognormal,CP + Log-Normal,conformal,Log-Normal,misspecified,TRUE,2000,0.3,3,0.3,0.7,0.2,0.1,1500,2.0201993230859547,0.3342857142857143,0.11357142857142857,0.9183333333333333,1.6411464666730604,0.129318500059634
aft_lognormal_nonlinear,Log-Normal AFT (Nonlinear),Nonlinear log-normal accelerated-failure-time DGP; all three working models are misspecified.,0.8,7,30260421,cp_weibull,CP + Weibull,conformal,Weibull,misspecified,TRUE,2000,0.3,3,0.3,0.7,0.2,0.1,1500,2.0201993230859547,0.3342857142857143,0.11357142857142857,0.9266666666666666,1.6618328335646546,0.10072919464948304
aft_lognormal_nonlinear,Log-Normal AFT (Nonlinear),Nonlinear log-normal accelerated-failure-time DGP; all three working models are misspecified.,0.8,7,30260421,plugin_cox,Cox Plug-in,plug-in,Cox,misspecified,FALSE,2000,0.3,3,0.3,0.7,0.2,0.1,1500,2.0201993230859547,0.3342857142857143,0.11357142857142857,0.9283333333333333,1.6720463984804594,0.07092418015902208
aft_lognormal_nonlinear,Log-Normal AFT (Nonlinear),Nonlinear log-normal accelerated-failure-time DGP; all three working models are misspecified.,0.8,7,30260421,plugin_lognormal,Log-Normal Plug-in,plug-in,Log-Normal,misspecified,FALSE,2000,0.3,3,0.3,0.7,0.2,0.1,1500,2.0201993230859547,0.3342857142857143,0.11357142857142857,0.9216666666666666,1.6580864038276883,0.12353923411590313
aft_lognormal_nonlinear,Log-Normal AFT (Nonlinear),Nonlinear log-normal accelerated-failure-time DGP; all three working models are misspecified.,0.8,7,30260421,plugin_weibull,Weibull Plug-in,plug-in,Weibull,misspecified,FALSE,2000,0.3,3,0.3,0.7,0.2,0.1,1500,2.0201993230859547,0.3342857142857143,0.11357142857142857,0.9383333333333334,1.6951265319560045,0.09137104447661613
aft_lognormal_nonlinear,Log-Normal AFT (Nonlinear),Nonlinear log-normal accelerated-failure-time DGP; all three working models are misspecified.,0.8,8,30260422,cp_cox,CP + Cox,conformal,Cox,misspecified,TRUE,2000,0.3,3,0.3,0.7,0.2,0.1,1500,2.0011272185001037,0.3385714285714286,0.125,0.9266666666666666,1.6318884766123358,0.08879613245594184
aft_lognormal_nonlinear,Log-Normal AFT (Nonlinear),Nonlinear log-normal accelerated-failure-time DGP; all three working models are misspecified.,0.8,8,30260422,cp_lognormal,CP + Log-Normal,conformal,Log-Normal,misspecified,TRUE,2000,0.3,3,0.3,0.7,0.2,0.1,1500,2.0011272185001037,0.3385714285714286,0.125,0.9333333333333333,1.6053832437809326,0.1320241121196513
aft_lognormal_nonlinear,Log-Normal AFT (Nonlinear),Nonlinear log-normal accelerated-failure-time DGP; all three working models are misspecified.,0.8,8,30260422,cp_weibull,CP + Weibull,conformal,Weibull,misspecified,TRUE,2000,0.3,3,0.3,0.7,0.2,0.1,1500,2.0011272185001037,0.3385714285714286,0.125,0.93,1.6061416917781852,0.12208426854045848
aft_lognormal_nonlinear,Log-Normal AFT (Nonlinear),Nonlinear log-normal accelerated-failure-time DGP; all three working models are misspecified.,0.8,8,30260422,plugin_cox,Cox Plug-in,plug-in,Cox,misspecified,FALSE,2000,0.3,3,0.3,0.7,0.2,0.1,1500,2.0011272185001037,0.3385714285714286,0.125,0.9233333333333333,1.626185235272185,0.09072282426380197
aft_lognormal_nonlinear,Log-Normal AFT (Nonlinear),Nonlinear log-normal accelerated-failure-time DGP; all three working models are misspecified.,0.8,8,30260422,plugin_lognormal,Log-Normal Plug-in,plug-in,Log-Normal,misspecified,FALSE,2000,0.3,3,0.3,0.7,0.2,0.1,1500,2.0011272185001037,0.3385714285714286,0.125,0.9366666666666666,1.6143394162086424,0.12903624423461793
aft_lognormal_nonlinear,Log-Normal AFT (Nonlinear),Nonlinear log-normal accelerated-failure-time DGP; all three working models are misspecified.,0.8,8,30260422,plugin_weibull,Weibull Plug-in,plug-in,Weibull,misspecified,FALSE,2000,0.3,3,0.3,0.7,0.2,0.1,1500,2.0011272185001037,0.3385714285714286,0.125,0.945,1.6447590007902726,0.1101482212557165
aft_lognormal_nonlinear,Log-Normal AFT (Nonlinear),Nonlinear log-normal accelerated-failure-time DGP; all three working models are misspecified.,0.8,9,30260423,cp_cox,CP + Cox,conformal,Cox,misspecified,TRUE,2000,0.3,3,0.3,0.7,0.2,0.1,1500,2.0072473021137065,0.3457142857142857,0.12357142857142857,0.9033333333333333,1.6557511379751904,0.07880338510501712
aft_lognormal_nonlinear,Log-Normal AFT (Nonlinear),Nonlinear log-normal accelerated-failure-time DGP; all three working models are misspecified.,0.8,9,30260423,cp_lognormal,CP + Log-Normal,conformal,Log-Normal,misspecified,TRUE,2000,0.3,3,0.3,0.7,0.2,0.1,1500,2.0072473021137065,0.3457142857142857,0.12357142857142857,0.8866666666666667,1.62410176574904,0.13160831217977953
aft_lognormal_nonlinear,Log-Normal AFT (Nonlinear),Nonlinear log-normal accelerated-failure-time DGP; all three working models are misspecified.,0.8,9,30260423,cp_weibull,CP + Weibull,conformal,Weibull,misspecified,TRUE,2000,0.3,3,0.3,0.7,0.2,0.1,1500,2.0072473021137065,0.3457142857142857,0.12357142857142857,0.8883333333333333,1.6291836897757739,0.11865788906441796
aft_lognormal_nonlinear,Log-Normal AFT (Nonlinear),Nonlinear log-normal accelerated-failure-time DGP; all three working models are misspecified.,0.8,9,30260423,plugin_cox,Cox Plug-in,plug-in,Cox,misspecified,FALSE,2000,0.3,3,0.3,0.7,0.2,0.1,1500,2.0072473021137065,0.3457142857142857,0.12357142857142857,0.895,1.6493946242582342,0.08052870731386651
aft_lognormal_nonlinear,Log-Normal AFT (Nonlinear),Nonlinear log-normal accelerated-failure-time DGP; all three working models are misspecified.,0.8,9,30260423,plugin_lognormal,Log-Normal Plug-in,plug-in,Log-Normal,misspecified,FALSE,2000,0.3,3,0.3,0.7,0.2,0.1,1500,2.0072473021137065,0.3457142857142857,0.12357142857142857,0.89,1.6293756010005973,0.12979677977160592
aft_lognormal_nonlinear,Log-Normal AFT (Nonlinear),Nonlinear log-normal accelerated-failure-time DGP; all three working models are misspecified.,0.8,9,30260423,plugin_weibull,Weibull Plug-in,plug-in,Weibull,misspecified,FALSE,2000,0.3,3,0.3,0.7,0.2,0.1,1500,2.0072473021137065,0.3457142857142857,0.12357142857142857,0.9166666666666666,1.6693877872002265,0.10603955401062917
aft_lognormal_nonlinear,Log-Normal AFT (Nonlinear),Nonlinear log-normal accelerated-failure-time DGP; all three working models are misspecified.,0.8,10,30260424,cp_cox,CP + Cox,conformal,Cox,misspecified,TRUE,2000,0.3,3,0.3,0.7,0.2,0.1,1500,2.0208676315483407,0.3314285714285714,0.13714285714285715,0.905,1.630691067471822,0.10181727279729783
aft_lognormal_nonlinear,Log-Normal AFT (Nonlinear),Nonlinear log-normal accelerated-failure-time DGP; all three working models are misspecified.,0.8,10,30260424,cp_lognormal,CP + Log-Normal,conformal,Log-Normal,misspecified,TRUE,2000,0.3,3,0.3,0.7,0.2,0.1,1500,2.0208676315483407,0.3314285714285714,0.13714285714285715,0.9083333333333333,1.6274834050494735,0.14207336688588335
aft_lognormal_nonlinear,Log-Normal AFT (Nonlinear),Nonlinear log-normal accelerated-failure-time DGP; all three working models are misspecified.,0.8,10,30260424,cp_weibull,CP + Weibull,conformal,Weibull,misspecified,TRUE,2000,0.3,3,0.3,0.7,0.2,0.1,1500,2.0208676315483407,0.3314285714285714,0.13714285714285715,0.9,1.6145538065841452,0.12501000975668286
aft_lognormal_nonlinear,Log-Normal AFT (Nonlinear),Nonlinear log-normal accelerated-failure-time DGP; all three working models are misspecified.,0.8,10,30260424,plugin_cox,Cox Plug-in,plug-in,Cox,misspecified,FALSE,2000,0.3,3,0.3,0.7,0.2,0.1,1500,2.0208676315483407,0.3314285714285714,0.13714285714285715,0.9116666666666666,1.643978433093318,0.09747132837264681
aft_lognormal_nonlinear,Log-Normal AFT (Nonlinear),Nonlinear log-normal accelerated-failure-time DGP; all three working models are misspecified.,0.8,10,30260424,plugin_lognormal,Log-Normal Plug-in,plug-in,Log-Normal,misspecified,FALSE,2000,0.3,3,0.3,0.7,0.2,0.1,1500,2.0208676315483407,0.3314285714285714,0.13714285714285715,0.8966666666666666,1.612114464487922,0.14762396343745837
aft_lognormal_nonlinear,Log-Normal AFT (Nonlinear),Nonlinear log-normal accelerated-failure-time DGP; all three working models are misspecified.,0.8,10,30260424,plugin_weibull,Weibull Plug-in,plug-in,Weibull,misspecified,FALSE,2000,0.3,3,0.3,0.7,0.2,0.1,1500,2.0208676315483407,0.3314285714285714,0.13714285714285715,0.9166666666666666,1.6544867663355793,0.11272389153616716
aft_lognormal_nonlinear,Log-Normal AFT (Nonlinear),Nonlinear log-normal accelerated-failure-time DGP; all three working models are misspecified.,0.8,11,30260425,cp_cox,CP + Cox,conformal,Cox,misspecified,TRUE,2000,0.3,3,0.3,0.7,0.2,0.1,1500,2.099694673243718,0.3457142857142857,0.11642857142857142,0.9033333333333333,1.7365183801581223,0.06815790948850269
aft_lognormal_nonlinear,Log-Normal AFT (Nonlinear),Nonlinear log-normal accelerated-failure-time DGP; all three working models are misspecified.,0.8,11,30260425,cp_lognormal,CP + Log-Normal,conformal,Log-Normal,misspecified,TRUE,2000,0.3,3,0.3,0.7,0.2,0.1,1500,2.099694673243718,0.3457142857142857,0.11642857142857142,0.895,1.7038442856116764,0.1192892827615022
aft_lognormal_nonlinear,Log-Normal AFT (Nonlinear),Nonlinear log-normal accelerated-failure-time DGP; all three working models are misspecified.,0.8,11,30260425,cp_weibull,CP + Weibull,conformal,Weibull,misspecified,TRUE,2000,0.3,3,0.3,0.7,0.2,0.1,1500,2.099694673243718,0.3457142857142857,0.11642857142857142,0.8866666666666667,1.6884880675072913,0.11301608308421517
aft_lognormal_nonlinear,Log-Normal AFT (Nonlinear),Nonlinear log-normal accelerated-failure-time DGP; all three working models are misspecified.,0.8,11,30260425,plugin_cox,Cox Plug-in,plug-in,Cox,misspecified,FALSE,2000,0.3,3,0.3,0.7,0.2,0.1,1500,2.099694673243718,0.3457142857142857,0.11642857142857142,0.8933333333333333,1.7190243167099393,0.07301775909841932
aft_lognormal_nonlinear,Log-Normal AFT (Nonlinear),Nonlinear log-normal accelerated-failure-time DGP; all three working models are misspecified.,0.8,11,30260425,plugin_lognormal,Log-Normal Plug-in,plug-in,Log-Normal,misspecified,FALSE,2000,0.3,3,0.3,0.7,0.2,0.1,1500,2.099694673243718,0.3457142857142857,0.11642857142857142,0.895,1.702330785446714,0.11974537515089662
aft_lognormal_nonlinear,Log-Normal AFT (Nonlinear),Nonlinear log-normal accelerated-failure-time DGP; all three working models are misspecified.,0.8,11,30260425,plugin_weibull,Weibull Plug-in,plug-in,Weibull,misspecified,FALSE,2000,0.3,3,0.3,0.7,0.2,0.1,1500,2.099694673243718,0.3457142857142857,0.11642857142857142,0.9083333333333333,1.7377648631976927,0.09947284141888081
aft_lognormal_nonlinear,Log-Normal AFT (Nonlinear),Nonlinear log-normal accelerated-failure-time DGP; all three working models are misspecified.,0.8,12,30260426,cp_cox,CP + Cox,conformal,Cox,misspecified,TRUE,2000,0.3,3,0.3,0.7,0.2,0.1,1500,2.034868300399599,0.33714285714285713,0.13714285714285715,0.8833333333333333,1.6613588149874576,0.09174313342748655
aft_lognormal_nonlinear,Log-Normal AFT (Nonlinear),Nonlinear log-normal accelerated-failure-time DGP; all three working models are misspecified.,0.8,12,30260426,cp_lognormal,CP + Log-Normal,conformal,Log-Normal,misspecified,TRUE,2000,0.3,3,0.3,0.7,0.2,0.1,1500,2.034868300399599,0.33714285714285713,0.13714285714285715,0.8666666666666667,1.619881355022807,0.14214197762328018
aft_lognormal_nonlinear,Log-Normal AFT (Nonlinear),Nonlinear log-normal accelerated-failure-time DGP; all three working models are misspecified.,0.8,12,30260426,cp_weibull,CP + Weibull,conformal,Weibull,misspecified,TRUE,2000,0.3,3,0.3,0.7,0.2,0.1,1500,2.034868300399599,0.33714285714285713,0.13714285714285715,0.8866666666666667,1.6545862615876288,0.12027774760309204
aft_lognormal_nonlinear,Log-Normal AFT (Nonlinear),Nonlinear log-normal accelerated-failure-time DGP; all three working models are misspecified.,0.8,12,30260426,plugin_cox,Cox Plug-in,plug-in,Cox,misspecified,FALSE,2000,0.3,3,0.3,0.7,0.2,0.1,1500,2.034868300399599,0.33714285714285713,0.13714285714285715,0.8833333333333333,1.6607446235052414,0.09191482112350072
aft_lognormal_nonlinear,Log-Normal AFT (Nonlinear),Nonlinear log-normal accelerated-failure-time DGP; all three working models are misspecified.,0.8,12,30260426,plugin_lognormal,Log-Normal Plug-in,plug-in,Log-Normal,misspecified,FALSE,2000,0.3,3,0.3,0.7,0.2,0.1,1500,2.034868300399599,0.33714285714285713,0.13714285714285715,0.885,1.64133779946773,0.1347926827113733
aft_lognormal_nonlinear,Log-Normal AFT (Nonlinear),Nonlinear log-normal accelerated-failure-time DGP; all three working models are misspecified.,0.8,12,30260426,plugin_weibull,Weibull Plug-in,plug-in,Weibull,misspecified,FALSE,2000,0.3,3,0.3,0.7,0.2,0.1,1500,2.034868300399599,0.33714285714285713,0.13714285714285715,0.8966666666666666,1.6795688929270827,0.11237610008880163
aft_lognormal_nonlinear,Log-Normal AFT (Nonlinear),Nonlinear log-normal accelerated-failure-time DGP; all three working models are misspecified.,0.8,13,30260427,cp_cox,CP + Cox,conformal,Cox,misspecified,TRUE,2000,0.3,3,0.3,0.7,0.2,0.1,1500,1.934692475729967,0.33214285714285713,0.1392857142857143,0.895,1.5623937363585585,0.09506197055279876
aft_lognormal_nonlinear,Log-Normal AFT (Nonlinear),Nonlinear log-normal accelerated-failure-time DGP; all three working models are misspecified.,0.8,13,30260427,cp_lognormal,CP + Log-Normal,conformal,Log-Normal,misspecified,TRUE,2000,0.3,3,0.3,0.7,0.2,0.1,1500,1.934692475729967,0.33214285714285713,0.1392857142857143,0.8766666666666667,1.5285473456824248,0.14100666564317482
aft_lognormal_nonlinear,Log-Normal AFT (Nonlinear),Nonlinear log-normal accelerated-failure-time DGP; all three working models are misspecified.,0.8,13,30260427,cp_weibull,CP + Weibull,conformal,Weibull,misspecified,TRUE,2000,0.3,3,0.3,0.7,0.2,0.1,1500,1.934692475729967,0.33214285714285713,0.1392857142857143,0.8933333333333333,1.5482415670179033,0.12566613972318744
aft_lognormal_nonlinear,Log-Normal AFT (Nonlinear),Nonlinear log-normal accelerated-failure-time DGP; all three working models are misspecified.,0.8,13,30260427,plugin_cox,Cox Plug-in,plug-in,Cox,misspecified,FALSE,2000,0.3,3,0.3,0.7,0.2,0.1,1500,1.934692475729967,0.33214285714285713,0.1392857142857143,0.91,1.5868521292005342,0.08775312255112686
aft_lognormal_nonlinear,Log-Normal AFT (Nonlinear),Nonlinear log-normal accelerated-failure-time DGP; all three working models are misspecified.,0.8,13,30260427,plugin_lognormal,Log-Normal Plug-in,plug-in,Log-Normal,misspecified,FALSE,2000,0.3,3,0.3,0.7,0.2,0.1,1500,1.934692475729967,0.33214285714285713,0.1392857142857143,0.905,1.5630472437216205,0.12902888915976105
aft_lognormal_nonlinear,Log-Normal AFT (Nonlinear),Nonlinear log-normal accelerated-failure-time DGP; all three working models are misspecified.,0.8,13,30260427,plugin_weibull,Weibull Plug-in,plug-in,Weibull,misspecified,FALSE,2000,0.3,3,0.3,0.7,0.2,0.1,1500,1.934692475729967,0.33214285714285713,0.1392857142857143,0.9216666666666666,1.5972498748160675,0.10972961397950036
aft_lognormal_nonlinear,Log-Normal AFT (Nonlinear),Nonlinear log-normal accelerated-failure-time DGP; all three working models are misspecified.,0.8,14,30260428,cp_cox,CP + Cox,conformal,Cox,misspecified,TRUE,2000,0.3,3,0.3,0.7,0.2,0.1,1500,2.1035786447969973,0.3342857142857143,0.12785714285714286,0.9066666666666666,1.724123108016223,0.0798721649546368
aft_lognormal_nonlinear,Log-Normal AFT (Nonlinear),Nonlinear log-normal accelerated-failure-time DGP; all three working models are misspecified.,0.8,14,30260428,cp_lognormal,CP + Log-Normal,conformal,Log-Normal,misspecified,TRUE,2000,0.3,3,0.3,0.7,0.2,0.1,1500,2.1035786447969973,0.3342857142857143,0.12785714285714286,0.9166666666666666,1.722892000033967,0.11597052863837208
aft_lognormal_nonlinear,Log-Normal AFT (Nonlinear),Nonlinear log-normal accelerated-failure-time DGP; all three working models are misspecified.,0.8,14,30260428,cp_weibull,CP + Weibull,conformal,Weibull,misspecified,TRUE,2000,0.3,3,0.3,0.7,0.2,0.1,1500,2.1035786447969973,0.3342857142857143,0.12785714285714286,0.9033333333333333,1.7048551075979583,0.1031498426107744
aft_lognormal_nonlinear,Log-Normal AFT (Nonlinear),Nonlinear log-normal accelerated-failure-time DGP; all three working models are misspecified.,0.8,14,30260428,plugin_cox,Cox Plug-in,plug-in,Cox,misspecified,FALSE,2000,0.3,3,0.3,0.7,0.2,0.1,1500,2.1035786447969973,0.3342857142857143,0.12785714285714286,0.9316666666666666,1.761350418587789,0.07288086002635889
aft_lognormal_nonlinear,Log-Normal AFT (Nonlinear),Nonlinear log-normal accelerated-failure-time DGP; all three working models are misspecified.,0.8,14,30260428,plugin_lognormal,Log-Normal Plug-in,plug-in,Log-Normal,misspecified,FALSE,2000,0.3,3,0.3,0.7,0.2,0.1,1500,2.1035786447969973,0.3342857142857143,0.12785714285714286,0.93,1.749418630375404,0.10788958493832158
aft_lognormal_nonlinear,Log-Normal AFT (Nonlinear),Nonlinear log-normal accelerated-failure-time DGP; all three working models are misspecified.,0.8,14,30260428,plugin_weibull,Weibull Plug-in,plug-in,Weibull,misspecified,FALSE,2000,0.3,3,0.3,0.7,0.2,0.1,1500,2.1035786447969973,0.3342857142857143,0.12785714285714286,0.94,1.7822540520915957,0.08312672333659575
aft_lognormal_nonlinear,Log-Normal AFT (Nonlinear),Nonlinear log-normal accelerated-failure-time DGP; all three working models are misspecified.,0.8,15,30260429,cp_cox,CP + Cox,conformal,Cox,misspecified,TRUE,2000,0.3,3,0.3,0.7,0.2,0.1,1500,1.9314290248446335,0.3464285714285714,0.10857142857142857,0.8916666666666667,1.561604053561877,0.07285618427748265
aft_lognormal_nonlinear,Log-Normal AFT (Nonlinear),Nonlinear log-normal accelerated-failure-time DGP; all three working models are misspecified.,0.8,15,30260429,cp_lognormal,CP + Log-Normal,conformal,Log-Normal,misspecified,TRUE,2000,0.3,3,0.3,0.7,0.2,0.1,1500,1.9314290248446335,0.3464285714285714,0.10857142857142857,0.895,1.5479709025132324,0.12440106277069699
aft_lognormal_nonlinear,Log-Normal AFT (Nonlinear),Nonlinear log-normal accelerated-failure-time DGP; all three working models are misspecified.,0.8,15,30260429,cp_weibull,CP + Weibull,conformal,Weibull,misspecified,TRUE,2000,0.3,3,0.3,0.7,0.2,0.1,1500,1.9314290248446335,0.3464285714285714,0.10857142857142857,0.895,1.553632275907098,0.10394781282061329
aft_lognormal_nonlinear,Log-Normal AFT (Nonlinear),Nonlinear log-normal accelerated-failure-time DGP; all three working models are misspecified.,0.8,15,30260429,plugin_cox,Cox Plug-in,plug-in,Cox,misspecified,FALSE,2000,0.3,3,0.3,0.7,0.2,0.1,1500,1.9314290248446335,0.3464285714285714,0.10857142857142857,0.8933333333333333,1.5624758048637313,0.07263498114462748
aft_lognormal_nonlinear,Log-Normal AFT (Nonlinear),Nonlinear log-normal accelerated-failure-time DGP; all three working models are misspecified.,0.8,15,30260429,plugin_lognormal,Log-Normal Plug-in,plug-in,Log-Normal,misspecified,FALSE,2000,0.3,3,0.3,0.7,0.2,0.1,1500,1.9314290248446335,0.3464285714285714,0.10857142857142857,0.895,1.5482096412816766,0.12432361140172228
aft_lognormal_nonlinear,Log-Normal AFT (Nonlinear),Nonlinear log-normal accelerated-failure-time DGP; all three working models are misspecified.,0.8,15,30260429,plugin_weibull,Weibull Plug-in,plug-in,Weibull,misspecified,FALSE,2000,0.3,3,0.3,0.7,0.2,0.1,1500,1.9314290248446335,0.3464285714285714,0.10857142857142857,0.91,1.5799316869277784,0.09671173611598799
aft_lognormal_nonlinear,Log-Normal AFT (Nonlinear),Nonlinear log-normal accelerated-failure-time DGP; all three working models are misspecified.,0.8,16,30260430,cp_cox,CP + Cox,conformal,Cox,misspecified,TRUE,2000,0.3,3,0.3,0.7,0.2,0.1,1500,2.077109106465321,0.3092857142857143,0.13428571428571429,0.89,1.6665086667057587,0.09632068489373333
aft_lognormal_nonlinear,Log-Normal AFT (Nonlinear),Nonlinear log-normal accelerated-failure-time DGP; all three working models are misspecified.,0.8,16,30260430,cp_lognormal,CP + Log-Normal,conformal,Log-Normal,misspecified,TRUE,2000,0.3,3,0.3,0.7,0.2,0.1,1500,2.077109106465321,0.3092857142857143,0.13428571428571429,0.895,1.6543483942289643,0.1489648745664022
aft_lognormal_nonlinear,Log-Normal AFT (Nonlinear),Nonlinear log-normal accelerated-failure-time DGP; all three working models are misspecified.,0.8,16,30260430,cp_weibull,CP + Weibull,conformal,Weibull,misspecified,TRUE,2000,0.3,3,0.3,0.7,0.2,0.1,1500,2.077109106465321,0.3092857142857143,0.13428571428571429,0.9033333333333333,1.6800299855212446,0.12265965162212361
aft_lognormal_nonlinear,Log-Normal AFT (Nonlinear),Nonlinear log-normal accelerated-failure-time DGP; all three working models are misspecified.,0.8,16,30260430,plugin_cox,Cox Plug-in,plug-in,Cox,misspecified,FALSE,2000,0.3,3,0.3,0.7,0.2,0.1,1500,2.077109106465321,0.3092857142857143,0.13428571428571429,0.91,1.6988598846018637,0.08774951650974745
aft_lognormal_nonlinear,Log-Normal AFT (Nonlinear),Nonlinear log-normal accelerated-failure-time DGP; all three working models are misspecified.,0.8,16,30260430,plugin_lognormal,Log-Normal Plug-in,plug-in,Log-Normal,misspecified,FALSE,2000,0.3,3,0.3,0.7,0.2,0.1,1500,2.077109106465321,0.3092857142857143,0.13428571428571429,0.9,1.6735229547618995,0.14220848514330542
aft_lognormal_nonlinear,Log-Normal AFT (Nonlinear),Nonlinear log-normal accelerated-failure-time DGP; all three working models are misspecified.,0.8,16,30260430,plugin_weibull,Weibull Plug-in,plug-in,Weibull,misspecified,FALSE,2000,0.3,3,0.3,0.7,0.2,0.1,1500,2.077109106465321,0.3092857142857143,0.13428571428571429,0.9233333333333333,1.7159606658029554,0.11156049154686681
aft_lognormal_nonlinear,Log-Normal AFT (Nonlinear),Nonlinear log-normal accelerated-failure-time DGP; all three working models are misspecified.,0.8,17,30260431,cp_cox,CP + Cox,conformal,Cox,misspecified,TRUE,2000,0.3,3,0.3,0.7,0.2,0.1,1500,2.0294830809965148,0.3492857142857143,0.13428571428571429,0.8816666666666667,1.6550337989777841,0.07845444926101898
aft_lognormal_nonlinear,Log-Normal AFT (Nonlinear),Nonlinear log-normal accelerated-failure-time DGP; all three working models are misspecified.,0.8,17,30260431,cp_lognormal,CP + Log-Normal,conformal,Log-Normal,misspecified,TRUE,2000,0.3,3,0.3,0.7,0.2,0.1,1500,2.0294830809965148,0.3492857142857143,0.13428571428571429,0.8883333333333333,1.6567573123524406,0.11805654569654293
aft_lognormal_nonlinear,Log-Normal AFT (Nonlinear),Nonlinear log-normal accelerated-failure-time DGP; all three working models are misspecified.,0.8,17,30260431,cp_weibull,CP + Weibull,conformal,Weibull,misspecified,TRUE,2000,0.3,3,0.3,0.7,0.2,0.1,1500,2.0294830809965148,0.3492857142857143,0.13428571428571429,0.8616666666666667,1.6277039987661037,0.11536002589792355
aft_lognormal_nonlinear,Log-Normal AFT (Nonlinear),Nonlinear log-normal accelerated-failure-time DGP; all three working models are misspecified.,0.8,17,30260431,plugin_cox,Cox Plug-in,plug-in,Cox,misspecified,FALSE,2000,0.3,3,0.3,0.7,0.2,0.1,1500,2.0294830809965148,0.3492857142857143,0.13428571428571429,0.8783333333333333,1.648920096493242,0.08025468400591393
aft_lognormal_nonlinear,Log-Normal AFT (Nonlinear),Nonlinear log-normal accelerated-failure-time DGP; all three working models are misspecified.,0.8,17,30260431,plugin_lognormal,Log-Normal Plug-in,plug-in,Log-Normal,misspecified,FALSE,2000,0.3,3,0.3,0.7,0.2,0.1,1500,2.0294830809965148,0.3492857142857143,0.13428571428571429,0.8666666666666667,1.6333521319803708,0.12546986395511936
aft_lognormal_nonlinear,Log-Normal AFT (Nonlinear),Nonlinear log-normal accelerated-failure-time DGP; all three working models are misspecified.,0.8,17,30260431,plugin_weibull,Weibull Plug-in,plug-in,Weibull,misspecified,FALSE,2000,0.3,3,0.3,0.7,0.2,0.1,1500,2.0294830809965148,0.3492857142857143,0.13428571428571429,0.8966666666666666,1.66792122362489,0.10381273459670166
aft_lognormal_nonlinear,Log-Normal AFT (Nonlinear),Nonlinear log-normal accelerated-failure-time DGP; all three working models are misspecified.,0.8,18,30260432,cp_cox,CP + Cox,conformal,Cox,misspecified,TRUE,2000,0.3,3,0.3,0.7,0.2,0.1,1500,2.017007252467353,0.34,0.11785714285714285,0.8966666666666666,1.6145209963779605,0.08914407178536132
aft_lognormal_nonlinear,Log-Normal AFT (Nonlinear),Nonlinear log-normal accelerated-failure-time DGP; all three working models are misspecified.,0.8,18,30260432,cp_lognormal,CP + Log-Normal,conformal,Log-Normal,misspecified,TRUE,2000,0.3,3,0.3,0.7,0.2,0.1,1500,2.017007252467353,0.34,0.11785714285714285,0.9,1.618878843602253,0.12934883094756464
aft_lognormal_nonlinear,Log-Normal AFT (Nonlinear),Nonlinear log-normal accelerated-failure-time DGP; all three working models are misspecified.,0.8,18,30260432,cp_weibull,CP + Weibull,conformal,Weibull,misspecified,TRUE,2000,0.3,3,0.3,0.7,0.2,0.1,1500,2.017007252467353,0.34,0.11785714285714285,0.91,1.6517418909829333,0.1131391085440763
aft_lognormal_nonlinear,Log-Normal AFT (Nonlinear),Nonlinear log-normal accelerated-failure-time DGP; all three working models are misspecified.,0.8,18,30260432,plugin_cox,Cox Plug-in,plug-in,Cox,misspecified,FALSE,2000,0.3,3,0.3,0.7,0.2,0.1,1500,2.017007252467353,0.34,0.11785714285714285,0.9,1.6276770411512618,0.08579052488590003
aft_lognormal_nonlinear,Log-Normal AFT (Nonlinear),Nonlinear log-normal accelerated-failure-time DGP; all three working models are misspecified.,0.8,18,30260432,plugin_lognormal,Log-Normal Plug-in,plug-in,Log-Normal,misspecified,FALSE,2000,0.3,3,0.3,0.7,0.2,0.1,1500,2.017007252467353,0.34,0.11785714285714285,0.9,1.6234333819611892,0.12786909677357394
aft_lognormal_nonlinear,Log-Normal AFT (Nonlinear),Nonlinear log-normal accelerated-failure-time DGP; all three working models are misspecified.,0.8,18,30260432,plugin_weibull,Weibull Plug-in,plug-in,Weibull,misspecified,FALSE,2000,0.3,3,0.3,0.7,0.2,0.1,1500,2.017007252467353,0.34,0.11785714285714285,0.9133333333333333,1.6529789750015498,0.11275592799147309
aft_lognormal_nonlinear,Log-Normal AFT (Nonlinear),Nonlinear log-normal accelerated-failure-time DGP; all three working models are misspecified.,0.8,19,30260433,cp_cox,CP + Cox,conformal,Cox,misspecified,TRUE,2000,0.3,3,0.3,0.7,0.2,0.1,1500,2.0019367086727358,0.3242857142857143,0.12142857142857143,0.9066666666666666,1.6188566673478462,0.08957596910436497
aft_lognormal_nonlinear,Log-Normal AFT (Nonlinear),Nonlinear log-normal accelerated-failure-time DGP; all three working models are misspecified.,0.8,19,30260433,cp_lognormal,CP + Log-Normal,conformal,Log-Normal,misspecified,TRUE,2000,0.3,3,0.3,0.7,0.2,0.1,1500,2.0019367086727358,0.3242857142857143,0.12142857142857143,0.91,1.6174650171229918,0.12199413450721905
aft_lognormal_nonlinear,Log-Normal AFT (Nonlinear),Nonlinear log-normal accelerated-failure-time DGP; all three working models are misspecified.,0.8,19,30260433,cp_weibull,CP + Weibull,conformal,Weibull,misspecified,TRUE,2000,0.3,3,0.3,0.7,0.2,0.1,1500,2.0019367086727358,0.3242857142857143,0.12142857142857143,0.91,1.6200967757501088,0.10970008365282646
aft_lognormal_nonlinear,Log-Normal AFT (Nonlinear),Nonlinear log-normal accelerated-failure-time DGP; all three working models are misspecified.,0.8,19,30260433,plugin_cox,Cox Plug-in,plug-in,Cox,misspecified,FALSE,2000,0.3,3,0.3,0.7,0.2,0.1,1500,2.0019367086727358,0.3242857142857143,0.12142857142857143,0.9133333333333333,1.6427749268714342,0.084027886193554
aft_lognormal_nonlinear,Log-Normal AFT (Nonlinear),Nonlinear log-normal accelerated-failure-time DGP; all three working models are misspecified.,0.8,19,30260433,plugin_lognormal,Log-Normal Plug-in,plug-in,Log-Normal,misspecified,FALSE,2000,0.3,3,0.3,0.7,0.2,0.1,1500,2.0019367086727358,0.3242857142857143,0.12142857142857143,0.9166666666666666,1.6447019410656412,0.11335176879850058
aft_lognormal_nonlinear,Log-Normal AFT (Nonlinear),Nonlinear log-normal accelerated-failure-time DGP; all three working models are misspecified.,0.8,19,30260433,plugin_weibull,Weibull Plug-in,plug-in,Weibull,misspecified,FALSE,2000,0.3,3,0.3,0.7,0.2,0.1,1500,2.0019367086727358,0.3242857142857143,0.12142857142857143,0.9283333333333333,1.6651121816927683,0.09676745568021373
aft_lognormal_nonlinear,Log-Normal AFT (Nonlinear),Nonlinear log-normal accelerated-failure-time DGP; all three working models are misspecified.,0.8,20,30260434,cp_cox,CP + Cox,conformal,Cox,misspecified,TRUE,2000,0.3,3,0.3,0.7,0.2,0.1,1500,2.057494153993882,0.33714285714285713,0.13857142857142857,0.8516666666666667,1.6236368760391484,0.09361111561588356
aft_lognormal_nonlinear,Log-Normal AFT (Nonlinear),Nonlinear log-normal accelerated-failure-time DGP; all three working models are misspecified.,0.8,20,30260434,cp_lognormal,CP + Log-Normal,conformal,Log-Normal,misspecified,TRUE,2000,0.3,3,0.3,0.7,0.2,0.1,1500,2.057494153993882,0.33714285714285713,0.13857142857142857,0.8533333333333334,1.6075836046683454,0.14867503295131457
aft_lognormal_nonlinear,Log-Normal AFT (Nonlinear),Nonlinear log-normal accelerated-failure-time DGP; all three working models are misspecified.,0.8,20,30260434,cp_weibull,CP + Weibull,conformal,Weibull,misspecified,TRUE,2000,0.3,3,0.3,0.7,0.2,0.1,1500,2.057494153993882,0.33714285714285713,0.13857142857142857,0.8533333333333334,1.6145787069581932,0.12698164896937836
aft_lognormal_nonlinear,Log-Normal AFT (Nonlinear),Nonlinear log-normal accelerated-failure-time DGP; all three working models are misspecified.,0.8,20,30260434,plugin_cox,Cox Plug-in,plug-in,Cox,misspecified,FALSE,2000,0.3,3,0.3,0.7,0.2,0.1,1500,2.057494153993882,0.33714285714285713,0.13857142857142857,0.8733333333333333,1.6643987232282391,0.08027917926217704
aft_lognormal_nonlinear,Log-Normal AFT (Nonlinear),Nonlinear log-normal accelerated-failure-time DGP; all three working models are misspecified.,0.8,20,30260434,plugin_lognormal,Log-Normal Plug-in,plug-in,Log-Normal,misspecified,FALSE,2000,0.3,3,0.3,0.7,0.2,0.1,1500,2.057494153993882,0.33714285714285713,0.13857142857142857,0.88,1.6508302223262548,0.13438398706461255
aft_lognormal_nonlinear,Log-Normal AFT (Nonlinear),Nonlinear log-normal accelerated-failure-time DGP; all three working models are misspecified.,0.8,20,30260434,plugin_weibull,Weibull Plug-in,plug-in,Weibull,misspecified,FALSE,2000,0.3,3,0.3,0.7,0.2,0.1,1500,2.057494153993882,0.33714285714285713,0.13857142857142857,0.8983333333333333,1.6891951291753902,0.10558949297945294
aft_lognormal_nonlinear,Log-Normal AFT (Nonlinear),Nonlinear log-normal accelerated-failure-time DGP; all three working models are misspecified.,0.8,21,30260435,cp_cox,CP + Cox,conformal,Cox,misspecified,TRUE,2000,0.3,3,0.3,0.7,0.2,0.1,1500,2.0623454837295796,0.32785714285714285,0.13428571428571429,0.9066666666666666,1.6983107127503099,0.08425402791914277
aft_lognormal_nonlinear,Log-Normal AFT (Nonlinear),Nonlinear log-normal accelerated-failure-time DGP; all three working models are misspecified.,0.8,21,30260435,cp_lognormal,CP + Log-Normal,conformal,Log-Normal,misspecified,TRUE,2000,0.3,3,0.3,0.7,0.2,0.1,1500,2.0623454837295796,0.32785714285714285,0.13428571428571429,0.8966666666666666,1.6752795666491072,0.13255331148384367
aft_lognormal_nonlinear,Log-Normal AFT (Nonlinear),Nonlinear log-normal accelerated-failure-time DGP; all three working models are misspecified.,0.8,21,30260435,cp_weibull,CP + Weibull,conformal,Weibull,misspecified,TRUE,2000,0.3,3,0.3,0.7,0.2,0.1,1500,2.0623454837295796,0.32785714285714285,0.13428571428571429,0.88,1.6602067751906509,0.11690400426152889
aft_lognormal_nonlinear,Log-Normal AFT (Nonlinear),Nonlinear log-normal accelerated-failure-time DGP; all three working models are misspecified.,0.8,21,30260435,plugin_cox,Cox Plug-in,plug-in,Cox,misspecified,FALSE,2000,0.3,3,0.3,0.7,0.2,0.1,1500,2.0623454837295796,0.32785714285714285,0.13428571428571429,0.9116666666666666,1.7120665755743565,0.08006593337859405
aft_lognormal_nonlinear,Log-Normal AFT (Nonlinear),Nonlinear log-normal accelerated-failure-time DGP; all three working models are misspecified.,0.8,21,30260435,plugin_lognormal,Log-Normal Plug-in,plug-in,Log-Normal,misspecified,FALSE,2000,0.3,3,0.3,0.7,0.2,0.1,1500,2.0623454837295796,0.32785714285714285,0.13428571428571429,0.9033333333333333,1.6865040360941226,0.12870941686814513
aft_lognormal_nonlinear,Log-Normal AFT (Nonlinear),Nonlinear log-normal accelerated-failure-time DGP; all three working models are misspecified.,0.8,21,30260435,plugin_weibull,Weibull Plug-in,plug-in,Weibull,misspecified,FALSE,2000,0.3,3,0.3,0.7,0.2,0.1,1500,2.0623454837295796,0.32785714285714285,0.13428571428571429,0.9266666666666666,1.724729643154543,0.09814684044901645
aft_lognormal_nonlinear,Log-Normal AFT (Nonlinear),Nonlinear log-normal accelerated-failure-time DGP; all three working models are misspecified.,0.8,22,30260436,cp_cox,CP + Cox,conformal,Cox,misspecified,TRUE,2000,0.3,3,0.3,0.7,0.2,0.1,1500,2.1209002026926664,0.3385714285714286,0.12714285714285714,0.8866666666666667,1.724656149441997,0.11329367013753638
aft_lognormal_nonlinear,Log-Normal AFT (Nonlinear),Nonlinear log-normal accelerated-failure-time DGP; all three working models are misspecified.,0.8,22,30260436,cp_lognormal,CP + Log-Normal,conformal,Log-Normal,misspecified,TRUE,2000,0.3,3,0.3,0.7,0.2,0.1,1500,2.1209002026926664,0.3385714285714286,0.12714285714285714,0.885,1.6935889759221472,0.16047633047534837
aft_lognormal_nonlinear,Log-Normal AFT (Nonlinear),Nonlinear log-normal accelerated-failure-time DGP; all three working models are misspecified.,0.8,22,30260436,cp_weibull,CP + Weibull,conformal,Weibull,misspecified,TRUE,2000,0.3,3,0.3,0.7,0.2,0.1,1500,2.1209002026926664,0.3385714285714286,0.12714285714285714,0.89,1.719940426928922,0.14425304190732433
aft_lognormal_nonlinear,Log-Normal AFT (Nonlinear),Nonlinear log-normal accelerated-failure-time DGP; all three working models are misspecified.,0.8,22,30260436,plugin_cox,Cox Plug-in,plug-in,Cox,misspecified,FALSE,2000,0.3,3,0.3,0.7,0.2,0.1,1500,2.1209002026926664,0.3385714285714286,0.12714285714285714,0.8933333333333333,1.7426289039614995,0.10710733471544219
aft_lognormal_nonlinear,Log-Normal AFT (Nonlinear),Nonlinear log-normal accelerated-failure-time DGP; all three working models are misspecified.,0.8,22,30260436,plugin_lognormal,Log-Normal Plug-in,plug-in,Log-Normal,misspecified,FALSE,2000,0.3,3,0.3,0.7,0.2,0.1,1500,2.1209002026926664,0.3385714285714286,0.12714285714285714,0.89,1.7133648956530814,0.1530495023665244
aft_lognormal_nonlinear,Log-Normal AFT (Nonlinear),Nonlinear log-normal accelerated-failure-time DGP; all three working models are misspecified.,0.8,22,30260436,plugin_weibull,Weibull Plug-in,plug-in,Weibull,misspecified,FALSE,2000,0.3,3,0.3,0.7,0.2,0.1,1500,2.1209002026926664,0.3385714285714286,0.12714285714285714,0.9,1.7530636370568138,0.1323363257988754
aft_lognormal_nonlinear,Log-Normal AFT (Nonlinear),Nonlinear log-normal accelerated-failure-time DGP; all three working models are misspecified.,0.8,23,30260437,cp_cox,CP + Cox,conformal,Cox,misspecified,TRUE,2000,0.3,3,0.3,0.7,0.2,0.1,1500,2.0635917115834834,0.3407142857142857,0.1357142857142857,0.915,1.7199552818304429,0.07653592605636528
aft_lognormal_nonlinear,Log-Normal AFT (Nonlinear),Nonlinear log-normal accelerated-failure-time DGP; all three working models are misspecified.,0.8,23,30260437,cp_lognormal,CP + Log-Normal,conformal,Log-Normal,misspecified,TRUE,2000,0.3,3,0.3,0.7,0.2,0.1,1500,2.0635917115834834,0.3407142857142857,0.1357142857142857,0.9233333333333333,1.708938368338901,0.11832223170219444
aft_lognormal_nonlinear,Log-Normal AFT (Nonlinear),Nonlinear log-normal accelerated-failure-time DGP; all three working models are misspecified.,0.8,23,30260437,cp_weibull,CP + Weibull,conformal,Weibull,misspecified,TRUE,2000,0.3,3,0.3,0.7,0.2,0.1,1500,2.0635917115834834,0.3407142857142857,0.1357142857142857,0.9216666666666666,1.7207814793911174,0.1055029717045675
aft_lognormal_nonlinear,Log-Normal AFT (Nonlinear),Nonlinear log-normal accelerated-failure-time DGP; all three working models are misspecified.,0.8,23,30260437,plugin_cox,Cox Plug-in,plug-in,Cox,misspecified,FALSE,2000,0.3,3,0.3,0.7,0.2,0.1,1500,2.0635917115834834,0.3407142857142857,0.1357142857142857,0.9083333333333333,1.7031277021481548,0.08277790769505874
aft_lognormal_nonlinear,Log-Normal AFT (Nonlinear),Nonlinear log-normal accelerated-failure-time DGP; all three working models are misspecified.,0.8,23,30260437,plugin_lognormal,Log-Normal Plug-in,plug-in,Log-Normal,misspecified,FALSE,2000,0.3,3,0.3,0.7,0.2,0.1,1500,2.0635917115834834,0.3407142857142857,0.1357142857142857,0.905,1.6827089450339967,0.12707309775439327
aft_lognormal_nonlinear,Log-Normal AFT (Nonlinear),Nonlinear log-normal accelerated-failure-time DGP; all three working models are misspecified.,0.8,23,30260437,plugin_weibull,Weibull Plug-in,plug-in,Weibull,misspecified,FALSE,2000,0.3,3,0.3,0.7,0.2,0.1,1500,2.0635917115834834,0.3407142857142857,0.1357142857142857,0.9216666666666666,1.7124763412738317,0.10805895361382037
aft_lognormal_nonlinear,Log-Normal AFT (Nonlinear),Nonlinear log-normal accelerated-failure-time DGP; all three working models are misspecified.,0.8,24,30260438,cp_cox,CP + Cox,conformal,Cox,misspecified,TRUE,2000,0.3,3,0.3,0.7,0.2,0.1,1500,2.0437024609671015,0.33214285714285713,0.12,0.92,1.6830194872209863,0.08271746005276417
aft_lognormal_nonlinear,Log-Normal AFT (Nonlinear),Nonlinear log-normal accelerated-failure-time DGP; all three working models are misspecified.,0.8,24,30260438,cp_lognormal,CP + Log-Normal,conformal,Log-Normal,misspecified,TRUE,2000,0.3,3,0.3,0.7,0.2,0.1,1500,2.0437024609671015,0.33214285714285713,0.12,0.9116666666666666,1.6460811271995102,0.13019373024672187
aft_lognormal_nonlinear,Log-Normal AFT (Nonlinear),Nonlinear log-normal accelerated-failure-time DGP; all three working models are misspecified.,0.8,24,30260438,cp_weibull,CP + Weibull,conformal,Weibull,misspecified,TRUE,2000,0.3,3,0.3,0.7,0.2,0.1,1500,2.0437024609671015,0.33214285714285713,0.12,0.9116666666666666,1.671922433136259,0.1066285455590242
aft_lognormal_nonlinear,Log-Normal AFT (Nonlinear),Nonlinear log-normal accelerated-failure-time DGP; all three working models are misspecified.,0.8,24,30260438,plugin_cox,Cox Plug-in,plug-in,Cox,misspecified,FALSE,2000,0.3,3,0.3,0.7,0.2,0.1,1500,2.0437024609671015,0.33214285714285713,0.12,0.9333333333333333,1.697439484016778,0.07771360080783431
aft_lognormal_nonlinear,Log-Normal AFT (Nonlinear),Nonlinear log-normal accelerated-failure-time DGP; all three working models are misspecified.,0.8,24,30260438,plugin_lognormal,Log-Normal Plug-in,plug-in,Log-Normal,misspecified,FALSE,2000,0.3,3,0.3,0.7,0.2,0.1,1500,2.0437024609671015,0.33214285714285713,0.12,0.92,1.6827066023592738,0.11820139777319472
aft_lognormal_nonlinear,Log-Normal AFT (Nonlinear),Nonlinear log-normal accelerated-failure-time DGP; all three working models are misspecified.,0.8,24,30260438,plugin_weibull,Weibull Plug-in,plug-in,Weibull,misspecified,FALSE,2000,0.3,3,0.3,0.7,0.2,0.1,1500,2.0437024609671015,0.33214285714285713,0.12,0.9516666666666667,1.7113343303097501,0.0953249978729089
aft_lognormal_nonlinear,Log-Normal AFT (Nonlinear),Nonlinear log-normal accelerated-failure-time DGP; all three working models are misspecified.,0.8,25,30260439,cp_cox,CP + Cox,conformal,Cox,misspecified,TRUE,2000,0.3,3,0.3,0.7,0.2,0.1,1500,2.049728627683548,0.3171428571428571,0.11857142857142858,0.9066666666666666,1.690399701754766,0.07614465082148879
aft_lognormal_nonlinear,Log-Normal AFT (Nonlinear),Nonlinear log-normal accelerated-failure-time DGP; all three working models are misspecified.,0.8,25,30260439,cp_lognormal,CP + Log-Normal,conformal,Log-Normal,misspecified,TRUE,2000,0.3,3,0.3,0.7,0.2,0.1,1500,2.049728627683548,0.3171428571428571,0.11857142857142858,0.9066666666666666,1.6660855274815296,0.11593695432693006
aft_lognormal_nonlinear,Log-Normal AFT (Nonlinear),Nonlinear log-normal accelerated-failure-time DGP; all three working models are misspecified.,0.8,25,30260439,cp_weibull,CP + Weibull,conformal,Weibull,misspecified,TRUE,2000,0.3,3,0.3,0.7,0.2,0.1,1500,2.049728627683548,0.3171428571428571,0.11857142857142858,0.9116666666666666,1.6900870026539767,0.09636359979239686
aft_lognormal_nonlinear,Log-Normal AFT (Nonlinear),Nonlinear log-normal accelerated-failure-time DGP; all three working models are misspecified.,0.8,25,30260439,plugin_cox,Cox Plug-in,plug-in,Cox,misspecified,FALSE,2000,0.3,3,0.3,0.7,0.2,0.1,1500,2.049728627683548,0.3171428571428571,0.11857142857142858,0.9033333333333333,1.6838567525406054,0.077996026559299
aft_lognormal_nonlinear,Log-Normal AFT (Nonlinear),Nonlinear log-normal accelerated-failure-time DGP; all three working models are misspecified.,0.8,25,30260439,plugin_lognormal,Log-Normal Plug-in,plug-in,Log-Normal,misspecified,FALSE,2000,0.3,3,0.3,0.7,0.2,0.1,1500,2.049728627683548,0.3171428571428571,0.11857142857142858,0.9066666666666666,1.6650995070558272,0.1162349297238547
aft_lognormal_nonlinear,Log-Normal AFT (Nonlinear),Nonlinear log-normal accelerated-failure-time DGP; all three working models are misspecified.,0.8,25,30260439,plugin_weibull,Weibull Plug-in,plug-in,Weibull,misspecified,FALSE,2000,0.3,3,0.3,0.7,0.2,0.1,1500,2.049728627683548,0.3171428571428571,0.11857142857142858,0.9183333333333333,1.69842848049877,0.09412855585762789
aft_lognormal_nonlinear,Log-Normal AFT (Nonlinear),Nonlinear log-normal accelerated-failure-time DGP; all three working models are misspecified.,0.8,26,30260440,cp_cox,CP + Cox,conformal,Cox,misspecified,TRUE,2000,0.3,3,0.3,0.7,0.2,0.1,1500,1.9764618933870994,0.33785714285714286,0.13357142857142856,0.9033333333333333,1.6131059395053504,0.0829209588140643
aft_lognormal_nonlinear,Log-Normal AFT (Nonlinear),Nonlinear log-normal accelerated-failure-time DGP; all three working models are misspecified.,0.8,26,30260440,cp_lognormal,CP + Log-Normal,conformal,Log-Normal,misspecified,TRUE,2000,0.3,3,0.3,0.7,0.2,0.1,1500,1.9764618933870994,0.33785714285714286,0.13357142857142856,0.895,1.5851447732742188,0.12490898482099423
aft_lognormal_nonlinear,Log-Normal AFT (Nonlinear),Nonlinear log-normal accelerated-failure-time DGP; all three working models are misspecified.,0.8,26,30260440,cp_weibull,CP + Weibull,conformal,Weibull,misspecified,TRUE,2000,0.3,3,0.3,0.7,0.2,0.1,1500,1.9764618933870994,0.33785714285714286,0.13357142857142856,0.8916666666666667,1.5873374642269091,0.11226951687019932
aft_lognormal_nonlinear,Log-Normal AFT (Nonlinear),Nonlinear log-normal accelerated-failure-time DGP; all three working models are misspecified.,0.8,26,30260440,plugin_cox,Cox Plug-in,plug-in,Cox,misspecified,FALSE,2000,0.3,3,0.3,0.7,0.2,0.1,1500,1.9764618933870994,0.33785714285714286,0.13357142857142856,0.8983333333333333,1.6108926700623372,0.08360530529974682
aft_lognormal_nonlinear,Log-Normal AFT (Nonlinear),Nonlinear log-normal accelerated-failure-time DGP; all three working models are misspecified.,0.8,26,30260440,plugin_lognormal,Log-Normal Plug-in,plug-in,Log-Normal,misspecified,FALSE,2000,0.3,3,0.3,0.7,0.2,0.1,1500,1.9764618933870994,0.33785714285714286,0.13357142857142856,0.8966666666666666,1.593371282116237,0.122283071424256
aft_lognormal_nonlinear,Log-Normal AFT (Nonlinear),Nonlinear log-normal accelerated-failure-time DGP; all three working models are misspecified.,0.8,26,30260440,plugin_weibull,Weibull Plug-in,plug-in,Weibull,misspecified,FALSE,2000,0.3,3,0.3,0.7,0.2,0.1,1500,1.9764618933870994,0.33785714285714286,0.13357142857142856,0.9166666666666666,1.6251248238047336,0.1013671723097236
aft_lognormal_nonlinear,Log-Normal AFT (Nonlinear),Nonlinear log-normal accelerated-failure-time DGP; all three working models are misspecified.,0.8,27,30260441,cp_cox,CP + Cox,conformal,Cox,misspecified,TRUE,2000,0.3,3,0.3,0.7,0.2,0.1,1500,2.1816978004913494,0.3171428571428571,0.11928571428571429,0.915,1.8259896555917936,0.09053800918383498
aft_lognormal_nonlinear,Log-Normal AFT (Nonlinear),Nonlinear log-normal accelerated-failure-time DGP; all three working models are misspecified.,0.8,27,30260441,cp_lognormal,CP + Log-Normal,conformal,Log-Normal,misspecified,TRUE,2000,0.3,3,0.3,0.7,0.2,0.1,1500,2.1816978004913494,0.3171428571428571,0.11928571428571429,0.9183333333333333,1.8118102555178857,0.13122493428741977
aft_lognormal_nonlinear,Log-Normal AFT (Nonlinear),Nonlinear log-normal accelerated-failure-time DGP; all three working models are misspecified.,0.8,27,30260441,cp_weibull,CP + Weibull,conformal,Weibull,misspecified,TRUE,2000,0.3,3,0.3,0.7,0.2,0.1,1500,2.1816978004913494,0.3171428571428571,0.11928571428571429,0.9133333333333333,1.809018598038784,0.12038857709761638
aft_lognormal_nonlinear,Log-Normal AFT (Nonlinear),Nonlinear log-normal accelerated-failure-time DGP; all three working models are misspecified.,0.8,27,30260441,plugin_cox,Cox Plug-in,plug-in,Cox,misspecified,FALSE,2000,0.3,3,0.3,0.7,0.2,0.1,1500,2.1816978004913494,0.3171428571428571,0.11928571428571429,0.9166666666666666,1.8271523722213365,0.09008982032314553
aft_lognormal_nonlinear,Log-Normal AFT (Nonlinear),Nonlinear log-normal accelerated-failure-time DGP; all three working models are misspecified.,0.8,27,30260441,plugin_lognormal,Log-Normal Plug-in,plug-in,Log-Normal,misspecified,FALSE,2000,0.3,3,0.3,0.7,0.2,0.1,1500,2.1816978004913494,0.3171428571428571,0.11928571428571429,0.9166666666666666,1.8096407080272163,0.1319946242398536
aft_lognormal_nonlinear,Log-Normal AFT (Nonlinear),Nonlinear log-normal accelerated-failure-time DGP; all three working models are misspecified.,0.8,27,30260441,plugin_weibull,Weibull Plug-in,plug-in,Weibull,misspecified,FALSE,2000,0.3,3,0.3,0.7,0.2,0.1,1500,2.1816978004913494,0.3171428571428571,0.11928571428571429,0.9266666666666666,1.8420899566690874,0.10970535736872912
aft_lognormal_nonlinear,Log-Normal AFT (Nonlinear),Nonlinear log-normal accelerated-failure-time DGP; all three working models are misspecified.,0.8,28,30260442,cp_cox,CP + Cox,conformal,Cox,misspecified,TRUE,2000,0.3,3,0.3,0.7,0.2,0.1,1500,2.067905989662592,0.3271428571428571,0.12785714285714286,0.915,1.6690487703571661,0.08537995977979002
aft_lognormal_nonlinear,Log-Normal AFT (Nonlinear),Nonlinear log-normal accelerated-failure-time DGP; all three working models are misspecified.,0.8,28,30260442,cp_lognormal,CP + Log-Normal,conformal,Log-Normal,misspecified,TRUE,2000,0.3,3,0.3,0.7,0.2,0.1,1500,2.067905989662592,0.3271428571428571,0.12785714285714286,0.9133333333333333,1.6314625190421619,0.15026828616970056
aft_lognormal_nonlinear,Log-Normal AFT (Nonlinear),Nonlinear log-normal accelerated-failure-time DGP; all three working models are misspecified.,0.8,28,30260442,cp_weibull,CP + Weibull,conformal,Weibull,misspecified,TRUE,2000,0.3,3,0.3,0.7,0.2,0.1,1500,2.067905989662592,0.3271428571428571,0.12785714285714286,0.915,1.6511408806465062,0.1242425723054804
aft_lognormal_nonlinear,Log-Normal AFT (Nonlinear),Nonlinear log-normal accelerated-failure-time DGP; all three working models are misspecified.,0.8,28,30260442,plugin_cox,Cox Plug-in,plug-in,Cox,misspecified,FALSE,2000,0.3,3,0.3,0.7,0.2,0.1,1500,2.067905989662592,0.3271428571428571,0.12785714285714286,0.9166666666666666,1.6787848205373013,0.08308788569069529
aft_lognormal_nonlinear,Log-Normal AFT (Nonlinear),Nonlinear log-normal accelerated-failure-time DGP; all three working models are misspecified.,0.8,28,30260442,plugin_lognormal,Log-Normal Plug-in,plug-in,Log-Normal,misspecified,FALSE,2000,0.3,3,0.3,0.7,0.2,0.1,1500,2.067905989662592,0.3271428571428571,0.12785714285714286,0.92,1.65701269441102,0.14147131400156232
aft_lognormal_nonlinear,Log-Normal AFT (Nonlinear),Nonlinear log-normal accelerated-failure-time DGP; all three working models are misspecified.,0.8,28,30260442,plugin_weibull,Weibull Plug-in,plug-in,Weibull,misspecified,FALSE,2000,0.3,3,0.3,0.7,0.2,0.1,1500,2.067905989662592,0.3271428571428571,0.12785714285714286,0.925,1.701848204053341,0.10912612383486746
aft_lognormal_nonlinear,Log-Normal AFT (Nonlinear),Nonlinear log-normal accelerated-failure-time DGP; all three working models are misspecified.,0.8,29,30260443,cp_cox,CP + Cox,conformal,Cox,misspecified,TRUE,2000,0.3,3,0.3,0.7,0.2,0.1,1500,1.9839180422758584,0.335,0.1457142857142857,0.92,1.6238422516176967,0.0793620049281098
aft_lognormal_nonlinear,Log-Normal AFT (Nonlinear),Nonlinear log-normal accelerated-failure-time DGP; all three working models are misspecified.,0.8,29,30260443,cp_lognormal,CP + Log-Normal,conformal,Log-Normal,misspecified,TRUE,2000,0.3,3,0.3,0.7,0.2,0.1,1500,1.9839180422758584,0.335,0.1457142857142857,0.9033333333333333,1.58170612842127,0.13038289081208695
aft_lognormal_nonlinear,Log-Normal AFT (Nonlinear),Nonlinear log-normal accelerated-failure-time DGP; all three working models are misspecified.,0.8,29,30260443,cp_weibull,CP + Weibull,conformal,Weibull,misspecified,TRUE,2000,0.3,3,0.3,0.7,0.2,0.1,1500,1.9839180422758584,0.335,0.1457142857142857,0.9133333333333333,1.6052237082076346,0.12010686663059883
aft_lognormal_nonlinear,Log-Normal AFT (Nonlinear),Nonlinear log-normal accelerated-failure-time DGP; all three working models are misspecified.,0.8,29,30260443,plugin_cox,Cox Plug-in,plug-in,Cox,misspecified,FALSE,2000,0.3,3,0.3,0.7,0.2,0.1,1500,1.9839180422758584,0.335,0.1457142857142857,0.9166666666666666,1.6086455499432615,0.08286991839749144
aft_lognormal_nonlinear,Log-Normal AFT (Nonlinear),Nonlinear log-normal accelerated-failure-time DGP; all three working models are misspecified.,0.8,29,30260443,plugin_lognormal,Log-Normal Plug-in,plug-in,Log-Normal,misspecified,FALSE,2000,0.3,3,0.3,0.7,0.2,0.1,1500,1.9839180422758584,0.335,0.1457142857142857,0.9116666666666666,1.6058460790181701,0.1225575717838128
aft_lognormal_nonlinear,Log-Normal AFT (Nonlinear),Nonlinear log-normal accelerated-failure-time DGP; all three working models are misspecified.,0.8,29,30260443,plugin_weibull,Weibull Plug-in,plug-in,Weibull,misspecified,FALSE,2000,0.3,3,0.3,0.7,0.2,0.1,1500,1.9839180422758584,0.335,0.1457142857142857,0.9233333333333333,1.6350559403969378,0.11064526234842809
aft_lognormal_nonlinear,Log-Normal AFT (Nonlinear),Nonlinear log-normal accelerated-failure-time DGP; all three working models are misspecified.,0.8,30,30260444,cp_cox,CP + Cox,conformal,Cox,misspecified,TRUE,2000,0.3,3,0.3,0.7,0.2,0.1,1500,2.1152220853611374,0.335,0.13428571428571429,0.9083333333333333,1.7705313266008271,0.06365969428688485
aft_lognormal_nonlinear,Log-Normal AFT (Nonlinear),Nonlinear log-normal accelerated-failure-time DGP; all three working models are misspecified.,0.8,30,30260444,cp_lognormal,CP + Log-Normal,conformal,Log-Normal,misspecified,TRUE,2000,0.3,3,0.3,0.7,0.2,0.1,1500,2.1152220853611374,0.335,0.13428571428571429,0.8883333333333333,1.726776262360611,0.11034768603704712
aft_lognormal_nonlinear,Log-Normal AFT (Nonlinear),Nonlinear log-normal accelerated-failure-time DGP; all three working models are misspecified.,0.8,30,30260444,cp_weibull,CP + Weibull,conformal,Weibull,misspecified,TRUE,2000,0.3,3,0.3,0.7,0.2,0.1,1500,2.1152220853611374,0.335,0.13428571428571429,0.8966666666666666,1.7358016426116594,0.10108808748771302
aft_lognormal_nonlinear,Log-Normal AFT (Nonlinear),Nonlinear log-normal accelerated-failure-time DGP; all three working models are misspecified.,0.8,30,30260444,plugin_cox,Cox Plug-in,plug-in,Cox,misspecified,FALSE,2000,0.3,3,0.3,0.7,0.2,0.1,1500,2.1152220853611374,0.335,0.13428571428571429,0.905,1.761213806594456,0.06621281111142621
aft_lognormal_nonlinear,Log-Normal AFT (Nonlinear),Nonlinear log-normal accelerated-failure-time DGP; all three working models are misspecified.,0.8,30,30260444,plugin_lognormal,Log-Normal Plug-in,plug-in,Log-Normal,misspecified,FALSE,2000,0.3,3,0.3,0.7,0.2,0.1,1500,2.1152220853611374,0.335,0.13428571428571429,0.91,1.7491110210649912,0.10400294297304258
aft_lognormal_nonlinear,Log-Normal AFT (Nonlinear),Nonlinear log-normal accelerated-failure-time DGP; all three working models are misspecified.,0.8,30,30260444,plugin_weibull,Weibull Plug-in,plug-in,Weibull,misspecified,FALSE,2000,0.3,3,0.3,0.7,0.2,0.1,1500,2.1152220853611374,0.335,0.13428571428571429,0.9233333333333333,1.774712705506049,0.0907211054094566
aft_lognormal_nonlinear,Log-Normal AFT (Nonlinear),Nonlinear log-normal accelerated-failure-time DGP; all three working models are misspecified.,0.9,1,31260415,cp_cox,CP + Cox,conformal,Cox,misspecified,TRUE,2000,0.3,3,0.3,0.7,0.2,0.1,1500,2.8877721262570084,0.26142857142857145,0.06642857142857143,0.905,2.521001334958194,0.09528524451225404
aft_lognormal_nonlinear,Log-Normal AFT (Nonlinear),Nonlinear log-normal accelerated-failure-time DGP; all three working models are misspecified.,0.9,1,31260415,cp_lognormal,CP + Log-Normal,conformal,Log-Normal,misspecified,TRUE,2000,0.3,3,0.3,0.7,0.2,0.1,1500,2.8877721262570084,0.26142857142857145,0.06642857142857143,0.8833333333333333,2.4587679468393975,0.15539517452393956
aft_lognormal_nonlinear,Log-Normal AFT (Nonlinear),Nonlinear log-normal accelerated-failure-time DGP; all three working models are misspecified.,0.9,1,31260415,cp_weibull,CP + Weibull,conformal,Weibull,misspecified,TRUE,2000,0.3,3,0.3,0.7,0.2,0.1,1500,2.8877721262570084,0.26142857142857145,0.06642857142857143,0.8916666666666667,2.4866748461717405,0.13048563793690443
aft_lognormal_nonlinear,Log-Normal AFT (Nonlinear),Nonlinear log-normal accelerated-failure-time DGP; all three working models are misspecified.,0.9,1,31260415,plugin_cox,Cox Plug-in,plug-in,Cox,misspecified,FALSE,2000,0.3,3,0.3,0.7,0.2,0.1,1500,2.8877721262570084,0.26142857142857145,0.06642857142857143,0.905,2.517732248030971,0.09624845785116061
aft_lognormal_nonlinear,Log-Normal AFT (Nonlinear),Nonlinear log-normal accelerated-failure-time DGP; all three working models are misspecified.,0.9,1,31260415,plugin_lognormal,Log-Normal Plug-in,plug-in,Log-Normal,misspecified,FALSE,2000,0.3,3,0.3,0.7,0.2,0.1,1500,2.8877721262570084,0.26142857142857145,0.06642857142857143,0.895,2.4815087822322632,0.14715792124241714
aft_lognormal_nonlinear,Log-Normal AFT (Nonlinear),Nonlinear log-normal accelerated-failure-time DGP; all three working models are misspecified.,0.9,1,31260415,plugin_weibull,Weibull Plug-in,plug-in,Weibull,misspecified,FALSE,2000,0.3,3,0.3,0.7,0.2,0.1,1500,2.8877721262570084,0.26142857142857145,0.06642857142857143,0.92,2.535449683455698,0.11461812630253748
aft_lognormal_nonlinear,Log-Normal AFT (Nonlinear),Nonlinear log-normal accelerated-failure-time DGP; all three working models are misspecified.,0.9,2,31260416,cp_cox,CP + Cox,conformal,Cox,misspecified,TRUE,2000,0.3,3,0.3,0.7,0.2,0.1,1500,2.8168208691018473,0.25142857142857145,0.05357142857142857,0.8816666666666667,2.4248029197554537,0.07707059346113838
aft_lognormal_nonlinear,Log-Normal AFT (Nonlinear),Nonlinear log-normal accelerated-failure-time DGP; all three working models are misspecified.,0.9,2,31260416,cp_lognormal,CP + Log-Normal,conformal,Log-Normal,misspecified,TRUE,2000,0.3,3,0.3,0.7,0.2,0.1,1500,2.8168208691018473,0.25142857142857145,0.05357142857142857,0.8983333333333333,2.42702170811949,0.11868210239766809
aft_lognormal_nonlinear,Log-Normal AFT (Nonlinear),Nonlinear log-normal accelerated-failure-time DGP; all three working models are misspecified.,0.9,2,31260416,cp_weibull,CP + Weibull,conformal,Weibull,misspecified,TRUE,2000,0.3,3,0.3,0.7,0.2,0.1,1500,2.8168208691018473,0.25142857142857145,0.05357142857142857,0.9033333333333333,2.437592431837187,0.10063767345557446
aft_lognormal_nonlinear,Log-Normal AFT (Nonlinear),Nonlinear log-normal accelerated-failure-time DGP; all three working models are misspecified.,0.9,2,31260416,plugin_cox,Cox Plug-in,plug-in,Cox,misspecified,FALSE,2000,0.3,3,0.3,0.7,0.2,0.1,1500,2.8168208691018473,0.25142857142857145,0.05357142857142857,0.91,2.4631657432030947,0.06774202037466283
aft_lognormal_nonlinear,Log-Normal AFT (Nonlinear),Nonlinear log-normal accelerated-failure-time DGP; all three working models are misspecified.,0.9,2,31260416,plugin_lognormal,Log-Normal Plug-in,plug-in,Log-Normal,misspecified,FALSE,2000,0.3,3,0.3,0.7,0.2,0.1,1500,2.8168208691018473,0.25142857142857145,0.05357142857142857,0.9116666666666666,2.447958867614292,0.11230736803237061
aft_lognormal_nonlinear,Log-Normal AFT (Nonlinear),Nonlinear log-normal accelerated-failure-time DGP; all three working models are misspecified.,0.9,2,31260416,plugin_weibull,Weibull Plug-in,plug-in,Weibull,misspecified,FALSE,2000,0.3,3,0.3,0.7,0.2,0.1,1500,2.8168208691018473,0.25142857142857145,0.05357142857142857,0.93,2.4900985928946846,0.08670386108373877
aft_lognormal_nonlinear,Log-Normal AFT (Nonlinear),Nonlinear log-normal accelerated-failure-time DGP; all three working models are misspecified.,0.9,3,31260417,cp_cox,CP + Cox,conformal,Cox,misspecified,TRUE,2000,0.3,3,0.3,0.7,0.2,0.1,1500,2.8631629130956515,0.25285714285714284,0.06428571428571428,0.885,2.485691444677152,0.08696795231283401
aft_lognormal_nonlinear,Log-Normal AFT (Nonlinear),Nonlinear log-normal accelerated-failure-time DGP; all three working models are misspecified.,0.9,3,31260417,cp_lognormal,CP + Log-Normal,conformal,Log-Normal,misspecified,TRUE,2000,0.3,3,0.3,0.7,0.2,0.1,1500,2.8631629130956515,0.25285714285714284,0.06428571428571428,0.8966666666666666,2.4758264491478474,0.14099439357208568
aft_lognormal_nonlinear,Log-Normal AFT (Nonlinear),Nonlinear log-normal accelerated-failure-time DGP; all three working models are misspecified.,0.9,3,31260417,cp_weibull,CP + Weibull,conformal,Weibull,misspecified,TRUE,2000,0.3,3,0.3,0.7,0.2,0.1,1500,2.8631629130956515,0.25285714285714284,0.06428571428571428,0.89,2.4638692831256193,0.13872736530384755
aft_lognormal_nonlinear,Log-Normal AFT (Nonlinear),Nonlinear log-normal accelerated-failure-time DGP; all three working models are misspecified.,0.9,3,31260417,plugin_cox,Cox Plug-in,plug-in,Cox,misspecified,FALSE,2000,0.3,3,0.3,0.7,0.2,0.1,1500,2.8631629130956515,0.25285714285714284,0.06428571428571428,0.8933333333333333,2.5019241251097584,0.08089130120350277
aft_lognormal_nonlinear,Log-Normal AFT (Nonlinear),Nonlinear log-normal accelerated-failure-time DGP; all three working models are misspecified.,0.9,3,31260417,plugin_lognormal,Log-Normal Plug-in,plug-in,Log-Normal,misspecified,FALSE,2000,0.3,3,0.3,0.7,0.2,0.1,1500,2.8631629130956515,0.25285714285714284,0.06428571428571428,0.8966666666666666,2.473793217152354,0.14173451059921527
aft_lognormal_nonlinear,Log-Normal AFT (Nonlinear),Nonlinear log-normal accelerated-failure-time DGP; all three working models are misspecified.,0.9,3,31260417,plugin_weibull,Weibull Plug-in,plug-in,Weibull,misspecified,FALSE,2000,0.3,3,0.3,0.7,0.2,0.1,1500,2.8631629130956515,0.25285714285714284,0.06428571428571428,0.9316666666666666,2.5252453025199313,0.11740337507628047
aft_lognormal_nonlinear,Log-Normal AFT (Nonlinear),Nonlinear log-normal accelerated-failure-time DGP; all three working models are misspecified.,0.9,4,31260418,cp_cox,CP + Cox,conformal,Cox,misspecified,TRUE,2000,0.3,3,0.3,0.7,0.2,0.1,1500,2.9677699749084896,0.25142857142857145,0.06285714285714286,0.8933333333333333,2.583777993371472,0.08822169394643503
aft_lognormal_nonlinear,Log-Normal AFT (Nonlinear),Nonlinear log-normal accelerated-failure-time DGP; all three working models are misspecified.,0.9,4,31260418,cp_lognormal,CP + Log-Normal,conformal,Log-Normal,misspecified,TRUE,2000,0.3,3,0.3,0.7,0.2,0.1,1500,2.9677699749084896,0.25142857142857145,0.06285714285714286,0.9033333333333333,2.5697029210488975,0.14095472853305008
aft_lognormal_nonlinear,Log-Normal AFT (Nonlinear),Nonlinear log-normal accelerated-failure-time DGP; all three working models are misspecified.,0.9,4,31260418,cp_weibull,CP + Weibull,conformal,Weibull,misspecified,TRUE,2000,0.3,3,0.3,0.7,0.2,0.1,1500,2.9677699749084896,0.25142857142857145,0.06285714285714286,0.9183333333333333,2.600679366354414,0.11129545873659896
aft_lognormal_nonlinear,Log-Normal AFT (Nonlinear),Nonlinear log-normal accelerated-failure-time DGP; all three working models are misspecified.,0.9,4,31260418,plugin_cox,Cox Plug-in,plug-in,Cox,misspecified,FALSE,2000,0.3,3,0.3,0.7,0.2,0.1,1500,2.9677699749084896,0.25142857142857145,0.06285714285714286,0.9233333333333333,2.6262342044017277,0.07489640169060148
aft_lognormal_nonlinear,Log-Normal AFT (Nonlinear),Nonlinear log-normal accelerated-failure-time DGP; all three working models are misspecified.,0.9,4,31260418,plugin_lognormal,Log-Normal Plug-in,plug-in,Log-Normal,misspecified,FALSE,2000,0.3,3,0.3,0.7,0.2,0.1,1500,2.9677699749084896,0.25142857142857145,0.06285714285714286,0.9166666666666666,2.593218344702644,0.13262796517668668
aft_lognormal_nonlinear,Log-Normal AFT (Nonlinear),Nonlinear log-normal accelerated-failure-time DGP; all three working models are misspecified.,0.9,4,31260418,plugin_weibull,Weibull Plug-in,plug-in,Weibull,misspecified,FALSE,2000,0.3,3,0.3,0.7,0.2,0.1,1500,2.9677699749084896,0.25142857142857145,0.06285714285714286,0.9366666666666666,2.6459108579734276,0.09758206075862465
aft_lognormal_nonlinear,Log-Normal AFT (Nonlinear),Nonlinear log-normal accelerated-failure-time DGP; all three working models are misspecified.,0.9,5,31260419,cp_cox,CP + Cox,conformal,Cox,misspecified,TRUE,2000,0.3,3,0.3,0.7,0.2,0.1,1500,2.768345683049724,0.2592857142857143,0.056428571428571425,0.9016666666666666,2.4005471543690744,0.07240496175943709
aft_lognormal_nonlinear,Log-Normal AFT (Nonlinear),Nonlinear log-normal accelerated-failure-time DGP; all three working models are misspecified.,0.9,5,31260419,cp_lognormal,CP + Log-Normal,conformal,Log-Normal,misspecified,TRUE,2000,0.3,3,0.3,0.7,0.2,0.1,1500,2.768345683049724,0.2592857142857143,0.056428571428571425,0.905,2.3925936837841855,0.11547093951315895
aft_lognormal_nonlinear,Log-Normal AFT (Nonlinear),Nonlinear log-normal accelerated-failure-time DGP; all three working models are misspecified.,0.9,5,31260419,cp_weibull,CP + Weibull,conformal,Weibull,misspecified,TRUE,2000,0.3,3,0.3,0.7,0.2,0.1,1500,2.768345683049724,0.2592857142857143,0.056428571428571425,0.91,2.3978502142428444,0.1007485286610495
aft_lognormal_nonlinear,Log-Normal AFT (Nonlinear),Nonlinear log-normal accelerated-failure-time DGP; all three working models are misspecified.,0.9,5,31260419,plugin_cox,Cox Plug-in,plug-in,Cox,misspecified,FALSE,2000,0.3,3,0.3,0.7,0.2,0.1,1500,2.768345683049724,0.2592857142857143,0.056428571428571425,0.9066666666666666,2.422811662054717,0.0664302060506522
aft_lognormal_nonlinear,Log-Normal AFT (Nonlinear),Nonlinear log-normal accelerated-failure-time DGP; all three working models are misspecified.,0.9,5,31260419,plugin_lognormal,Log-Normal Plug-in,plug-in,Log-Normal,misspecified,FALSE,2000,0.3,3,0.3,0.7,0.2,0.1,1500,2.768345683049724,0.2592857142857143,0.056428571428571425,0.9083333333333333,2.3970397479931203,0.11410463617386854
aft_lognormal_nonlinear,Log-Normal AFT (Nonlinear),Nonlinear log-normal accelerated-failure-time DGP; all three working models are misspecified.,0.9,5,31260419,plugin_weibull,Weibull Plug-in,plug-in,Weibull,misspecified,FALSE,2000,0.3,3,0.3,0.7,0.2,0.1,1500,2.768345683049724,0.2592857142857143,0.056428571428571425,0.9266666666666666,2.4491697997384922,0.08679323590988106
aft_lognormal_nonlinear,Log-Normal AFT (Nonlinear),Nonlinear log-normal accelerated-failure-time DGP; all three working models are misspecified.,0.9,6,31260420,cp_cox,CP + Cox,conformal,Cox,misspecified,TRUE,2000,0.3,3,0.3,0.7,0.2,0.1,1500,2.789375232960636,0.2714285714285714,0.06571428571428571,0.8916666666666667,2.424038625641249,0.07253402155730745
aft_lognormal_nonlinear,Log-Normal AFT (Nonlinear),Nonlinear log-normal accelerated-failure-time DGP; all three working models are misspecified.,0.9,6,31260420,cp_lognormal,CP + Log-Normal,conformal,Log-Normal,misspecified,TRUE,2000,0.3,3,0.3,0.7,0.2,0.1,1500,2.789375232960636,0.2714285714285714,0.06571428571428571,0.8983333333333333,2.4145286016907086,0.10958940937116271
aft_lognormal_nonlinear,Log-Normal AFT (Nonlinear),Nonlinear log-normal accelerated-failure-time DGP; all three working models are misspecified.,0.9,6,31260420,cp_weibull,CP + Weibull,conformal,Weibull,misspecified,TRUE,2000,0.3,3,0.3,0.7,0.2,0.1,1500,2.789375232960636,0.2714285714285714,0.06571428571428571,0.8866666666666667,2.4087255495031568,0.10015311458016708
aft_lognormal_nonlinear,Log-Normal AFT (Nonlinear),Nonlinear log-normal accelerated-failure-time DGP; all three working models are misspecified.,0.9,6,31260420,plugin_cox,Cox Plug-in,plug-in,Cox,misspecified,FALSE,2000,0.3,3,0.3,0.7,0.2,0.1,1500,2.789375232960636,0.2714285714285714,0.06571428571428571,0.89,2.4220933615344196,0.07307946444303659
aft_lognormal_nonlinear,Log-Normal AFT (Nonlinear),Nonlinear log-normal accelerated-failure-time DGP; all three working models are misspecified.,0.9,6,31260420,plugin_lognormal,Log-Normal Plug-in,plug-in,Log-Normal,misspecified,FALSE,2000,0.3,3,0.3,0.7,0.2,0.1,1500,2.789375232960636,0.2714285714285714,0.06571428571428571,0.8783333333333333,2.3981335598357143,0.11438263092798265
aft_lognormal_nonlinear,Log-Normal AFT (Nonlinear),Nonlinear log-normal accelerated-failure-time DGP; all three working models are misspecified.,0.9,6,31260420,plugin_weibull,Weibull Plug-in,plug-in,Weibull,misspecified,FALSE,2000,0.3,3,0.3,0.7,0.2,0.1,1500,2.789375232960636,0.2714285714285714,0.06571428571428571,0.92,2.447104755517832,0.09005512373837771
aft_lognormal_nonlinear,Log-Normal AFT (Nonlinear),Nonlinear log-normal accelerated-failure-time DGP; all three working models are misspecified.,0.9,7,31260421,cp_cox,CP + Cox,conformal,Cox,misspecified,TRUE,2000,0.3,3,0.3,0.7,0.2,0.1,1500,2.989350406142344,0.23857142857142857,0.06285714285714286,0.9133333333333333,2.623571280609119,0.07830547919865019
aft_lognormal_nonlinear,Log-Normal AFT (Nonlinear),Nonlinear log-normal accelerated-failure-time DGP; all three working models are misspecified.,0.9,7,31260421,cp_lognormal,CP + Log-Normal,conformal,Log-Normal,misspecified,TRUE,2000,0.3,3,0.3,0.7,0.2,0.1,1500,2.989350406142344,0.23857142857142857,0.06285714285714286,0.92,2.6172193233518986,0.12420964503957559
aft_lognormal_nonlinear,Log-Normal AFT (Nonlinear),Nonlinear log-normal accelerated-failure-time DGP; all three working models are misspecified.,0.9,7,31260421,cp_weibull,CP + Weibull,conformal,Weibull,misspecified,TRUE,2000,0.3,3,0.3,0.7,0.2,0.1,1500,2.989350406142344,0.23857142857142857,0.06285714285714286,0.915,2.608277906489172,0.11973781990848475
aft_lognormal_nonlinear,Log-Normal AFT (Nonlinear),Nonlinear log-normal accelerated-failure-time DGP; all three working models are misspecified.,0.9,7,31260421,plugin_cox,Cox Plug-in,plug-in,Cox,misspecified,FALSE,2000,0.3,3,0.3,0.7,0.2,0.1,1500,2.989350406142344,0.23857142857142857,0.06285714285714286,0.9116666666666666,2.622291349863926,0.07872771986099608
aft_lognormal_nonlinear,Log-Normal AFT (Nonlinear),Nonlinear log-normal accelerated-failure-time DGP; all three working models are misspecified.,0.9,7,31260421,plugin_lognormal,Log-Normal Plug-in,plug-in,Log-Normal,misspecified,FALSE,2000,0.3,3,0.3,0.7,0.2,0.1,1500,2.989350406142344,0.23857142857142857,0.06285714285714286,0.9166666666666666,2.601889012955429,0.12932658501248354
aft_lognormal_nonlinear,Log-Normal AFT (Nonlinear),Nonlinear log-normal accelerated-failure-time DGP; all three working models are misspecified.,0.9,7,31260421,plugin_weibull,Weibull Plug-in,plug-in,Weibull,misspecified,FALSE,2000,0.3,3,0.3,0.7,0.2,0.1,1500,2.989350406142344,0.23857142857142857,0.06285714285714286,0.9416666666666667,2.658328210623043,0.1040113785929851
aft_lognormal_nonlinear,Log-Normal AFT (Nonlinear),Nonlinear log-normal accelerated-failure-time DGP; all three working models are misspecified.,0.9,8,31260422,cp_cox,CP + Cox,conformal,Cox,misspecified,TRUE,2000,0.3,3,0.3,0.7,0.2,0.1,1500,2.932243724694428,0.2692857142857143,0.06,0.9116666666666666,2.5601178079645566,0.06775912178978717
aft_lognormal_nonlinear,Log-Normal AFT (Nonlinear),Nonlinear log-normal accelerated-failure-time DGP; all three working models are misspecified.,0.9,8,31260422,cp_lognormal,CP + Log-Normal,conformal,Log-Normal,misspecified,TRUE,2000,0.3,3,0.3,0.7,0.2,0.1,1500,2.932243724694428,0.2692857142857143,0.06,0.9033333333333333,2.528066483774049,0.11466874108318992
aft_lognormal_nonlinear,Log-Normal AFT (Nonlinear),Nonlinear log-normal accelerated-failure-time DGP; all three working models are misspecified.,0.9,8,31260422,cp_weibull,CP + Weibull,conformal,Weibull,misspecified,TRUE,2000,0.3,3,0.3,0.7,0.2,0.1,1500,2.932243724694428,0.2692857142857143,0.06,0.9166666666666666,2.5559077523641967,0.10569429702421426
aft_lognormal_nonlinear,Log-Normal AFT (Nonlinear),Nonlinear log-normal accelerated-failure-time DGP; all three working models are misspecified.,0.9,8,31260422,plugin_cox,Cox Plug-in,plug-in,Cox,misspecified,FALSE,2000,0.3,3,0.3,0.7,0.2,0.1,1500,2.932243724694428,0.2692857142857143,0.06,0.9083333333333333,2.5555320823905947,0.06889017632138023
aft_lognormal_nonlinear,Log-Normal AFT (Nonlinear),Nonlinear log-normal accelerated-failure-time DGP; all three working models are misspecified.,0.9,8,31260422,plugin_lognormal,Log-Normal Plug-in,plug-in,Log-Normal,misspecified,FALSE,2000,0.3,3,0.3,0.7,0.2,0.1,1500,2.932243724694428,0.2692857142857143,0.06,0.9116666666666666,2.547817940001021,0.10906507419945075
aft_lognormal_nonlinear,Log-Normal AFT (Nonlinear),Nonlinear log-normal accelerated-failure-time DGP; all three working models are misspecified.,0.9,8,31260422,plugin_weibull,Weibull Plug-in,plug-in,Weibull,misspecified,FALSE,2000,0.3,3,0.3,0.7,0.2,0.1,1500,2.932243724694428,0.2692857142857143,0.06,0.935,2.594119772228565,0.0949624168044416
aft_lognormal_nonlinear,Log-Normal AFT (Nonlinear),Nonlinear log-normal accelerated-failure-time DGP; all three working models are misspecified.,0.9,9,31260423,cp_cox,CP + Cox,conformal,Cox,misspecified,TRUE,2000,0.3,3,0.3,0.7,0.2,0.1,1500,2.858858309638511,0.255,0.05071428571428571,0.9133333333333333,2.472975244915921,0.0866048886740162
aft_lognormal_nonlinear,Log-Normal AFT (Nonlinear),Nonlinear log-normal accelerated-failure-time DGP; all three working models are misspecified.,0.9,9,31260423,cp_lognormal,CP + Log-Normal,conformal,Log-Normal,misspecified,TRUE,2000,0.3,3,0.3,0.7,0.2,0.1,1500,2.858858309638511,0.255,0.05071428571428571,0.8966666666666666,2.456737162120733,0.12234567053582235
aft_lognormal_nonlinear,Log-Normal AFT (Nonlinear),Nonlinear log-normal accelerated-failure-time DGP; all three working models are misspecified.,0.9,9,31260423,cp_weibull,CP + Weibull,conformal,Weibull,misspecified,TRUE,2000,0.3,3,0.3,0.7,0.2,0.1,1500,2.858858309638511,0.255,0.05071428571428571,0.91,2.4736647519318775,0.11568933039979203
aft_lognormal_nonlinear,Log-Normal AFT (Nonlinear),Nonlinear log-normal accelerated-failure-time DGP; all three working models are misspecified.,0.9,9,31260423,plugin_cox,Cox Plug-in,plug-in,Cox,misspecified,FALSE,2000,0.3,3,0.3,0.7,0.2,0.1,1500,2.858858309638511,0.255,0.05071428571428571,0.92,2.4994748826633275,0.08042515259104498
aft_lognormal_nonlinear,Log-Normal AFT (Nonlinear),Nonlinear log-normal accelerated-failure-time DGP; all three working models are misspecified.,0.9,9,31260423,plugin_lognormal,Log-Normal Plug-in,plug-in,Log-Normal,misspecified,FALSE,2000,0.3,3,0.3,0.7,0.2,0.1,1500,2.858858309638511,0.255,0.05071428571428571,0.91,2.4828781841294623,0.11439224434599901
aft_lognormal_nonlinear,Log-Normal AFT (Nonlinear),Nonlinear log-normal accelerated-failure-time DGP; all three working models are misspecified.,0.9,9,31260423,plugin_weibull,Weibull Plug-in,plug-in,Weibull,misspecified,FALSE,2000,0.3,3,0.3,0.7,0.2,0.1,1500,2.858858309638511,0.255,0.05071428571428571,0.9366666666666666,2.5299952909347554,0.0987709728418352
aft_lognormal_nonlinear,Log-Normal AFT (Nonlinear),Nonlinear log-normal accelerated-failure-time DGP; all three working models are misspecified.,0.9,10,31260424,cp_cox,CP + Cox,conformal,Cox,misspecified,TRUE,2000,0.3,3,0.3,0.7,0.2,0.1,1500,2.9126397163731492,0.25642857142857145,0.06285714285714286,0.885,2.5342668892957945,0.06518791205417455
aft_lognormal_nonlinear,Log-Normal AFT (Nonlinear),Nonlinear log-normal accelerated-failure-time DGP; all three working models are misspecified.,0.9,10,31260424,cp_lognormal,CP + Log-Normal,conformal,Log-Normal,misspecified,TRUE,2000,0.3,3,0.3,0.7,0.2,0.1,1500,2.9126397163731492,0.25642857142857145,0.06285714285714286,0.8933333333333333,2.525479218396895,0.1077334233749278
aft_lognormal_nonlinear,Log-Normal AFT (Nonlinear),Nonlinear log-normal accelerated-failure-time DGP; all three working models are misspecified.,0.9,10,31260424,cp_weibull,CP + Weibull,conformal,Weibull,misspecified,TRUE,2000,0.3,3,0.3,0.7,0.2,0.1,1500,2.9126397163731492,0.25642857142857145,0.06285714285714286,0.8933333333333333,2.5268782264204406,0.09957166200584663
aft_lognormal_nonlinear,Log-Normal AFT (Nonlinear),Nonlinear log-normal accelerated-failure-time DGP; all three working models are misspecified.,0.9,10,31260424,plugin_cox,Cox Plug-in,plug-in,Cox,misspecified,FALSE,2000,0.3,3,0.3,0.7,0.2,0.1,1500,2.9126397163731492,0.25642857142857145,0.06285714285714286,0.895,2.5517389229049585,0.062368107197776204
aft_lognormal_nonlinear,Log-Normal AFT (Nonlinear),Nonlinear log-normal accelerated-failure-time DGP; all three working models are misspecified.,0.9,10,31260424,plugin_lognormal,Log-Normal Plug-in,plug-in,Log-Normal,misspecified,FALSE,2000,0.3,3,0.3,0.7,0.2,0.1,1500,2.9126397163731492,0.25642857142857145,0.06285714285714286,0.9016666666666666,2.5496856585463705,0.10099760533911356
aft_lognormal_nonlinear,Log-Normal AFT (Nonlinear),Nonlinear log-normal accelerated-failure-time DGP; all three working models are misspecified.,0.9,10,31260424,plugin_weibull,Weibull Plug-in,plug-in,Weibull,misspecified,FALSE,2000,0.3,3,0.3,0.7,0.2,0.1,1500,2.9126397163731492,0.25642857142857145,0.06285714285714286,0.925,2.5989408436485277,0.08097106357189865
aft_lognormal_nonlinear,Log-Normal AFT (Nonlinear),Nonlinear log-normal accelerated-failure-time DGP; all three working models are misspecified.,0.9,11,31260425,cp_cox,CP + Cox,conformal,Cox,misspecified,TRUE,2000,0.3,3,0.3,0.7,0.2,0.1,1500,2.9538753942443696,0.2621428571428571,0.05714285714285714,0.9233333333333333,2.555304010357965,0.10067577838281305
aft_lognormal_nonlinear,Log-Normal AFT (Nonlinear),Nonlinear log-normal accelerated-failure-time DGP; all three working models are misspecified.,0.9,11,31260425,cp_lognormal,CP + Log-Normal,conformal,Log-Normal,misspecified,TRUE,2000,0.3,3,0.3,0.7,0.2,0.1,1500,2.9538753942443696,0.2621428571428571,0.05714285714285714,0.915,2.533484214820951,0.15147567341004461
aft_lognormal_nonlinear,Log-Normal AFT (Nonlinear),Nonlinear log-normal accelerated-failure-time DGP; all three working models are misspecified.,0.9,11,31260425,cp_weibull,CP + Weibull,conformal,Weibull,misspecified,TRUE,2000,0.3,3,0.3,0.7,0.2,0.1,1500,2.9538753942443696,0.2621428571428571,0.05714285714285714,0.9266666666666666,2.559188854843037,0.13962060051065048
aft_lognormal_nonlinear,Log-Normal AFT (Nonlinear),Nonlinear log-normal accelerated-failure-time DGP; all three working models are misspecified.,0.9,11,31260425,plugin_cox,Cox Plug-in,plug-in,Cox,misspecified,FALSE,2000,0.3,3,0.3,0.7,0.2,0.1,1500,2.9538753942443696,0.2621428571428571,0.05714285714285714,0.9316666666666666,2.5704411107681557,0.09488901077075736
aft_lognormal_nonlinear,Log-Normal AFT (Nonlinear),Nonlinear log-normal accelerated-failure-time DGP; all three working models are misspecified.,0.9,11,31260425,plugin_lognormal,Log-Normal Plug-in,plug-in,Log-Normal,misspecified,FALSE,2000,0.3,3,0.3,0.7,0.2,0.1,1500,2.9538753942443696,0.2621428571428571,0.05714285714285714,0.9216666666666666,2.540601916021773,0.14891101783376748
aft_lognormal_nonlinear,Log-Normal AFT (Nonlinear),Nonlinear log-normal accelerated-failure-time DGP; all three working models are misspecified.,0.9,11,31260425,plugin_weibull,Weibull Plug-in,plug-in,Weibull,misspecified,FALSE,2000,0.3,3,0.3,0.7,0.2,0.1,1500,2.9538753942443696,0.2621428571428571,0.05714285714285714,0.945,2.5928380703440763,0.1277171703047621
aft_lognormal_nonlinear,Log-Normal AFT (Nonlinear),Nonlinear log-normal accelerated-failure-time DGP; all three working models are misspecified.,0.9,12,31260426,cp_cox,CP + Cox,conformal,Cox,misspecified,TRUE,2000,0.3,3,0.3,0.7,0.2,0.1,1500,2.906717539065296,0.2842857142857143,0.062142857142857146,0.88,2.5431901778782517,0.08591061210687516
aft_lognormal_nonlinear,Log-Normal AFT (Nonlinear),Nonlinear log-normal accelerated-failure-time DGP; all three working models are misspecified.,0.9,12,31260426,cp_lognormal,CP + Log-Normal,conformal,Log-Normal,misspecified,TRUE,2000,0.3,3,0.3,0.7,0.2,0.1,1500,2.906717539065296,0.2842857142857143,0.062142857142857146,0.8733333333333333,2.5161069562762095,0.14280690554860806
aft_lognormal_nonlinear,Log-Normal AFT (Nonlinear),Nonlinear log-normal accelerated-failure-time DGP; all three working models are misspecified.,0.9,12,31260426,cp_weibull,CP + Weibull,conformal,Weibull,misspecified,TRUE,2000,0.3,3,0.3,0.7,0.2,0.1,1500,2.906717539065296,0.2842857142857143,0.062142857142857146,0.875,2.5155616443190936,0.12956909167140357
aft_lognormal_nonlinear,Log-Normal AFT (Nonlinear),Nonlinear log-normal accelerated-failure-time DGP; all three working models are misspecified.,0.9,12,31260426,plugin_cox,Cox Plug-in,plug-in,Cox,misspecified,FALSE,2000,0.3,3,0.3,0.7,0.2,0.1,1500,2.906717539065296,0.2842857142857143,0.062142857142857146,0.8733333333333333,2.5298421678847665,0.0902838164099225
aft_lognormal_nonlinear,Log-Normal AFT (Nonlinear),Nonlinear log-normal accelerated-failure-time DGP; all three working models are misspecified.,0.9,12,31260426,plugin_lognormal,Log-Normal Plug-in,plug-in,Log-Normal,misspecified,FALSE,2000,0.3,3,0.3,0.7,0.2,0.1,1500,2.906717539065296,0.2842857142857143,0.062142857142857146,0.87,2.4993691055501968,0.1489262499110905
aft_lognormal_nonlinear,Log-Normal AFT (Nonlinear),Nonlinear log-normal accelerated-failure-time DGP; all three working models are misspecified.,0.9,12,31260426,plugin_weibull,Weibull Plug-in,plug-in,Weibull,misspecified,FALSE,2000,0.3,3,0.3,0.7,0.2,0.1,1500,2.906717539065296,0.2842857142857143,0.062142857142857146,0.8983333333333333,2.553685757892054,0.11694060560542986
aft_lognormal_nonlinear,Log-Normal AFT (Nonlinear),Nonlinear log-normal accelerated-failure-time DGP; all three working models are misspecified.,0.9,13,31260427,cp_cox,CP + Cox,conformal,Cox,misspecified,TRUE,2000,0.3,3,0.3,0.7,0.2,0.1,1500,2.953706142196616,0.25285714285714284,0.06285714285714286,0.915,2.5967798659434664,0.06270360475334283
aft_lognormal_nonlinear,Log-Normal AFT (Nonlinear),Nonlinear log-normal accelerated-failure-time DGP; all three working models are misspecified.,0.9,13,31260427,cp_lognormal,CP + Log-Normal,conformal,Log-Normal,misspecified,TRUE,2000,0.3,3,0.3,0.7,0.2,0.1,1500,2.953706142196616,0.25285714285714284,0.06285714285714286,0.9083333333333333,2.5647755005916477,0.11405320657371842
aft_lognormal_nonlinear,Log-Normal AFT (Nonlinear),Nonlinear log-normal accelerated-failure-time DGP; all three working models are misspecified.,0.9,13,31260427,cp_weibull,CP + Weibull,conformal,Weibull,misspecified,TRUE,2000,0.3,3,0.3,0.7,0.2,0.1,1500,2.953706142196616,0.25285714285714284,0.06285714285714286,0.8983333333333333,2.557543696682836,0.11332697223625596
aft_lognormal_nonlinear,Log-Normal AFT (Nonlinear),Nonlinear log-normal accelerated-failure-time DGP; all three working models are misspecified.,0.9,13,31260427,plugin_cox,Cox Plug-in,plug-in,Cox,misspecified,FALSE,2000,0.3,3,0.3,0.7,0.2,0.1,1500,2.953706142196616,0.25285714285714284,0.06285714285714286,0.915,2.595615205838614,0.06324130818794173
aft_lognormal_nonlinear,Log-Normal AFT (Nonlinear),Nonlinear log-normal accelerated-failure-time DGP; all three working models are misspecified.,0.9,13,31260427,plugin_lognormal,Log-Normal Plug-in,plug-in,Log-Normal,misspecified,FALSE,2000,0.3,3,0.3,0.7,0.2,0.1,1500,2.953706142196616,0.25285714285714284,0.06285714285714286,0.9133333333333333,2.573876377196922,0.11138439098444032
aft_lognormal_nonlinear,Log-Normal AFT (Nonlinear),Nonlinear log-normal accelerated-failure-time DGP; all three working models are misspecified.,0.9,13,31260427,plugin_weibull,Weibull Plug-in,plug-in,Weibull,misspecified,FALSE,2000,0.3,3,0.3,0.7,0.2,0.1,1500,2.953706142196616,0.25285714285714284,0.06285714285714286,0.9316666666666666,2.624645043090193,0.09413183522254988
aft_lognormal_nonlinear,Log-Normal AFT (Nonlinear),Nonlinear log-normal accelerated-failure-time DGP; all three working models are misspecified.,0.9,14,31260428,cp_cox,CP + Cox,conformal,Cox,misspecified,TRUE,2000,0.3,3,0.3,0.7,0.2,0.1,1500,3.0105047519355073,0.2807142857142857,0.05928571428571429,0.9,2.638485772357026,0.08232485538829355
aft_lognormal_nonlinear,Log-Normal AFT (Nonlinear),Nonlinear log-normal accelerated-failure-time DGP; all three working models are misspecified.,0.9,14,31260428,cp_lognormal,CP + Log-Normal,conformal,Log-Normal,misspecified,TRUE,2000,0.3,3,0.3,0.7,0.2,0.1,1500,3.0105047519355073,0.2807142857142857,0.05928571428571429,0.89,2.614034013372642,0.13381550096155145
aft_lognormal_nonlinear,Log-Normal AFT (Nonlinear),Nonlinear log-normal accelerated-failure-time DGP; all three working models are misspecified.,0.9,14,31260428,cp_weibull,CP + Weibull,conformal,Weibull,misspecified,TRUE,2000,0.3,3,0.3,0.7,0.2,0.1,1500,3.0105047519355073,0.2807142857142857,0.05928571428571429,0.8983333333333333,2.6331365311567514,0.11699376292175134
aft_lognormal_nonlinear,Log-Normal AFT (Nonlinear),Nonlinear log-normal accelerated-failure-time DGP; all three working models are misspecified.,0.9,14,31260428,plugin_cox,Cox Plug-in,plug-in,Cox,misspecified,FALSE,2000,0.3,3,0.3,0.7,0.2,0.1,1500,3.0105047519355073,0.2807142857142857,0.05928571428571429,0.9066666666666666,2.642085534034504,0.08137813788864794
aft_lognormal_nonlinear,Log-Normal AFT (Nonlinear),Nonlinear log-normal accelerated-failure-time DGP; all three working models are misspecified.,0.9,14,31260428,plugin_lognormal,Log-Normal Plug-in,plug-in,Log-Normal,misspecified,FALSE,2000,0.3,3,0.3,0.7,0.2,0.1,1500,3.0105047519355073,0.2807142857142857,0.05928571428571429,0.8916666666666667,2.620651508742569,0.1315819856679702
aft_lognormal_nonlinear,Log-Normal AFT (Nonlinear),Nonlinear log-normal accelerated-failure-time DGP; all three working models are misspecified.,0.9,14,31260428,plugin_weibull,Weibull Plug-in,plug-in,Weibull,misspecified,FALSE,2000,0.3,3,0.3,0.7,0.2,0.1,1500,3.0105047519355073,0.2807142857142857,0.05928571428571429,0.9266666666666666,2.677283548052898,0.10330706291878963
aft_lognormal_nonlinear,Log-Normal AFT (Nonlinear),Nonlinear log-normal accelerated-failure-time DGP; all three working models are misspecified.,0.9,15,31260429,cp_cox,CP + Cox,conformal,Cox,misspecified,TRUE,2000,0.3,3,0.3,0.7,0.2,0.1,1500,2.885978829606725,0.24071428571428571,0.05928571428571429,0.9133333333333333,2.5241243411874397,0.07312416788585534
aft_lognormal_nonlinear,Log-Normal AFT (Nonlinear),Nonlinear log-normal accelerated-failure-time DGP; all three working models are misspecified.,0.9,15,31260429,cp_lognormal,CP + Log-Normal,conformal,Log-Normal,misspecified,TRUE,2000,0.3,3,0.3,0.7,0.2,0.1,1500,2.885978829606725,0.24071428571428571,0.05928571428571429,0.8933333333333333,2.487619104995417,0.12111809422662743
aft_lognormal_nonlinear,Log-Normal AFT (Nonlinear),Nonlinear log-normal accelerated-failure-time DGP; all three working models are misspecified.,0.9,15,31260429,cp_weibull,CP + Weibull,conformal,Weibull,misspecified,TRUE,2000,0.3,3,0.3,0.7,0.2,0.1,1500,2.885978829606725,0.24071428571428571,0.05928571428571429,0.9066666666666666,2.511439835109547,0.10446136125829722
aft_lognormal_nonlinear,Log-Normal AFT (Nonlinear),Nonlinear log-normal accelerated-failure-time DGP; all three working models are misspecified.,0.9,15,31260429,plugin_cox,Cox Plug-in,plug-in,Cox,misspecified,FALSE,2000,0.3,3,0.3,0.7,0.2,0.1,1500,2.885978829606725,0.24071428571428571,0.05928571428571429,0.9166666666666666,2.5301716597270794,0.07128376138720467
aft_lognormal_nonlinear,Log-Normal AFT (Nonlinear),Nonlinear log-normal accelerated-failure-time DGP; all three working models are misspecified.,0.9,15,31260429,plugin_lognormal,Log-Normal Plug-in,plug-in,Log-Normal,misspecified,FALSE,2000,0.3,3,0.3,0.7,0.2,0.1,1500,2.885978829606725,0.24071428571428571,0.05928571428571429,0.9133333333333333,2.5151446863668925,0.11274916094290746
aft_lognormal_nonlinear,Log-Normal AFT (Nonlinear),Nonlinear log-normal accelerated-failure-time DGP; all three working models are misspecified.,0.9,15,31260429,plugin_weibull,Weibull Plug-in,plug-in,Weibull,misspecified,FALSE,2000,0.3,3,0.3,0.7,0.2,0.1,1500,2.885978829606725,0.24071428571428571,0.05928571428571429,0.9366666666666666,2.559960883734313,0.09092852525592668
aft_lognormal_nonlinear,Log-Normal AFT (Nonlinear),Nonlinear log-normal accelerated-failure-time DGP; all three working models are misspecified.,0.9,16,31260430,cp_cox,CP + Cox,conformal,Cox,misspecified,TRUE,2000,0.3,3,0.3,0.7,0.2,0.1,1500,2.9110801136309634,0.2557142857142857,0.055714285714285716,0.8983333333333333,2.5380769781269,0.0856695387666062
aft_lognormal_nonlinear,Log-Normal AFT (Nonlinear),Nonlinear log-normal accelerated-failure-time DGP; all three working models are misspecified.,0.9,16,31260430,cp_lognormal,CP + Log-Normal,conformal,Log-Normal,misspecified,TRUE,2000,0.3,3,0.3,0.7,0.2,0.1,1500,2.9110801136309634,0.2557142857142857,0.055714285714285716,0.8966666666666666,2.511529334234401,0.13005386754129622
aft_lognormal_nonlinear,Log-Normal AFT (Nonlinear),Nonlinear log-normal accelerated-failure-time DGP; all three working models are misspecified.,0.9,16,31260430,cp_weibull,CP + Weibull,conformal,Weibull,misspecified,TRUE,2000,0.3,3,0.3,0.7,0.2,0.1,1500,2.9110801136309634,0.2557142857142857,0.055714285714285716,0.8866666666666667,2.4924993665459327,0.13475001877623832
aft_lognormal_nonlinear,Log-Normal AFT (Nonlinear),Nonlinear log-normal accelerated-failure-time DGP; all three working models are misspecified.,0.9,16,31260430,plugin_cox,Cox Plug-in,plug-in,Cox,misspecified,FALSE,2000,0.3,3,0.3,0.7,0.2,0.1,1500,2.9110801136309634,0.2557142857142857,0.055714285714285716,0.8966666666666666,2.528442608927494,0.08850454183349686
aft_lognormal_nonlinear,Log-Normal AFT (Nonlinear),Nonlinear log-normal accelerated-failure-time DGP; all three working models are misspecified.,0.9,16,31260430,plugin_lognormal,Log-Normal Plug-in,plug-in,Log-Normal,misspecified,FALSE,2000,0.3,3,0.3,0.7,0.2,0.1,1500,2.9110801136309634,0.2557142857142857,0.055714285714285716,0.8933333333333333,2.50550811430885,0.13201377596599587
aft_lognormal_nonlinear,Log-Normal AFT (Nonlinear),Nonlinear log-normal accelerated-failure-time DGP; all three working models are misspecified.,0.9,16,31260430,plugin_weibull,Weibull Plug-in,plug-in,Weibull,misspecified,FALSE,2000,0.3,3,0.3,0.7,0.2,0.1,1500,2.9110801136309634,0.2557142857142857,0.055714285714285716,0.9116666666666666,2.5479977769597033,0.1168839035824886
aft_lognormal_nonlinear,Log-Normal AFT (Nonlinear),Nonlinear log-normal accelerated-failure-time DGP; all three working models are misspecified.,0.9,17,31260431,cp_cox,CP + Cox,conformal,Cox,misspecified,TRUE,2000,0.3,3,0.3,0.7,0.2,0.1,1500,2.809824983523228,0.24428571428571427,0.05714285714285714,0.9,2.4500182133856128,0.07557588136019332
aft_lognormal_nonlinear,Log-Normal AFT (Nonlinear),Nonlinear log-normal accelerated-failure-time DGP; all three working models are misspecified.,0.9,17,31260431,cp_lognormal,CP + Log-Normal,conformal,Log-Normal,misspecified,TRUE,2000,0.3,3,0.3,0.7,0.2,0.1,1500,2.809824983523228,0.24428571428571427,0.05714285714285714,0.9033333333333333,2.4322352964801572,0.11923551955460934
aft_lognormal_nonlinear,Log-Normal AFT (Nonlinear),Nonlinear log-normal accelerated-failure-time DGP; all three working models are misspecified.,0.9,17,31260431,cp_weibull,CP + Weibull,conformal,Weibull,misspecified,TRUE,2000,0.3,3,0.3,0.7,0.2,0.1,1500,2.809824983523228,0.24428571428571427,0.05714285714285714,0.9166666666666666,2.4729833163345543,0.09436889058200992
aft_lognormal_nonlinear,Log-Normal AFT (Nonlinear),Nonlinear log-normal accelerated-failure-time DGP; all three working models are misspecified.,0.9,17,31260431,plugin_cox,Cox Plug-in,plug-in,Cox,misspecified,FALSE,2000,0.3,3,0.3,0.7,0.2,0.1,1500,2.809824983523228,0.24428571428571427,0.05714285714285714,0.9133333333333333,2.4776390993563266,0.06847201312711672
aft_lognormal_nonlinear,Log-Normal AFT (Nonlinear),Nonlinear log-normal accelerated-failure-time DGP; all three working models are misspecified.,0.9,17,31260431,plugin_lognormal,Log-Normal Plug-in,plug-in,Log-Normal,misspecified,FALSE,2000,0.3,3,0.3,0.7,0.2,0.1,1500,2.809824983523228,0.24428571428571427,0.05714285714285714,0.91,2.4552044746062713,0.11198229738888525
aft_lognormal_nonlinear,Log-Normal AFT (Nonlinear),Nonlinear log-normal accelerated-failure-time DGP; all three working models are misspecified.,0.9,17,31260431,plugin_weibull,Weibull Plug-in,plug-in,Weibull,misspecified,FALSE,2000,0.3,3,0.3,0.7,0.2,0.1,1500,2.809824983523228,0.24428571428571427,0.05714285714285714,0.9266666666666666,2.496373321678773,0.08781599327134311
aft_lognormal_nonlinear,Log-Normal AFT (Nonlinear),Nonlinear log-normal accelerated-failure-time DGP; all three working models are misspecified.,0.9,18,31260432,cp_cox,CP + Cox,conformal,Cox,misspecified,TRUE,2000,0.3,3,0.3,0.7,0.2,0.1,1500,2.8061282287287814,0.25857142857142856,0.055,0.8916666666666667,2.4230204313013166,0.09417765549375216
aft_lognormal_nonlinear,Log-Normal AFT (Nonlinear),Nonlinear log-normal accelerated-failure-time DGP; all three working models are misspecified.,0.9,18,31260432,cp_lognormal,CP + Log-Normal,conformal,Log-Normal,misspecified,TRUE,2000,0.3,3,0.3,0.7,0.2,0.1,1500,2.8061282287287814,0.25857142857142856,0.055,0.8833333333333333,2.3921861652257217,0.13752453201321582
aft_lognormal_nonlinear,Log-Normal AFT (Nonlinear),Nonlinear log-normal accelerated-failure-time DGP; all three working models are misspecified.,0.9,18,31260432,cp_weibull,CP + Weibull,conformal,Weibull,misspecified,TRUE,2000,0.3,3,0.3,0.7,0.2,0.1,1500,2.8061282287287814,0.25857142857142856,0.055,0.9016666666666666,2.439879363827553,0.10720639043024104
aft_lognormal_nonlinear,Log-Normal AFT (Nonlinear),Nonlinear log-normal accelerated-failure-time DGP; all three working models are misspecified.,0.9,18,31260432,plugin_cox,Cox Plug-in,plug-in,Cox,misspecified,FALSE,2000,0.3,3,0.3,0.7,0.2,0.1,1500,2.8061282287287814,0.25857142857142856,0.055,0.8933333333333333,2.4331535666793815,0.09096461308369659
aft_lognormal_nonlinear,Log-Normal AFT (Nonlinear),Nonlinear log-normal accelerated-failure-time DGP; all three working models are misspecified.,0.9,18,31260432,plugin_lognormal,Log-Normal Plug-in,plug-in,Log-Normal,misspecified,FALSE,2000,0.3,3,0.3,0.7,0.2,0.1,1500,2.8061282287287814,0.25857142857142856,0.055,0.8966666666666666,2.4177794776863064,0.12902163117481422
aft_lognormal_nonlinear,Log-Normal AFT (Nonlinear),Nonlinear log-normal accelerated-failure-time DGP; all three working models are misspecified.,0.9,18,31260432,plugin_weibull,Weibull Plug-in,plug-in,Weibull,misspecified,FALSE,2000,0.3,3,0.3,0.7,0.2,0.1,1500,2.8061282287287814,0.25857142857142856,0.055,0.91,2.4525203148010126,0.10350619950723097
aft_lognormal_nonlinear,Log-Normal AFT (Nonlinear),Nonlinear log-normal accelerated-failure-time DGP; all three working models are misspecified.,0.9,19,31260433,cp_cox,CP + Cox,conformal,Cox,misspecified,TRUE,2000,0.3,3,0.3,0.7,0.2,0.1,1500,2.795084694389638,0.255,0.06428571428571428,0.9183333333333333,2.4557453962905424,0.08264380540010162
aft_lognormal_nonlinear,Log-Normal AFT (Nonlinear),Nonlinear log-normal accelerated-failure-time DGP; all three working models are misspecified.,0.9,19,31260433,cp_lognormal,CP + Log-Normal,conformal,Log-Normal,misspecified,TRUE,2000,0.3,3,0.3,0.7,0.2,0.1,1500,2.795084694389638,0.255,0.06428571428571428,0.8866666666666667,2.3966048547996976,0.1353348599722469
aft_lognormal_nonlinear,Log-Normal AFT (Nonlinear),Nonlinear log-normal accelerated-failure-time DGP; all three working models are misspecified.,0.9,19,31260433,cp_weibull,CP + Weibull,conformal,Weibull,misspecified,TRUE,2000,0.3,3,0.3,0.7,0.2,0.1,1500,2.795084694389638,0.255,0.06428571428571428,0.9066666666666666,2.4209590993226406,0.12150520984118644
aft_lognormal_nonlinear,Log-Normal AFT (Nonlinear),Nonlinear log-normal accelerated-failure-time DGP; all three working models are misspecified.,0.9,19,31260433,plugin_cox,Cox Plug-in,plug-in,Cox,misspecified,FALSE,2000,0.3,3,0.3,0.7,0.2,0.1,1500,2.795084694389638,0.255,0.06428571428571428,0.9033333333333333,2.43015585047923,0.09102900393840263
aft_lognormal_nonlinear,Log-Normal AFT (Nonlinear),Nonlinear log-normal accelerated-failure-time DGP; all three working models are misspecified.,0.9,19,31260433,plugin_lognormal,Log-Normal Plug-in,plug-in,Log-Normal,misspecified,FALSE,2000,0.3,3,0.3,0.7,0.2,0.1,1500,2.795084694389638,0.255,0.06428571428571428,0.8983333333333333,2.4063900633266866,0.13201153042272185
aft_lognormal_nonlinear,Log-Normal AFT (Nonlinear),Nonlinear log-normal accelerated-failure-time DGP; all three working models are misspecified.,0.9,19,31260433,plugin_weibull,Weibull Plug-in,plug-in,Weibull,misspecified,FALSE,2000,0.3,3,0.3,0.7,0.2,0.1,1500,2.795084694389638,0.255,0.06428571428571428,0.9216666666666666,2.4451587944116575,0.11364584638502637
aft_lognormal_nonlinear,Log-Normal AFT (Nonlinear),Nonlinear log-normal accelerated-failure-time DGP; all three working models are misspecified.,0.9,20,31260434,cp_cox,CP + Cox,conformal,Cox,misspecified,TRUE,2000,0.3,3,0.3,0.7,0.2,0.1,1500,2.871881585666816,0.26857142857142857,0.05285714285714286,0.9233333333333333,2.5221811512514303,0.06949834976610397
aft_lognormal_nonlinear,Log-Normal AFT (Nonlinear),Nonlinear log-normal accelerated-failure-time DGP; all three working models are misspecified.,0.9,20,31260434,cp_lognormal,CP + Log-Normal,conformal,Log-Normal,misspecified,TRUE,2000,0.3,3,0.3,0.7,0.2,0.1,1500,2.871881585666816,0.26857142857142857,0.05285714285714286,0.92,2.4974936761634146,0.11674967445447988
aft_lognormal_nonlinear,Log-Normal AFT (Nonlinear),Nonlinear log-normal accelerated-failure-time DGP; all three working models are misspecified.,0.9,20,31260434,cp_weibull,CP + Weibull,conformal,Weibull,misspecified,TRUE,2000,0.3,3,0.3,0.7,0.2,0.1,1500,2.871881585666816,0.26857142857142857,0.05285714285714286,0.915,2.4991807366590177,0.1078506697472839
aft_lognormal_nonlinear,Log-Normal AFT (Nonlinear),Nonlinear log-normal accelerated-failure-time DGP; all three working models are misspecified.,0.9,20,31260434,plugin_cox,Cox Plug-in,plug-in,Cox,misspecified,FALSE,2000,0.3,3,0.3,0.7,0.2,0.1,1500,2.871881585666816,0.26857142857142857,0.05285714285714286,0.9183333333333333,2.5179344098826855,0.07044811683221591
aft_lognormal_nonlinear,Log-Normal AFT (Nonlinear),Nonlinear log-normal accelerated-failure-time DGP; all three working models are misspecified.,0.9,20,31260434,plugin_lognormal,Log-Normal Plug-in,plug-in,Log-Normal,misspecified,FALSE,2000,0.3,3,0.3,0.7,0.2,0.1,1500,2.871881585666816,0.26857142857142857,0.05285714285714286,0.9216666666666666,2.5004792762924186,0.11581864053414098
aft_lognormal_nonlinear,Log-Normal AFT (Nonlinear),Nonlinear log-normal accelerated-failure-time DGP; all three working models are misspecified.,0.9,20,31260434,plugin_weibull,Weibull Plug-in,plug-in,Weibull,misspecified,FALSE,2000,0.3,3,0.3,0.7,0.2,0.1,1500,2.871881585666816,0.26857142857142857,0.05285714285714286,0.9416666666666667,2.551832553687788,0.0926144991158466
aft_lognormal_nonlinear,Log-Normal AFT (Nonlinear),Nonlinear log-normal accelerated-failure-time DGP; all three working models are misspecified.,0.9,21,31260435,cp_cox,CP + Cox,conformal,Cox,misspecified,TRUE,2000,0.3,3,0.3,0.7,0.2,0.1,1500,2.913803228820499,0.2542857142857143,0.05857142857142857,0.9183333333333333,2.5737722906325584,0.05993830214905636
aft_lognormal_nonlinear,Log-Normal AFT (Nonlinear),Nonlinear log-normal accelerated-failure-time DGP; all three working models are misspecified.,0.9,21,31260435,cp_lognormal,CP + Log-Normal,conformal,Log-Normal,misspecified,TRUE,2000,0.3,3,0.3,0.7,0.2,0.1,1500,2.913803228820499,0.2542857142857143,0.05857142857142857,0.9066666666666666,2.5319901456237237,0.10186159543124487
aft_lognormal_nonlinear,Log-Normal AFT (Nonlinear),Nonlinear log-normal accelerated-failure-time DGP; all three working models are misspecified.,0.9,21,31260435,cp_weibull,CP + Weibull,conformal,Weibull,misspecified,TRUE,2000,0.3,3,0.3,0.7,0.2,0.1,1500,2.913803228820499,0.2542857142857143,0.05857142857142857,0.9233333333333333,2.5657807599397957,0.09085017632556903
aft_lognormal_nonlinear,Log-Normal AFT (Nonlinear),Nonlinear log-normal accelerated-failure-time DGP; all three working models are misspecified.,0.9,21,31260435,plugin_cox,Cox Plug-in,plug-in,Cox,misspecified,FALSE,2000,0.3,3,0.3,0.7,0.2,0.1,1500,2.913803228820499,0.2542857142857143,0.05857142857142857,0.9133333333333333,2.5485809865882834,0.06458483910422884
aft_lognormal_nonlinear,Log-Normal AFT (Nonlinear),Nonlinear log-normal accelerated-failure-time DGP; all three working models are misspecified.,0.9,21,31260435,plugin_lognormal,Log-Normal Plug-in,plug-in,Log-Normal,misspecified,FALSE,2000,0.3,3,0.3,0.7,0.2,0.1,1500,2.913803228820499,0.2542857142857143,0.05857142857142857,0.9166666666666666,2.5428884610294253,0.09895410000064545
aft_lognormal_nonlinear,Log-Normal AFT (Nonlinear),Nonlinear log-normal accelerated-failure-time DGP; all three working models are misspecified.,0.9,21,31260435,plugin_weibull,Weibull Plug-in,plug-in,Weibull,misspecified,FALSE,2000,0.3,3,0.3,0.7,0.2,0.1,1500,2.913803228820499,0.2542857142857143,0.05857142857142857,0.9433333333333334,2.5902037079036937,0.08447464219397559
aft_lognormal_nonlinear,Log-Normal AFT (Nonlinear),Nonlinear log-normal accelerated-failure-time DGP; all three working models are misspecified.,0.9,22,31260436,cp_cox,CP + Cox,conformal,Cox,misspecified,TRUE,2000,0.3,3,0.3,0.7,0.2,0.1,1500,2.8257248545866758,0.25,0.06142857142857143,0.8533333333333334,2.39307001328141,0.10786156784983633
aft_lognormal_nonlinear,Log-Normal AFT (Nonlinear),Nonlinear log-normal accelerated-failure-time DGP; all three working models are misspecified.,0.9,22,31260436,cp_lognormal,CP + Log-Normal,conformal,Log-Normal,misspecified,TRUE,2000,0.3,3,0.3,0.7,0.2,0.1,1500,2.8257248545866758,0.25,0.06142857142857143,0.84,2.3507649979806304,0.17932809102312489
aft_lognormal_nonlinear,Log-Normal AFT (Nonlinear),Nonlinear log-normal accelerated-failure-time DGP; all three working models are misspecified.,0.9,22,31260436,cp_weibull,CP + Weibull,conformal,Weibull,misspecified,TRUE,2000,0.3,3,0.3,0.7,0.2,0.1,1500,2.8257248545866758,0.25,0.06142857142857143,0.8683333333333333,2.4068721638254593,0.13891951283729456
aft_lognormal_nonlinear,Log-Normal AFT (Nonlinear),Nonlinear log-normal accelerated-failure-time DGP; all three working models are misspecified.,0.9,22,31260436,plugin_cox,Cox Plug-in,plug-in,Cox,misspecified,FALSE,2000,0.3,3,0.3,0.7,0.2,0.1,1500,2.8257248545866758,0.25,0.06142857142857143,0.88,2.4341679914374663,0.09780800655757374
aft_lognormal_nonlinear,Log-Normal AFT (Nonlinear),Nonlinear log-normal accelerated-failure-time DGP; all three working models are misspecified.,0.9,22,31260436,plugin_lognormal,Log-Normal Plug-in,plug-in,Log-Normal,misspecified,FALSE,2000,0.3,3,0.3,0.7,0.2,0.1,1500,2.8257248545866758,0.25,0.06142857142857143,0.8683333333333333,2.403224022338897,0.15952141354447108
aft_lognormal_nonlinear,Log-Normal AFT (Nonlinear),Nonlinear log-normal accelerated-failure-time DGP; all three working models are misspecified.,0.9,22,31260436,plugin_weibull,Weibull Plug-in,plug-in,Weibull,misspecified,FALSE,2000,0.3,3,0.3,0.7,0.2,0.1,1500,2.8257248545866758,0.25,0.06142857142857143,0.9016666666666666,2.4716934313102428,0.11742045338487313
aft_lognormal_nonlinear,Log-Normal AFT (Nonlinear),Nonlinear log-normal accelerated-failure-time DGP; all three working models are misspecified.,0.9,23,31260437,cp_cox,CP + Cox,conformal,Cox,misspecified,TRUE,2000,0.3,3,0.3,0.7,0.2,0.1,1500,2.8490330287487726,0.265,0.060714285714285714,0.9183333333333333,2.473065440176474,0.07910099126214604
aft_lognormal_nonlinear,Log-Normal AFT (Nonlinear),Nonlinear log-normal accelerated-failure-time DGP; all three working models are misspecified.,0.9,23,31260437,cp_lognormal,CP + Log-Normal,conformal,Log-Normal,misspecified,TRUE,2000,0.3,3,0.3,0.7,0.2,0.1,1500,2.8490330287487726,0.265,0.060714285714285714,0.9083333333333333,2.4503959476174333,0.12684113256391444
aft_lognormal_nonlinear,Log-Normal AFT (Nonlinear),Nonlinear log-normal accelerated-failure-time DGP; all three working models are misspecified.,0.9,23,31260437,cp_weibull,CP + Weibull,conformal,Weibull,misspecified,TRUE,2000,0.3,3,0.3,0.7,0.2,0.1,1500,2.8490330287487726,0.265,0.060714285714285714,0.92,2.4809194052424774,0.11141328162422559
aft_lognormal_nonlinear,Log-Normal AFT (Nonlinear),Nonlinear log-normal accelerated-failure-time DGP; all three working models are misspecified.,0.9,23,31260437,plugin_cox,Cox Plug-in,plug-in,Cox,misspecified,FALSE,2000,0.3,3,0.3,0.7,0.2,0.1,1500,2.8490330287487726,0.265,0.060714285714285714,0.9216666666666666,2.4812178489958883,0.07698094079030583
aft_lognormal_nonlinear,Log-Normal AFT (Nonlinear),Nonlinear log-normal accelerated-failure-time DGP; all three working models are misspecified.,0.9,23,31260437,plugin_lognormal,Log-Normal Plug-in,plug-in,Log-Normal,misspecified,FALSE,2000,0.3,3,0.3,0.7,0.2,0.1,1500,2.8490330287487726,0.265,0.060714285714285714,0.9133333333333333,2.4670094693338736,0.12155492611164963
aft_lognormal_nonlinear,Log-Normal AFT (Nonlinear),Nonlinear log-normal accelerated-failure-time DGP; all three working models are misspecified.,0.9,23,31260437,plugin_weibull,Weibull Plug-in,plug-in,Weibull,misspecified,FALSE,2000,0.3,3,0.3,0.7,0.2,0.1,1500,2.8490330287487726,0.265,0.060714285714285714,0.93,2.5173837100531227,0.10037699390848297
aft_lognormal_nonlinear,Log-Normal AFT (Nonlinear),Nonlinear log-normal accelerated-failure-time DGP; all three working models are misspecified.,0.9,24,31260438,cp_cox,CP + Cox,conformal,Cox,misspecified,TRUE,2000,0.3,3,0.3,0.7,0.2,0.1,1500,2.9315149047636635,0.265,0.06142857142857143,0.9016666666666666,2.5845330004245524,0.08456008686610708
aft_lognormal_nonlinear,Log-Normal AFT (Nonlinear),Nonlinear log-normal accelerated-failure-time DGP; all three working models are misspecified.,0.9,24,31260438,cp_lognormal,CP + Log-Normal,conformal,Log-Normal,misspecified,TRUE,2000,0.3,3,0.3,0.7,0.2,0.1,1500,2.9315149047636635,0.265,0.06142857142857143,0.9133333333333333,2.596898004607983,0.11454192498010277
aft_lognormal_nonlinear,Log-Normal AFT (Nonlinear),Nonlinear log-normal accelerated-failure-time DGP; all three working models are misspecified.,0.9,24,31260438,cp_weibull,CP + Weibull,conformal,Weibull,misspecified,TRUE,2000,0.3,3,0.3,0.7,0.2,0.1,1500,2.9315149047636635,0.265,0.06142857142857143,0.9,2.574717451313883,0.11820908028204333
aft_lognormal_nonlinear,Log-Normal AFT (Nonlinear),Nonlinear log-normal accelerated-failure-time DGP; all three working models are misspecified.,0.9,24,31260438,plugin_cox,Cox Plug-in,plug-in,Cox,misspecified,FALSE,2000,0.3,3,0.3,0.7,0.2,0.1,1500,2.9315149047636635,0.265,0.06142857142857143,0.9066666666666666,2.5929117347511763,0.08166396115624007
aft_lognormal_nonlinear,Log-Normal AFT (Nonlinear),Nonlinear log-normal accelerated-failure-time DGP; all three working models are misspecified.,0.9,24,31260438,plugin_lognormal,Log-Normal Plug-in,plug-in,Log-Normal,misspecified,FALSE,2000,0.3,3,0.3,0.7,0.2,0.1,1500,2.9315149047636635,0.265,0.06142857142857143,0.9,2.5719317792218073,0.12308805493913715
aft_lognormal_nonlinear,Log-Normal AFT (Nonlinear),Nonlinear log-normal accelerated-failure-time DGP; all three working models are misspecified.,0.9,24,31260438,plugin_weibull,Weibull Plug-in,plug-in,Weibull,misspecified,FALSE,2000,0.3,3,0.3,0.7,0.2,0.1,1500,2.9315149047636635,0.265,0.06142857142857143,0.9183333333333333,2.6167757191449543,0.1042749304990305
aft_lognormal_nonlinear,Log-Normal AFT (Nonlinear),Nonlinear log-normal accelerated-failure-time DGP; all three working models are misspecified.,0.9,25,31260439,cp_cox,CP + Cox,conformal,Cox,misspecified,TRUE,2000,0.3,3,0.3,0.7,0.2,0.1,1500,2.80249916708339,0.24571428571428572,0.06357142857142857,0.9016666666666666,2.42923051242761,0.06626059971876284
aft_lognormal_nonlinear,Log-Normal AFT (Nonlinear),Nonlinear log-normal accelerated-failure-time DGP; all three working models are misspecified.,0.9,25,31260439,cp_lognormal,CP + Log-Normal,conformal,Log-Normal,misspecified,TRUE,2000,0.3,3,0.3,0.7,0.2,0.1,1500,2.80249916708339,0.24571428571428572,0.06357142857142857,0.92,2.4597208075100285,0.0998601541153638
aft_lognormal_nonlinear,Log-Normal AFT (Nonlinear),Nonlinear log-normal accelerated-failure-time DGP; all three working models are misspecified.,0.9,25,31260439,cp_weibull,CP + Weibull,conformal,Weibull,misspecified,TRUE,2000,0.3,3,0.3,0.7,0.2,0.1,1500,2.80249916708339,0.24571428571428572,0.06357142857142857,0.9116666666666666,2.4433921040444937,0.09111086928876728
aft_lognormal_nonlinear,Log-Normal AFT (Nonlinear),Nonlinear log-normal accelerated-failure-time DGP; all three working models are misspecified.,0.9,25,31260439,plugin_cox,Cox Plug-in,plug-in,Cox,misspecified,FALSE,2000,0.3,3,0.3,0.7,0.2,0.1,1500,2.80249916708339,0.24571428571428572,0.06357142857142857,0.9083333333333333,2.4512060453793105,0.06163950769784669
aft_lognormal_nonlinear,Log-Normal AFT (Nonlinear),Nonlinear log-normal accelerated-failure-time DGP; all three working models are misspecified.,0.9,25,31260439,plugin_lognormal,Log-Normal Plug-in,plug-in,Log-Normal,misspecified,FALSE,2000,0.3,3,0.3,0.7,0.2,0.1,1500,2.80249916708339,0.24571428571428572,0.06357142857142857,0.9133333333333333,2.435588806316158,0.10689042685875234
aft_lognormal_nonlinear,Log-Normal AFT (Nonlinear),Nonlinear log-normal accelerated-failure-time DGP; all three working models are misspecified.,0.9,25,31260439,plugin_weibull,Weibull Plug-in,plug-in,Weibull,misspecified,FALSE,2000,0.3,3,0.3,0.7,0.2,0.1,1500,2.80249916708339,0.24571428571428572,0.06357142857142857,0.93,2.4862313595348065,0.08024190510194137
aft_lognormal_nonlinear,Log-Normal AFT (Nonlinear),Nonlinear log-normal accelerated-failure-time DGP; all three working models are misspecified.,0.9,26,31260440,cp_cox,CP + Cox,conformal,Cox,misspecified,TRUE,2000,0.3,3,0.3,0.7,0.2,0.1,1500,2.8966850324760913,0.25857142857142856,0.06428571428571428,0.8283333333333334,2.463320175343683,0.08656823328253528
aft_lognormal_nonlinear,Log-Normal AFT (Nonlinear),Nonlinear log-normal accelerated-failure-time DGP; all three working models are misspecified.,0.9,26,31260440,cp_lognormal,CP + Log-Normal,conformal,Log-Normal,misspecified,TRUE,2000,0.3,3,0.3,0.7,0.2,0.1,1500,2.8966850324760913,0.25857142857142856,0.06428571428571428,0.8583333333333333,2.4745562272439456,0.14216901315760605
aft_lognormal_nonlinear,Log-Normal AFT (Nonlinear),Nonlinear log-normal accelerated-failure-time DGP; all three working models are misspecified.,0.9,26,31260440,cp_weibull,CP + Weibull,conformal,Weibull,misspecified,TRUE,2000,0.3,3,0.3,0.7,0.2,0.1,1500,2.8966850324760913,0.25857142857142856,0.06428571428571428,0.8466666666666667,2.469534959837831,0.12516676500912788
aft_lognormal_nonlinear,Log-Normal AFT (Nonlinear),Nonlinear log-normal accelerated-failure-time DGP; all three working models are misspecified.,0.9,26,31260440,plugin_cox,Cox Plug-in,plug-in,Cox,misspecified,FALSE,2000,0.3,3,0.3,0.7,0.2,0.1,1500,2.8966850324760913,0.25857142857142856,0.06428571428571428,0.8683333333333333,2.508416526351424,0.07215304517520978
aft_lognormal_nonlinear,Log-Normal AFT (Nonlinear),Nonlinear log-normal accelerated-failure-time DGP; all three working models are misspecified.,0.9,26,31260440,plugin_lognormal,Log-Normal Plug-in,plug-in,Log-Normal,misspecified,FALSE,2000,0.3,3,0.3,0.7,0.2,0.1,1500,2.8966850324760913,0.25857142857142856,0.06428571428571428,0.87,2.487647289263091,0.13776006653899409
aft_lognormal_nonlinear,Log-Normal AFT (Nonlinear),Nonlinear log-normal accelerated-failure-time DGP; all three working models are misspecified.,0.9,26,31260440,plugin_weibull,Weibull Plug-in,plug-in,Weibull,misspecified,FALSE,2000,0.3,3,0.3,0.7,0.2,0.1,1500,2.8966850324760913,0.25857142857142856,0.06428571428571428,0.9,2.5494320955607988,0.10175469826131725
aft_lognormal_nonlinear,Log-Normal AFT (Nonlinear),Nonlinear log-normal accelerated-failure-time DGP; all three working models are misspecified.,0.9,27,31260441,cp_cox,CP + Cox,conformal,Cox,misspecified,TRUE,2000,0.3,3,0.3,0.7,0.2,0.1,1500,2.881742042026587,0.24785714285714286,0.054285714285714284,0.8883333333333333,2.495903999558153,0.0839320155500529
aft_lognormal_nonlinear,Log-Normal AFT (Nonlinear),Nonlinear log-normal accelerated-failure-time DGP; all three working models are misspecified.,0.9,27,31260441,cp_lognormal,CP + Log-Normal,conformal,Log-Normal,misspecified,TRUE,2000,0.3,3,0.3,0.7,0.2,0.1,1500,2.881742042026587,0.24785714285714286,0.054285714285714284,0.885,2.478819676042463,0.12882467574952514
aft_lognormal_nonlinear,Log-Normal AFT (Nonlinear),Nonlinear log-normal accelerated-failure-time DGP; all three working models are misspecified.,0.9,27,31260441,cp_weibull,CP + Weibull,conformal,Weibull,misspecified,TRUE,2000,0.3,3,0.3,0.7,0.2,0.1,1500,2.881742042026587,0.24785714285714286,0.054285714285714284,0.885,2.480620514098442,0.12044457725769868
aft_lognormal_nonlinear,Log-Normal AFT (Nonlinear),Nonlinear log-normal accelerated-failure-time DGP; all three working models are misspecified.,0.9,27,31260441,plugin_cox,Cox Plug-in,plug-in,Cox,misspecified,FALSE,2000,0.3,3,0.3,0.7,0.2,0.1,1500,2.881742042026587,0.24785714285714286,0.054285714285714284,0.9016666666666666,2.513790399027088,0.07816636619515417
aft_lognormal_nonlinear,Log-Normal AFT (Nonlinear),Nonlinear log-normal accelerated-failure-time DGP; all three working models are misspecified.,0.9,27,31260441,plugin_lognormal,Log-Normal Plug-in,plug-in,Log-Normal,misspecified,FALSE,2000,0.3,3,0.3,0.7,0.2,0.1,1500,2.881742042026587,0.24785714285714286,0.054285714285714284,0.8883333333333333,2.4863174685543,0.1264274380414236
aft_lognormal_nonlinear,Log-Normal AFT (Nonlinear),Nonlinear log-normal accelerated-failure-time DGP; all three working models are misspecified.,0.9,27,31260441,plugin_weibull,Weibull Plug-in,plug-in,Weibull,misspecified,FALSE,2000,0.3,3,0.3,0.7,0.2,0.1,1500,2.881742042026587,0.24785714285714286,0.054285714285714284,0.92,2.535721835072178,0.10389932887548946
aft_lognormal_nonlinear,Log-Normal AFT (Nonlinear),Nonlinear log-normal accelerated-failure-time DGP; all three working models are misspecified.,0.9,28,31260442,cp_cox,CP + Cox,conformal,Cox,misspecified,TRUE,2000,0.3,3,0.3,0.7,0.2,0.1,1500,2.9832792201257137,0.25357142857142856,0.06428571428571428,0.8983333333333333,2.5918680162218215,0.08331762546159219
aft_lognormal_nonlinear,Log-Normal AFT (Nonlinear),Nonlinear log-normal accelerated-failure-time DGP; all three working models are misspecified.,0.9,28,31260442,cp_lognormal,CP + Log-Normal,conformal,Log-Normal,misspecified,TRUE,2000,0.3,3,0.3,0.7,0.2,0.1,1500,2.9832792201257137,0.25357142857142856,0.06428571428571428,0.9033333333333333,2.591732602780486,0.12806733205834706
aft_lognormal_nonlinear,Log-Normal AFT (Nonlinear),Nonlinear log-normal accelerated-failure-time DGP; all three working models are misspecified.,0.9,28,31260442,cp_weibull,CP + Weibull,conformal,Weibull,misspecified,TRUE,2000,0.3,3,0.3,0.7,0.2,0.1,1500,2.9832792201257137,0.25357142857142856,0.06428571428571428,0.9183333333333333,2.6241315958412814,0.10853325519172538
aft_lognormal_nonlinear,Log-Normal AFT (Nonlinear),Nonlinear log-normal accelerated-failure-time DGP; all three working models are misspecified.,0.9,28,31260442,plugin_cox,Cox Plug-in,plug-in,Cox,misspecified,FALSE,2000,0.3,3,0.3,0.7,0.2,0.1,1500,2.9832792201257137,0.25357142857142856,0.06428571428571428,0.9116666666666666,2.6153474954380385,0.0775266727811866
aft_lognormal_nonlinear,Log-Normal AFT (Nonlinear),Nonlinear log-normal accelerated-failure-time DGP; all three working models are misspecified.,0.9,28,31260442,plugin_lognormal,Log-Normal Plug-in,plug-in,Log-Normal,misspecified,FALSE,2000,0.3,3,0.3,0.7,0.2,0.1,1500,2.9832792201257137,0.25357142857142856,0.06428571428571428,0.9133333333333333,2.618572347430456,0.11928857025022681
aft_lognormal_nonlinear,Log-Normal AFT (Nonlinear),Nonlinear log-normal accelerated-failure-time DGP; all three working models are misspecified.,0.9,28,31260442,plugin_weibull,Weibull Plug-in,plug-in,Weibull,misspecified,FALSE,2000,0.3,3,0.3,0.7,0.2,0.1,1500,2.9832792201257137,0.25357142857142856,0.06428571428571428,0.935,2.6543627818061837,0.09939748817220376
aft_lognormal_nonlinear,Log-Normal AFT (Nonlinear),Nonlinear log-normal accelerated-failure-time DGP; all three working models are misspecified.,0.9,29,31260443,cp_cox,CP + Cox,conformal,Cox,misspecified,TRUE,2000,0.3,3,0.3,0.7,0.2,0.1,1500,2.876229353649875,0.26357142857142857,0.056428571428571425,0.8683333333333333,2.4826583264639637,0.07731294933152688
aft_lognormal_nonlinear,Log-Normal AFT (Nonlinear),Nonlinear log-normal accelerated-failure-time DGP; all three working models are misspecified.,0.9,29,31260443,cp_lognormal,CP + Log-Normal,conformal,Log-Normal,misspecified,TRUE,2000,0.3,3,0.3,0.7,0.2,0.1,1500,2.876229353649875,0.26357142857142857,0.056428571428571425,0.8733333333333333,2.479673732676277,0.115125019720359
aft_lognormal_nonlinear,Log-Normal AFT (Nonlinear),Nonlinear log-normal accelerated-failure-time DGP; all three working models are misspecified.,0.9,29,31260443,cp_weibull,CP + Weibull,conformal,Weibull,misspecified,TRUE,2000,0.3,3,0.3,0.7,0.2,0.1,1500,2.876229353649875,0.26357142857142857,0.056428571428571425,0.8883333333333333,2.505400976300527,0.10258439108260263
aft_lognormal_nonlinear,Log-Normal AFT (Nonlinear),Nonlinear log-normal accelerated-failure-time DGP; all three working models are misspecified.,0.9,29,31260443,plugin_cox,Cox Plug-in,plug-in,Cox,misspecified,FALSE,2000,0.3,3,0.3,0.7,0.2,0.1,1500,2.876229353649875,0.26357142857142857,0.056428571428571425,0.8783333333333333,2.504775575845988,0.07147404421477238
aft_lognormal_nonlinear,Log-Normal AFT (Nonlinear),Nonlinear log-normal accelerated-failure-time DGP; all three working models are misspecified.,0.9,29,31260443,plugin_lognormal,Log-Normal Plug-in,plug-in,Log-Normal,misspecified,FALSE,2000,0.3,3,0.3,0.7,0.2,0.1,1500,2.876229353649875,0.26357142857142857,0.056428571428571425,0.8866666666666667,2.4940909600318752,0.1109395196395604
aft_lognormal_nonlinear,Log-Normal AFT (Nonlinear),Nonlinear log-normal accelerated-failure-time DGP; all three working models are misspecified.,0.9,29,31260443,plugin_weibull,Weibull Plug-in,plug-in,Weibull,misspecified,FALSE,2000,0.3,3,0.3,0.7,0.2,0.1,1500,2.876229353649875,0.26357142857142857,0.056428571428571425,0.9083333333333333,2.5458521410587887,0.09139415225846056
aft_lognormal_nonlinear,Log-Normal AFT (Nonlinear),Nonlinear log-normal accelerated-failure-time DGP; all three working models are misspecified.,0.9,30,31260444,cp_cox,CP + Cox,conformal,Cox,misspecified,TRUE,2000,0.3,3,0.3,0.7,0.2,0.1,1500,2.847092320578604,0.24,0.05857142857142857,0.9016666666666666,2.477384138290965,0.09078713015852076
aft_lognormal_nonlinear,Log-Normal AFT (Nonlinear),Nonlinear log-normal accelerated-failure-time DGP; all three working models are misspecified.,0.9,30,31260444,cp_lognormal,CP + Log-Normal,conformal,Log-Normal,misspecified,TRUE,2000,0.3,3,0.3,0.7,0.2,0.1,1500,2.847092320578604,0.24,0.05857142857142857,0.905,2.4712933913252257,0.13642516424409623
aft_lognormal_nonlinear,Log-Normal AFT (Nonlinear),Nonlinear log-normal accelerated-failure-time DGP; all three working models are misspecified.,0.9,30,31260444,cp_weibull,CP + Weibull,conformal,Weibull,misspecified,TRUE,2000,0.3,3,0.3,0.7,0.2,0.1,1500,2.847092320578604,0.24,0.05857142857142857,0.9116666666666666,2.484136299514551,0.11983306492197582
aft_lognormal_nonlinear,Log-Normal AFT (Nonlinear),Nonlinear log-normal accelerated-failure-time DGP; all three working models are misspecified.,0.9,30,31260444,plugin_cox,Cox Plug-in,plug-in,Cox,misspecified,FALSE,2000,0.3,3,0.3,0.7,0.2,0.1,1500,2.847092320578604,0.24,0.05857142857142857,0.9083333333333333,2.4888087278243383,0.08669563579306913
aft_lognormal_nonlinear,Log-Normal AFT (Nonlinear),Nonlinear log-normal accelerated-failure-time DGP; all three working models are misspecified.,0.9,30,31260444,plugin_lognormal,Log-Normal Plug-in,plug-in,Log-Normal,misspecified,FALSE,2000,0.3,3,0.3,0.7,0.2,0.1,1500,2.847092320578604,0.24,0.05857142857142857,0.8983333333333333,2.454251243449818,0.14261192434901152
aft_lognormal_nonlinear,Log-Normal AFT (Nonlinear),Nonlinear log-normal accelerated-failure-time DGP; all three working models are misspecified.,0.9,30,31260444,plugin_weibull,Weibull Plug-in,plug-in,Weibull,misspecified,FALSE,2000,0.3,3,0.3,0.7,0.2,0.1,1500,2.847092320578604,0.24,0.05857142857142857,0.9216666666666666,2.5032964063759473,0.11350719017080727
aft_lognormal_nonlinear,Log-Normal AFT (Nonlinear),Nonlinear log-normal accelerated-failure-time DGP; all three working models are misspecified.,0.99,1,32160415,cp_cox,CP + Cox,conformal,Cox,misspecified,TRUE,2000,0.3,3,0.3,0.7,0.2,0.1,1500,6.882186622480213,0.19642857142857142,0.002857142857142857,0.9016666666666666,6.499427756845673,0.0873240540895653
aft_lognormal_nonlinear,Log-Normal AFT (Nonlinear),Nonlinear log-normal accelerated-failure-time DGP; all three working models are misspecified.,0.99,1,32160415,cp_lognormal,CP + Log-Normal,conformal,Log-Normal,misspecified,TRUE,2000,0.3,3,0.3,0.7,0.2,0.1,1500,6.882186622480213,0.19642857142857142,0.002857142857142857,0.87,6.442753802661018,0.14225594129051586
aft_lognormal_nonlinear,Log-Normal AFT (Nonlinear),Nonlinear log-normal accelerated-failure-time DGP; all three working models are misspecified.,0.99,1,32160415,cp_weibull,CP + Weibull,conformal,Weibull,misspecified,TRUE,2000,0.3,3,0.3,0.7,0.2,0.1,1500,6.882186622480213,0.19642857142857142,0.002857142857142857,0.8883333333333333,6.474933587676069,0.13018342061661928
aft_lognormal_nonlinear,Log-Normal AFT (Nonlinear),Nonlinear log-normal accelerated-failure-time DGP; all three working models are misspecified.,0.99,1,32160415,plugin_cox,Cox Plug-in,plug-in,Cox,misspecified,FALSE,2000,0.3,3,0.3,0.7,0.2,0.1,1500,6.882186622480213,0.19642857142857142,0.002857142857142857,0.9016666666666666,6.4996013898613265,0.08727937535783398
aft_lognormal_nonlinear,Log-Normal AFT (Nonlinear),Nonlinear log-normal accelerated-failure-time DGP; all three working models are misspecified.,0.99,1,32160415,plugin_lognormal,Log-Normal Plug-in,plug-in,Log-Normal,misspecified,FALSE,2000,0.3,3,0.3,0.7,0.2,0.1,1500,6.882186622480213,0.19642857142857142,0.002857142857142857,0.8916666666666667,6.475369951703666,0.13169723749310128
aft_lognormal_nonlinear,Log-Normal AFT (Nonlinear),Nonlinear log-normal accelerated-failure-time DGP; all three working models are misspecified.,0.99,1,32160415,plugin_weibull,Weibull Plug-in,plug-in,Weibull,misspecified,FALSE,2000,0.3,3,0.3,0.7,0.2,0.1,1500,6.882186622480213,0.19642857142857142,0.002857142857142857,0.9366666666666666,6.54822431820148,0.10675514093816976
aft_lognormal_nonlinear,Log-Normal AFT (Nonlinear),Nonlinear log-normal accelerated-failure-time DGP; all three working models are misspecified.,0.99,2,32160416,cp_cox,CP + Cox,conformal,Cox,misspecified,TRUE,2000,0.3,3,0.3,0.7,0.2,0.1,1500,6.12616030631856,0.24285714285714285,0.002857142857142857,0.9066666666666666,5.741211966065167,0.09080188264943267
aft_lognormal_nonlinear,Log-Normal AFT (Nonlinear),Nonlinear log-normal accelerated-failure-time DGP; all three working models are misspecified.,0.99,2,32160416,cp_lognormal,CP + Log-Normal,conformal,Log-Normal,misspecified,TRUE,2000,0.3,3,0.3,0.7,0.2,0.1,1500,6.12616030631856,0.24285714285714285,0.002857142857142857,0.8966666666666666,5.700760653928893,0.16239599002586627
aft_lognormal_nonlinear,Log-Normal AFT (Nonlinear),Nonlinear log-normal accelerated-failure-time DGP; all three working models are misspecified.,0.99,2,32160416,cp_weibull,CP + Weibull,conformal,Weibull,misspecified,TRUE,2000,0.3,3,0.3,0.7,0.2,0.1,1500,6.12616030631856,0.24285714285714285,0.002857142857142857,0.9233333333333333,5.757373897256239,0.127511187068885
aft_lognormal_nonlinear,Log-Normal AFT (Nonlinear),Nonlinear log-normal accelerated-failure-time DGP; all three working models are misspecified.,0.99,2,32160416,plugin_cox,Cox Plug-in,plug-in,Cox,misspecified,FALSE,2000,0.3,3,0.3,0.7,0.2,0.1,1500,6.12616030631856,0.24285714285714285,0.002857142857142857,0.9333333333333333,5.7733962152509335,0.07841574431545516
aft_lognormal_nonlinear,Log-Normal AFT (Nonlinear),Nonlinear log-normal accelerated-failure-time DGP; all three working models are misspecified.,0.99,2,32160416,plugin_lognormal,Log-Normal Plug-in,plug-in,Log-Normal,misspecified,FALSE,2000,0.3,3,0.3,0.7,0.2,0.1,1500,6.12616030631856,0.24285714285714285,0.002857142857142857,0.9216666666666666,5.749164641568259,0.1439178049833116
aft_lognormal_nonlinear,Log-Normal AFT (Nonlinear),Nonlinear log-normal accelerated-failure-time DGP; all three working models are misspecified.,0.99,2,32160416,plugin_weibull,Weibull Plug-in,plug-in,Weibull,misspecified,FALSE,2000,0.3,3,0.3,0.7,0.2,0.1,1500,6.12616030631856,0.24285714285714285,0.002857142857142857,0.9566666666666667,5.816597078970829,0.10703424427258085
aft_lognormal_nonlinear,Log-Normal AFT (Nonlinear),Nonlinear log-normal accelerated-failure-time DGP; all three working models are misspecified.,0.99,3,32160417,cp_cox,CP + Cox,conformal,Cox,misspecified,TRUE,2000,0.3,3,0.3,0.7,0.2,0.1,1500,6.8323658785170975,0.20642857142857143,0.0014285714285714286,0.875,6.4207968329076035,0.09887188928808353
aft_lognormal_nonlinear,Log-Normal AFT (Nonlinear),Nonlinear log-normal accelerated-failure-time DGP; all three working models are misspecified.,0.99,3,32160417,cp_lognormal,CP + Log-Normal,conformal,Log-Normal,misspecified,TRUE,2000,0.3,3,0.3,0.7,0.2,0.1,1500,6.8323658785170975,0.20642857142857143,0.0014285714285714286,0.8966666666666666,6.419503307882318,0.16364455810487752
aft_lognormal_nonlinear,Log-Normal AFT (Nonlinear),Nonlinear log-normal accelerated-failure-time DGP; all three working models are misspecified.,0.99,3,32160417,cp_weibull,CP + Weibull,conformal,Weibull,misspecified,TRUE,2000,0.3,3,0.3,0.7,0.2,0.1,1500,6.8323658785170975,0.20642857142857143,0.0014285714285714286,0.8983333333333333,6.421744557835077,0.15371115741021782
aft_lognormal_nonlinear,Log-Normal AFT (Nonlinear),Nonlinear log-normal accelerated-failure-time DGP; all three working models are misspecified.,0.99,3,32160417,plugin_cox,Cox Plug-in,plug-in,Cox,misspecified,FALSE,2000,0.3,3,0.3,0.7,0.2,0.1,1500,6.8323658785170975,0.20642857142857143,0.0014285714285714286,0.925,6.469268491048635,0.08415348731154683
aft_lognormal_nonlinear,Log-Normal AFT (Nonlinear),Nonlinear log-normal accelerated-failure-time DGP; all three working models are misspecified.,0.99,3,32160417,plugin_lognormal,Log-Normal Plug-in,plug-in,Log-Normal,misspecified,FALSE,2000,0.3,3,0.3,0.7,0.2,0.1,1500,6.8323658785170975,0.20642857142857143,0.0014285714285714286,0.9083333333333333,6.439814856302674,0.15559375717960933
aft_lognormal_nonlinear,Log-Normal AFT (Nonlinear),Nonlinear log-normal accelerated-failure-time DGP; all three working models are misspecified.,0.99,3,32160417,plugin_weibull,Weibull Plug-in,plug-in,Weibull,misspecified,FALSE,2000,0.3,3,0.3,0.7,0.2,0.1,1500,6.8323658785170975,0.20642857142857143,0.0014285714285714286,0.945,6.516089599183447,0.11839422482258241
aft_lognormal_nonlinear,Log-Normal AFT (Nonlinear),Nonlinear log-normal accelerated-failure-time DGP; all three working models are misspecified.,0.99,4,32160418,cp_cox,CP + Cox,conformal,Cox,misspecified,TRUE,2000,0.3,3,0.3,0.7,0.2,0.1,1500,5.7602158213293295,0.22285714285714286,0.002142857142857143,0.895,5.389084288196288,0.08269769618080011
aft_lognormal_nonlinear,Log-Normal AFT (Nonlinear),Nonlinear log-normal accelerated-failure-time DGP; all three working models are misspecified.,0.99,4,32160418,cp_lognormal,CP + Log-Normal,conformal,Log-Normal,misspecified,TRUE,2000,0.3,3,0.3,0.7,0.2,0.1,1500,5.7602158213293295,0.22285714285714286,0.002142857142857143,0.9116666666666666,5.401189422338307,0.11779867156168237
aft_lognormal_nonlinear,Log-Normal AFT (Nonlinear),Nonlinear log-normal accelerated-failure-time DGP; all three working models are misspecified.,0.99,4,32160418,cp_weibull,CP + Weibull,conformal,Weibull,misspecified,TRUE,2000,0.3,3,0.3,0.7,0.2,0.1,1500,5.7602158213293295,0.22285714285714286,0.002142857142857143,0.91,5.39539691304245,0.11103404785509047
aft_lognormal_nonlinear,Log-Normal AFT (Nonlinear),Nonlinear log-normal accelerated-failure-time DGP; all three working models are misspecified.,0.99,4,32160418,plugin_cox,Cox Plug-in,plug-in,Cox,misspecified,FALSE,2000,0.3,3,0.3,0.7,0.2,0.1,1500,5.7602158213293295,0.22285714285714286,0.002142857142857143,0.905,5.401279031376576,0.07955991234384234
aft_lognormal_nonlinear,Log-Normal AFT (Nonlinear),Nonlinear log-normal accelerated-failure-time DGP; all three working models are misspecified.,0.99,4,32160418,plugin_lognormal,Log-Normal Plug-in,plug-in,Log-Normal,misspecified,FALSE,2000,0.3,3,0.3,0.7,0.2,0.1,1500,5.7602158213293295,0.22285714285714286,0.002142857142857143,0.9033333333333333,5.379228606173253,0.12500414441249164
aft_lognormal_nonlinear,Log-Normal AFT (Nonlinear),Nonlinear log-normal accelerated-failure-time DGP; all three working models are misspecified.,0.99,4,32160418,plugin_weibull,Weibull Plug-in,plug-in,Weibull,misspecified,FALSE,2000,0.3,3,0.3,0.7,0.2,0.1,1500,5.7602158213293295,0.22285714285714286,0.002142857142857143,0.9266666666666666,5.434196995605777,0.09922509243567963
aft_lognormal_nonlinear,Log-Normal AFT (Nonlinear),Nonlinear log-normal accelerated-failure-time DGP; all three working models are misspecified.,0.99,5,32160419,cp_cox,CP + Cox,conformal,Cox,misspecified,TRUE,2000,0.3,3,0.3,0.7,0.2,0.1,1500,6.6243720990768455,0.21785714285714286,0.002142857142857143,0.8933333333333333,6.228585513673066,0.08798195202210438
aft_lognormal_nonlinear,Log-Normal AFT (Nonlinear),Nonlinear log-normal accelerated-failure-time DGP; all three working models are misspecified.,0.99,5,32160419,cp_lognormal,CP + Log-Normal,conformal,Log-Normal,misspecified,TRUE,2000,0.3,3,0.3,0.7,0.2,0.1,1500,6.6243720990768455,0.21785714285714286,0.002142857142857143,0.8966666666666666,6.227463249895255,0.12207389712393867
aft_lognormal_nonlinear,Log-Normal AFT (Nonlinear),Nonlinear log-normal accelerated-failure-time DGP; all three working models are misspecified.,0.99,5,32160419,cp_weibull,CP + Weibull,conformal,Weibull,misspecified,TRUE,2000,0.3,3,0.3,0.7,0.2,0.1,1500,6.6243720990768455,0.21785714285714286,0.002142857142857143,0.9,6.230857211098829,0.1271804110888035
aft_lognormal_nonlinear,Log-Normal AFT (Nonlinear),Nonlinear log-normal accelerated-failure-time DGP; all three working models are misspecified.,0.99,5,32160419,plugin_cox,Cox Plug-in,plug-in,Cox,misspecified,FALSE,2000,0.3,3,0.3,0.7,0.2,0.1,1500,6.6243720990768455,0.21785714285714286,0.002142857142857143,0.9116666666666666,6.253113351631714,0.08138924081365331
aft_lognormal_nonlinear,Log-Normal AFT (Nonlinear),Nonlinear log-normal accelerated-failure-time DGP; all three working models are misspecified.,0.99,5,32160419,plugin_lognormal,Log-Normal Plug-in,plug-in,Log-Normal,misspecified,FALSE,2000,0.3,3,0.3,0.7,0.2,0.1,1500,6.6243720990768455,0.21785714285714286,0.002142857142857143,0.9,6.2334731173537286,0.12022549302973161
aft_lognormal_nonlinear,Log-Normal AFT (Nonlinear),Nonlinear log-normal accelerated-failure-time DGP; all three working models are misspecified.,0.99,5,32160419,plugin_weibull,Weibull Plug-in,plug-in,Weibull,misspecified,FALSE,2000,0.3,3,0.3,0.7,0.2,0.1,1500,6.6243720990768455,0.21785714285714286,0.002142857142857143,0.9333333333333333,6.29159130515748,0.10755170761287096
aft_lognormal_nonlinear,Log-Normal AFT (Nonlinear),Nonlinear log-normal accelerated-failure-time DGP; all three working models are misspecified.,0.99,6,32160420,cp_cox,CP + Cox,conformal,Cox,misspecified,TRUE,2000,0.3,3,0.3,0.7,0.2,0.1,1500,6.6140252247363165,0.21928571428571428,0.002142857142857143,0.88,6.228218586677511,0.0859603730215178
aft_lognormal_nonlinear,Log-Normal AFT (Nonlinear),Nonlinear log-normal accelerated-failure-time DGP; all three working models are misspecified.,0.99,6,32160420,cp_lognormal,CP + Log-Normal,conformal,Log-Normal,misspecified,TRUE,2000,0.3,3,0.3,0.7,0.2,0.1,1500,6.6140252247363165,0.21928571428571428,0.002142857142857143,0.9,6.232380815837304,0.1345803138278413
aft_lognormal_nonlinear,Log-Normal AFT (Nonlinear),Nonlinear log-normal accelerated-failure-time DGP; all three working models are misspecified.,0.99,6,32160420,cp_weibull,CP + Weibull,conformal,Weibull,misspecified,TRUE,2000,0.3,3,0.3,0.7,0.2,0.1,1500,6.6140252247363165,0.21928571428571428,0.002142857142857143,0.905,6.242314912744197,0.126965430890113
aft_lognormal_nonlinear,Log-Normal AFT (Nonlinear),Nonlinear log-normal accelerated-failure-time DGP; all three working models are misspecified.,0.99,6,32160420,plugin_cox,Cox Plug-in,plug-in,Cox,misspecified,FALSE,2000,0.3,3,0.3,0.7,0.2,0.1,1500,6.6140252247363165,0.21928571428571428,0.002142857142857143,0.9033333333333333,6.266949437510998,0.0738542890160827
aft_lognormal_nonlinear,Log-Normal AFT (Nonlinear),Nonlinear log-normal accelerated-failure-time DGP; all three working models are misspecified.,0.99,6,32160420,plugin_lognormal,Log-Normal Plug-in,plug-in,Log-Normal,misspecified,FALSE,2000,0.3,3,0.3,0.7,0.2,0.1,1500,6.6140252247363165,0.21928571428571428,0.002142857142857143,0.905,6.244716555239656,0.13023032823560837
aft_lognormal_nonlinear,Log-Normal AFT (Nonlinear),Nonlinear log-normal accelerated-failure-time DGP; all three working models are misspecified.,0.99,6,32160420,plugin_weibull,Weibull Plug-in,plug-in,Weibull,misspecified,FALSE,2000,0.3,3,0.3,0.7,0.2,0.1,1500,6.6140252247363165,0.21928571428571428,0.002142857142857143,0.9316666666666666,6.319753156100956,0.10051477935324424
aft_lognormal_nonlinear,Log-Normal AFT (Nonlinear),Nonlinear log-normal accelerated-failure-time DGP; all three working models are misspecified.,0.99,7,32160421,cp_cox,CP + Cox,conformal,Cox,misspecified,TRUE,2000,0.3,3,0.3,0.7,0.2,0.1,1500,5.982898021855124,0.20714285714285716,0.005714285714285714,0.9033333333333333,5.612653642241776,0.07376905226767114
aft_lognormal_nonlinear,Log-Normal AFT (Nonlinear),Nonlinear log-normal accelerated-failure-time DGP; all three working models are misspecified.,0.99,7,32160421,cp_lognormal,CP + Log-Normal,conformal,Log-Normal,misspecified,TRUE,2000,0.3,3,0.3,0.7,0.2,0.1,1500,5.982898021855124,0.20714285714285716,0.005714285714285714,0.8983333333333333,5.592565101739632,0.12727493728423328
aft_lognormal_nonlinear,Log-Normal AFT (Nonlinear),Nonlinear log-normal accelerated-failure-time DGP; all three working models are misspecified.,0.99,7,32160421,cp_weibull,CP + Weibull,conformal,Weibull,misspecified,TRUE,2000,0.3,3,0.3,0.7,0.2,0.1,1500,5.982898021855124,0.20714285714285716,0.005714285714285714,0.8966666666666666,5.589490252067262,0.11488753224975012
aft_lognormal_nonlinear,Log-Normal AFT (Nonlinear),Nonlinear log-normal accelerated-failure-time DGP; all three working models are misspecified.,0.99,7,32160421,plugin_cox,Cox Plug-in,plug-in,Cox,misspecified,FALSE,2000,0.3,3,0.3,0.7,0.2,0.1,1500,5.982898021855124,0.20714285714285716,0.005714285714285714,0.9066666666666666,5.621861420372654,0.07202550059135196
aft_lognormal_nonlinear,Log-Normal AFT (Nonlinear),Nonlinear log-normal accelerated-failure-time DGP; all three working models are misspecified.,0.99,7,32160421,plugin_lognormal,Log-Normal Plug-in,plug-in,Log-Normal,misspecified,FALSE,2000,0.3,3,0.3,0.7,0.2,0.1,1500,5.982898021855124,0.20714285714285716,0.005714285714285714,0.8983333333333333,5.589930679966688,0.1281339369961523
aft_lognormal_nonlinear,Log-Normal AFT (Nonlinear),Nonlinear log-normal accelerated-failure-time DGP; all three working models are misspecified.,0.99,7,32160421,plugin_weibull,Weibull Plug-in,plug-in,Weibull,misspecified,FALSE,2000,0.3,3,0.3,0.7,0.2,0.1,1500,5.982898021855124,0.20714285714285716,0.005714285714285714,0.94,5.674545962224121,0.09004857025125972
aft_lognormal_nonlinear,Log-Normal AFT (Nonlinear),Nonlinear log-normal accelerated-failure-time DGP; all three working models are misspecified.,0.99,8,32160422,cp_cox,CP + Cox,conformal,Cox,misspecified,TRUE,2000,0.3,3,0.3,0.7,0.2,0.1,1500,6.577059348371458,0.2,0.005,0.8683333333333333,6.176817390215707,0.08802315583664358
aft_lognormal_nonlinear,Log-Normal AFT (Nonlinear),Nonlinear log-normal accelerated-failure-time DGP; all three working models are misspecified.,0.99,8,32160422,cp_lognormal,CP + Log-Normal,conformal,Log-Normal,misspecified,TRUE,2000,0.3,3,0.3,0.7,0.2,0.1,1500,6.577059348371458,0.2,0.005,0.87,6.167732318620873,0.13032338478403502
aft_lognormal_nonlinear,Log-Normal AFT (Nonlinear),Nonlinear log-normal accelerated-failure-time DGP; all three working models are misspecified.,0.99,8,32160422,cp_weibull,CP + Weibull,conformal,Weibull,misspecified,TRUE,2000,0.3,3,0.3,0.7,0.2,0.1,1500,6.577059348371458,0.2,0.005,0.8716666666666667,6.162127929217133,0.13681415778361414
aft_lognormal_nonlinear,Log-Normal AFT (Nonlinear),Nonlinear log-normal accelerated-failure-time DGP; all three working models are misspecified.,0.99,8,32160422,plugin_cox,Cox Plug-in,plug-in,Cox,misspecified,FALSE,2000,0.3,3,0.3,0.7,0.2,0.1,1500,6.577059348371458,0.2,0.005,0.89,6.201474984741275,0.08138847838890166
aft_lognormal_nonlinear,Log-Normal AFT (Nonlinear),Nonlinear log-normal accelerated-failure-time DGP; all three working models are misspecified.,0.99,8,32160422,plugin_lognormal,Log-Normal Plug-in,plug-in,Log-Normal,misspecified,FALSE,2000,0.3,3,0.3,0.7,0.2,0.1,1500,6.577059348371458,0.2,0.005,0.8766666666666667,6.1825287901908,0.125612417470128
aft_lognormal_nonlinear,Log-Normal AFT (Nonlinear),Nonlinear log-normal accelerated-failure-time DGP; all three working models are misspecified.,0.99,8,32160422,plugin_weibull,Weibull Plug-in,plug-in,Weibull,misspecified,FALSE,2000,0.3,3,0.3,0.7,0.2,0.1,1500,6.577059348371458,0.2,0.005,0.92,6.2484509925361955,0.10835109940792005
aft_lognormal_nonlinear,Log-Normal AFT (Nonlinear),Nonlinear log-normal accelerated-failure-time DGP; all three working models are misspecified.,0.99,9,32160423,cp_cox,CP + Cox,conformal,Cox,misspecified,TRUE,2000,0.3,3,0.3,0.7,0.2,0.1,1500,7.04677928573168,0.2,0.0035714285714285713,0.9016666666666666,6.672837319675017,0.06524686681634022
aft_lognormal_nonlinear,Log-Normal AFT (Nonlinear),Nonlinear log-normal accelerated-failure-time DGP; all three working models are misspecified.,0.99,9,32160423,cp_lognormal,CP + Log-Normal,conformal,Log-Normal,misspecified,TRUE,2000,0.3,3,0.3,0.7,0.2,0.1,1500,7.04677928573168,0.2,0.0035714285714285713,0.89,6.622757749847427,0.13398472452284782
aft_lognormal_nonlinear,Log-Normal AFT (Nonlinear),Nonlinear log-normal accelerated-failure-time DGP; all three working models are misspecified.,0.99,9,32160423,cp_weibull,CP + Weibull,conformal,Weibull,misspecified,TRUE,2000,0.3,3,0.3,0.7,0.2,0.1,1500,7.04677928573168,0.2,0.0035714285714285713,0.8966666666666666,6.637411903323161,0.11964029210045242
aft_lognormal_nonlinear,Log-Normal AFT (Nonlinear),Nonlinear log-normal accelerated-failure-time DGP; all three working models are misspecified.,0.99,9,32160423,plugin_cox,Cox Plug-in,plug-in,Cox,misspecified,FALSE,2000,0.3,3,0.3,0.7,0.2,0.1,1500,7.04677928573168,0.2,0.0035714285714285713,0.9033333333333333,6.676611948894721,0.06437690575053916
aft_lognormal_nonlinear,Log-Normal AFT (Nonlinear),Nonlinear log-normal accelerated-failure-time DGP; all three working models are misspecified.,0.99,9,32160423,plugin_lognormal,Log-Normal Plug-in,plug-in,Log-Normal,misspecified,FALSE,2000,0.3,3,0.3,0.7,0.2,0.1,1500,7.04677928573168,0.2,0.0035714285714285713,0.9016666666666666,6.658324537182394,0.12274612978189776
aft_lognormal_nonlinear,Log-Normal AFT (Nonlinear),Nonlinear log-normal accelerated-failure-time DGP; all three working models are misspecified.,0.99,9,32160423,plugin_weibull,Weibull Plug-in,plug-in,Weibull,misspecified,FALSE,2000,0.3,3,0.3,0.7,0.2,0.1,1500,7.04677928573168,0.2,0.0035714285714285713,0.9416666666666667,6.747798053036819,0.08737921864148544
aft_lognormal_nonlinear,Log-Normal AFT (Nonlinear),Nonlinear log-normal accelerated-failure-time DGP; all three working models are misspecified.,0.99,10,32160424,cp_cox,CP + Cox,conformal,Cox,misspecified,TRUE,2000,0.3,3,0.3,0.7,0.2,0.1,1500,6.678948488249842,0.19428571428571428,0.002857142857142857,0.89,6.276536354785703,0.08920583489640749
aft_lognormal_nonlinear,Log-Normal AFT (Nonlinear),Nonlinear log-normal accelerated-failure-time DGP; all three working models are misspecified.,0.99,10,32160424,cp_lognormal,CP + Log-Normal,conformal,Log-Normal,misspecified,TRUE,2000,0.3,3,0.3,0.7,0.2,0.1,1500,6.678948488249842,0.19428571428571428,0.002857142857142857,0.9083333333333333,6.284262585742765,0.1330266683045636
aft_lognormal_nonlinear,Log-Normal AFT (Nonlinear),Nonlinear log-normal accelerated-failure-time DGP; all three working models are misspecified.,0.99,10,32160424,cp_weibull,CP + Weibull,conformal,Weibull,misspecified,TRUE,2000,0.3,3,0.3,0.7,0.2,0.1,1500,6.678948488249842,0.19428571428571428,0.002857142857142857,0.8983333333333333,6.277313980603776,0.13270877389288913
aft_lognormal_nonlinear,Log-Normal AFT (Nonlinear),Nonlinear log-normal accelerated-failure-time DGP; all three working models are misspecified.,0.99,10,32160424,plugin_cox,Cox Plug-in,plug-in,Cox,misspecified,FALSE,2000,0.3,3,0.3,0.7,0.2,0.1,1500,6.678948488249842,0.19428571428571428,0.002857142857142857,0.91,6.3123497515745335,0.08022925424645125
aft_lognormal_nonlinear,Log-Normal AFT (Nonlinear),Nonlinear log-normal accelerated-failure-time DGP; all three working models are misspecified.,0.99,10,32160424,plugin_lognormal,Log-Normal Plug-in,plug-in,Log-Normal,misspecified,FALSE,2000,0.3,3,0.3,0.7,0.2,0.1,1500,6.678948488249842,0.19428571428571428,0.002857142857142857,0.9116666666666666,6.288914040220016,0.13145892167883294
aft_lognormal_nonlinear,Log-Normal AFT (Nonlinear),Nonlinear log-normal accelerated-failure-time DGP; all three working models are misspecified.,0.99,10,32160424,plugin_weibull,Weibull Plug-in,plug-in,Weibull,misspecified,FALSE,2000,0.3,3,0.3,0.7,0.2,0.1,1500,6.678948488249842,0.19428571428571428,0.002857142857142857,0.9466666666666667,6.359167905107399,0.10566245752216136
aft_lognormal_nonlinear,Log-Normal AFT (Nonlinear),Nonlinear log-normal accelerated-failure-time DGP; all three working models are misspecified.,0.99,11,32160425,cp_cox,CP + Cox,conformal,Cox,misspecified,TRUE,2000,0.3,3,0.3,0.7,0.2,0.1,1500,6.629669458639289,0.205,0.002857142857142857,0.88,6.223709474533396,0.07585271729645292
aft_lognormal_nonlinear,Log-Normal AFT (Nonlinear),Nonlinear log-normal accelerated-failure-time DGP; all three working models are misspecified.,0.99,11,32160425,cp_lognormal,CP + Log-Normal,conformal,Log-Normal,misspecified,TRUE,2000,0.3,3,0.3,0.7,0.2,0.1,1500,6.629669458639289,0.205,0.002857142857142857,0.8966666666666666,6.231273251306708,0.12286777069743397
aft_lognormal_nonlinear,Log-Normal AFT (Nonlinear),Nonlinear log-normal accelerated-failure-time DGP; all three working models are misspecified.,0.99,11,32160425,cp_weibull,CP + Weibull,conformal,Weibull,misspecified,TRUE,2000,0.3,3,0.3,0.7,0.2,0.1,1500,6.629669458639289,0.205,0.002857142857142857,0.8983333333333333,6.237976042766309,0.1278127335389474
aft_lognormal_nonlinear,Log-Normal AFT (Nonlinear),Nonlinear log-normal accelerated-failure-time DGP; all three working models are misspecified.,0.99,11,32160425,plugin_cox,Cox Plug-in,plug-in,Cox,misspecified,FALSE,2000,0.3,3,0.3,0.7,0.2,0.1,1500,6.629669458639289,0.205,0.002857142857142857,0.9083333333333333,6.2633840179613465,0.06313766568833554
aft_lognormal_nonlinear,Log-Normal AFT (Nonlinear),Nonlinear log-normal accelerated-failure-time DGP; all three working models are misspecified.,0.99,11,32160425,plugin_lognormal,Log-Normal Plug-in,plug-in,Log-Normal,misspecified,FALSE,2000,0.3,3,0.3,0.7,0.2,0.1,1500,6.629669458639289,0.205,0.002857142857142857,0.9,6.245575340574117,0.11845692091458135
aft_lognormal_nonlinear,Log-Normal AFT (Nonlinear),Nonlinear log-normal accelerated-failure-time DGP; all three working models are misspecified.,0.99,11,32160425,plugin_weibull,Weibull Plug-in,plug-in,Weibull,misspecified,FALSE,2000,0.3,3,0.3,0.7,0.2,0.1,1500,6.629669458639289,0.205,0.002857142857142857,0.94,6.315417169051104,0.10254306691273032
aft_lognormal_nonlinear,Log-Normal AFT (Nonlinear),Nonlinear log-normal accelerated-failure-time DGP; all three working models are misspecified.,0.99,12,32160426,cp_cox,CP + Cox,conformal,Cox,misspecified,TRUE,2000,0.3,3,0.3,0.7,0.2,0.1,1500,6.319278053404707,0.195,0.005714285714285714,0.8883333333333333,5.889916960281068,0.11496223129202988
aft_lognormal_nonlinear,Log-Normal AFT (Nonlinear),Nonlinear log-normal accelerated-failure-time DGP; all three working models are misspecified.,0.99,12,32160426,cp_lognormal,CP + Log-Normal,conformal,Log-Normal,misspecified,TRUE,2000,0.3,3,0.3,0.7,0.2,0.1,1500,6.319278053404707,0.195,0.005714285714285714,0.9233333333333333,5.939513087986139,0.14650114760392624
aft_lognormal_nonlinear,Log-Normal AFT (Nonlinear),Nonlinear log-normal accelerated-failure-time DGP; all three working models are misspecified.,0.99,12,32160426,cp_weibull,CP + Weibull,conformal,Weibull,misspecified,TRUE,2000,0.3,3,0.3,0.7,0.2,0.1,1500,6.319278053404707,0.195,0.005714285714285714,0.8916666666666667,5.886569965408383,0.170377164834411
aft_lognormal_nonlinear,Log-Normal AFT (Nonlinear),Nonlinear log-normal accelerated-failure-time DGP; all three working models are misspecified.,0.99,12,32160426,plugin_cox,Cox Plug-in,plug-in,Cox,misspecified,FALSE,2000,0.3,3,0.3,0.7,0.2,0.1,1500,6.319278053404707,0.195,0.005714285714285714,0.9216666666666666,5.932555503580472,0.10011926035636375
aft_lognormal_nonlinear,Log-Normal AFT (Nonlinear),Nonlinear log-normal accelerated-failure-time DGP; all three working models are misspecified.,0.99,12,32160426,plugin_lognormal,Log-Normal Plug-in,plug-in,Log-Normal,misspecified,FALSE,2000,0.3,3,0.3,0.7,0.2,0.1,1500,6.319278053404707,0.195,0.005714285714285714,0.9016666666666666,5.904703781017167,0.15992946217378406
aft_lognormal_nonlinear,Log-Normal AFT (Nonlinear),Nonlinear log-normal accelerated-failure-time DGP; all three working models are misspecified.,0.99,12,32160426,plugin_weibull,Weibull Plug-in,plug-in,Weibull,misspecified,FALSE,2000,0.3,3,0.3,0.7,0.2,0.1,1500,6.319278053404707,0.195,0.005714285714285714,0.9433333333333334,5.97813068851188,0.13432547815390952
aft_lognormal_nonlinear,Log-Normal AFT (Nonlinear),Nonlinear log-normal accelerated-failure-time DGP; all three working models are misspecified.,0.99,13,32160427,cp_cox,CP + Cox,conformal,Cox,misspecified,TRUE,2000,0.3,3,0.3,0.7,0.2,0.1,1500,5.863362442042183,0.18428571428571427,0.0035714285714285713,0.9116666666666666,5.502828679493866,0.07662988072545626
aft_lognormal_nonlinear,Log-Normal AFT (Nonlinear),Nonlinear log-normal accelerated-failure-time DGP; all three working models are misspecified.,0.99,13,32160427,cp_lognormal,CP + Log-Normal,conformal,Log-Normal,misspecified,TRUE,2000,0.3,3,0.3,0.7,0.2,0.1,1500,5.863362442042183,0.18428571428571427,0.0035714285714285713,0.9133333333333333,5.484595061868925,0.1261358598668198
aft_lognormal_nonlinear,Log-Normal AFT (Nonlinear),Nonlinear log-normal accelerated-failure-time DGP; all three working models are misspecified.,0.99,13,32160427,cp_weibull,CP + Weibull,conformal,Weibull,misspecified,TRUE,2000,0.3,3,0.3,0.7,0.2,0.1,1500,5.863362442042183,0.18428571428571427,0.0035714285714285713,0.9033333333333333,5.479621486850452,0.1216862548243829
aft_lognormal_nonlinear,Log-Normal AFT (Nonlinear),Nonlinear log-normal accelerated-failure-time DGP; all three working models are misspecified.,0.99,13,32160427,plugin_cox,Cox Plug-in,plug-in,Cox,misspecified,FALSE,2000,0.3,3,0.3,0.7,0.2,0.1,1500,5.863362442042183,0.18428571428571427,0.0035714285714285713,0.9133333333333333,5.50778965049215,0.0750607630511842
aft_lognormal_nonlinear,Log-Normal AFT (Nonlinear),Nonlinear log-normal accelerated-failure-time DGP; all three working models are misspecified.,0.99,13,32160427,plugin_lognormal,Log-Normal Plug-in,plug-in,Log-Normal,misspecified,FALSE,2000,0.3,3,0.3,0.7,0.2,0.1,1500,5.863362442042183,0.18428571428571427,0.0035714285714285713,0.9133333333333333,5.484482049553564,0.12617349485420187
aft_lognormal_nonlinear,Log-Normal AFT (Nonlinear),Nonlinear log-normal accelerated-failure-time DGP; all three working models are misspecified.,0.99,13,32160427,plugin_weibull,Weibull Plug-in,plug-in,Weibull,misspecified,FALSE,2000,0.3,3,0.3,0.7,0.2,0.1,1500,5.863362442042183,0.18428571428571427,0.0035714285714285713,0.9383333333333334,5.558255081918945,0.09675113242526034
aft_lognormal_nonlinear,Log-Normal AFT (Nonlinear),Nonlinear log-normal accelerated-failure-time DGP; all three working models are misspecified.,0.99,14,32160428,cp_cox,CP + Cox,conformal,Cox,misspecified,TRUE,2000,0.3,3,0.3,0.7,0.2,0.1,1500,6.497620839135399,0.21357142857142858,0.002142857142857143,0.8833333333333333,6.12404782189659,0.07239244760317813
aft_lognormal_nonlinear,Log-Normal AFT (Nonlinear),Nonlinear log-normal accelerated-failure-time DGP; all three working models are misspecified.,0.99,14,32160428,cp_lognormal,CP + Log-Normal,conformal,Log-Normal,misspecified,TRUE,2000,0.3,3,0.3,0.7,0.2,0.1,1500,6.497620839135399,0.21357142857142858,0.002142857142857143,0.9016666666666666,6.128358464589506,0.11385098161641714
aft_lognormal_nonlinear,Log-Normal AFT (Nonlinear),Nonlinear log-normal accelerated-failure-time DGP; all three working models are misspecified.,0.99,14,32160428,cp_weibull,CP + Weibull,conformal,Weibull,misspecified,TRUE,2000,0.3,3,0.3,0.7,0.2,0.1,1500,6.497620839135399,0.21357142857142858,0.002142857142857143,0.8866666666666667,6.103959934583927,0.12196719035393017
aft_lognormal_nonlinear,Log-Normal AFT (Nonlinear),Nonlinear log-normal accelerated-failure-time DGP; all three working models are misspecified.,0.99,14,32160428,plugin_cox,Cox Plug-in,plug-in,Cox,misspecified,FALSE,2000,0.3,3,0.3,0.7,0.2,0.1,1500,6.497620839135399,0.21357142857142858,0.002142857142857143,0.8866666666666667,6.13202878964114,0.07073578604555777
aft_lognormal_nonlinear,Log-Normal AFT (Nonlinear),Nonlinear log-normal accelerated-failure-time DGP; all three working models are misspecified.,0.99,14,32160428,plugin_lognormal,Log-Normal Plug-in,plug-in,Log-Normal,misspecified,FALSE,2000,0.3,3,0.3,0.7,0.2,0.1,1500,6.497620839135399,0.21357142857142858,0.002142857142857143,0.8933333333333333,6.111232429363565,0.11913128108930149
aft_lognormal_nonlinear,Log-Normal AFT (Nonlinear),Nonlinear log-normal accelerated-failure-time DGP; all three working models are misspecified.,0.99,14,32160428,plugin_weibull,Weibull Plug-in,plug-in,Weibull,misspecified,FALSE,2000,0.3,3,0.3,0.7,0.2,0.1,1500,6.497620839135399,0.21357142857142858,0.002142857142857143,0.9383333333333334,6.181456886402927,0.09795646090360083
aft_lognormal_nonlinear,Log-Normal AFT (Nonlinear),Nonlinear log-normal accelerated-failure-time DGP; all three working models are misspecified.,0.99,15,32160429,cp_cox,CP + Cox,conformal,Cox,misspecified,TRUE,2000,0.3,3,0.3,0.7,0.2,0.1,1500,6.189649228377684,0.21142857142857144,0.002142857142857143,0.8966666666666666,5.838511309156925,0.06911103133784856
aft_lognormal_nonlinear,Log-Normal AFT (Nonlinear),Nonlinear log-normal accelerated-failure-time DGP; all three working models are misspecified.,0.99,15,32160429,cp_lognormal,CP + Log-Normal,conformal,Log-Normal,misspecified,TRUE,2000,0.3,3,0.3,0.7,0.2,0.1,1500,6.189649228377684,0.21142857142857144,0.002142857142857143,0.8966666666666666,5.823396583969077,0.10719176006851114
aft_lognormal_nonlinear,Log-Normal AFT (Nonlinear),Nonlinear log-normal accelerated-failure-time DGP; all three working models are misspecified.,0.99,15,32160429,cp_weibull,CP + Weibull,conformal,Weibull,misspecified,TRUE,2000,0.3,3,0.3,0.7,0.2,0.1,1500,6.189649228377684,0.21142857142857144,0.002142857142857143,0.8933333333333333,5.820550324210221,0.10666726215036436
aft_lognormal_nonlinear,Log-Normal AFT (Nonlinear),Nonlinear log-normal accelerated-failure-time DGP; all three working models are misspecified.,0.99,15,32160429,plugin_cox,Cox Plug-in,plug-in,Cox,misspecified,FALSE,2000,0.3,3,0.3,0.7,0.2,0.1,1500,6.189649228377684,0.21142857142857144,0.002142857142857143,0.8966666666666666,5.840890586839156,0.06866592320086168
aft_lognormal_nonlinear,Log-Normal AFT (Nonlinear),Nonlinear log-normal accelerated-failure-time DGP; all three working models are misspecified.,0.99,15,32160429,plugin_lognormal,Log-Normal Plug-in,plug-in,Log-Normal,misspecified,FALSE,2000,0.3,3,0.3,0.7,0.2,0.1,1500,6.189649228377684,0.21142857142857144,0.002142857142857143,0.895,5.820478180035172,0.10804589411789484
aft_lognormal_nonlinear,Log-Normal AFT (Nonlinear),Nonlinear log-normal accelerated-failure-time DGP; all three working models are misspecified.,0.99,15,32160429,plugin_weibull,Weibull Plug-in,plug-in,Weibull,misspecified,FALSE,2000,0.3,3,0.3,0.7,0.2,0.1,1500,6.189649228377684,0.21142857142857144,0.002142857142857143,0.9216666666666666,5.878567152853111,0.08990076352327521
aft_lognormal_nonlinear,Log-Normal AFT (Nonlinear),Nonlinear log-normal accelerated-failure-time DGP; all three working models are misspecified.,0.99,16,32160430,cp_cox,CP + Cox,conformal,Cox,misspecified,TRUE,2000,0.3,3,0.3,0.7,0.2,0.1,1500,6.681023767987098,0.185,0.0014285714285714286,0.9183333333333333,6.309683459321238,0.0812877842322502
aft_lognormal_nonlinear,Log-Normal AFT (Nonlinear),Nonlinear log-normal accelerated-failure-time DGP; all three working models are misspecified.,0.99,16,32160430,cp_lognormal,CP + Log-Normal,conformal,Log-Normal,misspecified,TRUE,2000,0.3,3,0.3,0.7,0.2,0.1,1500,6.681023767987098,0.185,0.0014285714285714286,0.9083333333333333,6.269602039464964,0.1418400753642749
aft_lognormal_nonlinear,Log-Normal AFT (Nonlinear),Nonlinear log-normal accelerated-failure-time DGP; all three working models are misspecified.,0.99,16,32160430,cp_weibull,CP + Weibull,conformal,Weibull,misspecified,TRUE,2000,0.3,3,0.3,0.7,0.2,0.1,1500,6.681023767987098,0.185,0.0014285714285714286,0.925,6.311155189636936,0.12759751451987875
aft_lognormal_nonlinear,Log-Normal AFT (Nonlinear),Nonlinear log-normal accelerated-failure-time DGP; all three working models are misspecified.,0.99,16,32160430,plugin_cox,Cox Plug-in,plug-in,Cox,misspecified,FALSE,2000,0.3,3,0.3,0.7,0.2,0.1,1500,6.681023767987098,0.185,0.0014285714285714286,0.9183333333333333,6.310085212023178,0.08115309365240429
aft_lognormal_nonlinear,Log-Normal AFT (Nonlinear),Nonlinear log-normal accelerated-failure-time DGP; all three working models are misspecified.,0.99,16,32160430,plugin_lognormal,Log-Normal Plug-in,plug-in,Log-Normal,misspecified,FALSE,2000,0.3,3,0.3,0.7,0.2,0.1,1500,6.681023767987098,0.185,0.0014285714285714286,0.9166666666666666,6.284372167141192,0.13674798645039665
aft_lognormal_nonlinear,Log-Normal AFT (Nonlinear),Nonlinear log-normal accelerated-failure-time DGP; all three working models are misspecified.,0.99,16,32160430,plugin_weibull,Weibull Plug-in,plug-in,Weibull,misspecified,FALSE,2000,0.3,3,0.3,0.7,0.2,0.1,1500,6.681023767987098,0.185,0.0014285714285714286,0.94,6.352395724813155,0.11337032655644669
aft_lognormal_nonlinear,Log-Normal AFT (Nonlinear),Nonlinear log-normal accelerated-failure-time DGP; all three working models are misspecified.,0.99,17,32160431,cp_cox,CP + Cox,conformal,Cox,misspecified,TRUE,2000,0.3,3,0.3,0.7,0.2,0.1,1500,6.698747860080508,0.2307142857142857,0.002857142857142857,0.88,6.3069051276361385,0.09832038628067083
aft_lognormal_nonlinear,Log-Normal AFT (Nonlinear),Nonlinear log-normal accelerated-failure-time DGP; all three working models are misspecified.,0.99,17,32160431,cp_lognormal,CP + Log-Normal,conformal,Log-Normal,misspecified,TRUE,2000,0.3,3,0.3,0.7,0.2,0.1,1500,6.698747860080508,0.2307142857142857,0.002857142857142857,0.8833333333333333,6.297595459941302,0.14218338691572788
aft_lognormal_nonlinear,Log-Normal AFT (Nonlinear),Nonlinear log-normal accelerated-failure-time DGP; all three working models are misspecified.,0.99,17,32160431,cp_weibull,CP + Weibull,conformal,Weibull,misspecified,TRUE,2000,0.3,3,0.3,0.7,0.2,0.1,1500,6.698747860080508,0.2307142857142857,0.002857142857142857,0.87,6.284227278391443,0.13918244186454362
aft_lognormal_nonlinear,Log-Normal AFT (Nonlinear),Nonlinear log-normal accelerated-failure-time DGP; all three working models are misspecified.,0.99,17,32160431,plugin_cox,Cox Plug-in,plug-in,Cox,misspecified,FALSE,2000,0.3,3,0.3,0.7,0.2,0.1,1500,6.698747860080508,0.2307142857142857,0.002857142857142857,0.8883333333333333,6.335240358987941,0.0888380492087711
aft_lognormal_nonlinear,Log-Normal AFT (Nonlinear),Nonlinear log-normal accelerated-failure-time DGP; all three working models are misspecified.,0.99,17,32160431,plugin_lognormal,Log-Normal Plug-in,plug-in,Log-Normal,misspecified,FALSE,2000,0.3,3,0.3,0.7,0.2,0.1,1500,6.698747860080508,0.2307142857142857,0.002857142857142857,0.8833333333333333,6.300386441173488,0.1411941589707558
aft_lognormal_nonlinear,Log-Normal AFT (Nonlinear),Nonlinear log-normal accelerated-failure-time DGP; all three working models are misspecified.,0.99,17,32160431,plugin_weibull,Weibull Plug-in,plug-in,Weibull,misspecified,FALSE,2000,0.3,3,0.3,0.7,0.2,0.1,1500,6.698747860080508,0.2307142857142857,0.002857142857142857,0.91,6.36056237592189,0.11355161496817169
aft_lognormal_nonlinear,Log-Normal AFT (Nonlinear),Nonlinear log-normal accelerated-failure-time DGP; all three working models are misspecified.,0.99,18,32160432,cp_cox,CP + Cox,conformal,Cox,misspecified,TRUE,2000,0.3,3,0.3,0.7,0.2,0.1,1500,7.28813119491983,0.19714285714285715,0.004285714285714286,0.9033333333333333,6.922246873108511,0.08573252876712352
aft_lognormal_nonlinear,Log-Normal AFT (Nonlinear),Nonlinear log-normal accelerated-failure-time DGP; all three working models are misspecified.,0.99,18,32160432,cp_lognormal,CP + Log-Normal,conformal,Log-Normal,misspecified,TRUE,2000,0.3,3,0.3,0.7,0.2,0.1,1500,7.28813119491983,0.19714285714285715,0.004285714285714286,0.88,6.8674714914363735,0.15087889885865025
aft_lognormal_nonlinear,Log-Normal AFT (Nonlinear),Nonlinear log-normal accelerated-failure-time DGP; all three working models are misspecified.,0.99,18,32160432,cp_weibull,CP + Weibull,conformal,Weibull,misspecified,TRUE,2000,0.3,3,0.3,0.7,0.2,0.1,1500,7.28813119491983,0.19714285714285715,0.004285714285714286,0.8766666666666667,6.855687239013403,0.15424133413149732
aft_lognormal_nonlinear,Log-Normal AFT (Nonlinear),Nonlinear log-normal accelerated-failure-time DGP; all three working models are misspecified.,0.99,18,32160432,plugin_cox,Cox Plug-in,plug-in,Cox,misspecified,FALSE,2000,0.3,3,0.3,0.7,0.2,0.1,1500,7.28813119491983,0.19714285714285715,0.004285714285714286,0.895,6.916096751574379,0.08803911250963668
aft_lognormal_nonlinear,Log-Normal AFT (Nonlinear),Nonlinear log-normal accelerated-failure-time DGP; all three working models are misspecified.,0.99,18,32160432,plugin_lognormal,Log-Normal Plug-in,plug-in,Log-Normal,misspecified,FALSE,2000,0.3,3,0.3,0.7,0.2,0.1,1500,7.28813119491983,0.19714285714285715,0.004285714285714286,0.8883333333333333,6.8811169618506245,0.14598464934185182
aft_lognormal_nonlinear,Log-Normal AFT (Nonlinear),Nonlinear log-normal accelerated-failure-time DGP; all three working models are misspecified.,0.99,18,32160432,plugin_weibull,Weibull Plug-in,plug-in,Weibull,misspecified,FALSE,2000,0.3,3,0.3,0.7,0.2,0.1,1500,7.28813119491983,0.19714285714285715,0.004285714285714286,0.9266666666666666,6.955851783938159,0.11851528725107419
aft_lognormal_nonlinear,Log-Normal AFT (Nonlinear),Nonlinear log-normal accelerated-failure-time DGP; all three working models are misspecified.,0.99,19,32160433,cp_cox,CP + Cox,conformal,Cox,misspecified,TRUE,2000,0.3,3,0.3,0.7,0.2,0.1,1500,6.044660899351477,0.19357142857142856,0.002142857142857143,0.895,5.6843694227051875,0.060751790963004565
aft_lognormal_nonlinear,Log-Normal AFT (Nonlinear),Nonlinear log-normal accelerated-failure-time DGP; all three working models are misspecified.,0.99,19,32160433,cp_lognormal,CP + Log-Normal,conformal,Log-Normal,misspecified,TRUE,2000,0.3,3,0.3,0.7,0.2,0.1,1500,6.044660899351477,0.19357142857142856,0.002142857142857143,0.885,5.665858239731259,0.10817992365064749
aft_lognormal_nonlinear,Log-Normal AFT (Nonlinear),Nonlinear log-normal accelerated-failure-time DGP; all three working models are misspecified.,0.99,19,32160433,cp_weibull,CP + Weibull,conformal,Weibull,misspecified,TRUE,2000,0.3,3,0.3,0.7,0.2,0.1,1500,6.044660899351477,0.19357142857142856,0.002142857142857143,0.885,5.665610638561136,0.10114551816931665
aft_lognormal_nonlinear,Log-Normal AFT (Nonlinear),Nonlinear log-normal accelerated-failure-time DGP; all three working models are misspecified.,0.99,19,32160433,plugin_cox,Cox Plug-in,plug-in,Cox,misspecified,FALSE,2000,0.3,3,0.3,0.7,0.2,0.1,1500,6.044660899351477,0.19357142857142856,0.002142857142857143,0.8983333333333333,5.691864542695665,0.058837151208726894
aft_lognormal_nonlinear,Log-Normal AFT (Nonlinear),Nonlinear log-normal accelerated-failure-time DGP; all three working models are misspecified.,0.99,19,32160433,plugin_lognormal,Log-Normal Plug-in,plug-in,Log-Normal,misspecified,FALSE,2000,0.3,3,0.3,0.7,0.2,0.1,1500,6.044660899351477,0.19357142857142856,0.002142857142857143,0.8916666666666667,5.673299599368731,0.10605479148223619
aft_lognormal_nonlinear,Log-Normal AFT (Nonlinear),Nonlinear log-normal accelerated-failure-time DGP; all three working models are misspecified.,0.99,19,32160433,plugin_weibull,Weibull Plug-in,plug-in,Weibull,misspecified,FALSE,2000,0.3,3,0.3,0.7,0.2,0.1,1500,6.044660899351477,0.19357142857142856,0.002142857142857143,0.9316666666666666,5.742758180963586,0.08055951953284235
aft_lognormal_nonlinear,Log-Normal AFT (Nonlinear),Nonlinear log-normal accelerated-failure-time DGP; all three working models are misspecified.,0.99,20,32160434,cp_cox,CP + Cox,conformal,Cox,misspecified,TRUE,2000,0.3,3,0.3,0.7,0.2,0.1,1500,6.407341586542161,0.21928571428571428,0.002857142857142857,0.9116666666666666,6.044783865654334,0.06545867487818968
aft_lognormal_nonlinear,Log-Normal AFT (Nonlinear),Nonlinear log-normal accelerated-failure-time DGP; all three working models are misspecified.,0.99,20,32160434,cp_lognormal,CP + Log-Normal,conformal,Log-Normal,misspecified,TRUE,2000,0.3,3,0.3,0.7,0.2,0.1,1500,6.407341586542161,0.21928571428571428,0.002857142857142857,0.9116666666666666,6.045238466914415,0.09585908949376086
aft_lognormal_nonlinear,Log-Normal AFT (Nonlinear),Nonlinear log-normal accelerated-failure-time DGP; all three working models are misspecified.,0.99,20,32160434,cp_weibull,CP + Weibull,conformal,Weibull,misspecified,TRUE,2000,0.3,3,0.3,0.7,0.2,0.1,1500,6.407341586542161,0.21928571428571428,0.002857142857142857,0.9083333333333333,6.040248762882529,0.09723750936888018
aft_lognormal_nonlinear,Log-Normal AFT (Nonlinear),Nonlinear log-normal accelerated-failure-time DGP; all three working models are misspecified.,0.99,20,32160434,plugin_cox,Cox Plug-in,plug-in,Cox,misspecified,FALSE,2000,0.3,3,0.3,0.7,0.2,0.1,1500,6.407341586542161,0.21928571428571428,0.002857142857142857,0.9166666666666666,6.061037235301563,0.061603977798663515
aft_lognormal_nonlinear,Log-Normal AFT (Nonlinear),Nonlinear log-normal accelerated-failure-time DGP; all three working models are misspecified.,0.99,20,32160434,plugin_lognormal,Log-Normal Plug-in,plug-in,Log-Normal,misspecified,FALSE,2000,0.3,3,0.3,0.7,0.2,0.1,1500,6.407341586542161,0.21928571428571428,0.002857142857142857,0.9083333333333333,6.04041203118652,0.09713678556788423
aft_lognormal_nonlinear,Log-Normal AFT (Nonlinear),Nonlinear log-normal accelerated-failure-time DGP; all three working models are misspecified.,0.99,20,32160434,plugin_weibull,Weibull Plug-in,plug-in,Weibull,misspecified,FALSE,2000,0.3,3,0.3,0.7,0.2,0.1,1500,6.407341586542161,0.21928571428571428,0.002857142857142857,0.9383333333333334,6.110730748611631,0.0785678642384012
aft_lognormal_nonlinear,Log-Normal AFT (Nonlinear),Nonlinear log-normal accelerated-failure-time DGP; all three working models are misspecified.,0.99,21,32160435,cp_cox,CP + Cox,conformal,Cox,misspecified,TRUE,2000,0.3,3,0.3,0.7,0.2,0.1,1500,7.090153632814827,0.1957142857142857,0.005714285714285714,0.9233333333333333,6.740724516220502,0.06451160713030964
aft_lognormal_nonlinear,Log-Normal AFT (Nonlinear),Nonlinear log-normal accelerated-failure-time DGP; all three working models are misspecified.,0.99,21,32160435,cp_lognormal,CP + Log-Normal,conformal,Log-Normal,misspecified,TRUE,2000,0.3,3,0.3,0.7,0.2,0.1,1500,7.090153632814827,0.1957142857142857,0.005714285714285714,0.9283333333333333,6.7345274145656235,0.11143818648289058
aft_lognormal_nonlinear,Log-Normal AFT (Nonlinear),Nonlinear log-normal accelerated-failure-time DGP; all three working models are misspecified.,0.99,21,32160435,cp_weibull,CP + Weibull,conformal,Weibull,misspecified,TRUE,2000,0.3,3,0.3,0.7,0.2,0.1,1500,7.090153632814827,0.1957142857142857,0.005714285714285714,0.93,6.745680931146912,0.09795718650573974
aft_lognormal_nonlinear,Log-Normal AFT (Nonlinear),Nonlinear log-normal accelerated-failure-time DGP; all three working models are misspecified.,0.99,21,32160435,plugin_cox,Cox Plug-in,plug-in,Cox,misspecified,FALSE,2000,0.3,3,0.3,0.7,0.2,0.1,1500,7.090153632814827,0.1957142857142857,0.005714285714285714,0.9283333333333333,6.763847737252678,0.05935299602600493
aft_lognormal_nonlinear,Log-Normal AFT (Nonlinear),Nonlinear log-normal accelerated-failure-time DGP; all three working models are misspecified.,0.99,21,32160435,plugin_lognormal,Log-Normal Plug-in,plug-in,Log-Normal,misspecified,FALSE,2000,0.3,3,0.3,0.7,0.2,0.1,1500,7.090153632814827,0.1957142857142857,0.005714285714285714,0.9283333333333333,6.7379514856317595,0.11036522771208551
aft_lognormal_nonlinear,Log-Normal AFT (Nonlinear),Nonlinear log-normal accelerated-failure-time DGP; all three working models are misspecified.,0.99,21,32160435,plugin_weibull,Weibull Plug-in,plug-in,Weibull,misspecified,FALSE,2000,0.3,3,0.3,0.7,0.2,0.1,1500,7.090153632814827,0.1957142857142857,0.005714285714285714,0.9533333333333334,6.818446983940518,0.0772648130018983
aft_lognormal_nonlinear,Log-Normal AFT (Nonlinear),Nonlinear log-normal accelerated-failure-time DGP; all three working models are misspecified.,0.99,22,32160436,cp_cox,CP + Cox,conformal,Cox,misspecified,TRUE,2000,0.3,3,0.3,0.7,0.2,0.1,1500,6.597480666590879,0.19357142857142856,0.0035714285714285713,0.895,6.192292696243382,0.07812761754767591
aft_lognormal_nonlinear,Log-Normal AFT (Nonlinear),Nonlinear log-normal accelerated-failure-time DGP; all three working models are misspecified.,0.99,22,32160436,cp_lognormal,CP + Log-Normal,conformal,Log-Normal,misspecified,TRUE,2000,0.3,3,0.3,0.7,0.2,0.1,1500,6.597480666590879,0.19357142857142856,0.0035714285714285713,0.9183333333333333,6.210526334503368,0.12400311945856092
aft_lognormal_nonlinear,Log-Normal AFT (Nonlinear),Nonlinear log-normal accelerated-failure-time DGP; all three working models are misspecified.,0.99,22,32160436,cp_weibull,CP + Weibull,conformal,Weibull,misspecified,TRUE,2000,0.3,3,0.3,0.7,0.2,0.1,1500,6.597480666590879,0.19357142857142856,0.0035714285714285713,0.9116666666666666,6.203226993570344,0.12055786824960664
aft_lognormal_nonlinear,Log-Normal AFT (Nonlinear),Nonlinear log-normal accelerated-failure-time DGP; all three working models are misspecified.,0.99,22,32160436,plugin_cox,Cox Plug-in,plug-in,Cox,misspecified,FALSE,2000,0.3,3,0.3,0.7,0.2,0.1,1500,6.597480666590879,0.19357142857142856,0.0035714285714285713,0.9183333333333333,6.236396854060564,0.06739528301118243
aft_lognormal_nonlinear,Log-Normal AFT (Nonlinear),Nonlinear log-normal accelerated-failure-time DGP; all three working models are misspecified.,0.99,22,32160436,plugin_lognormal,Log-Normal Plug-in,plug-in,Log-Normal,misspecified,FALSE,2000,0.3,3,0.3,0.7,0.2,0.1,1500,6.597480666590879,0.19357142857142856,0.0035714285714285713,0.92,6.213249420218753,0.12313048128071916
aft_lognormal_nonlinear,Log-Normal AFT (Nonlinear),Nonlinear log-normal accelerated-failure-time DGP; all three working models are misspecified.,0.99,22,32160436,plugin_weibull,Weibull Plug-in,plug-in,Weibull,misspecified,FALSE,2000,0.3,3,0.3,0.7,0.2,0.1,1500,6.597480666590879,0.19357142857142856,0.0035714285714285713,0.9566666666666667,6.2942034579292345,0.09273839729841814
aft_lognormal_nonlinear,Log-Normal AFT (Nonlinear),Nonlinear log-normal accelerated-failure-time DGP; all three working models are misspecified.,0.99,23,32160437,cp_cox,CP + Cox,conformal,Cox,misspecified,TRUE,2000,0.3,3,0.3,0.7,0.2,0.1,1500,6.2394482437260645,0.21071428571428572,0.0014285714285714286,0.91,5.863757581113919,0.06999963436278575
aft_lognormal_nonlinear,Log-Normal AFT (Nonlinear),Nonlinear log-normal accelerated-failure-time DGP; all three working models are misspecified.,0.99,23,32160437,cp_lognormal,CP + Log-Normal,conformal,Log-Normal,misspecified,TRUE,2000,0.3,3,0.3,0.7,0.2,0.1,1500,6.2394482437260645,0.21071428571428572,0.0014285714285714286,0.9083333333333333,5.836475232925272,0.1235930873599442
aft_lognormal_nonlinear,Log-Normal AFT (Nonlinear),Nonlinear log-normal accelerated-failure-time DGP; all three working models are misspecified.,0.99,23,32160437,cp_weibull,CP + Weibull,conformal,Weibull,misspecified,TRUE,2000,0.3,3,0.3,0.7,0.2,0.1,1500,6.2394482437260645,0.21071428571428572,0.0014285714285714286,0.91,5.845643209413592,0.11249908751901265
aft_lognormal_nonlinear,Log-Normal AFT (Nonlinear),Nonlinear log-normal accelerated-failure-time DGP; all three working models are misspecified.,0.99,23,32160437,plugin_cox,Cox Plug-in,plug-in,Cox,misspecified,FALSE,2000,0.3,3,0.3,0.7,0.2,0.1,1500,6.2394482437260645,0.21071428571428572,0.0014285714285714286,0.9133333333333333,5.881722717922775,0.06505040721970433
aft_lognormal_nonlinear,Log-Normal AFT (Nonlinear),Nonlinear log-normal accelerated-failure-time DGP; all three working models are misspecified.,0.99,23,32160437,plugin_lognormal,Log-Normal Plug-in,plug-in,Log-Normal,misspecified,FALSE,2000,0.3,3,0.3,0.7,0.2,0.1,1500,6.2394482437260645,0.21071428571428572,0.0014285714285714286,0.915,5.860019887649278,0.11637186784854041
aft_lognormal_nonlinear,Log-Normal AFT (Nonlinear),Nonlinear log-normal accelerated-failure-time DGP; all three working models are misspecified.,0.99,23,32160437,plugin_weibull,Weibull Plug-in,plug-in,Weibull,misspecified,FALSE,2000,0.3,3,0.3,0.7,0.2,0.1,1500,6.2394482437260645,0.21071428571428572,0.0014285714285714286,0.9366666666666666,5.918448313429162,0.09170070493160404
aft_lognormal_nonlinear,Log-Normal AFT (Nonlinear),Nonlinear log-normal accelerated-failure-time DGP; all three working models are misspecified.,0.99,24,32160438,cp_cox,CP + Cox,conformal,Cox,misspecified,TRUE,2000,0.3,3,0.3,0.7,0.2,0.1,1500,6.4814542911148605,0.20214285714285715,0.0014285714285714286,0.8966666666666666,6.082528023340955,0.08584957665568774
aft_lognormal_nonlinear,Log-Normal AFT (Nonlinear),Nonlinear log-normal accelerated-failure-time DGP; all three working models are misspecified.,0.99,24,32160438,cp_lognormal,CP + Log-Normal,conformal,Log-Normal,misspecified,TRUE,2000,0.3,3,0.3,0.7,0.2,0.1,1500,6.4814542911148605,0.20214285714285715,0.0014285714285714286,0.9033333333333333,6.082669909040427,0.1277347404518169
aft_lognormal_nonlinear,Log-Normal AFT (Nonlinear),Nonlinear log-normal accelerated-failure-time DGP; all three working models are misspecified.,0.99,24,32160438,cp_weibull,CP + Weibull,conformal,Weibull,misspecified,TRUE,2000,0.3,3,0.3,0.7,0.2,0.1,1500,6.4814542911148605,0.20214285714285715,0.0014285714285714286,0.9066666666666666,6.095392005716413,0.11699184160804045
aft_lognormal_nonlinear,Log-Normal AFT (Nonlinear),Nonlinear log-normal accelerated-failure-time DGP; all three working models are misspecified.,0.99,24,32160438,plugin_cox,Cox Plug-in,plug-in,Cox,misspecified,FALSE,2000,0.3,3,0.3,0.7,0.2,0.1,1500,6.4814542911148605,0.20214285714285715,0.0014285714285714286,0.9133333333333333,6.111927271058034,0.07910456124504958
aft_lognormal_nonlinear,Log-Normal AFT (Nonlinear),Nonlinear log-normal accelerated-failure-time DGP; all three working models are misspecified.,0.99,24,32160438,plugin_lognormal,Log-Normal Plug-in,plug-in,Log-Normal,misspecified,FALSE,2000,0.3,3,0.3,0.7,0.2,0.1,1500,6.4814542911148605,0.20214285714285715,0.0014285714285714286,0.9083333333333333,6.086887225956615,0.12638389045390575
aft_lognormal_nonlinear,Log-Normal AFT (Nonlinear),Nonlinear log-normal accelerated-failure-time DGP; all three working models are misspecified.,0.99,24,32160438,plugin_weibull,Weibull Plug-in,plug-in,Weibull,misspecified,FALSE,2000,0.3,3,0.3,0.7,0.2,0.1,1500,6.4814542911148605,0.20214285714285715,0.0014285714285714286,0.9283333333333333,6.149737100124381,0.10052317083231553
aft_lognormal_nonlinear,Log-Normal AFT (Nonlinear),Nonlinear log-normal accelerated-failure-time DGP; all three working models are misspecified.,0.99,25,32160439,cp_cox,CP + Cox,conformal,Cox,misspecified,TRUE,2000,0.3,3,0.3,0.7,0.2,0.1,1500,6.951813055301036,0.20357142857142857,0.004285714285714286,0.9183333333333333,6.586261533072318,0.09181756363576386
aft_lognormal_nonlinear,Log-Normal AFT (Nonlinear),Nonlinear log-normal accelerated-failure-time DGP; all three working models are misspecified.,0.99,25,32160439,cp_lognormal,CP + Log-Normal,conformal,Log-Normal,misspecified,TRUE,2000,0.3,3,0.3,0.7,0.2,0.1,1500,6.951813055301036,0.20357142857142857,0.004285714285714286,0.9216666666666666,6.588086115544052,0.13453221882211983
aft_lognormal_nonlinear,Log-Normal AFT (Nonlinear),Nonlinear log-normal accelerated-failure-time DGP; all three working models are misspecified.,0.99,25,32160439,cp_weibull,CP + Weibull,conformal,Weibull,misspecified,TRUE,2000,0.3,3,0.3,0.7,0.2,0.1,1500,6.951813055301036,0.20357142857142857,0.004285714285714286,0.9033333333333333,6.559582992997483,0.14790736962979242
aft_lognormal_nonlinear,Log-Normal AFT (Nonlinear),Nonlinear log-normal accelerated-failure-time DGP; all three working models are misspecified.,0.99,25,32160439,plugin_cox,Cox Plug-in,plug-in,Cox,misspecified,FALSE,2000,0.3,3,0.3,0.7,0.2,0.1,1500,6.951813055301036,0.20357142857142857,0.004285714285714286,0.92,6.599667287503668,0.08682613306276982
aft_lognormal_nonlinear,Log-Normal AFT (Nonlinear),Nonlinear log-normal accelerated-failure-time DGP; all three working models are misspecified.,0.99,25,32160439,plugin_lognormal,Log-Normal Plug-in,plug-in,Log-Normal,misspecified,FALSE,2000,0.3,3,0.3,0.7,0.2,0.1,1500,6.951813055301036,0.20357142857142857,0.004285714285714286,0.905,6.558888082630863,0.145331738251935
aft_lognormal_nonlinear,Log-Normal AFT (Nonlinear),Nonlinear log-normal accelerated-failure-time DGP; all three working models are misspecified.,0.99,25,32160439,plugin_weibull,Weibull Plug-in,plug-in,Weibull,misspecified,FALSE,2000,0.3,3,0.3,0.7,0.2,0.1,1500,6.951813055301036,0.20357142857142857,0.004285714285714286,0.945,6.627183572635003,0.12241563689285401
aft_lognormal_nonlinear,Log-Normal AFT (Nonlinear),Nonlinear log-normal accelerated-failure-time DGP; all three working models are misspecified.,0.99,26,32160440,cp_cox,CP + Cox,conformal,Cox,misspecified,TRUE,2000,0.3,3,0.3,0.7,0.2,0.1,1500,7.297468343786629,0.22428571428571428,0.004285714285714286,0.9133333333333333,6.960324027534798,0.07872390482295806
aft_lognormal_nonlinear,Log-Normal AFT (Nonlinear),Nonlinear log-normal accelerated-failure-time DGP; all three working models are misspecified.,0.99,26,32160440,cp_lognormal,CP + Log-Normal,conformal,Log-Normal,misspecified,TRUE,2000,0.3,3,0.3,0.7,0.2,0.1,1500,7.297468343786629,0.22428571428571428,0.004285714285714286,0.885,6.905897496329306,0.14621375102846978
aft_lognormal_nonlinear,Log-Normal AFT (Nonlinear),Nonlinear log-normal accelerated-failure-time DGP; all three working models are misspecified.,0.99,26,32160440,cp_weibull,CP + Weibull,conformal,Weibull,misspecified,TRUE,2000,0.3,3,0.3,0.7,0.2,0.1,1500,7.297468343786629,0.22428571428571428,0.004285714285714286,0.9033333333333333,6.929787887730628,0.14041681825066585
aft_lognormal_nonlinear,Log-Normal AFT (Nonlinear),Nonlinear log-normal accelerated-failure-time DGP; all three working models are misspecified.,0.99,26,32160440,plugin_cox,Cox Plug-in,plug-in,Cox,misspecified,FALSE,2000,0.3,3,0.3,0.7,0.2,0.1,1500,7.297468343786629,0.22428571428571428,0.004285714285714286,0.91,6.94939885557756,0.08277197477504504
aft_lognormal_nonlinear,Log-Normal AFT (Nonlinear),Nonlinear log-normal accelerated-failure-time DGP; all three working models are misspecified.,0.99,26,32160440,plugin_lognormal,Log-Normal Plug-in,plug-in,Log-Normal,misspecified,FALSE,2000,0.3,3,0.3,0.7,0.2,0.1,1500,7.297468343786629,0.22428571428571428,0.004285714285714286,0.8983333333333333,6.91971959854238,0.1410525358236206
aft_lognormal_nonlinear,Log-Normal AFT (Nonlinear),Nonlinear log-normal accelerated-failure-time DGP; all three working models are misspecified.,0.99,26,32160440,plugin_weibull,Weibull Plug-in,plug-in,Weibull,misspecified,FALSE,2000,0.3,3,0.3,0.7,0.2,0.1,1500,7.297468343786629,0.22428571428571428,0.004285714285714286,0.935,6.986596631999694,0.11872161256950506
aft_lognormal_nonlinear,Log-Normal AFT (Nonlinear),Nonlinear log-normal accelerated-failure-time DGP; all three working models are misspecified.,0.99,27,32160441,cp_cox,CP + Cox,conformal,Cox,misspecified,TRUE,2000,0.3,3,0.3,0.7,0.2,0.1,1500,6.367062037839364,0.2,0.002857142857142857,0.88,5.967484984225679,0.09874944282860744
aft_lognormal_nonlinear,Log-Normal AFT (Nonlinear),Nonlinear log-normal accelerated-failure-time DGP; all three working models are misspecified.,0.99,27,32160441,cp_lognormal,CP + Log-Normal,conformal,Log-Normal,misspecified,TRUE,2000,0.3,3,0.3,0.7,0.2,0.1,1500,6.367062037839364,0.2,0.002857142857142857,0.8866666666666667,5.975994054534599,0.14558501576899993
aft_lognormal_nonlinear,Log-Normal AFT (Nonlinear),Nonlinear log-normal accelerated-failure-time DGP; all three working models are misspecified.,0.99,27,32160441,cp_weibull,CP + Weibull,conformal,Weibull,misspecified,TRUE,2000,0.3,3,0.3,0.7,0.2,0.1,1500,6.367062037839364,0.2,0.002857142857142857,0.88,5.96443636143183,0.13841177633346272
aft_lognormal_nonlinear,Log-Normal AFT (Nonlinear),Nonlinear log-normal accelerated-failure-time DGP; all three working models are misspecified.,0.99,27,32160441,plugin_cox,Cox Plug-in,plug-in,Cox,misspecified,FALSE,2000,0.3,3,0.3,0.7,0.2,0.1,1500,6.367062037839364,0.2,0.002857142857142857,0.905,6.001330928724488,0.08730062667655883
aft_lognormal_nonlinear,Log-Normal AFT (Nonlinear),Nonlinear log-normal accelerated-failure-time DGP; all three working models are misspecified.,0.99,27,32160441,plugin_lognormal,Log-Normal Plug-in,plug-in,Log-Normal,misspecified,FALSE,2000,0.3,3,0.3,0.7,0.2,0.1,1500,6.367062037839364,0.2,0.002857142857142857,0.885,5.968951819870532,0.14820666696108492
aft_lognormal_nonlinear,Log-Normal AFT (Nonlinear),Nonlinear log-normal accelerated-failure-time DGP; all three working models are misspecified.,0.99,27,32160441,plugin_weibull,Weibull Plug-in,plug-in,Weibull,misspecified,FALSE,2000,0.3,3,0.3,0.7,0.2,0.1,1500,6.367062037839364,0.2,0.002857142857142857,0.94,6.049094118522136,0.10930873788885154
aft_lognormal_nonlinear,Log-Normal AFT (Nonlinear),Nonlinear log-normal accelerated-failure-time DGP; all three working models are misspecified.,0.99,28,32160442,cp_cox,CP + Cox,conformal,Cox,misspecified,TRUE,2000,0.3,3,0.3,0.7,0.2,0.1,1500,6.882163220434401,0.18785714285714286,0.0035714285714285713,0.92,6.494911747524361,0.08224616893499698
aft_lognormal_nonlinear,Log-Normal AFT (Nonlinear),Nonlinear log-normal accelerated-failure-time DGP; all three working models are misspecified.,0.99,28,32160442,cp_lognormal,CP + Log-Normal,conformal,Log-Normal,misspecified,TRUE,2000,0.3,3,0.3,0.7,0.2,0.1,1500,6.882163220434401,0.18785714285714286,0.0035714285714285713,0.925,6.500980800814984,0.12676134420239968
aft_lognormal_nonlinear,Log-Normal AFT (Nonlinear),Nonlinear log-normal accelerated-failure-time DGP; all three working models are misspecified.,0.99,28,32160442,cp_weibull,CP + Weibull,conformal,Weibull,misspecified,TRUE,2000,0.3,3,0.3,0.7,0.2,0.1,1500,6.882163220434401,0.18785714285714286,0.0035714285714285713,0.9316666666666666,6.515279605996208,0.11909661070262394
aft_lognormal_nonlinear,Log-Normal AFT (Nonlinear),Nonlinear log-normal accelerated-failure-time DGP; all three working models are misspecified.,0.99,28,32160442,plugin_cox,Cox Plug-in,plug-in,Cox,misspecified,FALSE,2000,0.3,3,0.3,0.7,0.2,0.1,1500,6.882163220434401,0.18785714285714286,0.0035714285714285713,0.9333333333333333,6.523978329144689,0.07511592703309232
aft_lognormal_nonlinear,Log-Normal AFT (Nonlinear),Nonlinear log-normal accelerated-failure-time DGP; all three working models are misspecified.,0.99,28,32160442,plugin_lognormal,Log-Normal Plug-in,plug-in,Log-Normal,misspecified,FALSE,2000,0.3,3,0.3,0.7,0.2,0.1,1500,6.882163220434401,0.18785714285714286,0.0035714285714285713,0.925,6.501493406262216,0.12659087843012853
aft_lognormal_nonlinear,Log-Normal AFT (Nonlinear),Nonlinear log-normal accelerated-failure-time DGP; all three working models are misspecified.,0.99,28,32160442,plugin_weibull,Weibull Plug-in,plug-in,Weibull,misspecified,FALSE,2000,0.3,3,0.3,0.7,0.2,0.1,1500,6.882163220434401,0.18785714285714286,0.0035714285714285713,0.9566666666666667,6.583556964649636,0.09693262822059706
aft_lognormal_nonlinear,Log-Normal AFT (Nonlinear),Nonlinear log-normal accelerated-failure-time DGP; all three working models are misspecified.,0.99,29,32160443,cp_cox,CP + Cox,conformal,Cox,misspecified,TRUE,2000,0.3,3,0.3,0.7,0.2,0.1,1500,6.731996167753097,0.205,0.002142857142857143,0.8883333333333333,6.3376794779676775,0.07967141655263997
aft_lognormal_nonlinear,Log-Normal AFT (Nonlinear),Nonlinear log-normal accelerated-failure-time DGP; all three working models are misspecified.,0.99,29,32160443,cp_lognormal,CP + Log-Normal,conformal,Log-Normal,misspecified,TRUE,2000,0.3,3,0.3,0.7,0.2,0.1,1500,6.731996167753097,0.205,0.002142857142857143,0.88,6.294922415360023,0.14412035171611948
aft_lognormal_nonlinear,Log-Normal AFT (Nonlinear),Nonlinear log-normal accelerated-failure-time DGP; all three working models are misspecified.,0.99,29,32160443,cp_weibull,CP + Weibull,conformal,Weibull,misspecified,TRUE,2000,0.3,3,0.3,0.7,0.2,0.1,1500,6.731996167753097,0.205,0.002142857142857143,0.8866666666666667,6.3208269158231545,0.12529852521636878
aft_lognormal_nonlinear,Log-Normal AFT (Nonlinear),Nonlinear log-normal accelerated-failure-time DGP; all three working models are misspecified.,0.99,29,32160443,plugin_cox,Cox Plug-in,plug-in,Cox,misspecified,FALSE,2000,0.3,3,0.3,0.7,0.2,0.1,1500,6.731996167753097,0.205,0.002142857142857143,0.8916666666666667,6.345475392073571,0.07786639296644755
aft_lognormal_nonlinear,Log-Normal AFT (Nonlinear),Nonlinear log-normal accelerated-failure-time DGP; all three working models are misspecified.,0.99,29,32160443,plugin_lognormal,Log-Normal Plug-in,plug-in,Log-Normal,misspecified,FALSE,2000,0.3,3,0.3,0.7,0.2,0.1,1500,6.731996167753097,0.205,0.002142857142857143,0.895,6.323689294802911,0.13463478375331128
aft_lognormal_nonlinear,Log-Normal AFT (Nonlinear),Nonlinear log-normal accelerated-failure-time DGP; all three working models are misspecified.,0.99,29,32160443,plugin_weibull,Weibull Plug-in,plug-in,Weibull,misspecified,FALSE,2000,0.3,3,0.3,0.7,0.2,0.1,1500,6.731996167753097,0.205,0.002142857142857143,0.9333333333333333,6.412254430000463,0.09743716973600491
aft_lognormal_nonlinear,Log-Normal AFT (Nonlinear),Nonlinear log-normal accelerated-failure-time DGP; all three working models are misspecified.,0.99,30,32160444,cp_cox,CP + Cox,conformal,Cox,misspecified,TRUE,2000,0.3,3,0.3,0.7,0.2,0.1,1500,6.421235323853928,0.20857142857142857,0.002857142857142857,0.9033333333333333,6.037301292761454,0.07370492448668488
aft_lognormal_nonlinear,Log-Normal AFT (Nonlinear),Nonlinear log-normal accelerated-failure-time DGP; all three working models are misspecified.,0.99,30,32160444,cp_lognormal,CP + Log-Normal,conformal,Log-Normal,misspecified,TRUE,2000,0.3,3,0.3,0.7,0.2,0.1,1500,6.421235323853928,0.20857142857142857,0.002857142857142857,0.905,6.014663038724755,0.1311424396204699
aft_lognormal_nonlinear,Log-Normal AFT (Nonlinear),Nonlinear log-normal accelerated-failure-time DGP; all three working models are misspecified.,0.99,30,32160444,cp_weibull,CP + Weibull,conformal,Weibull,misspecified,TRUE,2000,0.3,3,0.3,0.7,0.2,0.1,1500,6.421235323853928,0.20857142857142857,0.002857142857142857,0.905,6.0099545472866716,0.13124607183443437
aft_lognormal_nonlinear,Log-Normal AFT (Nonlinear),Nonlinear log-normal accelerated-failure-time DGP; all three working models are misspecified.,0.99,30,32160444,plugin_cox,Cox Plug-in,plug-in,Cox,misspecified,FALSE,2000,0.3,3,0.3,0.7,0.2,0.1,1500,6.421235323853928,0.20857142857142857,0.002857142857142857,0.9133333333333333,6.054561837777328,0.06811680658071688
aft_lognormal_nonlinear,Log-Normal AFT (Nonlinear),Nonlinear log-normal accelerated-failure-time DGP; all three working models are misspecified.,0.99,30,32160444,plugin_lognormal,Log-Normal Plug-in,plug-in,Log-Normal,misspecified,FALSE,2000,0.3,3,0.3,0.7,0.2,0.1,1500,6.421235323853928,0.20857142857142857,0.002857142857142857,0.915,6.025246474761647,0.12772868597269166
aft_lognormal_nonlinear,Log-Normal AFT (Nonlinear),Nonlinear log-normal accelerated-failure-time DGP; all three working models are misspecified.,0.99,30,32160444,plugin_weibull,Weibull Plug-in,plug-in,Weibull,misspecified,FALSE,2000,0.3,3,0.3,0.7,0.2,0.1,1500,6.421235323853928,0.20857142857142857,0.002857142857142857,0.9516666666666667,6.115404946026978,0.09759521481273052
