tau_quantile,rep,seed,method_id,method_label,estimator_family,working_model,spec_status,is_conformal,n,test_frac,p,beta_scale,gamma,kappa,cens_target,alpha,B,tau,censor_rate_emp,admin_mass_emp,coverage,mean_len,sd_len
0.7,1,27260322,cp_cox,CP + Cox,conformal,Cox,correct,TRUE,2000,0.3,3,0.3,1.2,1,0.2,0.1,1500,1.2107352658170778,0.4014285714285714,0.19785714285714287,0.9283333333333333,1.0699727377530714,0.06848428884521636
0.7,1,27260322,cp_lognormal,CP + Log-Normal,conformal,Log-Normal,misspecified,TRUE,2000,0.3,3,0.3,1.2,1,0.2,0.1,1500,1.2107352658170778,0.4014285714285714,0.19785714285714287,0.93,1.0701123242785608,0.06895346402465834
0.7,1,27260322,cp_weibull,CP + Weibull,conformal,Weibull,correct,TRUE,2000,0.3,3,0.3,1.2,1,0.2,0.1,1500,1.2107352658170778,0.4014285714285714,0.19785714285714287,0.925,1.067350719072311,0.06832367564362656
0.7,1,27260322,plugin_cox,Cox Plug-in,plug-in,Cox,correct,FALSE,2000,0.3,3,0.3,1.2,1,0.2,0.1,1500,1.2107352658170778,0.4014285714285714,0.19785714285714287,0.9216666666666666,1.0554229514965925,0.0756396567177533
0.7,1,27260322,plugin_lognormal,Log-Normal Plug-in,plug-in,Log-Normal,misspecified,FALSE,2000,0.3,3,0.3,1.2,1,0.2,0.1,1500,1.2107352658170778,0.4014285714285714,0.19785714285714287,0.9216666666666666,1.0622049557939854,0.07283078619105278
0.7,1,27260322,plugin_weibull,Weibull Plug-in,plug-in,Weibull,correct,FALSE,2000,0.3,3,0.3,1.2,1,0.2,0.1,1500,1.2107352658170778,0.4014285714285714,0.19785714285714287,0.92,1.0541003152871458,0.07463757983287102
0.7,2,27260323,cp_cox,CP + Cox,conformal,Cox,correct,TRUE,2000,0.3,3,0.3,1.2,1,0.2,0.1,1500,1.1707624474434728,0.40785714285714286,0.19428571428571428,0.85,0.9853040805115286,0.07183832371975632
0.7,2,27260323,cp_lognormal,CP + Log-Normal,conformal,Log-Normal,misspecified,TRUE,2000,0.3,3,0.3,1.2,1,0.2,0.1,1500,1.1707624474434728,0.40785714285714286,0.19428571428571428,0.865,1.0028322304331179,0.07734633888346805
0.7,2,27260323,cp_weibull,CP + Weibull,conformal,Weibull,correct,TRUE,2000,0.3,3,0.3,1.2,1,0.2,0.1,1500,1.1707624474434728,0.40785714285714286,0.19428571428571428,0.8633333333333333,1.0107293983769121,0.06525745889003784
0.7,2,27260323,plugin_cox,Cox Plug-in,plug-in,Cox,correct,FALSE,2000,0.3,3,0.3,1.2,1,0.2,0.1,1500,1.1707624474434728,0.40785714285714286,0.19428571428571428,0.8583333333333333,0.9986121616947012,0.06683996318882254
0.7,2,27260323,plugin_lognormal,Log-Normal Plug-in,plug-in,Log-Normal,misspecified,FALSE,2000,0.3,3,0.3,1.2,1,0.2,0.1,1500,1.1707624474434728,0.40785714285714286,0.19428571428571428,0.8733333333333333,1.0127720429087916,0.07276819852333145
0.7,2,27260323,plugin_weibull,Weibull Plug-in,plug-in,Weibull,correct,FALSE,2000,0.3,3,0.3,1.2,1,0.2,0.1,1500,1.1707624474434728,0.40785714285714286,0.19428571428571428,0.86,1.0036725238677877,0.06813507511279573
0.7,3,27260324,cp_cox,CP + Cox,conformal,Cox,correct,TRUE,2000,0.3,3,0.3,1.2,1,0.2,0.1,1500,1.211296730222036,0.39571428571428574,0.20785714285714285,0.8933333333333333,1.0392976105282727,0.08244785232264039
0.7,3,27260324,cp_lognormal,CP + Log-Normal,conformal,Log-Normal,misspecified,TRUE,2000,0.3,3,0.3,1.2,1,0.2,0.1,1500,1.211296730222036,0.39571428571428574,0.20785714285714285,0.905,1.0524053693072692,0.08861771273054447
0.7,3,27260324,cp_weibull,CP + Weibull,conformal,Weibull,correct,TRUE,2000,0.3,3,0.3,1.2,1,0.2,0.1,1500,1.211296730222036,0.39571428571428574,0.20785714285714285,0.8916666666666667,1.0377769086384772,0.08279052290848203
0.7,3,27260324,plugin_cox,Cox Plug-in,plug-in,Cox,correct,FALSE,2000,0.3,3,0.3,1.2,1,0.2,0.1,1500,1.211296730222036,0.39571428571428574,0.20785714285714285,0.8933333333333333,1.0385541565528644,0.08279055693247406
0.7,3,27260324,plugin_lognormal,Log-Normal Plug-in,plug-in,Log-Normal,misspecified,FALSE,2000,0.3,3,0.3,1.2,1,0.2,0.1,1500,1.211296730222036,0.39571428571428574,0.20785714285714285,0.905,1.0519058395963394,0.08889631302806035
0.7,3,27260324,plugin_weibull,Weibull Plug-in,plug-in,Weibull,correct,FALSE,2000,0.3,3,0.3,1.2,1,0.2,0.1,1500,1.211296730222036,0.39571428571428574,0.20785714285714285,0.8933333333333333,1.042821956382296,0.08038340804980354
0.7,4,27260325,cp_cox,CP + Cox,conformal,Cox,correct,TRUE,2000,0.3,3,0.3,1.2,1,0.2,0.1,1500,1.173499652672836,0.4142857142857143,0.19642857142857142,0.8916666666666667,1.016322049485527,0.07717827216358211
0.7,4,27260325,cp_lognormal,CP + Log-Normal,conformal,Log-Normal,misspecified,TRUE,2000,0.3,3,0.3,1.2,1,0.2,0.1,1500,1.173499652672836,0.4142857142857143,0.19642857142857142,0.9083333333333333,1.032585502582492,0.07108714649172107
0.7,4,27260325,cp_weibull,CP + Weibull,conformal,Weibull,correct,TRUE,2000,0.3,3,0.3,1.2,1,0.2,0.1,1500,1.173499652672836,0.4142857142857143,0.19642857142857142,0.8966666666666666,1.0265541519678179,0.06913170411545425
0.7,4,27260325,plugin_cox,Cox Plug-in,plug-in,Cox,correct,FALSE,2000,0.3,3,0.3,1.2,1,0.2,0.1,1500,1.173499652672836,0.4142857142857143,0.19642857142857142,0.8933333333333333,1.0172717221177656,0.07673389260385301
0.7,4,27260325,plugin_lognormal,Log-Normal Plug-in,plug-in,Log-Normal,misspecified,FALSE,2000,0.3,3,0.3,1.2,1,0.2,0.1,1500,1.173499652672836,0.4142857142857143,0.19642857142857142,0.9,1.0264742899582127,0.0741700779559188
0.7,4,27260325,plugin_weibull,Weibull Plug-in,plug-in,Weibull,correct,FALSE,2000,0.3,3,0.3,1.2,1,0.2,0.1,1500,1.173499652672836,0.4142857142857143,0.19642857142857142,0.89,1.01476374798944,0.0746785954140937
0.7,5,27260326,cp_cox,CP + Cox,conformal,Cox,correct,TRUE,2000,0.3,3,0.3,1.2,1,0.2,0.1,1500,1.1835257806955144,0.3892857142857143,0.19785714285714287,0.9366666666666666,1.0451918596556662,0.05766138845466596
0.7,5,27260326,cp_lognormal,CP + Log-Normal,conformal,Log-Normal,misspecified,TRUE,2000,0.3,3,0.3,1.2,1,0.2,0.1,1500,1.1835257806955144,0.3892857142857143,0.19785714285714287,0.9233333333333333,1.0143818855732392,0.07525482922912921
0.7,5,27260326,cp_weibull,CP + Weibull,conformal,Weibull,correct,TRUE,2000,0.3,3,0.3,1.2,1,0.2,0.1,1500,1.1835257806955144,0.3892857142857143,0.19785714285714287,0.92,1.0162545520147528,0.06873142687996973
0.7,5,27260326,plugin_cox,Cox Plug-in,plug-in,Cox,correct,FALSE,2000,0.3,3,0.3,1.2,1,0.2,0.1,1500,1.1835257806955144,0.3892857142857143,0.19785714285714287,0.9266666666666666,1.0281914523992828,0.06516363427183007
0.7,5,27260326,plugin_lognormal,Log-Normal Plug-in,plug-in,Log-Normal,misspecified,FALSE,2000,0.3,3,0.3,1.2,1,0.2,0.1,1500,1.1835257806955144,0.3892857142857143,0.19785714285714287,0.9366666666666666,1.0416842654762217,0.06310756292866684
0.7,5,27260326,plugin_weibull,Weibull Plug-in,plug-in,Weibull,correct,FALSE,2000,0.3,3,0.3,1.2,1,0.2,0.1,1500,1.1835257806955144,0.3892857142857143,0.19785714285714287,0.9283333333333333,1.031399120586161,0.06250855271563263
0.7,6,27260327,cp_cox,CP + Cox,conformal,Cox,correct,TRUE,2000,0.3,3,0.3,1.2,1,0.2,0.1,1500,1.2372874788783372,0.40285714285714286,0.19714285714285715,0.92,1.0909132746343766,0.06622202521453768
0.7,6,27260327,cp_lognormal,CP + Log-Normal,conformal,Log-Normal,misspecified,TRUE,2000,0.3,3,0.3,1.2,1,0.2,0.1,1500,1.2372874788783372,0.40285714285714286,0.19714285714285715,0.9166666666666666,1.086236436183875,0.07067151446978917
0.7,6,27260327,cp_weibull,CP + Weibull,conformal,Weibull,correct,TRUE,2000,0.3,3,0.3,1.2,1,0.2,0.1,1500,1.2372874788783372,0.40285714285714286,0.19714285714285715,0.915,1.0849651073388729,0.06700034543418264
0.7,6,27260327,plugin_cox,Cox Plug-in,plug-in,Cox,correct,FALSE,2000,0.3,3,0.3,1.2,1,0.2,0.1,1500,1.2372874788783372,0.40285714285714286,0.19714285714285715,0.9116666666666666,1.070092327169712,0.07563049581082251
0.7,6,27260327,plugin_lognormal,Log-Normal Plug-in,plug-in,Log-Normal,misspecified,FALSE,2000,0.3,3,0.3,1.2,1,0.2,0.1,1500,1.2372874788783372,0.40285714285714286,0.19714285714285715,0.9166666666666666,1.086202787125527,0.07068725769056733
0.7,6,27260327,plugin_weibull,Weibull Plug-in,plug-in,Weibull,correct,FALSE,2000,0.3,3,0.3,1.2,1,0.2,0.1,1500,1.2372874788783372,0.40285714285714286,0.19714285714285715,0.9116666666666666,1.0683049382725867,0.07432846848762296
0.7,7,27260328,cp_cox,CP + Cox,conformal,Cox,correct,TRUE,2000,0.3,3,0.3,1.2,1,0.2,0.1,1500,1.1031080345592457,0.4142857142857143,0.2057142857142857,0.9233333333333333,0.965729446913149,0.06660983152284877
0.7,7,27260328,cp_lognormal,CP + Log-Normal,conformal,Log-Normal,misspecified,TRUE,2000,0.3,3,0.3,1.2,1,0.2,0.1,1500,1.1031080345592457,0.4142857142857143,0.2057142857142857,0.925,0.9615988719798562,0.07221438283321306
0.7,7,27260328,cp_weibull,CP + Weibull,conformal,Weibull,correct,TRUE,2000,0.3,3,0.3,1.2,1,0.2,0.1,1500,1.1031080345592457,0.4142857142857143,0.2057142857142857,0.905,0.9435089287905003,0.07099870234858398
0.7,7,27260328,plugin_cox,Cox Plug-in,plug-in,Cox,correct,FALSE,2000,0.3,3,0.3,1.2,1,0.2,0.1,1500,1.1031080345592457,0.4142857142857143,0.2057142857142857,0.9216666666666666,0.9616134700740895,0.06853665482300053
0.7,7,27260328,plugin_lognormal,Log-Normal Plug-in,plug-in,Log-Normal,misspecified,FALSE,2000,0.3,3,0.3,1.2,1,0.2,0.1,1500,1.1031080345592457,0.4142857142857143,0.2057142857142857,0.9266666666666666,0.9680955472266337,0.06889902582832198
0.7,7,27260328,plugin_weibull,Weibull Plug-in,plug-in,Weibull,correct,FALSE,2000,0.3,3,0.3,1.2,1,0.2,0.1,1500,1.1031080345592457,0.4142857142857143,0.2057142857142857,0.9233333333333333,0.9592481012019064,0.06399702892524016
0.7,8,27260329,cp_cox,CP + Cox,conformal,Cox,correct,TRUE,2000,0.3,3,0.3,1.2,1,0.2,0.1,1500,1.1941172468466505,0.4107142857142857,0.19857142857142857,0.9016666666666666,1.0200365582695543,0.07477093043490601
0.7,8,27260329,cp_lognormal,CP + Log-Normal,conformal,Log-Normal,misspecified,TRUE,2000,0.3,3,0.3,1.2,1,0.2,0.1,1500,1.1941172468466505,0.4107142857142857,0.19857142857142857,0.9033333333333333,1.01260185384202,0.08816585451739939
0.7,8,27260329,cp_weibull,CP + Weibull,conformal,Weibull,correct,TRUE,2000,0.3,3,0.3,1.2,1,0.2,0.1,1500,1.1941172468466505,0.4107142857142857,0.19857142857142857,0.92,1.0424282491635228,0.0641286027935372
0.7,8,27260329,plugin_cox,Cox Plug-in,plug-in,Cox,correct,FALSE,2000,0.3,3,0.3,1.2,1,0.2,0.1,1500,1.1941172468466505,0.4107142857142857,0.19857142857142857,0.91,1.0315836951850312,0.06998887706737036
0.7,8,27260329,plugin_lognormal,Log-Normal Plug-in,plug-in,Log-Normal,misspecified,FALSE,2000,0.3,3,0.3,1.2,1,0.2,0.1,1500,1.1941172468466505,0.4107142857142857,0.19857142857142857,0.9183333333333333,1.038480020372195,0.0755962832666668
0.7,8,27260329,plugin_weibull,Weibull Plug-in,plug-in,Weibull,correct,FALSE,2000,0.3,3,0.3,1.2,1,0.2,0.1,1500,1.1941172468466505,0.4107142857142857,0.19857142857142857,0.91,1.0326251047825765,0.0682730164407725
0.7,9,27260330,cp_cox,CP + Cox,conformal,Cox,correct,TRUE,2000,0.3,3,0.3,1.2,1,0.2,0.1,1500,1.241457524745711,0.4092857142857143,0.20285714285714285,0.9166666666666666,1.0945973016970334,0.05614073112085255
0.7,9,27260330,cp_lognormal,CP + Log-Normal,conformal,Log-Normal,misspecified,TRUE,2000,0.3,3,0.3,1.2,1,0.2,0.1,1500,1.241457524745711,0.4092857142857143,0.20285714285714285,0.9083333333333333,1.0828733300763456,0.06099070838283066
0.7,9,27260330,cp_weibull,CP + Weibull,conformal,Weibull,correct,TRUE,2000,0.3,3,0.3,1.2,1,0.2,0.1,1500,1.241457524745711,0.4092857142857143,0.20285714285714285,0.91,1.08559254092175,0.0604630618319801
0.7,9,27260330,plugin_cox,Cox Plug-in,plug-in,Cox,correct,FALSE,2000,0.3,3,0.3,1.2,1,0.2,0.1,1500,1.241457524745711,0.4092857142857143,0.20285714285714285,0.9083333333333333,1.0834573236261906,0.060702898843858495
0.7,9,27260330,plugin_lognormal,Log-Normal Plug-in,plug-in,Log-Normal,misspecified,FALSE,2000,0.3,3,0.3,1.2,1,0.2,0.1,1500,1.241457524745711,0.4092857142857143,0.20285714285714285,0.9216666666666666,1.0992230431639907,0.054702688412426
0.7,9,27260330,plugin_weibull,Weibull Plug-in,plug-in,Weibull,correct,FALSE,2000,0.3,3,0.3,1.2,1,0.2,0.1,1500,1.241457524745711,0.4092857142857143,0.20285714285714285,0.91,1.0841716191452284,0.06101426505366884
0.7,10,27260331,cp_cox,CP + Cox,conformal,Cox,correct,TRUE,2000,0.3,3,0.3,1.2,1,0.2,0.1,1500,1.1778880895711117,0.41214285714285714,0.20285714285714285,0.9316666666666666,1.019625425556619,0.07812144105164624
0.7,10,27260331,cp_lognormal,CP + Log-Normal,conformal,Log-Normal,misspecified,TRUE,2000,0.3,3,0.3,1.2,1,0.2,0.1,1500,1.1778880895711117,0.41214285714285714,0.20285714285714285,0.935,1.0207708503939024,0.08280580630277824
0.7,10,27260331,cp_weibull,CP + Weibull,conformal,Weibull,correct,TRUE,2000,0.3,3,0.3,1.2,1,0.2,0.1,1500,1.1778880895711117,0.41214285714285714,0.20285714285714285,0.8966666666666666,0.9863327278882574,0.0929794387660557
0.7,10,27260331,plugin_cox,Cox Plug-in,plug-in,Cox,correct,FALSE,2000,0.3,3,0.3,1.2,1,0.2,0.1,1500,1.1778880895711117,0.41214285714285714,0.20285714285714285,0.9216666666666666,1.008805241223347,0.082322558663638
0.7,10,27260331,plugin_lognormal,Log-Normal Plug-in,plug-in,Log-Normal,misspecified,FALSE,2000,0.3,3,0.3,1.2,1,0.2,0.1,1500,1.1778880895711117,0.41214285714285714,0.20285714285714285,0.935,1.0224425562371626,0.08192476389790185
0.7,10,27260331,plugin_weibull,Weibull Plug-in,plug-in,Weibull,correct,FALSE,2000,0.3,3,0.3,1.2,1,0.2,0.1,1500,1.1778880895711117,0.41214285714285714,0.20285714285714285,0.9216666666666666,1.0120256383822437,0.08050830573688729
0.7,11,27260332,cp_cox,CP + Cox,conformal,Cox,correct,TRUE,2000,0.3,3,0.3,1.2,1,0.2,0.1,1500,1.1817158968335972,0.41,0.215,0.8833333333333333,1.007326125661638,0.09363900802849699
0.7,11,27260332,cp_lognormal,CP + Log-Normal,conformal,Log-Normal,misspecified,TRUE,2000,0.3,3,0.3,1.2,1,0.2,0.1,1500,1.1817158968335972,0.41,0.215,0.88,1.0037981030565186,0.09906807190489023
0.7,11,27260332,cp_weibull,CP + Weibull,conformal,Weibull,correct,TRUE,2000,0.3,3,0.3,1.2,1,0.2,0.1,1500,1.1817158968335972,0.41,0.215,0.8783333333333333,1.0036403705323549,0.09302753160155101
0.7,11,27260332,plugin_cox,Cox Plug-in,plug-in,Cox,correct,FALSE,2000,0.3,3,0.3,1.2,1,0.2,0.1,1500,1.1817158968335972,0.41,0.215,0.8716666666666667,0.9932973196585627,0.10038812813754291
0.7,11,27260332,plugin_lognormal,Log-Normal Plug-in,plug-in,Log-Normal,misspecified,FALSE,2000,0.3,3,0.3,1.2,1,0.2,0.1,1500,1.1817158968335972,0.41,0.215,0.88,1.002478485546426,0.09980286048112792
0.7,11,27260332,plugin_weibull,Weibull Plug-in,plug-in,Weibull,correct,FALSE,2000,0.3,3,0.3,1.2,1,0.2,0.1,1500,1.1817158968335972,0.41,0.215,0.8683333333333333,0.9921006739376099,0.09905592591231077
0.7,12,27260333,cp_cox,CP + Cox,conformal,Cox,correct,TRUE,2000,0.3,3,0.3,1.2,1,0.2,0.1,1500,1.22195081001827,0.4035714285714286,0.20142857142857143,0.93,1.0786865986320913,0.08861408311683404
0.7,12,27260333,cp_lognormal,CP + Log-Normal,conformal,Log-Normal,misspecified,TRUE,2000,0.3,3,0.3,1.2,1,0.2,0.1,1500,1.22195081001827,0.4035714285714286,0.20142857142857143,0.9083333333333333,1.0431617860891287,0.12059057874307268
0.7,12,27260333,cp_weibull,CP + Weibull,conformal,Weibull,correct,TRUE,2000,0.3,3,0.3,1.2,1,0.2,0.1,1500,1.22195081001827,0.4035714285714286,0.20142857142857143,0.93,1.0777221697480772,0.07994031101928155
0.7,12,27260333,plugin_cox,Cox Plug-in,plug-in,Cox,correct,FALSE,2000,0.3,3,0.3,1.2,1,0.2,0.1,1500,1.22195081001827,0.4035714285714286,0.20142857142857143,0.9083333333333333,1.0504824401679933,0.1033268495500782
0.7,12,27260333,plugin_lognormal,Log-Normal Plug-in,plug-in,Log-Normal,misspecified,FALSE,2000,0.3,3,0.3,1.2,1,0.2,0.1,1500,1.22195081001827,0.4035714285714286,0.20142857142857143,0.9216666666666666,1.0600876823230445,0.10917430956872977
0.7,12,27260333,plugin_weibull,Weibull Plug-in,plug-in,Weibull,correct,FALSE,2000,0.3,3,0.3,1.2,1,0.2,0.1,1500,1.22195081001827,0.4035714285714286,0.20142857142857143,0.9033333333333333,1.0494107482994326,0.09563222790737509
0.7,13,27260334,cp_cox,CP + Cox,conformal,Cox,correct,TRUE,2000,0.3,3,0.3,1.2,1,0.2,0.1,1500,1.2213241680470417,0.41,0.2,0.8916666666666667,1.0402148322407592,0.10246173998442884
0.7,13,27260334,cp_lognormal,CP + Log-Normal,conformal,Log-Normal,misspecified,TRUE,2000,0.3,3,0.3,1.2,1,0.2,0.1,1500,1.2213241680470417,0.41,0.2,0.8816666666666667,1.0209944762922836,0.12169393538476705
0.7,13,27260334,cp_weibull,CP + Weibull,conformal,Weibull,correct,TRUE,2000,0.3,3,0.3,1.2,1,0.2,0.1,1500,1.2213241680470417,0.41,0.2,0.89,1.0323358597618455,0.10526625949003637
0.7,13,27260334,plugin_cox,Cox Plug-in,plug-in,Cox,correct,FALSE,2000,0.3,3,0.3,1.2,1,0.2,0.1,1500,1.2213241680470417,0.41,0.2,0.8916666666666667,1.0407675057851664,0.10208984304914569
0.7,13,27260334,plugin_lognormal,Log-Normal Plug-in,plug-in,Log-Normal,misspecified,FALSE,2000,0.3,3,0.3,1.2,1,0.2,0.1,1500,1.2213241680470417,0.41,0.2,0.9,1.0473773004339872,0.10795865419394167
0.7,13,27260334,plugin_weibull,Weibull Plug-in,plug-in,Weibull,correct,FALSE,2000,0.3,3,0.3,1.2,1,0.2,0.1,1500,1.2213241680470417,0.41,0.2,0.895,1.0422739608085487,0.0997307492084069
0.7,14,27260335,cp_cox,CP + Cox,conformal,Cox,correct,TRUE,2000,0.3,3,0.3,1.2,1,0.2,0.1,1500,1.2019311822511705,0.39071428571428574,0.2007142857142857,0.9116666666666666,1.0415654432603225,0.07551288525257782
0.7,14,27260335,cp_lognormal,CP + Log-Normal,conformal,Log-Normal,misspecified,TRUE,2000,0.3,3,0.3,1.2,1,0.2,0.1,1500,1.2019311822511705,0.39071428571428574,0.2007142857142857,0.9083333333333333,1.02854857305682,0.09567831074016876
0.7,14,27260335,cp_weibull,CP + Weibull,conformal,Weibull,correct,TRUE,2000,0.3,3,0.3,1.2,1,0.2,0.1,1500,1.2019311822511705,0.39071428571428574,0.2007142857142857,0.9133333333333333,1.0439355971616242,0.0752617179278835
0.7,14,27260335,plugin_cox,Cox Plug-in,plug-in,Cox,correct,FALSE,2000,0.3,3,0.3,1.2,1,0.2,0.1,1500,1.2019311822511705,0.39071428571428574,0.2007142857142857,0.9166666666666666,1.0454878505630383,0.07355453334478135
0.7,14,27260335,plugin_lognormal,Log-Normal Plug-in,plug-in,Log-Normal,misspecified,FALSE,2000,0.3,3,0.3,1.2,1,0.2,0.1,1500,1.2019311822511705,0.39071428571428574,0.2007142857142857,0.92,1.051836276785819,0.08282737854944051
0.7,14,27260335,plugin_weibull,Weibull Plug-in,plug-in,Weibull,correct,FALSE,2000,0.3,3,0.3,1.2,1,0.2,0.1,1500,1.2019311822511705,0.39071428571428574,0.2007142857142857,0.9133333333333333,1.0453971802000759,0.07456548802813157
0.7,15,27260336,cp_cox,CP + Cox,conformal,Cox,correct,TRUE,2000,0.3,3,0.3,1.2,1,0.2,0.1,1500,1.2297667335540403,0.41285714285714287,0.20142857142857143,0.9,1.0505469996611738,0.07392355348906207
0.7,15,27260336,cp_lognormal,CP + Log-Normal,conformal,Log-Normal,misspecified,TRUE,2000,0.3,3,0.3,1.2,1,0.2,0.1,1500,1.2297667335540403,0.41285714285714287,0.20142857142857143,0.915,1.078723671589214,0.07358204303397771
0.7,15,27260336,cp_weibull,CP + Weibull,conformal,Weibull,correct,TRUE,2000,0.3,3,0.3,1.2,1,0.2,0.1,1500,1.2297667335540403,0.41285714285714287,0.20142857142857143,0.9016666666666666,1.0480965325531504,0.08149709106758207
0.7,15,27260336,plugin_cox,Cox Plug-in,plug-in,Cox,correct,FALSE,2000,0.3,3,0.3,1.2,1,0.2,0.1,1500,1.2297667335540403,0.41285714285714287,0.20142857142857143,0.905,1.062339149594959,0.0692087255613461
0.7,15,27260336,plugin_lognormal,Log-Normal Plug-in,plug-in,Log-Normal,misspecified,FALSE,2000,0.3,3,0.3,1.2,1,0.2,0.1,1500,1.2297667335540403,0.41285714285714287,0.20142857142857143,0.9083333333333333,1.0686388759416847,0.07849494573650746
0.7,15,27260336,plugin_weibull,Weibull Plug-in,plug-in,Weibull,correct,FALSE,2000,0.3,3,0.3,1.2,1,0.2,0.1,1500,1.2297667335540403,0.41285714285714287,0.20142857142857143,0.905,1.0645935511925102,0.0740965431351838
0.7,16,27260337,cp_cox,CP + Cox,conformal,Cox,correct,TRUE,2000,0.3,3,0.3,1.2,1,0.2,0.1,1500,1.195184286266214,0.4085714285714286,0.2092857142857143,0.9083333333333333,1.0253967024750639,0.07899916461818117
0.7,16,27260337,cp_lognormal,CP + Log-Normal,conformal,Log-Normal,misspecified,TRUE,2000,0.3,3,0.3,1.2,1,0.2,0.1,1500,1.195184286266214,0.4085714285714286,0.2092857142857143,0.8983333333333333,1.0029689151851118,0.10279527193668127
0.7,16,27260337,cp_weibull,CP + Weibull,conformal,Weibull,correct,TRUE,2000,0.3,3,0.3,1.2,1,0.2,0.1,1500,1.195184286266214,0.4085714285714286,0.2092857142857143,0.915,1.0349397176607844,0.07502607994649492
0.7,16,27260337,plugin_cox,Cox Plug-in,plug-in,Cox,correct,FALSE,2000,0.3,3,0.3,1.2,1,0.2,0.1,1500,1.195184286266214,0.4085714285714286,0.2092857142857143,0.9083333333333333,1.0181446707620632,0.08286596275852609
0.7,16,27260337,plugin_lognormal,Log-Normal Plug-in,plug-in,Log-Normal,misspecified,FALSE,2000,0.3,3,0.3,1.2,1,0.2,0.1,1500,1.195184286266214,0.4085714285714286,0.2092857142857143,0.9116666666666666,1.026686302740514,0.09011139920749912
0.7,16,27260337,plugin_weibull,Weibull Plug-in,plug-in,Weibull,correct,FALSE,2000,0.3,3,0.3,1.2,1,0.2,0.1,1500,1.195184286266214,0.4085714285714286,0.2092857142857143,0.9083333333333333,1.0174780413693478,0.0832015902482945
0.7,17,27260338,cp_cox,CP + Cox,conformal,Cox,correct,TRUE,2000,0.3,3,0.3,1.2,1,0.2,0.1,1500,1.2425995751574237,0.4228571428571429,0.21428571428571427,0.9,1.0552186944778443,0.08531671678341565
0.7,17,27260338,cp_lognormal,CP + Log-Normal,conformal,Log-Normal,misspecified,TRUE,2000,0.3,3,0.3,1.2,1,0.2,0.1,1500,1.2425995751574237,0.4228571428571429,0.21428571428571427,0.9133333333333333,1.0720232184608434,0.08563988660885197
0.7,17,27260338,cp_weibull,CP + Weibull,conformal,Weibull,correct,TRUE,2000,0.3,3,0.3,1.2,1,0.2,0.1,1500,1.2425995751574237,0.4228571428571429,0.21428571428571427,0.9016666666666666,1.0585079546462115,0.08692113903035172
0.7,17,27260338,plugin_cox,Cox Plug-in,plug-in,Cox,correct,FALSE,2000,0.3,3,0.3,1.2,1,0.2,0.1,1500,1.2425995751574237,0.4228571428571429,0.21428571428571427,0.9166666666666666,1.0807607927762366,0.07261551122942284
0.7,17,27260338,plugin_lognormal,Log-Normal Plug-in,plug-in,Log-Normal,misspecified,FALSE,2000,0.3,3,0.3,1.2,1,0.2,0.1,1500,1.2425995751574237,0.4228571428571429,0.21428571428571427,0.9183333333333333,1.084162405627625,0.07954526345814164
0.7,17,27260338,plugin_weibull,Weibull Plug-in,plug-in,Weibull,correct,FALSE,2000,0.3,3,0.3,1.2,1,0.2,0.1,1500,1.2425995751574237,0.4228571428571429,0.21428571428571427,0.9183333333333333,1.0774634047208518,0.07797108846995508
0.7,18,27260339,cp_cox,CP + Cox,conformal,Cox,correct,TRUE,2000,0.3,3,0.3,1.2,1,0.2,0.1,1500,1.2569454192057963,0.4,0.2092857142857143,0.895,1.0666390379593467,0.08619640392942249
0.7,18,27260339,cp_lognormal,CP + Log-Normal,conformal,Log-Normal,misspecified,TRUE,2000,0.3,3,0.3,1.2,1,0.2,0.1,1500,1.2569454192057963,0.4,0.2092857142857143,0.9083333333333333,1.085999503631187,0.08861647223812806
0.7,18,27260339,cp_weibull,CP + Weibull,conformal,Weibull,correct,TRUE,2000,0.3,3,0.3,1.2,1,0.2,0.1,1500,1.2569454192057963,0.4,0.2092857142857143,0.9033333333333333,1.08769938221557,0.079078455755153515
0.7,18,27260339,plugin_cox,Cox Plug-in,plug-in,Cox,correct,FALSE,2000,0.3,3,0.3,1.2,1,0.2,0.1,1500,1.2569454192057963,0.4,0.2092857142857143,0.8983333333333333,1.0772133966157007,0.08175403896178333
0.7,18,27260339,plugin_lognormal,Log-Normal Plug-in,plug-in,Log-Normal,misspecified,FALSE,2000,0.3,3,0.3,1.2,1,0.2,0.1,1500,1.2569454192057963,0.4,0.2092857142857143,0.9083333333333333,1.0885537494149868,0.08729237946978875
0.7,18,27260339,plugin_weibull,Weibull Plug-in,plug-in,Weibull,correct,FALSE,2000,0.3,3,0.3,1.2,1,0.2,0.1,1500,1.2569454192057963,0.4,0.2092857142857143,0.9,1.0804386223064129,0.08247097053089528
0.7,19,27260340,cp_cox,CP + Cox,conformal,Cox,correct,TRUE,2000,0.3,3,0.3,1.2,1,0.2,0.1,1500,1.1929814541774333,0.4164285714285714,0.20142857142857143,0.9066666666666666,1.0301736340270038,0.08741747426625666
0.7,19,27260340,cp_lognormal,CP + Log-Normal,conformal,Log-Normal,misspecified,TRUE,2000,0.3,3,0.3,1.2,1,0.2,0.1,1500,1.1929814541774333,0.4164285714285714,0.20142857142857143,0.9166666666666666,1.0464906894968253,0.07934643298988403
0.7,19,27260340,cp_weibull,CP + Weibull,conformal,Weibull,correct,TRUE,2000,0.3,3,0.3,1.2,1,0.2,0.1,1500,1.1929814541774333,0.4164285714285714,0.20142857142857143,0.9033333333333333,1.0244509974297693,0.08700201688893605
0.7,19,27260340,plugin_cox,Cox Plug-in,plug-in,Cox,correct,FALSE,2000,0.3,3,0.3,1.2,1,0.2,0.1,1500,1.1929814541774333,0.4164285714285714,0.20142857142857143,0.9066666666666666,1.0313318412910424,0.08682443313925578
0.7,19,27260340,plugin_lognormal,Log-Normal Plug-in,plug-in,Log-Normal,misspecified,FALSE,2000,0.3,3,0.3,1.2,1,0.2,0.1,1500,1.1929814541774333,0.4164285714285714,0.20142857142857143,0.915,1.0439186787914745,0.08073955750204245
0.7,19,27260340,plugin_weibull,Weibull Plug-in,plug-in,Weibull,correct,FALSE,2000,0.3,3,0.3,1.2,1,0.2,0.1,1500,1.1929814541774333,0.4164285714285714,0.20142857142857143,0.905,1.0294142196115437,0.08443980737253508
0.7,20,27260341,cp_cox,CP + Cox,conformal,Cox,correct,TRUE,2000,0.3,3,0.3,1.2,1,0.2,0.1,1500,1.167862073955382,0.43,0.21,0.8916666666666667,0.9968890171089205,0.08736538947387018
0.7,20,27260341,cp_lognormal,CP + Log-Normal,conformal,Log-Normal,misspecified,TRUE,2000,0.3,3,0.3,1.2,1,0.2,0.1,1500,1.167862073955382,0.43,0.21,0.8933333333333333,0.9998168761283357,0.08689051179438728
0.7,20,27260341,cp_weibull,CP + Weibull,conformal,Weibull,correct,TRUE,2000,0.3,3,0.3,1.2,1,0.2,0.1,1500,1.167862073955382,0.43,0.21,0.89,1.0022284137866972,0.08001590992618261
0.7,20,27260341,plugin_cox,Cox Plug-in,plug-in,Cox,correct,FALSE,2000,0.3,3,0.3,1.2,1,0.2,0.1,1500,1.167862073955382,0.43,0.21,0.8966666666666666,1.0037811093162403,0.08386454106979727
0.7,20,27260341,plugin_lognormal,Log-Normal Plug-in,plug-in,Log-Normal,misspecified,FALSE,2000,0.3,3,0.3,1.2,1,0.2,0.1,1500,1.167862073955382,0.43,0.21,0.8983333333333333,1.010824831065991,0.08119866905975064
0.7,20,27260341,plugin_weibull,Weibull Plug-in,plug-in,Weibull,correct,FALSE,2000,0.3,3,0.3,1.2,1,0.2,0.1,1500,1.167862073955382,0.43,0.21,0.8883333333333333,1.0000519402279826,0.08106734181541018
0.7,21,27260342,cp_cox,CP + Cox,conformal,Cox,correct,TRUE,2000,0.3,3,0.3,1.2,1,0.2,0.1,1500,1.190680304108778,0.39571428571428574,0.21428571428571427,0.8966666666666666,1.0075392499912366,0.07590854137612522
0.7,21,27260342,cp_lognormal,CP + Log-Normal,conformal,Log-Normal,misspecified,TRUE,2000,0.3,3,0.3,1.2,1,0.2,0.1,1500,1.190680304108778,0.39571428571428574,0.21428571428571427,0.8983333333333333,1.0056751240917021,0.09844633129788664
0.7,21,27260342,cp_weibull,CP + Weibull,conformal,Weibull,correct,TRUE,2000,0.3,3,0.3,1.2,1,0.2,0.1,1500,1.190680304108778,0.39571428571428574,0.21428571428571427,0.895,1.0026935331430056,0.08337797914687048
0.7,21,27260342,plugin_cox,Cox Plug-in,plug-in,Cox,correct,FALSE,2000,0.3,3,0.3,1.2,1,0.2,0.1,1500,1.190680304108778,0.39571428571428574,0.21428571428571427,0.9116666666666666,1.0291902459676223,0.06658841660392593
0.7,21,27260342,plugin_lognormal,Log-Normal Plug-in,plug-in,Log-Normal,misspecified,FALSE,2000,0.3,3,0.3,1.2,1,0.2,0.1,1500,1.190680304108778,0.39571428571428574,0.21428571428571427,0.92,1.0287260286947113,0.08618031263260194
0.7,21,27260342,plugin_weibull,Weibull Plug-in,plug-in,Weibull,correct,FALSE,2000,0.3,3,0.3,1.2,1,0.2,0.1,1500,1.190680304108778,0.39571428571428574,0.21428571428571427,0.915,1.031271984965423,0.07070254699886452
0.7,22,27260343,cp_cox,CP + Cox,conformal,Cox,correct,TRUE,2000,0.3,3,0.3,1.2,1,0.2,0.1,1500,1.2482034418477048,0.4185714285714286,0.195,0.875,1.0560817527723845,0.07971571981951839
0.7,22,27260343,cp_lognormal,CP + Log-Normal,conformal,Log-Normal,misspecified,TRUE,2000,0.3,3,0.3,1.2,1,0.2,0.1,1500,1.2482034418477048,0.4185714285714286,0.195,0.8816666666666667,1.0596915650610828,0.09013792795041947
0.7,22,27260343,cp_weibull,CP + Weibull,conformal,Weibull,correct,TRUE,2000,0.3,3,0.3,1.2,1,0.2,0.1,1500,1.2482034418477048,0.4185714285714286,0.195,0.875,1.0515548896492495,0.08486857785107682
0.7,22,27260343,plugin_cox,Cox Plug-in,plug-in,Cox,correct,FALSE,2000,0.3,3,0.3,1.2,1,0.2,0.1,1500,1.2482034418477048,0.4185714285714286,0.195,0.8766666666666667,1.059736702606263,0.07834085974775197
0.7,22,27260343,plugin_lognormal,Log-Normal Plug-in,plug-in,Log-Normal,misspecified,FALSE,2000,0.3,3,0.3,1.2,1,0.2,0.1,1500,1.2482034418477048,0.4185714285714286,0.195,0.8816666666666667,1.0645757676591654,0.08780252124084881
0.7,22,27260343,plugin_weibull,Weibull Plug-in,plug-in,Weibull,correct,FALSE,2000,0.3,3,0.3,1.2,1,0.2,0.1,1500,1.2482034418477048,0.4185714285714286,0.195,0.8816666666666667,1.060682218047853,0.08092945207512137
0.7,23,27260344,cp_cox,CP + Cox,conformal,Cox,correct,TRUE,2000,0.3,3,0.3,1.2,1,0.2,0.1,1500,1.2663102840177531,0.41928571428571426,0.1957142857142857,0.9,1.1076832499196088,0.06834846120472018
0.7,23,27260344,cp_lognormal,CP + Log-Normal,conformal,Log-Normal,misspecified,TRUE,2000,0.3,3,0.3,1.2,1,0.2,0.1,1500,1.2663102840177531,0.41928571428571426,0.1957142857142857,0.8933333333333333,1.103093934199433,0.08282346419116393
0.7,23,27260344,cp_weibull,CP + Weibull,conformal,Weibull,correct,TRUE,2000,0.3,3,0.3,1.2,1,0.2,0.1,1500,1.2663102840177531,0.41928571428571426,0.1957142857142857,0.8883333333333333,1.094165851708354,0.07996434467371817
0.7,23,27260344,plugin_cox,Cox Plug-in,plug-in,Cox,correct,FALSE,2000,0.3,3,0.3,1.2,1,0.2,0.1,1500,1.2663102840177531,0.41928571428571426,0.1957142857142857,0.885,1.0901650993955967,0.07781548970339429
0.7,23,27260344,plugin_lognormal,Log-Normal Plug-in,plug-in,Log-Normal,misspecified,FALSE,2000,0.3,3,0.3,1.2,1,0.2,0.1,1500,1.2663102840177531,0.41928571428571426,0.1957142857142857,0.8866666666666667,1.0918843138366234,0.08851173985563711
0.7,23,27260344,plugin_weibull,Weibull Plug-in,plug-in,Weibull,correct,FALSE,2000,0.3,3,0.3,1.2,1,0.2,0.1,1500,1.2663102840177531,0.41928571428571426,0.1957142857142857,0.8833333333333333,1.0876801808797545,0.08297706144080046
0.7,24,27260345,cp_cox,CP + Cox,conformal,Cox,correct,TRUE,2000,0.3,3,0.3,1.2,1,0.2,0.1,1500,1.1814927629048928,0.3964285714285714,0.2,0.915,1.0329701560265097,0.06594117647320491
0.7,24,27260345,cp_lognormal,CP + Log-Normal,conformal,Log-Normal,misspecified,TRUE,2000,0.3,3,0.3,1.2,1,0.2,0.1,1500,1.1814927629048928,0.3964285714285714,0.2,0.9083333333333333,1.0172227851595157,0.07678167858522317
0.7,24,27260345,cp_weibull,CP + Weibull,conformal,Weibull,correct,TRUE,2000,0.3,3,0.3,1.2,1,0.2,0.1,1500,1.1814927629048928,0.3964285714285714,0.2,0.9166666666666666,1.0357697254227085,0.061618414322596335
0.7,24,27260345,plugin_cox,Cox Plug-in,plug-in,Cox,correct,FALSE,2000,0.3,3,0.3,1.2,1,0.2,0.1,1500,1.1814927629048928,0.3964285714285714,0.2,0.9066666666666666,1.0163834998259456,0.07304761970238652
0.7,24,27260345,plugin_lognormal,Log-Normal Plug-in,plug-in,Log-Normal,misspecified,FALSE,2000,0.3,3,0.3,1.2,1,0.2,0.1,1500,1.1814927629048928,0.3964285714285714,0.2,0.915,1.026556702905746,0.07241889798362823
0.7,24,27260345,plugin_weibull,Weibull Plug-in,plug-in,Weibull,correct,FALSE,2000,0.3,3,0.3,1.2,1,0.2,0.1,1500,1.1814927629048928,0.3964285714285714,0.2,0.905,1.0150175300701358,0.07039339865885563
0.7,25,27260346,cp_cox,CP + Cox,conformal,Cox,correct,TRUE,2000,0.3,3,0.3,1.2,1,0.2,0.1,1500,1.2226306674456406,0.41214285714285714,0.19785714285714287,0.9,1.0467907184801875,0.0885971439800087
0.7,25,27260346,cp_lognormal,CP + Log-Normal,conformal,Log-Normal,misspecified,TRUE,2000,0.3,3,0.3,1.2,1,0.2,0.1,1500,1.2226306674456406,0.41214285714285714,0.19785714285714287,0.8816666666666667,1.0100447008067046,0.12632145549329787
0.7,25,27260346,cp_weibull,CP + Weibull,conformal,Weibull,correct,TRUE,2000,0.3,3,0.3,1.2,1,0.2,0.1,1500,1.2226306674456406,0.41214285714285714,0.19785714285714287,0.8966666666666666,1.0366397067568123,0.09868162728209572
0.7,25,27260346,plugin_cox,Cox Plug-in,plug-in,Cox,correct,FALSE,2000,0.3,3,0.3,1.2,1,0.2,0.1,1500,1.2226306674456406,0.41214285714285714,0.19785714285714287,0.9,1.045542041564599,0.0892799982194559
0.7,25,27260346,plugin_lognormal,Log-Normal Plug-in,plug-in,Log-Normal,misspecified,FALSE,2000,0.3,3,0.3,1.2,1,0.2,0.1,1500,1.2226306674456406,0.41214285714285714,0.19785714285714287,0.91,1.0516553391875414,0.1015958516005436
0.7,25,27260346,plugin_weibull,Weibull Plug-in,plug-in,Weibull,correct,FALSE,2000,0.3,3,0.3,1.2,1,0.2,0.1,1500,1.2226306674456406,0.41214285714285714,0.19785714285714287,0.9033333333333333,1.0480124611932715,0.0926475603021037
0.7,26,27260347,cp_cox,CP + Cox,conformal,Cox,correct,TRUE,2000,0.3,3,0.3,1.2,1,0.2,0.1,1500,1.1743147944619898,0.4135714285714286,0.19857142857142857,0.89,0.9948933980024504,0.07642731110822693
0.7,26,27260347,cp_lognormal,CP + Log-Normal,conformal,Log-Normal,misspecified,TRUE,2000,0.3,3,0.3,1.2,1,0.2,0.1,1500,1.1743147944619898,0.4135714285714286,0.19857142857142857,0.9166666666666666,1.0290691878205733,0.06928380220431482
0.7,26,27260347,cp_weibull,CP + Weibull,conformal,Weibull,correct,TRUE,2000,0.3,3,0.3,1.2,1,0.2,0.1,1500,1.1743147944619898,0.4135714285714286,0.19857142857142857,0.9216666666666666,1.039184941362033,0.0562997475174172
0.7,26,27260347,plugin_cox,Cox Plug-in,plug-in,Cox,correct,FALSE,2000,0.3,3,0.3,1.2,1,0.2,0.1,1500,1.1743147944619898,0.4135714285714286,0.19857142857142857,0.8966666666666666,1.00958957132673,0.07084566385036596
0.7,26,27260347,plugin_lognormal,Log-Normal Plug-in,plug-in,Log-Normal,misspecified,FALSE,2000,0.3,3,0.3,1.2,1,0.2,0.1,1500,1.1743147944619898,0.4135714285714286,0.19857142857142857,0.9083333333333333,1.0184444010154652,0.07435194605038305
0.7,26,27260347,plugin_weibull,Weibull Plug-in,plug-in,Weibull,correct,FALSE,2000,0.3,3,0.3,1.2,1,0.2,0.1,1500,1.1743147944619898,0.4135714285714286,0.19857142857142857,0.8983333333333333,1.0115120466154521,0.06782922787699489
0.7,27,27260348,cp_cox,CP + Cox,conformal,Cox,correct,TRUE,2000,0.3,3,0.3,1.2,1,0.2,0.1,1500,1.2734576197977907,0.38857142857142857,0.1957142857142857,0.9516666666666667,1.1353018056615976,0.06612565678613935
0.7,27,27260348,cp_lognormal,CP + Log-Normal,conformal,Log-Normal,misspecified,TRUE,2000,0.3,3,0.3,1.2,1,0.2,0.1,1500,1.2734576197977907,0.38857142857142857,0.1957142857142857,0.95,1.1233794787882205,0.07890292143509972
0.7,27,27260348,cp_weibull,CP + Weibull,conformal,Weibull,correct,TRUE,2000,0.3,3,0.3,1.2,1,0.2,0.1,1500,1.2734576197977907,0.38857142857142857,0.1957142857142857,0.95,1.1294043983840647,0.06760994907343074
0.7,27,27260348,plugin_cox,Cox Plug-in,plug-in,Cox,correct,FALSE,2000,0.3,3,0.3,1.2,1,0.2,0.1,1500,1.2734576197977907,0.38857142857142857,0.1957142857142857,0.9416666666666667,1.1154867916967868,0.07596002042436087
0.7,27,27260348,plugin_lognormal,Log-Normal Plug-in,plug-in,Log-Normal,misspecified,FALSE,2000,0.3,3,0.3,1.2,1,0.2,0.1,1500,1.2734576197977907,0.38857142857142857,0.1957142857142857,0.945,1.1181676567566916,0.08164301390640251
0.7,27,27260348,plugin_weibull,Weibull Plug-in,plug-in,Weibull,correct,FALSE,2000,0.3,3,0.3,1.2,1,0.2,0.1,1500,1.2734576197977907,0.38857142857142857,0.1957142857142857,0.94,1.1123331794790643,0.07562215615537866
0.7,28,27260349,cp_cox,CP + Cox,conformal,Cox,correct,TRUE,2000,0.3,3,0.3,1.2,1,0.2,0.1,1500,1.2030452219014176,0.39285714285714285,0.20642857142857143,0.8783333333333333,1.0218851505491786,0.0860100178742922
0.7,28,27260349,cp_lognormal,CP + Log-Normal,conformal,Log-Normal,misspecified,TRUE,2000,0.3,3,0.3,1.2,1,0.2,0.1,1500,1.2030452219014176,0.39285714285714285,0.20642857142857143,0.8766666666666667,1.0102005395926703,0.10248959241979815
0.7,28,27260349,cp_weibull,CP + Weibull,conformal,Weibull,correct,TRUE,2000,0.3,3,0.3,1.2,1,0.2,0.1,1500,1.2030452219014176,0.39285714285714285,0.20642857142857143,0.8716666666666667,1.011675596573842,0.08982196157739354
0.7,28,27260349,plugin_cox,Cox Plug-in,plug-in,Cox,correct,FALSE,2000,0.3,3,0.3,1.2,1,0.2,0.1,1500,1.2030452219014176,0.39285714285714285,0.20642857142857143,0.8783333333333333,1.023955774167446,0.08512522447997811
0.7,28,27260349,plugin_lognormal,Log-Normal Plug-in,plug-in,Log-Normal,misspecified,FALSE,2000,0.3,3,0.3,1.2,1,0.2,0.1,1500,1.2030452219014176,0.39285714285714285,0.20642857142857143,0.895,1.0376839014216435,0.08788323398432088
0.7,28,27260349,plugin_weibull,Weibull Plug-in,plug-in,Weibull,correct,FALSE,2000,0.3,3,0.3,1.2,1,0.2,0.1,1500,1.2030452219014176,0.39285714285714285,0.20642857142857143,0.8783333333333333,1.0283205156614585,0.08200944023192126
0.7,29,27260350,cp_cox,CP + Cox,conformal,Cox,correct,TRUE,2000,0.3,3,0.3,1.2,1,0.2,0.1,1500,1.2622090888718196,0.40214285714285714,0.19642857142857142,0.905,1.0729671867484634,0.09166277114303312
0.7,29,27260350,cp_lognormal,CP + Log-Normal,conformal,Log-Normal,misspecified,TRUE,2000,0.3,3,0.3,1.2,1,0.2,0.1,1500,1.2622090888718196,0.40214285714285714,0.19642857142857142,0.9083333333333333,1.0760967581306986,0.09099042816542263
0.7,29,27260350,cp_weibull,CP + Weibull,conformal,Weibull,correct,TRUE,2000,0.3,3,0.3,1.2,1,0.2,0.1,1500,1.2622090888718196,0.40214285714285714,0.19642857142857142,0.91,1.0801845461237154,0.0836869042671026
0.7,29,27260350,plugin_cox,Cox Plug-in,plug-in,Cox,correct,FALSE,2000,0.3,3,0.3,1.2,1,0.2,0.1,1500,1.2622090888718196,0.40214285714285714,0.19642857142857142,0.91,1.08605759872687,0.0852962294188158
0.7,29,27260350,plugin_lognormal,Log-Normal Plug-in,plug-in,Log-Normal,misspecified,FALSE,2000,0.3,3,0.3,1.2,1,0.2,0.1,1500,1.2622090888718196,0.40214285714285714,0.19642857142857142,0.92,1.097638762854084,0.08045852936260303
0.7,29,27260350,plugin_weibull,Weibull Plug-in,plug-in,Weibull,correct,FALSE,2000,0.3,3,0.3,1.2,1,0.2,0.1,1500,1.2622090888718196,0.40214285714285714,0.19642857142857142,0.9116666666666666,1.0836197463609019,0.08210754980727247
0.7,30,27260351,cp_cox,CP + Cox,conformal,Cox,correct,TRUE,2000,0.3,3,0.3,1.2,1,0.2,0.1,1500,1.1983779325700787,0.4157142857142857,0.205,0.8816666666666667,1.0103748764408678,0.085505074635068
0.7,30,27260351,cp_lognormal,CP + Log-Normal,conformal,Log-Normal,misspecified,TRUE,2000,0.3,3,0.3,1.2,1,0.2,0.1,1500,1.1983779325700787,0.4157142857142857,0.205,0.875,0.996074710426893,0.1021175754937612
0.7,30,27260351,cp_weibull,CP + Weibull,conformal,Weibull,correct,TRUE,2000,0.3,3,0.3,1.2,1,0.2,0.1,1500,1.1983779325700787,0.4157142857142857,0.205,0.8883333333333333,1.0131972003317933,0.08931261058622025
0.7,30,27260351,plugin_cox,Cox Plug-in,plug-in,Cox,correct,FALSE,2000,0.3,3,0.3,1.2,1,0.2,0.1,1500,1.1983779325700787,0.4157142857142857,0.205,0.8966666666666666,1.0299415576323527,0.07681805697743507
0.7,30,27260351,plugin_lognormal,Log-Normal Plug-in,plug-in,Log-Normal,misspecified,FALSE,2000,0.3,3,0.3,1.2,1,0.2,0.1,1500,1.1983779325700787,0.4157142857142857,0.205,0.9116666666666666,1.042629791492126,0.0786177421498697
0.7,30,27260351,plugin_weibull,Weibull Plug-in,plug-in,Weibull,correct,FALSE,2000,0.3,3,0.3,1.2,1,0.2,0.1,1500,1.1983779325700787,0.4157142857142857,0.205,0.9016666666666666,1.0330179595735853,0.07975306445910217
0.8,1,28260322,cp_cox,CP + Cox,conformal,Cox,correct,TRUE,2000,0.3,3,0.3,1.2,1,0.2,0.1,1500,1.5165597113887601,0.32571428571428573,0.12142857142857143,0.895,1.3656809569006316,0.06611430553251556
0.8,1,28260322,cp_lognormal,CP + Log-Normal,conformal,Log-Normal,misspecified,TRUE,2000,0.3,3,0.3,1.2,1,0.2,0.1,1500,1.5165597113887601,0.32571428571428573,0.12142857142857143,0.9016666666666666,1.3775408811932475,0.07241820883332693
0.8,1,28260322,cp_weibull,CP + Weibull,conformal,Weibull,correct,TRUE,2000,0.3,3,0.3,1.2,1,0.2,0.1,1500,1.5165597113887601,0.32571428571428573,0.12142857142857143,0.9,1.365584097751207,0.07370873981030987
0.8,1,28260322,plugin_cox,Cox Plug-in,plug-in,Cox,correct,FALSE,2000,0.3,3,0.3,1.2,1,0.2,0.1,1500,1.5165597113887601,0.32571428571428573,0.12142857142857143,0.8933333333333333,1.3596792048592397,0.06920219982511101
0.8,1,28260322,plugin_lognormal,Log-Normal Plug-in,plug-in,Log-Normal,misspecified,FALSE,2000,0.3,3,0.3,1.2,1,0.2,0.1,1500,1.5165597113887601,0.32571428571428573,0.12142857142857143,0.9,1.3626909887708667,0.0801538703195011
0.8,1,28260322,plugin_weibull,Weibull Plug-in,plug-in,Weibull,correct,FALSE,2000,0.3,3,0.3,1.2,1,0.2,0.1,1500,1.5165597113887601,0.32571428571428573,0.12142857142857143,0.8966666666666666,1.3621967883917068,0.07536247910118526
0.8,2,28260323,cp_cox,CP + Cox,conformal,Cox,correct,TRUE,2000,0.3,3,0.3,1.2,1,0.2,0.1,1500,1.6020350437431001,0.31857142857142856,0.12642857142857142,0.8883333333333333,1.4181428192818097,0.09884163116764134
0.8,2,28260323,cp_lognormal,CP + Log-Normal,conformal,Log-Normal,misspecified,TRUE,2000,0.3,3,0.3,1.2,1,0.2,0.1,1500,1.6020350437431001,0.31857142857142856,0.12642857142857142,0.8933333333333333,1.4237893795352254,0.09830269124796903
0.8,2,28260323,cp_weibull,CP + Weibull,conformal,Weibull,correct,TRUE,2000,0.3,3,0.3,1.2,1,0.2,0.1,1500,1.6020350437431001,0.31857142857142856,0.12642857142857142,0.8883333333333333,1.4176436396742418,0.09333422169963454
0.8,2,28260323,plugin_cox,Cox Plug-in,plug-in,Cox,correct,FALSE,2000,0.3,3,0.3,1.2,1,0.2,0.1,1500,1.6020350437431001,0.31857142857142856,0.12642857142857142,0.9033333333333333,1.4369793448050456,0.08948179831631853
0.8,2,28260323,plugin_lognormal,Log-Normal Plug-in,plug-in,Log-Normal,misspecified,FALSE,2000,0.3,3,0.3,1.2,1,0.2,0.1,1500,1.6020350437431001,0.31857142857142856,0.12642857142857142,0.9033333333333333,1.4388238467355396,0.09001116509030274
0.8,2,28260323,plugin_weibull,Weibull Plug-in,plug-in,Weibull,correct,FALSE,2000,0.3,3,0.3,1.2,1,0.2,0.1,1500,1.6020350437431001,0.31857142857142856,0.12642857142857142,0.8983333333333333,1.4329278096645996,0.08559776501620785
0.8,3,28260324,cp_cox,CP + Cox,conformal,Cox,correct,TRUE,2000,0.3,3,0.3,1.2,1,0.2,0.1,1500,1.595337796307382,0.345,0.125,0.8816666666666667,1.4144193670782883,0.0886459556939834
0.8,3,28260324,cp_lognormal,CP + Log-Normal,conformal,Log-Normal,misspecified,TRUE,2000,0.3,3,0.3,1.2,1,0.2,0.1,1500,1.595337796307382,0.345,0.125,0.88,1.414454785541876,0.09816229280689552
0.8,3,28260324,cp_weibull,CP + Weibull,conformal,Weibull,correct,TRUE,2000,0.3,3,0.3,1.2,1,0.2,0.1,1500,1.595337796307382,0.345,0.125,0.865,1.3979111700315265,0.0946686528886513
0.8,3,28260324,plugin_cox,Cox Plug-in,plug-in,Cox,correct,FALSE,2000,0.3,3,0.3,1.2,1,0.2,0.1,1500,1.595337796307382,0.345,0.125,0.8816666666666667,1.4141727485205244,0.08874184300202737
0.8,3,28260324,plugin_lognormal,Log-Normal Plug-in,plug-in,Log-Normal,misspecified,FALSE,2000,0.3,3,0.3,1.2,1,0.2,0.1,1500,1.595337796307382,0.345,0.125,0.8833333333333333,1.4182707212365246,0.09609144604574797
0.8,3,28260324,plugin_weibull,Weibull Plug-in,plug-in,Weibull,correct,FALSE,2000,0.3,3,0.3,1.2,1,0.2,0.1,1500,1.595337796307382,0.345,0.125,0.8783333333333333,1.413674136840366,0.08711010386479108
0.8,4,28260325,cp_cox,CP + Cox,conformal,Cox,correct,TRUE,2000,0.3,3,0.3,1.2,1,0.2,0.1,1500,1.4985887945572773,0.32357142857142857,0.1457142857142857,0.89,1.3477177614471942,0.059899153948164856
0.8,4,28260325,cp_lognormal,CP + Log-Normal,conformal,Log-Normal,misspecified,TRUE,2000,0.3,3,0.3,1.2,1,0.2,0.1,1500,1.4985887945572773,0.32357142857142857,0.1457142857142857,0.875,1.326833065147088,0.07841007374862859
0.8,4,28260325,cp_weibull,CP + Weibull,conformal,Weibull,correct,TRUE,2000,0.3,3,0.3,1.2,1,0.2,0.1,1500,1.4985887945572773,0.32357142857142857,0.1457142857142857,0.8666666666666667,1.320606448919546,0.0719227459097158
0.8,4,28260325,plugin_cox,Cox Plug-in,plug-in,Cox,correct,FALSE,2000,0.3,3,0.3,1.2,1,0.2,0.1,1500,1.4985887945572773,0.32357142857142857,0.1457142857142857,0.875,1.3289347554529132,0.06704843175448844
0.8,4,28260325,plugin_lognormal,Log-Normal Plug-in,plug-in,Log-Normal,misspecified,FALSE,2000,0.3,3,0.3,1.2,1,0.2,0.1,1500,1.4985887945572773,0.32357142857142857,0.1457142857142857,0.8966666666666666,1.3449813909843253,0.07012498438247727
0.8,4,28260325,plugin_weibull,Weibull Plug-in,plug-in,Weibull,correct,FALSE,2000,0.3,3,0.3,1.2,1,0.2,0.1,1500,1.4985887945572773,0.32357142857142857,0.1457142857142857,0.8766666666666667,1.3339122030785593,0.06654588467054696
0.8,5,28260326,cp_cox,CP + Cox,conformal,Cox,correct,TRUE,2000,0.3,3,0.3,1.2,1,0.2,0.1,1500,1.606307354045263,0.3171428571428571,0.12142857142857143,0.905,1.4325061096816027,0.08734110502514704
0.8,5,28260326,cp_lognormal,CP + Log-Normal,conformal,Log-Normal,misspecified,TRUE,2000,0.3,3,0.3,1.2,1,0.2,0.1,1500,1.606307354045263,0.3171428571428571,0.12142857142857143,0.905,1.4336345923919926,0.09110274014843338
0.8,5,28260326,cp_weibull,CP + Weibull,conformal,Weibull,correct,TRUE,2000,0.3,3,0.3,1.2,1,0.2,0.1,1500,1.606307354045263,0.3171428571428571,0.12142857142857143,0.9083333333333333,1.4424752820505486,0.07808174778611794
0.8,5,28260326,plugin_cox,Cox Plug-in,plug-in,Cox,correct,FALSE,2000,0.3,3,0.3,1.2,1,0.2,0.1,1500,1.606307354045263,0.3171428571428571,0.12142857142857143,0.905,1.433713853280107,0.08675634586246234
0.8,5,28260326,plugin_lognormal,Log-Normal Plug-in,plug-in,Log-Normal,misspecified,FALSE,2000,0.3,3,0.3,1.2,1,0.2,0.1,1500,1.606307354045263,0.3171428571428571,0.12142857142857143,0.905,1.4344571374777935,0.09066876254539626
0.8,5,28260326,plugin_weibull,Weibull Plug-in,plug-in,Weibull,correct,FALSE,2000,0.3,3,0.3,1.2,1,0.2,0.1,1500,1.606307354045263,0.3171428571428571,0.12142857142857143,0.9033333333333333,1.4290136979221575,0.08449748802499225
0.8,6,28260327,cp_cox,CP + Cox,conformal,Cox,correct,TRUE,2000,0.3,3,0.3,1.2,1,0.2,0.1,1500,1.5377512533584103,0.32142857142857145,0.13285714285714287,0.9116666666666666,1.3847530166955209,0.06788328784223374
0.8,6,28260327,cp_lognormal,CP + Log-Normal,conformal,Log-Normal,misspecified,TRUE,2000,0.3,3,0.3,1.2,1,0.2,0.1,1500,1.5377512533584103,0.32142857142857145,0.13285714285714287,0.9133333333333333,1.3852714926238958,0.07467711781689189
0.8,6,28260327,cp_weibull,CP + Weibull,conformal,Weibull,correct,TRUE,2000,0.3,3,0.3,1.2,1,0.2,0.1,1500,1.5377512533584103,0.32142857142857145,0.13285714285714287,0.9066666666666666,1.3745336404354396,0.07466886994983038
0.8,6,28260327,plugin_cox,Cox Plug-in,plug-in,Cox,correct,FALSE,2000,0.3,3,0.3,1.2,1,0.2,0.1,1500,1.5377512533584103,0.32142857142857145,0.13285714285714287,0.9083333333333333,1.3789079456905087,0.07055190562175408
0.8,6,28260327,plugin_lognormal,Log-Normal Plug-in,plug-in,Log-Normal,misspecified,FALSE,2000,0.3,3,0.3,1.2,1,0.2,0.1,1500,1.5377512533584103,0.32142857142857145,0.13285714285714287,0.9166666666666666,1.3884368112468994,0.07312689980369855
0.8,6,28260327,plugin_weibull,Weibull Plug-in,plug-in,Weibull,correct,FALSE,2000,0.3,3,0.3,1.2,1,0.2,0.1,1500,1.5377512533584103,0.32142857142857145,0.13285714285714287,0.9083333333333333,1.3797979539802405,0.07226054932552746
0.8,7,28260328,cp_cox,CP + Cox,conformal,Cox,correct,TRUE,2000,0.3,3,0.3,1.2,1,0.2,0.1,1500,1.6211849949694448,0.3357142857142857,0.13071428571428573,0.8883333333333333,1.4448845642767072,0.08693866478930475
0.8,7,28260328,cp_lognormal,CP + Log-Normal,conformal,Log-Normal,misspecified,TRUE,2000,0.3,3,0.3,1.2,1,0.2,0.1,1500,1.6211849949694448,0.3357142857142857,0.13071428571428573,0.89,1.4407117839773629,0.09759871408110975
0.8,7,28260328,cp_weibull,CP + Weibull,conformal,Weibull,correct,TRUE,2000,0.3,3,0.3,1.2,1,0.2,0.1,1500,1.6211849949694448,0.3357142857142857,0.13071428571428573,0.8966666666666666,1.453153774201113,0.08710754473659245
0.8,7,28260328,plugin_cox,Cox Plug-in,plug-in,Cox,correct,FALSE,2000,0.3,3,0.3,1.2,1,0.2,0.1,1500,1.6211849949694448,0.3357142857142857,0.13071428571428573,0.8883333333333333,1.4486026306014719,0.08488734580475471
0.8,7,28260328,plugin_lognormal,Log-Normal Plug-in,plug-in,Log-Normal,misspecified,FALSE,2000,0.3,3,0.3,1.2,1,0.2,0.1,1500,1.6211849949694448,0.3357142857142857,0.13071428571428573,0.8966666666666666,1.4485915503814757,0.09333738873496356
0.8,7,28260328,plugin_weibull,Weibull Plug-in,plug-in,Weibull,correct,FALSE,2000,0.3,3,0.3,1.2,1,0.2,0.1,1500,1.6211849949694448,0.3357142857142857,0.13071428571428573,0.8916666666666667,1.4457614841592683,0.09093971492842622
0.8,8,28260329,cp_cox,CP + Cox,conformal,Cox,correct,TRUE,2000,0.3,3,0.3,1.2,1,0.2,0.1,1500,1.6122187708472737,0.3385714285714286,0.12714285714285714,0.8933333333333333,1.434916798954563,0.08629912390122761
0.8,8,28260329,cp_lognormal,CP + Log-Normal,conformal,Log-Normal,misspecified,TRUE,2000,0.3,3,0.3,1.2,1,0.2,0.1,1500,1.6122187708472737,0.3385714285714286,0.12714285714285714,0.905,1.4491101556162187,0.07643321462640502
0.8,8,28260329,cp_weibull,CP + Weibull,conformal,Weibull,correct,TRUE,2000,0.3,3,0.3,1.2,1,0.2,0.1,1500,1.6122187708472737,0.3385714285714286,0.12714285714285714,0.9083333333333333,1.4548574621638615,0.07393480946075427
0.8,8,28260329,plugin_cox,Cox Plug-in,plug-in,Cox,correct,FALSE,2000,0.3,3,0.3,1.2,1,0.2,0.1,1500,1.6122187708472737,0.3385714285714286,0.12714285714285714,0.895,1.4432299937235256,0.08215205554526533
0.8,8,28260329,plugin_lognormal,Log-Normal Plug-in,plug-in,Log-Normal,misspecified,FALSE,2000,0.3,3,0.3,1.2,1,0.2,0.1,1500,1.6122187708472737,0.3385714285714286,0.12714285714285714,0.9083333333333333,1.4554408047907028,0.07346665233665474
0.8,8,28260329,plugin_weibull,Weibull Plug-in,plug-in,Weibull,correct,FALSE,2000,0.3,3,0.3,1.2,1,0.2,0.1,1500,1.6122187708472737,0.3385714285714286,0.12714285714285714,0.895,1.4421818089434075,0.07989035223989015
0.8,9,28260330,cp_cox,CP + Cox,conformal,Cox,correct,TRUE,2000,0.3,3,0.3,1.2,1,0.2,0.1,1500,1.6345426307957436,0.3078571428571429,0.12,0.8916666666666667,1.439667428755979,0.09779704445249378
0.8,9,28260330,cp_lognormal,CP + Log-Normal,conformal,Log-Normal,misspecified,TRUE,2000,0.3,3,0.3,1.2,1,0.2,0.1,1500,1.6345426307957436,0.3078571428571429,0.12,0.9083333333333333,1.4594699252873253,0.09149155264347589
0.8,9,28260330,cp_weibull,CP + Weibull,conformal,Weibull,correct,TRUE,2000,0.3,3,0.3,1.2,1,0.2,0.1,1500,1.6345426307957436,0.3078571428571429,0.12,0.8916666666666667,1.4392436489956004,0.0981103079445476
0.8,9,28260330,plugin_cox,Cox Plug-in,plug-in,Cox,correct,FALSE,2000,0.3,3,0.3,1.2,1,0.2,0.1,1500,1.6345426307957436,0.3078571428571429,0.12,0.8966666666666666,1.4469348856571698,0.09404413248463968
0.8,9,28260330,plugin_lognormal,Log-Normal Plug-in,plug-in,Log-Normal,misspecified,FALSE,2000,0.3,3,0.3,1.2,1,0.2,0.1,1500,1.6345426307957436,0.3078571428571429,0.12,0.9116666666666666,1.4630469444987526,0.08962223189162795
0.8,9,28260330,plugin_weibull,Weibull Plug-in,plug-in,Weibull,correct,FALSE,2000,0.3,3,0.3,1.2,1,0.2,0.1,1500,1.6345426307957436,0.3078571428571429,0.12,0.8966666666666666,1.4479887441869144,0.09371712588944506
0.8,10,28260331,cp_cox,CP + Cox,conformal,Cox,correct,TRUE,2000,0.3,3,0.3,1.2,1,0.2,0.1,1500,1.5778483677622832,0.32785714285714285,0.12714285714285714,0.9183333333333333,1.392136362997519,0.09716177747727843
0.8,10,28260331,cp_lognormal,CP + Log-Normal,conformal,Log-Normal,misspecified,TRUE,2000,0.3,3,0.3,1.2,1,0.2,0.1,1500,1.5778483677622832,0.32785714285714285,0.12714285714285714,0.9283333333333333,1.4075743958829112,0.0915901613851823
0.8,10,28260331,cp_weibull,CP + Weibull,conformal,Weibull,correct,TRUE,2000,0.3,3,0.3,1.2,1,0.2,0.1,1500,1.5778483677622832,0.32785714285714285,0.12714285714285714,0.925,1.409353074312877,0.07880261935076696
0.8,10,28260331,plugin_cox,Cox Plug-in,plug-in,Cox,correct,FALSE,2000,0.3,3,0.3,1.2,1,0.2,0.1,1500,1.5778483677622832,0.32785714285714285,0.12714285714285714,0.9216666666666666,1.3977084014262713,0.09403258633575937
0.8,10,28260331,plugin_lognormal,Log-Normal Plug-in,plug-in,Log-Normal,misspecified,FALSE,2000,0.3,3,0.3,1.2,1,0.2,0.1,1500,1.5778483677622832,0.32785714285714285,0.12714285714285714,0.9283333333333333,1.4030826311117142,0.09400627616630496
0.8,10,28260331,plugin_weibull,Weibull Plug-in,plug-in,Weibull,correct,FALSE,2000,0.3,3,0.3,1.2,1,0.2,0.1,1500,1.5778483677622832,0.32785714285714285,0.12714285714285714,0.915,1.3933671183206071,0.08627900150499732
0.8,11,28260332,cp_cox,CP + Cox,conformal,Cox,correct,TRUE,2000,0.3,3,0.3,1.2,1,0.2,0.1,1500,1.6032933207063005,0.32857142857142857,0.13071428571428573,0.8883333333333333,1.441277761320067,0.07370922097980166
0.8,11,28260332,cp_lognormal,CP + Log-Normal,conformal,Log-Normal,misspecified,TRUE,2000,0.3,3,0.3,1.2,1,0.2,0.1,1500,1.6032933207063005,0.32857142857142857,0.13071428571428573,0.8833333333333333,1.4364909458026942,0.08795477739005397
0.8,11,28260332,cp_weibull,CP + Weibull,conformal,Weibull,correct,TRUE,2000,0.3,3,0.3,1.2,1,0.2,0.1,1500,1.6032933207063005,0.32857142857142857,0.13071428571428573,0.8933333333333333,1.4573966023367024,0.06496077071540958
0.8,11,28260332,plugin_cox,Cox Plug-in,plug-in,Cox,correct,FALSE,2000,0.3,3,0.3,1.2,1,0.2,0.1,1500,1.6032933207063005,0.32857142857142857,0.13071428571428573,0.8883333333333333,1.4422727341293984,0.07331201375938291
0.8,11,28260332,plugin_lognormal,Log-Normal Plug-in,plug-in,Log-Normal,misspecified,FALSE,2000,0.3,3,0.3,1.2,1,0.2,0.1,1500,1.6032933207063005,0.32857142857142857,0.13071428571428573,0.895,1.4569147735357275,0.07718530709474283
0.8,11,28260332,plugin_weibull,Weibull Plug-in,plug-in,Weibull,correct,FALSE,2000,0.3,3,0.3,1.2,1,0.2,0.1,1500,1.6032933207063005,0.32857142857142857,0.13071428571428573,0.885,1.4464710254191915,0.06982540307317121
0.8,12,28260333,cp_cox,CP + Cox,conformal,Cox,correct,TRUE,2000,0.3,3,0.3,1.2,1,0.2,0.1,1500,1.5451657645991812,0.345,0.11928571428571429,0.895,1.3776501218851367,0.06646645857958482
0.8,12,28260333,cp_lognormal,CP + Log-Normal,conformal,Log-Normal,misspecified,TRUE,2000,0.3,3,0.3,1.2,1,0.2,0.1,1500,1.5451657645991812,0.345,0.11928571428571429,0.8916666666666667,1.3688583774142202,0.08591414878819481
0.8,12,28260333,cp_weibull,CP + Weibull,conformal,Weibull,correct,TRUE,2000,0.3,3,0.3,1.2,1,0.2,0.1,1500,1.5451657645991812,0.345,0.11928571428571429,0.89,1.3686560564204673,0.07393611464257516
0.8,12,28260333,plugin_cox,Cox Plug-in,plug-in,Cox,correct,FALSE,2000,0.3,3,0.3,1.2,1,0.2,0.1,1500,1.5451657645991812,0.345,0.11928571428571429,0.9,1.382356408620695,0.06449565739807146
0.8,12,28260333,plugin_lognormal,Log-Normal Plug-in,plug-in,Log-Normal,misspecified,FALSE,2000,0.3,3,0.3,1.2,1,0.2,0.1,1500,1.5451657645991812,0.345,0.11928571428571429,0.905,1.3837292285366936,0.07866762023177684
0.8,12,28260333,plugin_weibull,Weibull Plug-in,plug-in,Weibull,correct,FALSE,2000,0.3,3,0.3,1.2,1,0.2,0.1,1500,1.5451657645991812,0.345,0.11928571428571429,0.8983333333333333,1.3809191140625945,0.06879938394910633
0.8,13,28260334,cp_cox,CP + Cox,conformal,Cox,correct,TRUE,2000,0.3,3,0.3,1.2,1,0.2,0.1,1500,1.5797915242775002,0.3142857142857143,0.11857142857142858,0.9133333333333333,1.4214849154985405,0.07151726641304842
0.8,13,28260334,cp_lognormal,CP + Log-Normal,conformal,Log-Normal,misspecified,TRUE,2000,0.3,3,0.3,1.2,1,0.2,0.1,1500,1.5797915242775002,0.3142857142857143,0.11857142857142858,0.915,1.4176325236143923,0.0795659224474736
0.8,13,28260334,cp_weibull,CP + Weibull,conformal,Weibull,correct,TRUE,2000,0.3,3,0.3,1.2,1,0.2,0.1,1500,1.5797915242775002,0.3142857142857143,0.11857142857142858,0.9083333333333333,1.4136793631898419,0.07211852701501495
0.8,13,28260334,plugin_cox,Cox Plug-in,plug-in,Cox,correct,FALSE,2000,0.3,3,0.3,1.2,1,0.2,0.1,1500,1.5797915242775002,0.3142857142857143,0.11857142857142858,0.905,1.4089503610340819,0.07662956586309258
0.8,13,28260334,plugin_lognormal,Log-Normal Plug-in,plug-in,Log-Normal,misspecified,FALSE,2000,0.3,3,0.3,1.2,1,0.2,0.1,1500,1.5797915242775002,0.3142857142857143,0.11857142857142858,0.9083333333333333,1.4118120919470651,0.08242181088264906
0.8,13,28260334,plugin_weibull,Weibull Plug-in,plug-in,Weibull,correct,FALSE,2000,0.3,3,0.3,1.2,1,0.2,0.1,1500,1.5797915242775002,0.3142857142857143,0.11857142857142858,0.9033333333333333,1.4080094181226934,0.07458016548760714
0.8,14,28260335,cp_cox,CP + Cox,conformal,Cox,correct,TRUE,2000,0.3,3,0.3,1.2,1,0.2,0.1,1500,1.5783702598488367,0.31642857142857145,0.13142857142857142,0.9216666666666666,1.425655062193082,0.06845797417262656
0.8,14,28260335,cp_lognormal,CP + Log-Normal,conformal,Log-Normal,misspecified,TRUE,2000,0.3,3,0.3,1.2,1,0.2,0.1,1500,1.5783702598488367,0.31642857142857145,0.13142857142857142,0.915,1.420250446694629,0.07455533420790915
0.8,14,28260335,cp_weibull,CP + Weibull,conformal,Weibull,correct,TRUE,2000,0.3,3,0.3,1.2,1,0.2,0.1,1500,1.5783702598488367,0.31642857142857145,0.13142857142857142,0.925,1.4357126837581546,0.06238506547799579
0.8,14,28260335,plugin_cox,Cox Plug-in,plug-in,Cox,correct,FALSE,2000,0.3,3,0.3,1.2,1,0.2,0.1,1500,1.5783702598488367,0.31642857142857145,0.13142857142857142,0.9183333333333333,1.421048961014311,0.07013133579820711
0.8,14,28260335,plugin_lognormal,Log-Normal Plug-in,plug-in,Log-Normal,misspecified,FALSE,2000,0.3,3,0.3,1.2,1,0.2,0.1,1500,1.5783702598488367,0.31642857142857145,0.13142857142857142,0.9316666666666666,1.4365625607021908,0.06686398239556399
0.8,14,28260335,plugin_weibull,Weibull Plug-in,plug-in,Weibull,correct,FALSE,2000,0.3,3,0.3,1.2,1,0.2,0.1,1500,1.5783702598488367,0.31642857142857145,0.13142857142857142,0.92,1.4281830449760176,0.06567782441391568
0.8,15,28260336,cp_cox,CP + Cox,conformal,Cox,correct,TRUE,2000,0.3,3,0.3,1.2,1,0.2,0.1,1500,1.6155605961421837,0.335,0.12357142857142857,0.9016666666666666,1.4609721817795644,0.06654125394256435
0.8,15,28260336,cp_lognormal,CP + Log-Normal,conformal,Log-Normal,misspecified,TRUE,2000,0.3,3,0.3,1.2,1,0.2,0.1,1500,1.6155605961421837,0.335,0.12357142857142857,0.885,1.4353600353185763,0.09616755951069994
0.8,15,28260336,cp_weibull,CP + Weibull,conformal,Weibull,correct,TRUE,2000,0.3,3,0.3,1.2,1,0.2,0.1,1500,1.6155605961421837,0.335,0.12357142857142857,0.8966666666666666,1.4536900184580026,0.07046061868200251
0.8,15,28260336,plugin_cox,Cox Plug-in,plug-in,Cox,correct,FALSE,2000,0.3,3,0.3,1.2,1,0.2,0.1,1500,1.6155605961421837,0.335,0.12357142857142857,0.9,1.4570371590655162,0.06792473188564527
0.8,15,28260336,plugin_lognormal,Log-Normal Plug-in,plug-in,Log-Normal,misspecified,FALSE,2000,0.3,3,0.3,1.2,1,0.2,0.1,1500,1.6155605961421837,0.335,0.12357142857142857,0.915,1.4660199234327453,0.07980530957465824
0.8,15,28260336,plugin_weibull,Weibull Plug-in,plug-in,Weibull,correct,FALSE,2000,0.3,3,0.3,1.2,1,0.2,0.1,1500,1.6155605961421837,0.335,0.12357142857142857,0.9066666666666666,1.4619349972553488,0.0668716631386766
0.8,16,28260337,cp_cox,CP + Cox,conformal,Cox,correct,TRUE,2000,0.3,3,0.3,1.2,1,0.2,0.1,1500,1.6299758269810911,0.3357142857142857,0.12071428571428572,0.915,1.4763222017171653,0.07170888497851259
0.8,16,28260337,cp_lognormal,CP + Log-Normal,conformal,Log-Normal,misspecified,TRUE,2000,0.3,3,0.3,1.2,1,0.2,0.1,1500,1.6299758269810911,0.3357142857142857,0.12071428571428572,0.9116666666666666,1.475278775063346,0.07260690399313886
0.8,16,28260337,cp_weibull,CP + Weibull,conformal,Weibull,correct,TRUE,2000,0.3,3,0.3,1.2,1,0.2,0.1,1500,1.6299758269810911,0.3357142857142857,0.12071428571428572,0.9133333333333333,1.4763191457364748,0.06919212644297043
0.8,16,28260337,plugin_cox,Cox Plug-in,plug-in,Cox,correct,FALSE,2000,0.3,3,0.3,1.2,1,0.2,0.1,1500,1.6299758269810911,0.3357142857142857,0.12071428571428572,0.9083333333333333,1.4620686705627755,0.0779474009012909
0.8,16,28260337,plugin_lognormal,Log-Normal Plug-in,plug-in,Log-Normal,misspecified,FALSE,2000,0.3,3,0.3,1.2,1,0.2,0.1,1500,1.6299758269810911,0.3357142857142857,0.12071428571428572,0.9083333333333333,1.4656448085337621,0.07712859638620743
0.8,16,28260337,plugin_weibull,Weibull Plug-in,plug-in,Weibull,correct,FALSE,2000,0.3,3,0.3,1.2,1,0.2,0.1,1500,1.6299758269810911,0.3357142857142857,0.12071428571428572,0.905,1.458213274188221,0.07734526201364299
0.8,17,28260338,cp_cox,CP + Cox,conformal,Cox,correct,TRUE,2000,0.3,3,0.3,1.2,1,0.2,0.1,1500,1.5577554409055825,0.3435714285714286,0.13642857142857143,0.8866666666666667,1.3841946099268378,0.07627815721037327
0.8,17,28260338,cp_lognormal,CP + Log-Normal,conformal,Log-Normal,misspecified,TRUE,2000,0.3,3,0.3,1.2,1,0.2,0.1,1500,1.5577554409055825,0.3435714285714286,0.13642857142857143,0.875,1.355583296109448,0.10592744836334841
0.8,17,28260338,cp_weibull,CP + Weibull,conformal,Weibull,correct,TRUE,2000,0.3,3,0.3,1.2,1,0.2,0.1,1500,1.5577554409055825,0.3435714285714286,0.13642857142857143,0.8616666666666667,1.3492676866928803,0.09280372741819604
0.8,17,28260338,plugin_cox,Cox Plug-in,plug-in,Cox,correct,FALSE,2000,0.3,3,0.3,1.2,1,0.2,0.1,1500,1.5577554409055825,0.3435714285714286,0.13642857142857143,0.8816666666666667,1.3713720569585561,0.08163618620090198
0.8,17,28260338,plugin_lognormal,Log-Normal Plug-in,plug-in,Log-Normal,misspecified,FALSE,2000,0.3,3,0.3,1.2,1,0.2,0.1,1500,1.5577554409055825,0.3435714285714286,0.13642857142857143,0.8833333333333333,1.3815132662260607,0.0923415234904617
0.8,17,28260338,plugin_weibull,Weibull Plug-in,plug-in,Weibull,correct,FALSE,2000,0.3,3,0.3,1.2,1,0.2,0.1,1500,1.5577554409055825,0.3435714285714286,0.13642857142857143,0.8833333333333333,1.3764471448188935,0.08070539083806555
0.8,18,28260339,cp_cox,CP + Cox,conformal,Cox,correct,TRUE,2000,0.3,3,0.3,1.2,1,0.2,0.1,1500,1.6027534229892948,0.3357142857142857,0.12071428571428572,0.935,1.454016375298924,0.0737473820137593
0.8,18,28260339,cp_lognormal,CP + Log-Normal,conformal,Log-Normal,misspecified,TRUE,2000,0.3,3,0.3,1.2,1,0.2,0.1,1500,1.6027534229892948,0.3357142857142857,0.12071428571428572,0.93,1.4455102343121347,0.08059932012449597
0.8,18,28260339,cp_weibull,CP + Weibull,conformal,Weibull,correct,TRUE,2000,0.3,3,0.3,1.2,1,0.2,0.1,1500,1.6027534229892948,0.3357142857142857,0.12071428571428572,0.9266666666666666,1.44175568924589,0.07597892533884608
0.8,18,28260339,plugin_cox,Cox Plug-in,plug-in,Cox,correct,FALSE,2000,0.3,3,0.3,1.2,1,0.2,0.1,1500,1.6027534229892948,0.3357142857142857,0.12071428571428572,0.9266666666666666,1.4420509240129555,0.07940675144875016
0.8,18,28260339,plugin_lognormal,Log-Normal Plug-in,plug-in,Log-Normal,misspecified,FALSE,2000,0.3,3,0.3,1.2,1,0.2,0.1,1500,1.6027534229892948,0.3357142857142857,0.12071428571428572,0.93,1.4469959972025268,0.07983775150051134
0.8,18,28260339,plugin_weibull,Weibull Plug-in,plug-in,Weibull,correct,FALSE,2000,0.3,3,0.3,1.2,1,0.2,0.1,1500,1.6027534229892948,0.3357142857142857,0.12071428571428572,0.925,1.4409090402768916,0.07637848052082323
0.8,19,28260340,cp_cox,CP + Cox,conformal,Cox,correct,TRUE,2000,0.3,3,0.3,1.2,1,0.2,0.1,1500,1.5755424549640065,0.3221428571428571,0.12571428571428572,0.905,1.4155192004199082,0.07119242675329387
0.8,19,28260340,cp_lognormal,CP + Log-Normal,conformal,Log-Normal,misspecified,TRUE,2000,0.3,3,0.3,1.2,1,0.2,0.1,1500,1.5755424549640065,0.3221428571428571,0.12571428571428572,0.8966666666666666,1.401479168159532,0.0836060816040548
0.8,19,28260340,cp_weibull,CP + Weibull,conformal,Weibull,correct,TRUE,2000,0.3,3,0.3,1.2,1,0.2,0.1,1500,1.5755424549640065,0.3221428571428571,0.12571428571428572,0.9083333333333333,1.4220784941431566,0.07054791906694576
0.8,19,28260340,plugin_cox,Cox Plug-in,plug-in,Cox,correct,FALSE,2000,0.3,3,0.3,1.2,1,0.2,0.1,1500,1.5755424549640065,0.3221428571428571,0.12571428571428572,0.8966666666666666,1.409524371201349,0.07394054749790659
0.8,19,28260340,plugin_lognormal,Log-Normal Plug-in,plug-in,Log-Normal,misspecified,FALSE,2000,0.3,3,0.3,1.2,1,0.2,0.1,1500,1.5755424549640065,0.3221428571428571,0.12571428571428572,0.9033333333333333,1.4143378392193346,0.07742980444830294
0.8,19,28260340,plugin_weibull,Weibull Plug-in,plug-in,Weibull,correct,FALSE,2000,0.3,3,0.3,1.2,1,0.2,0.1,1500,1.5755424549640065,0.3221428571428571,0.12571428571428572,0.9,1.409806122881527,0.0761895710215414
0.8,20,28260341,cp_cox,CP + Cox,conformal,Cox,correct,TRUE,2000,0.3,3,0.3,1.2,1,0.2,0.1,1500,1.5951747970946153,0.32285714285714284,0.12928571428571428,0.935,1.4529815996314663,0.06898077616952968
0.8,20,28260341,cp_lognormal,CP + Log-Normal,conformal,Log-Normal,misspecified,TRUE,2000,0.3,3,0.3,1.2,1,0.2,0.1,1500,1.5951747970946153,0.32285714285714284,0.12928571428571428,0.8966666666666666,1.415792193896439,0.08561632077746222
0.8,20,28260341,cp_weibull,CP + Weibull,conformal,Weibull,correct,TRUE,2000,0.3,3,0.3,1.2,1,0.2,0.1,1500,1.5951747970946153,0.32285714285714284,0.12928571428571428,0.905,1.4306700764319777,0.07467955912769593
0.8,20,28260341,plugin_cox,Cox Plug-in,plug-in,Cox,correct,FALSE,2000,0.3,3,0.3,1.2,1,0.2,0.1,1500,1.5951747970946153,0.32285714285714284,0.12928571428571428,0.9016666666666666,1.421745324101567,0.08453999506431911
0.8,20,28260341,plugin_lognormal,Log-Normal Plug-in,plug-in,Log-Normal,misspecified,FALSE,2000,0.3,3,0.3,1.2,1,0.2,0.1,1500,1.5951747970946153,0.32285714285714284,0.12928571428571428,0.9016666666666666,1.4235915471992457,0.08189381969695245
0.8,20,28260341,plugin_weibull,Weibull Plug-in,plug-in,Weibull,correct,FALSE,2000,0.3,3,0.3,1.2,1,0.2,0.1,1500,1.5951747970946153,0.32285714285714284,0.12928571428571428,0.8966666666666666,1.416712904017699,0.08101564163261775
0.8,21,28260342,cp_cox,CP + Cox,conformal,Cox,correct,TRUE,2000,0.3,3,0.3,1.2,1,0.2,0.1,1500,1.6092316857543016,0.32071428571428573,0.12428571428571429,0.8733333333333333,1.4351968968936168,0.09509871700826482
0.8,21,28260342,cp_lognormal,CP + Log-Normal,conformal,Log-Normal,misspecified,TRUE,2000,0.3,3,0.3,1.2,1,0.2,0.1,1500,1.6092316857543016,0.32071428571428573,0.12428571428571429,0.895,1.4535748749461617,0.09387607940156131
0.8,21,28260342,cp_weibull,CP + Weibull,conformal,Weibull,correct,TRUE,2000,0.3,3,0.3,1.2,1,0.2,0.1,1500,1.6092316857543016,0.32071428571428573,0.12428571428571429,0.8783333333333333,1.4428245899950876,0.08903188517536421
0.8,21,28260342,plugin_cox,Cox Plug-in,plug-in,Cox,correct,FALSE,2000,0.3,3,0.3,1.2,1,0.2,0.1,1500,1.6092316857543016,0.32071428571428573,0.12428571428571429,0.8783333333333333,1.4440610842284907,0.08999417673969468
0.8,21,28260342,plugin_lognormal,Log-Normal Plug-in,plug-in,Log-Normal,misspecified,FALSE,2000,0.3,3,0.3,1.2,1,0.2,0.1,1500,1.6092316857543016,0.32071428571428573,0.12428571428571429,0.89,1.4455432857800843,0.09871990279972123
0.8,21,28260342,plugin_weibull,Weibull Plug-in,plug-in,Weibull,correct,FALSE,2000,0.3,3,0.3,1.2,1,0.2,0.1,1500,1.6092316857543016,0.32071428571428573,0.12428571428571429,0.8783333333333333,1.4442807479734796,0.08825280487630656
0.8,22,28260343,cp_cox,CP + Cox,conformal,Cox,correct,TRUE,2000,0.3,3,0.3,1.2,1,0.2,0.1,1500,1.7007647891678952,0.3335714285714286,0.12928571428571428,0.9283333333333333,1.517489192109135,0.09859054326562701
0.8,22,28260343,cp_lognormal,CP + Log-Normal,conformal,Log-Normal,misspecified,TRUE,2000,0.3,3,0.3,1.2,1,0.2,0.1,1500,1.7007647891678952,0.3335714285714286,0.12928571428571428,0.9366666666666666,1.5392053709018785,0.09393776326931307
0.8,22,28260343,cp_weibull,CP + Weibull,conformal,Weibull,correct,TRUE,2000,0.3,3,0.3,1.2,1,0.2,0.1,1500,1.7007647891678952,0.3335714285714286,0.12928571428571428,0.9333333333333333,1.5386903328185657,0.07923531085108668
0.8,22,28260343,plugin_cox,Cox Plug-in,plug-in,Cox,correct,FALSE,2000,0.3,3,0.3,1.2,1,0.2,0.1,1500,1.7007647891678952,0.3335714285714286,0.12928571428571428,0.9333333333333333,1.5295135492245142,0.09178591808212601
0.8,22,28260343,plugin_lognormal,Log-Normal Plug-in,plug-in,Log-Normal,misspecified,FALSE,2000,0.3,3,0.3,1.2,1,0.2,0.1,1500,1.7007647891678952,0.3335714285714286,0.12928571428571428,0.935,1.5260105089747578,0.10160983729250761
0.8,22,28260343,plugin_weibull,Weibull Plug-in,plug-in,Weibull,correct,FALSE,2000,0.3,3,0.3,1.2,1,0.2,0.1,1500,1.7007647891678952,0.3335714285714286,0.12928571428571428,0.9283333333333333,1.5241032047091618,0.08636669759892822
0.8,23,28260344,cp_cox,CP + Cox,conformal,Cox,correct,TRUE,2000,0.3,3,0.3,1.2,1,0.2,0.1,1500,1.6336858620467798,0.33285714285714285,0.11142857142857143,0.9116666666666666,1.4709377460593354,0.06352964778983133
0.8,23,28260344,cp_lognormal,CP + Log-Normal,conformal,Log-Normal,misspecified,TRUE,2000,0.3,3,0.3,1.2,1,0.2,0.1,1500,1.6336858620467798,0.33285714285714285,0.11142857142857143,0.905,1.455987106742471,0.07595365556823651
0.8,23,28260344,cp_weibull,CP + Weibull,conformal,Weibull,correct,TRUE,2000,0.3,3,0.3,1.2,1,0.2,0.1,1500,1.6336858620467798,0.33285714285714285,0.11142857142857143,0.9116666666666666,1.465947134913841,0.06189216150709
0.8,23,28260344,plugin_cox,Cox Plug-in,plug-in,Cox,correct,FALSE,2000,0.3,3,0.3,1.2,1,0.2,0.1,1500,1.6336858620467798,0.33285714285714285,0.11142857142857143,0.9083333333333333,1.4662935247005824,0.06534554954743814
0.8,23,28260344,plugin_lognormal,Log-Normal Plug-in,plug-in,Log-Normal,misspecified,FALSE,2000,0.3,3,0.3,1.2,1,0.2,0.1,1500,1.6336858620467798,0.33285714285714285,0.11142857142857143,0.915,1.4707579522250436,0.06964016334194768
0.8,23,28260344,plugin_weibull,Weibull Plug-in,plug-in,Weibull,correct,FALSE,2000,0.3,3,0.3,1.2,1,0.2,0.1,1500,1.6336858620467798,0.33285714285714285,0.11142857142857143,0.9066666666666666,1.4645434403135908,0.06241009612117867
0.8,24,28260345,cp_cox,CP + Cox,conformal,Cox,correct,TRUE,2000,0.3,3,0.3,1.2,1,0.2,0.1,1500,1.538751229821175,0.32,0.13142857142857142,0.9033333333333333,1.3848953415520928,0.07285672556926606
0.8,24,28260345,cp_lognormal,CP + Log-Normal,conformal,Log-Normal,misspecified,TRUE,2000,0.3,3,0.3,1.2,1,0.2,0.1,1500,1.538751229821175,0.32,0.13142857142857142,0.8833333333333333,1.3407386441281357,0.09693662673772344
0.8,24,28260345,cp_weibull,CP + Weibull,conformal,Weibull,correct,TRUE,2000,0.3,3,0.3,1.2,1,0.2,0.1,1500,1.538751229821175,0.32,0.13142857142857142,0.8983333333333333,1.3766041933389528,0.0723812949224921
0.8,24,28260345,plugin_cox,Cox Plug-in,plug-in,Cox,correct,FALSE,2000,0.3,3,0.3,1.2,1,0.2,0.1,1500,1.538751229821175,0.32,0.13142857142857142,0.8933333333333333,1.3656405977136012,0.08158218220795259
0.8,24,28260345,plugin_lognormal,Log-Normal Plug-in,plug-in,Log-Normal,misspecified,FALSE,2000,0.3,3,0.3,1.2,1,0.2,0.1,1500,1.538751229821175,0.32,0.13142857142857142,0.8966666666666666,1.3712144496784813,0.08201726301735389
0.8,24,28260345,plugin_weibull,Weibull Plug-in,plug-in,Weibull,correct,FALSE,2000,0.3,3,0.3,1.2,1,0.2,0.1,1500,1.538751229821175,0.32,0.13142857142857142,0.8916666666666667,1.365346088609638,0.07740683357160685
0.8,25,28260346,cp_cox,CP + Cox,conformal,Cox,correct,TRUE,2000,0.3,3,0.3,1.2,1,0.2,0.1,1500,1.5389840803979953,0.32857142857142857,0.13357142857142856,0.8783333333333333,1.3641527347557776,0.07672243418086551
0.8,25,28260346,cp_lognormal,CP + Log-Normal,conformal,Log-Normal,misspecified,TRUE,2000,0.3,3,0.3,1.2,1,0.2,0.1,1500,1.5389840803979953,0.32857142857142857,0.13357142857142856,0.885,1.36934079780516,0.08357051559459681
0.8,25,28260346,cp_weibull,CP + Weibull,conformal,Weibull,correct,TRUE,2000,0.3,3,0.3,1.2,1,0.2,0.1,1500,1.5389840803979953,0.32857142857142857,0.13357142857142856,0.8866666666666667,1.37197111354317,0.07646520051727053
0.8,25,28260346,plugin_cox,Cox Plug-in,plug-in,Cox,correct,FALSE,2000,0.3,3,0.3,1.2,1,0.2,0.1,1500,1.5389840803979953,0.32857142857142857,0.13357142857142856,0.89,1.376694718653902,0.07095487454457601
0.8,25,28260346,plugin_lognormal,Log-Normal Plug-in,plug-in,Log-Normal,misspecified,FALSE,2000,0.3,3,0.3,1.2,1,0.2,0.1,1500,1.5389840803979953,0.32857142857142857,0.13357142857142856,0.89,1.373962120156587,0.0812939368480953
0.8,25,28260346,plugin_weibull,Weibull Plug-in,plug-in,Weibull,correct,FALSE,2000,0.3,3,0.3,1.2,1,0.2,0.1,1500,1.5389840803979953,0.32857142857142857,0.13357142857142856,0.89,1.3753605560159543,0.0749133785048606
0.8,26,28260347,cp_cox,CP + Cox,conformal,Cox,correct,TRUE,2000,0.3,3,0.3,1.2,1,0.2,0.1,1500,1.6841374601384647,0.325,0.11642857142857142,0.9083333333333333,1.5311039174819745,0.07691143464804845
0.8,26,28260347,cp_lognormal,CP + Log-Normal,conformal,Log-Normal,misspecified,TRUE,2000,0.3,3,0.3,1.2,1,0.2,0.1,1500,1.6841374601384647,0.325,0.11642857142857142,0.8933333333333333,1.5090591174676604,0.09041707272918573
0.8,26,28260347,cp_weibull,CP + Weibull,conformal,Weibull,correct,TRUE,2000,0.3,3,0.3,1.2,1,0.2,0.1,1500,1.6841374601384647,0.325,0.11642857142857142,0.885,1.489341462961995,0.091455170819232
0.8,26,28260347,plugin_cox,Cox Plug-in,plug-in,Cox,correct,FALSE,2000,0.3,3,0.3,1.2,1,0.2,0.1,1500,1.6841374601384647,0.325,0.11642857142857142,0.8983333333333333,1.5144859544461533,0.08477173108133222
0.8,26,28260347,plugin_lognormal,Log-Normal Plug-in,plug-in,Log-Normal,misspecified,FALSE,2000,0.3,3,0.3,1.2,1,0.2,0.1,1500,1.6841374601384647,0.325,0.11642857142857142,0.9033333333333333,1.524025289441612,0.0826879759191328
0.8,26,28260347,plugin_weibull,Weibull Plug-in,plug-in,Weibull,correct,FALSE,2000,0.3,3,0.3,1.2,1,0.2,0.1,1500,1.6841374601384647,0.325,0.11642857142857142,0.8933333333333333,1.5146938496685933,0.07955242697164307
0.8,27,28260348,cp_cox,CP + Cox,conformal,Cox,correct,TRUE,2000,0.3,3,0.3,1.2,1,0.2,0.1,1500,1.6209876938155292,0.32785714285714285,0.11928571428571429,0.8666666666666667,1.4152885096480832,0.1110352826012113
0.8,27,28260348,cp_lognormal,CP + Log-Normal,conformal,Log-Normal,misspecified,TRUE,2000,0.3,3,0.3,1.2,1,0.2,0.1,1500,1.6209876938155292,0.32785714285714285,0.11928571428571429,0.875,1.4214977288478088,0.12185182147440808
0.8,27,28260348,cp_weibull,CP + Weibull,conformal,Weibull,correct,TRUE,2000,0.3,3,0.3,1.2,1,0.2,0.1,1500,1.6209876938155292,0.32785714285714285,0.11928571428571429,0.8816666666666667,1.4434288455605266,0.09359528581111673
0.8,27,28260348,plugin_cox,Cox Plug-in,plug-in,Cox,correct,FALSE,2000,0.3,3,0.3,1.2,1,0.2,0.1,1500,1.6209876938155292,0.32785714285714285,0.11928571428571429,0.8816666666666667,1.4365765028737747,0.09975099082191353
0.8,27,28260348,plugin_lognormal,Log-Normal Plug-in,plug-in,Log-Normal,misspecified,FALSE,2000,0.3,3,0.3,1.2,1,0.2,0.1,1500,1.6209876938155292,0.32785714285714285,0.11928571428571429,0.8966666666666666,1.4485146698110682,0.10534942012518526
0.8,27,28260348,plugin_weibull,Weibull Plug-in,plug-in,Weibull,correct,FALSE,2000,0.3,3,0.3,1.2,1,0.2,0.1,1500,1.6209876938155292,0.32785714285714285,0.11928571428571429,0.88,1.4393342922543695,0.09575361748945833
0.8,28,28260349,cp_cox,CP + Cox,conformal,Cox,correct,TRUE,2000,0.3,3,0.3,1.2,1,0.2,0.1,1500,1.5715600148993931,0.30642857142857144,0.12857142857142856,0.925,1.4174817205180992,0.06623067098761164
0.8,28,28260349,cp_lognormal,CP + Log-Normal,conformal,Log-Normal,misspecified,TRUE,2000,0.3,3,0.3,1.2,1,0.2,0.1,1500,1.5715600148993931,0.30642857142857144,0.12857142857142856,0.925,1.4186143684672945,0.07513091887300848
0.8,28,28260349,cp_weibull,CP + Weibull,conformal,Weibull,correct,TRUE,2000,0.3,3,0.3,1.2,1,0.2,0.1,1500,1.5715600148993931,0.30642857142857144,0.12857142857142856,0.9233333333333333,1.413740506184618,0.06633721122516334
0.8,28,28260349,plugin_cox,Cox Plug-in,plug-in,Cox,correct,FALSE,2000,0.3,3,0.3,1.2,1,0.2,0.1,1500,1.5715600148993931,0.30642857142857144,0.12857142857142856,0.9233333333333333,1.4137311254956375,0.06766919609471796
0.8,28,28260349,plugin_lognormal,Log-Normal Plug-in,plug-in,Log-Normal,misspecified,FALSE,2000,0.3,3,0.3,1.2,1,0.2,0.1,1500,1.5715600148993931,0.30642857142857144,0.12857142857142856,0.9283333333333333,1.426268669584019,0.07137092511283624
0.8,28,28260349,plugin_weibull,Weibull Plug-in,plug-in,Weibull,correct,FALSE,2000,0.3,3,0.3,1.2,1,0.2,0.1,1500,1.5715600148993931,0.30642857142857144,0.12857142857142856,0.925,1.419431690588743,0.06394500189051067
0.8,29,28260350,cp_cox,CP + Cox,conformal,Cox,correct,TRUE,2000,0.3,3,0.3,1.2,1,0.2,0.1,1500,1.565280883270486,0.335,0.125,0.905,1.4212662200381463,0.06185102387983255
0.8,29,28260350,cp_lognormal,CP + Log-Normal,conformal,Log-Normal,misspecified,TRUE,2000,0.3,3,0.3,1.2,1,0.2,0.1,1500,1.565280883270486,0.335,0.125,0.8966666666666666,1.4083007756023445,0.07533614949489775
0.8,29,28260350,cp_weibull,CP + Weibull,conformal,Weibull,correct,TRUE,2000,0.3,3,0.3,1.2,1,0.2,0.1,1500,1.565280883270486,0.335,0.125,0.9016666666666666,1.4144949943727596,0.0671878358894826
0.8,29,28260350,plugin_cox,Cox Plug-in,plug-in,Cox,correct,FALSE,2000,0.3,3,0.3,1.2,1,0.2,0.1,1500,1.565280883270486,0.335,0.125,0.9016666666666666,1.4165600531212008,0.06388130720109739
0.8,29,28260350,plugin_lognormal,Log-Normal Plug-in,plug-in,Log-Normal,misspecified,FALSE,2000,0.3,3,0.3,1.2,1,0.2,0.1,1500,1.565280883270486,0.335,0.125,0.905,1.422244189848112,0.06864458101725927
0.8,29,28260350,plugin_weibull,Weibull Plug-in,plug-in,Weibull,correct,FALSE,2000,0.3,3,0.3,1.2,1,0.2,0.1,1500,1.565280883270486,0.335,0.125,0.9033333333333333,1.4189757667418017,0.06519127373907127
0.8,30,28260351,cp_cox,CP + Cox,conformal,Cox,correct,TRUE,2000,0.3,3,0.3,1.2,1,0.2,0.1,1500,1.6148159141549538,0.32785714285714285,0.11142857142857143,0.9233333333333333,1.4454123238406251,0.07487691998652472
0.8,30,28260351,cp_lognormal,CP + Log-Normal,conformal,Log-Normal,misspecified,TRUE,2000,0.3,3,0.3,1.2,1,0.2,0.1,1500,1.6148159141549538,0.32785714285714285,0.11142857142857143,0.9216666666666666,1.4444775976473285,0.08655737545845112
0.8,30,28260351,cp_weibull,CP + Weibull,conformal,Weibull,correct,TRUE,2000,0.3,3,0.3,1.2,1,0.2,0.1,1500,1.6148159141549538,0.32785714285714285,0.11142857142857143,0.9233333333333333,1.4464606259347952,0.07374489224397054
0.8,30,28260351,plugin_cox,Cox Plug-in,plug-in,Cox,correct,FALSE,2000,0.3,3,0.3,1.2,1,0.2,0.1,1500,1.6148159141549538,0.32785714285714285,0.11142857142857143,0.9233333333333333,1.4413588313257082,0.0768718217661757
0.8,30,28260351,plugin_lognormal,Log-Normal Plug-in,plug-in,Log-Normal,misspecified,FALSE,2000,0.3,3,0.3,1.2,1,0.2,0.1,1500,1.6148159141549538,0.32785714285714285,0.11142857142857143,0.9216666666666666,1.4443834110994331,0.08660523633060518
0.8,30,28260351,plugin_weibull,Weibull Plug-in,plug-in,Weibull,correct,FALSE,2000,0.3,3,0.3,1.2,1,0.2,0.1,1500,1.6148159141549538,0.32785714285714285,0.11142857142857143,0.9216666666666666,1.4387406806217211,0.07712647022266468
0.9,1,29260322,cp_cox,CP + Cox,conformal,Cox,correct,TRUE,2000,0.3,3,0.3,1.2,1,0.2,0.1,1500,2.390482380554965,0.2592857142857143,0.055,0.9033333333333333,2.226932106941693,0.0709480078378843
0.9,1,29260322,cp_lognormal,CP + Log-Normal,conformal,Log-Normal,misspecified,TRUE,2000,0.3,3,0.3,1.2,1,0.2,0.1,1500,2.390482380554965,0.2592857142857143,0.055,0.8983333333333333,2.205347709559816,0.08801300435863404
0.9,1,29260322,cp_weibull,CP + Weibull,conformal,Weibull,correct,TRUE,2000,0.3,3,0.3,1.2,1,0.2,0.1,1500,2.390482380554965,0.2592857142857143,0.055,0.9,2.2187810835726767,0.07481899679591762
0.9,1,29260322,plugin_cox,Cox Plug-in,plug-in,Cox,correct,FALSE,2000,0.3,3,0.3,1.2,1,0.2,0.1,1500,2.390482380554965,0.2592857142857143,0.055,0.9,2.224984897708858,0.07171444120912987
0.9,1,29260322,plugin_lognormal,Log-Normal Plug-in,plug-in,Log-Normal,misspecified,FALSE,2000,0.3,3,0.3,1.2,1,0.2,0.1,1500,2.390482380554965,0.2592857142857143,0.055,0.9066666666666666,2.2241480588489657,0.07907532015807109
0.9,1,29260322,plugin_weibull,Weibull Plug-in,plug-in,Weibull,correct,FALSE,2000,0.3,3,0.3,1.2,1,0.2,0.1,1500,2.390482380554965,0.2592857142857143,0.055,0.9033333333333333,2.2233829311035493,0.07281373753626759
0.9,2,29260323,cp_cox,CP + Cox,conformal,Cox,correct,TRUE,2000,0.3,3,0.3,1.2,1,0.2,0.1,1500,2.3394806081147657,0.25214285714285717,0.054285714285714284,0.8683333333333333,2.1632227116479394,0.08106743273633464
0.9,2,29260323,cp_lognormal,CP + Log-Normal,conformal,Log-Normal,misspecified,TRUE,2000,0.3,3,0.3,1.2,1,0.2,0.1,1500,2.3394806081147657,0.25214285714285717,0.054285714285714284,0.8916666666666667,2.185948081630663,0.07669531837347585
0.9,2,29260323,cp_weibull,CP + Weibull,conformal,Weibull,correct,TRUE,2000,0.3,3,0.3,1.2,1,0.2,0.1,1500,2.3394806081147657,0.25214285714285717,0.054285714285714284,0.895,2.191601446170264,0.06774604087472523
0.9,2,29260323,plugin_cox,Cox Plug-in,plug-in,Cox,correct,FALSE,2000,0.3,3,0.3,1.2,1,0.2,0.1,1500,2.3394806081147657,0.25214285714285717,0.054285714285714284,0.8716666666666667,2.170339608685225,0.07786797307914503
0.9,2,29260323,plugin_lognormal,Log-Normal Plug-in,plug-in,Log-Normal,misspecified,FALSE,2000,0.3,3,0.3,1.2,1,0.2,0.1,1500,2.3394806081147657,0.25214285714285717,0.054285714285714284,0.8783333333333333,2.176220892720252,0.08155441805383003
0.9,2,29260323,plugin_weibull,Weibull Plug-in,plug-in,Weibull,correct,FALSE,2000,0.3,3,0.3,1.2,1,0.2,0.1,1500,2.3394806081147657,0.25214285714285717,0.054285714285714284,0.8766666666666667,2.1723719009646585,0.07655543320811059
0.9,3,29260324,cp_cox,CP + Cox,conformal,Cox,correct,TRUE,2000,0.3,3,0.3,1.2,1,0.2,0.1,1500,2.3324832309904617,0.25,0.04928571428571429,0.9016666666666666,2.130608755697405,0.09058201582670658
0.9,3,29260324,cp_lognormal,CP + Log-Normal,conformal,Log-Normal,misspecified,TRUE,2000,0.3,3,0.3,1.2,1,0.2,0.1,1500,2.3324832309904617,0.25,0.04928571428571429,0.9133333333333333,2.1462140349238994,0.08956074298651828
0.9,3,29260324,cp_weibull,CP + Weibull,conformal,Weibull,correct,TRUE,2000,0.3,3,0.3,1.2,1,0.2,0.1,1500,2.3324832309904617,0.25,0.04928571428571429,0.9116666666666666,2.1439403730368642,0.08824367480904134
0.9,3,29260324,plugin_cox,Cox Plug-in,plug-in,Cox,correct,FALSE,2000,0.3,3,0.3,1.2,1,0.2,0.1,1500,2.3324832309904617,0.25,0.04928571428571429,0.91,2.1456125550765797,0.08416090137222611
0.9,3,29260324,plugin_lognormal,Log-Normal Plug-in,plug-in,Log-Normal,misspecified,FALSE,2000,0.3,3,0.3,1.2,1,0.2,0.1,1500,2.3324832309904617,0.25,0.04928571428571429,0.9233333333333333,2.1597056968673254,0.08307376986754715
0.9,3,29260324,plugin_weibull,Weibull Plug-in,plug-in,Weibull,correct,FALSE,2000,0.3,3,0.3,1.2,1,0.2,0.1,1500,2.3324832309904617,0.25,0.04928571428571429,0.915,2.150283025125344,0.08527512466401031
0.9,4,29260325,cp_cox,CP + Cox,conformal,Cox,correct,TRUE,2000,0.3,3,0.3,1.2,1,0.2,0.1,1500,2.254121759901187,0.25285714285714284,0.05857142857142857,0.93,2.103620190333513,0.07552649938716187
0.9,4,29260325,cp_lognormal,CP + Log-Normal,conformal,Log-Normal,misspecified,TRUE,2000,0.3,3,0.3,1.2,1,0.2,0.1,1500,2.254121759901187,0.25285714285714284,0.05857142857142857,0.9266666666666666,2.1037426571347697,0.07230930249434471
0.9,4,29260325,cp_weibull,CP + Weibull,conformal,Weibull,correct,TRUE,2000,0.3,3,0.3,1.2,1,0.2,0.1,1500,2.254121759901187,0.25285714285714284,0.05857142857142857,0.9016666666666666,2.0744078512070145,0.08096951412554566
0.9,4,29260325,plugin_cox,Cox Plug-in,plug-in,Cox,correct,FALSE,2000,0.3,3,0.3,1.2,1,0.2,0.1,1500,2.254121759901187,0.25285714285714284,0.05857142857142857,0.915,2.0973902799828723,0.0782862989603028
0.9,4,29260325,plugin_lognormal,Log-Normal Plug-in,plug-in,Log-Normal,misspecified,FALSE,2000,0.3,3,0.3,1.2,1,0.2,0.1,1500,2.254121759901187,0.25285714285714284,0.05857142857142857,0.9316666666666666,2.111512283974691,0.06857330269716067
0.9,4,29260325,plugin_weibull,Weibull Plug-in,plug-in,Weibull,correct,FALSE,2000,0.3,3,0.3,1.2,1,0.2,0.1,1500,2.254121759901187,0.25285714285714284,0.05857142857142857,0.9133333333333333,2.096732607593502,0.0709111681092607
0.9,5,29260326,cp_cox,CP + Cox,conformal,Cox,correct,TRUE,2000,0.3,3,0.3,1.2,1,0.2,0.1,1500,2.3252534832108704,0.24142857142857144,0.05785714285714286,0.8566666666666667,2.132516081706442,0.09386596569253039
0.9,5,29260326,cp_lognormal,CP + Log-Normal,conformal,Log-Normal,misspecified,TRUE,2000,0.3,3,0.3,1.2,1,0.2,0.1,1500,2.3252534832108704,0.24142857142857144,0.05785714285714286,0.885,2.1643348116806034,0.08221087211659381
0.9,5,29260326,cp_weibull,CP + Weibull,conformal,Weibull,correct,TRUE,2000,0.3,3,0.3,1.2,1,0.2,0.1,1500,2.3252534832108704,0.24142857142857144,0.05785714285714286,0.86,2.136170975103571,0.08789983662257402
0.9,5,29260326,plugin_cox,Cox Plug-in,plug-in,Cox,correct,FALSE,2000,0.3,3,0.3,1.2,1,0.2,0.1,1500,2.3252534832108704,0.24142857142857144,0.05785714285714286,0.8666666666666667,2.153688176941938,0.08301151935637978
0.9,5,29260326,plugin_lognormal,Log-Normal Plug-in,plug-in,Log-Normal,misspecified,FALSE,2000,0.3,3,0.3,1.2,1,0.2,0.1,1500,2.3252534832108704,0.24142857142857144,0.05785714285714286,0.87,2.150302027481279,0.08938000554455289
0.9,5,29260326,plugin_weibull,Weibull Plug-in,plug-in,Weibull,correct,FALSE,2000,0.3,3,0.3,1.2,1,0.2,0.1,1500,2.3252534832108704,0.24142857142857144,0.05785714285714286,0.8633333333333333,2.1487021542732827,0.08207439770317489
0.9,6,29260327,cp_cox,CP + Cox,conformal,Cox,correct,TRUE,2000,0.3,3,0.3,1.2,1,0.2,0.1,1500,2.221242796369157,0.2664285714285714,0.056428571428571425,0.8783333333333333,2.0398389303664426,0.08521214150439238
0.9,6,29260327,cp_lognormal,CP + Log-Normal,conformal,Log-Normal,misspecified,TRUE,2000,0.3,3,0.3,1.2,1,0.2,0.1,1500,2.221242796369157,0.2664285714285714,0.056428571428571425,0.885,2.0500446135864046,0.08797510516899894
0.9,6,29260327,cp_weibull,CP + Weibull,conformal,Weibull,correct,TRUE,2000,0.3,3,0.3,1.2,1,0.2,0.1,1500,2.221242796369157,0.2664285714285714,0.056428571428571425,0.89,2.057046869332863,0.07976835143526381
0.9,6,29260327,plugin_cox,Cox Plug-in,plug-in,Cox,correct,FALSE,2000,0.3,3,0.3,1.2,1,0.2,0.1,1500,2.221242796369157,0.2664285714285714,0.056428571428571425,0.885,2.0514333345228084,0.079979431445511
0.9,6,29260327,plugin_lognormal,Log-Normal Plug-in,plug-in,Log-Normal,misspecified,FALSE,2000,0.3,3,0.3,1.2,1,0.2,0.1,1500,2.221242796369157,0.2664285714285714,0.056428571428571425,0.885,2.054733833079294,0.08556541499973462
0.9,6,29260327,plugin_weibull,Weibull Plug-in,plug-in,Weibull,correct,FALSE,2000,0.3,3,0.3,1.2,1,0.2,0.1,1500,2.221242796369157,0.2664285714285714,0.056428571428571425,0.8866666666666667,2.054299825520256,0.0811028982794355
0.9,7,29260328,cp_cox,CP + Cox,conformal,Cox,correct,TRUE,2000,0.3,3,0.3,1.2,1,0.2,0.1,1500,2.447246674713063,0.24214285714285713,0.05928571428571429,0.885,2.2455087390942516,0.10058584505219485
0.9,7,29260328,cp_lognormal,CP + Log-Normal,conformal,Log-Normal,misspecified,TRUE,2000,0.3,3,0.3,1.2,1,0.2,0.1,1500,2.447246674713063,0.24214285714285713,0.05928571428571429,0.875,2.2349213227519567,0.105316591318554
0.9,7,29260328,cp_weibull,CP + Weibull,conformal,Weibull,correct,TRUE,2000,0.3,3,0.3,1.2,1,0.2,0.1,1500,2.447246674713063,0.24214285714285713,0.05928571428571429,0.8816666666666667,2.2425034072057053,0.10526421397327962
0.9,7,29260328,plugin_cox,Cox Plug-in,plug-in,Cox,correct,FALSE,2000,0.3,3,0.3,1.2,1,0.2,0.1,1500,2.447246674713063,0.24214285714285713,0.05928571428571429,0.8966666666666666,2.2621741419145,0.09233051732612506
0.9,7,29260328,plugin_lognormal,Log-Normal Plug-in,plug-in,Log-Normal,misspecified,FALSE,2000,0.3,3,0.3,1.2,1,0.2,0.1,1500,2.447246674713063,0.24214285714285713,0.05928571428571429,0.9016666666666666,2.2682907405015253,0.08876485456545441
0.9,7,29260328,plugin_weibull,Weibull Plug-in,plug-in,Weibull,correct,FALSE,2000,0.3,3,0.3,1.2,1,0.2,0.1,1500,2.447246674713063,0.24214285714285713,0.05928571428571429,0.8983333333333333,2.261323532366002,0.09558826366733772
0.9,8,29260329,cp_cox,CP + Cox,conformal,Cox,correct,TRUE,2000,0.3,3,0.3,1.2,1,0.2,0.1,1500,2.3443371767021417,0.25785714285714284,0.04928571428571429,0.8833333333333333,2.145942655052348,0.09228508119917607
0.9,8,29260329,cp_lognormal,CP + Log-Normal,conformal,Log-Normal,misspecified,TRUE,2000,0.3,3,0.3,1.2,1,0.2,0.1,1500,2.3443371767021417,0.25785714285714284,0.04928571428571429,0.8783333333333333,2.1286069980286215,0.10567705007912877
0.9,8,29260329,cp_weibull,CP + Weibull,conformal,Weibull,correct,TRUE,2000,0.3,3,0.3,1.2,1,0.2,0.1,1500,2.3443371767021417,0.25785714285714284,0.04928571428571429,0.8816666666666667,2.147774175323617,0.09005795266823341
0.9,8,29260329,plugin_cox,Cox Plug-in,plug-in,Cox,correct,FALSE,2000,0.3,3,0.3,1.2,1,0.2,0.1,1500,2.3443371767021417,0.25785714285714284,0.04928571428571429,0.8833333333333333,2.1459910945767375,0.0922693049768798
0.9,8,29260329,plugin_lognormal,Log-Normal Plug-in,plug-in,Log-Normal,misspecified,FALSE,2000,0.3,3,0.3,1.2,1,0.2,0.1,1500,2.3443371767021417,0.25785714285714284,0.04928571428571429,0.895,2.1625295123687915,0.08905985136924721
0.9,8,29260329,plugin_weibull,Weibull Plug-in,plug-in,Weibull,correct,FALSE,2000,0.3,3,0.3,1.2,1,0.2,0.1,1500,2.3443371767021417,0.25785714285714284,0.04928571428571429,0.8816666666666667,2.149092722281464,0.0894538428475253
0.9,9,29260330,cp_cox,CP + Cox,conformal,Cox,correct,TRUE,2000,0.3,3,0.3,1.2,1,0.2,0.1,1500,2.29046487580387,0.24785714285714286,0.05285714285714286,0.9016666666666666,2.123749410205052,0.07605069056056916
0.9,9,29260330,cp_lognormal,CP + Log-Normal,conformal,Log-Normal,misspecified,TRUE,2000,0.3,3,0.3,1.2,1,0.2,0.1,1500,2.29046487580387,0.24785714285714286,0.05285714285714286,0.905,2.129213431500961,0.07783903514710067
0.9,9,29260330,cp_weibull,CP + Weibull,conformal,Weibull,correct,TRUE,2000,0.3,3,0.3,1.2,1,0.2,0.1,1500,2.29046487580387,0.24785714285714286,0.05285714285714286,0.91,2.1428206362268347,0.06598121752428428
0.9,9,29260330,plugin_cox,Cox Plug-in,plug-in,Cox,correct,FALSE,2000,0.3,3,0.3,1.2,1,0.2,0.1,1500,2.29046487580387,0.24785714285714286,0.05285714285714286,0.9,2.122826492390329,0.07647645472804432
0.9,9,29260330,plugin_lognormal,Log-Normal Plug-in,plug-in,Log-Normal,misspecified,FALSE,2000,0.3,3,0.3,1.2,1,0.2,0.1,1500,2.29046487580387,0.24785714285714286,0.05285714285714286,0.8983333333333333,2.120885725720105,0.08185897174843204
0.9,9,29260330,plugin_weibull,Weibull Plug-in,plug-in,Weibull,correct,FALSE,2000,0.3,3,0.3,1.2,1,0.2,0.1,1500,2.29046487580387,0.24785714285714286,0.05285714285714286,0.9016666666666666,2.122670871852267,0.07498601168401661
0.9,10,29260331,cp_cox,CP + Cox,conformal,Cox,correct,TRUE,2000,0.3,3,0.3,1.2,1,0.2,0.1,1500,2.368067677956033,0.2571428571428571,0.05357142857142857,0.8966666666666666,2.203002152010701,0.07759597805863284
0.9,10,29260331,cp_lognormal,CP + Log-Normal,conformal,Log-Normal,misspecified,TRUE,2000,0.3,3,0.3,1.2,1,0.2,0.1,1500,2.368067677956033,0.2571428571428571,0.05357142857142857,0.8916666666666667,2.201853459626384,0.07886698656820496
0.9,10,29260331,cp_weibull,CP + Weibull,conformal,Weibull,correct,TRUE,2000,0.3,3,0.3,1.2,1,0.2,0.1,1500,2.368067677956033,0.2571428571428571,0.05357142857142857,0.8916666666666667,2.197636794947396,0.08085047949541234
0.9,10,29260331,plugin_cox,Cox Plug-in,plug-in,Cox,correct,FALSE,2000,0.3,3,0.3,1.2,1,0.2,0.1,1500,2.368067677956033,0.2571428571428571,0.05357142857142857,0.8983333333333333,2.205913294309595,0.07598320639912477
0.9,10,29260331,plugin_lognormal,Log-Normal Plug-in,plug-in,Log-Normal,misspecified,FALSE,2000,0.3,3,0.3,1.2,1,0.2,0.1,1500,2.368067677956033,0.2571428571428571,0.05357142857142857,0.8966666666666666,2.2070821637269296,0.07638601869306796
0.9,10,29260331,plugin_weibull,Weibull Plug-in,plug-in,Weibull,correct,FALSE,2000,0.3,3,0.3,1.2,1,0.2,0.1,1500,2.368067677956033,0.2571428571428571,0.05357142857142857,0.8933333333333333,2.2019916731652485,0.07878457462041587
0.9,11,29260332,cp_cox,CP + Cox,conformal,Cox,correct,TRUE,2000,0.3,3,0.3,1.2,1,0.2,0.1,1500,2.5127409061910777,0.2592857142857143,0.05357142857142857,0.8833333333333333,2.32653598929273,0.089259488695466
0.9,11,29260332,cp_lognormal,CP + Log-Normal,conformal,Log-Normal,misspecified,TRUE,2000,0.3,3,0.3,1.2,1,0.2,0.1,1500,2.5127409061910777,0.2592857142857143,0.05357142857142857,0.915,2.3536410080821017,0.08184267783834538
0.9,11,29260332,cp_weibull,CP + Weibull,conformal,Weibull,correct,TRUE,2000,0.3,3,0.3,1.2,1,0.2,0.1,1500,2.5127409061910777,0.2592857142857143,0.05357142857142857,0.9116666666666666,2.3488464413446213,0.0808823821566632
0.9,11,29260332,plugin_cox,Cox Plug-in,plug-in,Cox,correct,FALSE,2000,0.3,3,0.3,1.2,1,0.2,0.1,1500,2.5127409061910777,0.2592857142857143,0.05357142857142857,0.8883333333333333,2.3352362114937826,0.08519588121236092
0.9,11,29260332,plugin_lognormal,Log-Normal Plug-in,plug-in,Log-Normal,misspecified,FALSE,2000,0.3,3,0.3,1.2,1,0.2,0.1,1500,2.5127409061910777,0.2592857142857143,0.05357142857142857,0.8966666666666666,2.3382904552412653,0.08973916530141421
0.9,11,29260332,plugin_weibull,Weibull Plug-in,plug-in,Weibull,correct,FALSE,2000,0.3,3,0.3,1.2,1,0.2,0.1,1500,2.5127409061910777,0.2592857142857143,0.05357142857142857,0.8916666666666667,2.3351680120392153,0.08763272572329461
0.9,12,29260333,cp_cox,CP + Cox,conformal,Cox,correct,TRUE,2000,0.3,3,0.3,1.2,1,0.2,0.1,1500,2.327749193081535,0.26142857142857145,0.05857142857142857,0.93,2.18364440915978,0.07596654875064848
0.9,12,29260333,cp_lognormal,CP + Log-Normal,conformal,Log-Normal,misspecified,TRUE,2000,0.3,3,0.3,1.2,1,0.2,0.1,1500,2.327749193081535,0.26142857142857145,0.05857142857142857,0.925,2.178985183146205,0.07568577837014626
0.9,12,29260333,cp_weibull,CP + Weibull,conformal,Weibull,correct,TRUE,2000,0.3,3,0.3,1.2,1,0.2,0.1,1500,2.327749193081535,0.26142857142857145,0.05857142857142857,0.9233333333333333,2.177877464095248,0.07184619448864883
0.9,12,29260333,plugin_cox,Cox Plug-in,plug-in,Cox,correct,FALSE,2000,0.3,3,0.3,1.2,1,0.2,0.1,1500,2.327749193081535,0.26142857142857145,0.05857142857142857,0.9183333333333333,2.1671419396777742,0.08509721169588613
0.9,12,29260333,plugin_lognormal,Log-Normal Plug-in,plug-in,Log-Normal,misspecified,FALSE,2000,0.3,3,0.3,1.2,1,0.2,0.1,1500,2.327749193081535,0.26142857142857145,0.05857142857142857,0.9216666666666666,2.1690729970794034,0.080728742176659
0.9,12,29260333,plugin_weibull,Weibull Plug-in,plug-in,Weibull,correct,FALSE,2000,0.3,3,0.3,1.2,1,0.2,0.1,1500,2.327749193081535,0.26142857142857145,0.05857142857142857,0.9183333333333333,2.162562384836612,0.0791880071871981
0.9,13,29260334,cp_cox,CP + Cox,conformal,Cox,correct,TRUE,2000,0.3,3,0.3,1.2,1,0.2,0.1,1500,2.2343894488910565,0.25142857142857145,0.047857142857142855,0.89,2.04656044215202,0.07703836618540393
0.9,13,29260334,cp_lognormal,CP + Log-Normal,conformal,Log-Normal,misspecified,TRUE,2000,0.3,3,0.3,1.2,1,0.2,0.1,1500,2.2343894488910565,0.25142857142857145,0.047857142857142855,0.8983333333333333,2.0590639258085597,0.07500866364419624
0.9,13,29260334,cp_weibull,CP + Weibull,conformal,Weibull,correct,TRUE,2000,0.3,3,0.3,1.2,1,0.2,0.1,1500,2.2343894488910565,0.25142857142857145,0.047857142857142855,0.9166666666666666,2.082255153509429,0.0649173944044542
0.9,13,29260334,plugin_cox,Cox Plug-in,plug-in,Cox,correct,FALSE,2000,0.3,3,0.3,1.2,1,0.2,0.1,1500,2.2343894488910565,0.25142857142857145,0.047857142857142855,0.9133333333333333,2.0804180201645672,0.06368325602778173
0.9,13,29260334,plugin_lognormal,Log-Normal Plug-in,plug-in,Log-Normal,misspecified,FALSE,2000,0.3,3,0.3,1.2,1,0.2,0.1,1500,2.2343894488910565,0.25142857142857145,0.047857142857142855,0.9166666666666666,2.0803803421976332,0.06588896516039197
0.9,13,29260334,plugin_weibull,Weibull Plug-in,plug-in,Weibull,correct,FALSE,2000,0.3,3,0.3,1.2,1,0.2,0.1,1500,2.2343894488910565,0.25142857142857145,0.047857142857142855,0.915,2.0800899695827346,0.06584130244619342
0.9,14,29260335,cp_cox,CP + Cox,conformal,Cox,correct,TRUE,2000,0.3,3,0.3,1.2,1,0.2,0.1,1500,2.3107321449065656,0.265,0.045714285714285714,0.9166666666666666,2.1361755447202726,0.06885804535148081
0.9,14,29260335,cp_lognormal,CP + Log-Normal,conformal,Log-Normal,misspecified,TRUE,2000,0.3,3,0.3,1.2,1,0.2,0.1,1500,2.3107321449065656,0.265,0.045714285714285714,0.925,2.143691748282539,0.0746472383162454
0.9,14,29260335,cp_weibull,CP + Weibull,conformal,Weibull,correct,TRUE,2000,0.3,3,0.3,1.2,1,0.2,0.1,1500,2.3107321449065656,0.265,0.045714285714285714,0.905,2.1210138949734447,0.07310872610675008
0.9,14,29260335,plugin_cox,Cox Plug-in,plug-in,Cox,correct,FALSE,2000,0.3,3,0.3,1.2,1,0.2,0.1,1500,2.3107321449065656,0.265,0.045714285714285714,0.9233333333333333,2.145205109174333,0.06500189358108253
0.9,14,29260335,plugin_lognormal,Log-Normal Plug-in,plug-in,Log-Normal,misspecified,FALSE,2000,0.3,3,0.3,1.2,1,0.2,0.1,1500,2.3107321449065656,0.265,0.045714285714285714,0.9266666666666666,2.146317359885166,0.07347390145289769
0.9,14,29260335,plugin_weibull,Weibull Plug-in,plug-in,Weibull,correct,FALSE,2000,0.3,3,0.3,1.2,1,0.2,0.1,1500,2.3107321449065656,0.265,0.045714285714285714,0.9216666666666666,2.1424373552186076,0.06485310553321759
0.9,15,29260336,cp_cox,CP + Cox,conformal,Cox,correct,TRUE,2000,0.3,3,0.3,1.2,1,0.2,0.1,1500,2.274353449146539,0.255,0.056428571428571425,0.9,2.0912712786351095,0.07157121025883283
0.9,15,29260336,cp_lognormal,CP + Log-Normal,conformal,Log-Normal,misspecified,TRUE,2000,0.3,3,0.3,1.2,1,0.2,0.1,1500,2.274353449146539,0.255,0.056428571428571425,0.8983333333333333,2.0889971352704824,0.08195469825445402
0.9,15,29260336,cp_weibull,CP + Weibull,conformal,Weibull,correct,TRUE,2000,0.3,3,0.3,1.2,1,0.2,0.1,1500,2.274353449146539,0.255,0.056428571428571425,0.885,2.073651369051726,0.08410790584798362
0.9,15,29260336,plugin_cox,Cox Plug-in,plug-in,Cox,correct,FALSE,2000,0.3,3,0.3,1.2,1,0.2,0.1,1500,2.274353449146539,0.255,0.056428571428571425,0.9,2.098149652876184,0.06886861640065925
0.9,15,29260336,plugin_lognormal,Log-Normal Plug-in,plug-in,Log-Normal,misspecified,FALSE,2000,0.3,3,0.3,1.2,1,0.2,0.1,1500,2.274353449146539,0.255,0.056428571428571425,0.9083333333333333,2.104994741523478,0.07488140808245307
0.9,15,29260336,plugin_weibull,Weibull Plug-in,plug-in,Weibull,correct,FALSE,2000,0.3,3,0.3,1.2,1,0.2,0.1,1500,2.274353449146539,0.255,0.056428571428571425,0.9033333333333333,2.101411551883001,0.07247448957849248
0.9,16,29260337,cp_cox,CP + Cox,conformal,Cox,correct,TRUE,2000,0.3,3,0.3,1.2,1,0.2,0.1,1500,2.2849632199783687,0.26357142857142857,0.06357142857142857,0.905,2.1004746589285634,0.10828245815331093
0.9,16,29260337,cp_lognormal,CP + Log-Normal,conformal,Log-Normal,misspecified,TRUE,2000,0.3,3,0.3,1.2,1,0.2,0.1,1500,2.2849632199783687,0.26357142857142857,0.06357142857142857,0.9116666666666666,2.1132937836076815,0.09534440676733014
0.9,16,29260337,cp_weibull,CP + Weibull,conformal,Weibull,correct,TRUE,2000,0.3,3,0.3,1.2,1,0.2,0.1,1500,2.2849632199783687,0.26357142857142857,0.06357142857142857,0.915,2.1348589077148046,0.07799393936394611
0.9,16,29260337,plugin_cox,Cox Plug-in,plug-in,Cox,correct,FALSE,2000,0.3,3,0.3,1.2,1,0.2,0.1,1500,2.2849632199783687,0.26357142857142857,0.06357142857142857,0.91,2.1108387371383976,0.10274392878876905
0.9,16,29260337,plugin_lognormal,Log-Normal Plug-in,plug-in,Log-Normal,misspecified,FALSE,2000,0.3,3,0.3,1.2,1,0.2,0.1,1500,2.2849632199783687,0.26357142857142857,0.06357142857142857,0.9133333333333333,2.121577219177715,0.09074382516633472
0.9,16,29260337,plugin_weibull,Weibull Plug-in,plug-in,Weibull,correct,FALSE,2000,0.3,3,0.3,1.2,1,0.2,0.1,1500,2.2849632199783687,0.26357142857142857,0.06357142857142857,0.91,2.1085383918160834,0.09167003360851465
0.9,17,29260338,cp_cox,CP + Cox,conformal,Cox,correct,TRUE,2000,0.3,3,0.3,1.2,1,0.2,0.1,1500,2.3337731942298516,0.24357142857142858,0.045,0.8816666666666667,2.1501627171462516,0.08048872797253352
0.9,17,29260338,cp_lognormal,CP + Log-Normal,conformal,Log-Normal,misspecified,TRUE,2000,0.3,3,0.3,1.2,1,0.2,0.1,1500,2.3337731942298516,0.24357142857142858,0.045,0.9016666666666666,2.1682435577547934,0.08186305861070033
0.9,17,29260338,cp_weibull,CP + Weibull,conformal,Weibull,correct,TRUE,2000,0.3,3,0.3,1.2,1,0.2,0.1,1500,2.3337731942298516,0.24357142857142858,0.045,0.8916666666666667,2.1597429589283457,0.0817640022383334
0.9,17,29260338,plugin_cox,Cox Plug-in,plug-in,Cox,correct,FALSE,2000,0.3,3,0.3,1.2,1,0.2,0.1,1500,2.3337731942298516,0.24357142857142858,0.045,0.8966666666666666,2.1669863169049965,0.0739056439196116
0.9,17,29260338,plugin_lognormal,Log-Normal Plug-in,plug-in,Log-Normal,misspecified,FALSE,2000,0.3,3,0.3,1.2,1,0.2,0.1,1500,2.3337731942298516,0.24357142857142858,0.045,0.9016666666666666,2.1678489637395844,0.08205820597936722
0.9,17,29260338,plugin_weibull,Weibull Plug-in,plug-in,Weibull,correct,FALSE,2000,0.3,3,0.3,1.2,1,0.2,0.1,1500,2.3337731942298516,0.24357142857142858,0.045,0.9016666666666666,2.170295528143946,0.07680612643319143
0.9,18,29260339,cp_cox,CP + Cox,conformal,Cox,correct,TRUE,2000,0.3,3,0.3,1.2,1,0.2,0.1,1500,2.255456397057113,0.2757142857142857,0.055,0.89,2.1034471473728993,0.07421257967941575
0.9,18,29260339,cp_lognormal,CP + Log-Normal,conformal,Log-Normal,misspecified,TRUE,2000,0.3,3,0.3,1.2,1,0.2,0.1,1500,2.255456397057113,0.2757142857142857,0.055,0.87,2.0832593647432907,0.08365192312472854
0.9,18,29260339,cp_weibull,CP + Weibull,conformal,Weibull,correct,TRUE,2000,0.3,3,0.3,1.2,1,0.2,0.1,1500,2.255456397057113,0.2757142857142857,0.055,0.8766666666666667,2.087458188907769,0.08059092854646333
0.9,18,29260339,plugin_cox,Cox Plug-in,plug-in,Cox,correct,FALSE,2000,0.3,3,0.3,1.2,1,0.2,0.1,1500,2.255456397057113,0.2757142857142857,0.055,0.8766666666666667,2.084725415055182,0.08341963414661194
0.9,18,29260339,plugin_lognormal,Log-Normal Plug-in,plug-in,Log-Normal,misspecified,FALSE,2000,0.3,3,0.3,1.2,1,0.2,0.1,1500,2.255456397057113,0.2757142857142857,0.055,0.8783333333333333,2.09359203043019,0.07863239785126866
0.9,18,29260339,plugin_weibull,Weibull Plug-in,plug-in,Weibull,correct,FALSE,2000,0.3,3,0.3,1.2,1,0.2,0.1,1500,2.255456397057113,0.2757142857142857,0.055,0.8733333333333333,2.0852304763257257,0.08165959128697249
0.9,19,29260340,cp_cox,CP + Cox,conformal,Cox,correct,TRUE,2000,0.3,3,0.3,1.2,1,0.2,0.1,1500,2.3541464355374018,0.25214285714285717,0.05785714285714286,0.9,2.174096534641623,0.06472364514823685
0.9,19,29260340,cp_lognormal,CP + Log-Normal,conformal,Log-Normal,misspecified,TRUE,2000,0.3,3,0.3,1.2,1,0.2,0.1,1500,2.3541464355374018,0.25214285714285717,0.05785714285714286,0.9,2.1691477804734247,0.07819007348363434
0.9,19,29260340,cp_weibull,CP + Weibull,conformal,Weibull,correct,TRUE,2000,0.3,3,0.3,1.2,1,0.2,0.1,1500,2.3541464355374018,0.25214285714285717,0.05785714285714286,0.9066666666666666,2.17879936553328,0.07137160479373894
0.9,19,29260340,plugin_cox,Cox Plug-in,plug-in,Cox,correct,FALSE,2000,0.3,3,0.3,1.2,1,0.2,0.1,1500,2.3541464355374018,0.25214285714285717,0.05785714285714286,0.9,2.178669140659263,0.06298722723701228
0.9,19,29260340,plugin_lognormal,Log-Normal Plug-in,plug-in,Log-Normal,misspecified,FALSE,2000,0.3,3,0.3,1.2,1,0.2,0.1,1500,2.3541464355374018,0.25214285714285717,0.05785714285714286,0.9116666666666666,2.184150199221771,0.07184926941692497
0.9,19,29260340,plugin_weibull,Weibull Plug-in,plug-in,Weibull,correct,FALSE,2000,0.3,3,0.3,1.2,1,0.2,0.1,1500,2.3541464355374018,0.25214285714285717,0.05785714285714286,0.91,2.1821481198508708,0.07000855966443743
0.9,20,29260341,cp_cox,CP + Cox,conformal,Cox,correct,TRUE,2000,0.3,3,0.3,1.2,1,0.2,0.1,1500,2.2779612164143894,0.2764285714285714,0.05714285714285714,0.8883333333333333,2.0978330773439993,0.07965009347409896
0.9,20,29260341,cp_lognormal,CP + Log-Normal,conformal,Log-Normal,misspecified,TRUE,2000,0.3,3,0.3,1.2,1,0.2,0.1,1500,2.2779612164143894,0.2764285714285714,0.05714285714285714,0.88,2.0923435142749067,0.0881162653172233
0.9,20,29260341,cp_weibull,CP + Weibull,conformal,Weibull,correct,TRUE,2000,0.3,3,0.3,1.2,1,0.2,0.1,1500,2.2779612164143894,0.2764285714285714,0.05714285714285714,0.875,2.0883739914664967,0.08708471651438876
0.9,20,29260341,plugin_cox,Cox Plug-in,plug-in,Cox,correct,FALSE,2000,0.3,3,0.3,1.2,1,0.2,0.1,1500,2.2779612164143894,0.2764285714285714,0.05714285714285714,0.8883333333333333,2.099700397346182,0.07898073433162602
0.9,20,29260341,plugin_lognormal,Log-Normal Plug-in,plug-in,Log-Normal,misspecified,FALSE,2000,0.3,3,0.3,1.2,1,0.2,0.1,1500,2.2779612164143894,0.2764285714285714,0.05714285714285714,0.8933333333333333,2.1059010528932767,0.0816802430188378
0.9,20,29260341,plugin_weibull,Weibull Plug-in,plug-in,Weibull,correct,FALSE,2000,0.3,3,0.3,1.2,1,0.2,0.1,1500,2.2779612164143894,0.2764285714285714,0.05714285714285714,0.8916666666666667,2.103675868356964,0.080055974933775
0.9,21,29260342,cp_cox,CP + Cox,conformal,Cox,correct,TRUE,2000,0.3,3,0.3,1.2,1,0.2,0.1,1500,2.2815670539482045,0.2357142857142857,0.05785714285714286,0.89,2.1112002173143827,0.07914778323617815
0.9,21,29260342,cp_lognormal,CP + Log-Normal,conformal,Log-Normal,misspecified,TRUE,2000,0.3,3,0.3,1.2,1,0.2,0.1,1500,2.2815670539482045,0.2357142857142857,0.05785714285714286,0.8983333333333333,2.1106628375530425,0.08829787593747607
0.9,21,29260342,cp_weibull,CP + Weibull,conformal,Weibull,correct,TRUE,2000,0.3,3,0.3,1.2,1,0.2,0.1,1500,2.2815670539482045,0.2357142857142857,0.05785714285714286,0.875,2.085933873527144,0.0922216577901861
0.9,21,29260342,plugin_cox,Cox Plug-in,plug-in,Cox,correct,FALSE,2000,0.3,3,0.3,1.2,1,0.2,0.1,1500,2.2815670539482045,0.2357142857142857,0.05785714285714286,0.8883333333333333,2.1075111308175827,0.08112270055650808
0.9,21,29260342,plugin_lognormal,Log-Normal Plug-in,plug-in,Log-Normal,misspecified,FALSE,2000,0.3,3,0.3,1.2,1,0.2,0.1,1500,2.2815670539482045,0.2357142857142857,0.05785714285714286,0.8866666666666667,2.101109820729588,0.0932334539594697
0.9,21,29260342,plugin_weibull,Weibull Plug-in,plug-in,Weibull,correct,FALSE,2000,0.3,3,0.3,1.2,1,0.2,0.1,1500,2.2815670539482045,0.2357142857142857,0.05785714285714286,0.8833333333333333,2.1046998912676664,0.08337534009281915
0.9,22,29260343,cp_cox,CP + Cox,conformal,Cox,correct,TRUE,2000,0.3,3,0.3,1.2,1,0.2,0.1,1500,2.250112470134519,0.27,0.05714285714285714,0.91,2.089009844451154,0.0803578395038299
0.9,22,29260343,cp_lognormal,CP + Log-Normal,conformal,Log-Normal,misspecified,TRUE,2000,0.3,3,0.3,1.2,1,0.2,0.1,1500,2.250112470134519,0.27,0.05714285714285714,0.9083333333333333,2.086302464931366,0.08491172524328196
0.9,22,29260343,cp_weibull,CP + Weibull,conformal,Weibull,correct,TRUE,2000,0.3,3,0.3,1.2,1,0.2,0.1,1500,2.250112470134519,0.27,0.05714285714285714,0.8966666666666666,2.073064201264114,0.08356901559244825
0.9,22,29260343,plugin_cox,Cox Plug-in,plug-in,Cox,correct,FALSE,2000,0.3,3,0.3,1.2,1,0.2,0.1,1500,2.250112470134519,0.27,0.05714285714285714,0.9033333333333333,2.0799657088685035,0.08409886210194988
0.9,22,29260343,plugin_lognormal,Log-Normal Plug-in,plug-in,Log-Normal,misspecified,FALSE,2000,0.3,3,0.3,1.2,1,0.2,0.1,1500,2.250112470134519,0.27,0.05714285714285714,0.9166666666666666,2.097058615664025,0.07933622138712743
0.9,22,29260343,plugin_weibull,Weibull Plug-in,plug-in,Weibull,correct,FALSE,2000,0.3,3,0.3,1.2,1,0.2,0.1,1500,2.250112470134519,0.27,0.05714285714285714,0.905,2.0841393000937494,0.07834142928117402
0.9,23,29260344,cp_cox,CP + Cox,conformal,Cox,correct,TRUE,2000,0.3,3,0.3,1.2,1,0.2,0.1,1500,2.2971528758736572,0.2557142857142857,0.05714285714285714,0.9266666666666666,2.1563152770035243,0.06987074320496127
0.9,23,29260344,cp_lognormal,CP + Log-Normal,conformal,Log-Normal,misspecified,TRUE,2000,0.3,3,0.3,1.2,1,0.2,0.1,1500,2.2971528758736572,0.2557142857142857,0.05714285714285714,0.92,2.130836341627313,0.08617242704639357
0.9,23,29260344,cp_weibull,CP + Weibull,conformal,Weibull,correct,TRUE,2000,0.3,3,0.3,1.2,1,0.2,0.1,1500,2.2971528758736572,0.2557142857142857,0.05714285714285714,0.92,2.133252630286083,0.07928506734349834
0.9,23,29260344,plugin_cox,Cox Plug-in,plug-in,Cox,correct,FALSE,2000,0.3,3,0.3,1.2,1,0.2,0.1,1500,2.2971528758736572,0.2557142857142857,0.05714285714285714,0.9183333333333333,2.1339555409981923,0.08126540826671835
0.9,23,29260344,plugin_lognormal,Log-Normal Plug-in,plug-in,Log-Normal,misspecified,FALSE,2000,0.3,3,0.3,1.2,1,0.2,0.1,1500,2.2971528758736572,0.2557142857142857,0.05714285714285714,0.925,2.138766769424019,0.08206348974887781
0.9,23,29260344,plugin_weibull,Weibull Plug-in,plug-in,Weibull,correct,FALSE,2000,0.3,3,0.3,1.2,1,0.2,0.1,1500,2.2971528758736572,0.2557142857142857,0.05714285714285714,0.92,2.1325446892473976,0.07962752657976209
0.9,24,29260345,cp_cox,CP + Cox,conformal,Cox,correct,TRUE,2000,0.3,3,0.3,1.2,1,0.2,0.1,1500,2.3361658034346924,0.24785714285714286,0.055,0.9,2.1486703318994422,0.0814828402432472
0.9,24,29260345,cp_lognormal,CP + Log-Normal,conformal,Log-Normal,misspecified,TRUE,2000,0.3,3,0.3,1.2,1,0.2,0.1,1500,2.3361658034346924,0.24785714285714286,0.055,0.9116666666666666,2.1593452300558345,0.0824399049382344
0.9,24,29260345,cp_weibull,CP + Weibull,conformal,Weibull,correct,TRUE,2000,0.3,3,0.3,1.2,1,0.2,0.1,1500,2.3361658034346924,0.24785714285714286,0.055,0.8966666666666666,2.140528803467838,0.0866455246670699
0.9,24,29260345,plugin_cox,Cox Plug-in,plug-in,Cox,correct,FALSE,2000,0.3,3,0.3,1.2,1,0.2,0.1,1500,2.3361658034346924,0.24785714285714286,0.055,0.9,2.147434958713104,0.08205516393761454
0.9,24,29260345,plugin_lognormal,Log-Normal Plug-in,plug-in,Log-Normal,misspecified,FALSE,2000,0.3,3,0.3,1.2,1,0.2,0.1,1500,2.3361658034346924,0.24785714285714286,0.055,0.9116666666666666,2.1627952536395245,0.08083138387736952
0.9,24,29260345,plugin_weibull,Weibull Plug-in,plug-in,Weibull,correct,FALSE,2000,0.3,3,0.3,1.2,1,0.2,0.1,1500,2.3361658034346924,0.24785714285714286,0.055,0.9033333333333333,2.149745993507959,0.08256333026050236
0.9,25,29260346,cp_cox,CP + Cox,conformal,Cox,correct,TRUE,2000,0.3,3,0.3,1.2,1,0.2,0.1,1500,2.373986737970668,0.24571428571428572,0.05142857142857143,0.905,2.2009579631541363,0.08668306616112115
0.9,25,29260346,cp_lognormal,CP + Log-Normal,conformal,Log-Normal,misspecified,TRUE,2000,0.3,3,0.3,1.2,1,0.2,0.1,1500,2.373986737970668,0.24571428571428572,0.05142857142857143,0.9283333333333333,2.230327854256182,0.07155892859478054
0.9,25,29260346,cp_weibull,CP + Weibull,conformal,Weibull,correct,TRUE,2000,0.3,3,0.3,1.2,1,0.2,0.1,1500,2.373986737970668,0.24571428571428572,0.05142857142857143,0.9016666666666666,2.200867702955107,0.08237993339085835
0.9,25,29260346,plugin_cox,Cox Plug-in,plug-in,Cox,correct,FALSE,2000,0.3,3,0.3,1.2,1,0.2,0.1,1500,2.373986737970668,0.24571428571428572,0.05142857142857143,0.9183333333333333,2.210114706578002,0.082350368215426
0.9,25,29260346,plugin_lognormal,Log-Normal Plug-in,plug-in,Log-Normal,misspecified,FALSE,2000,0.3,3,0.3,1.2,1,0.2,0.1,1500,2.373986737970668,0.24571428571428572,0.05142857142857143,0.915,2.208018924603887,0.08267138514976369
0.9,25,29260346,plugin_weibull,Weibull Plug-in,plug-in,Weibull,correct,FALSE,2000,0.3,3,0.3,1.2,1,0.2,0.1,1500,2.373986737970668,0.24571428571428572,0.05142857142857143,0.915,2.207980898072221,0.07899506852090717
0.9,26,29260347,cp_cox,CP + Cox,conformal,Cox,correct,TRUE,2000,0.3,3,0.3,1.2,1,0.2,0.1,1500,2.3167088453345994,0.24928571428571428,0.06,0.89,2.1513510367285,0.08270242031840214
0.9,26,29260347,cp_lognormal,CP + Log-Normal,conformal,Log-Normal,misspecified,TRUE,2000,0.3,3,0.3,1.2,1,0.2,0.1,1500,2.3167088453345994,0.24928571428571428,0.06,0.895,2.1543252874196672,0.08549392357161086
0.9,26,29260347,cp_weibull,CP + Weibull,conformal,Weibull,correct,TRUE,2000,0.3,3,0.3,1.2,1,0.2,0.1,1500,2.3167088453345994,0.24928571428571428,0.06,0.885,2.1459414100390046,0.08031363963904069
0.9,26,29260347,plugin_cox,Cox Plug-in,plug-in,Cox,correct,FALSE,2000,0.3,3,0.3,1.2,1,0.2,0.1,1500,2.3167088453345994,0.24928571428571428,0.06,0.89,2.1502050351580833,0.08317704087222229
0.9,26,29260347,plugin_lognormal,Log-Normal Plug-in,plug-in,Log-Normal,misspecified,FALSE,2000,0.3,3,0.3,1.2,1,0.2,0.1,1500,2.3167088453345994,0.24928571428571428,0.06,0.8883333333333333,2.150621005653403,0.08744420466089818
0.9,26,29260347,plugin_weibull,Weibull Plug-in,plug-in,Weibull,correct,FALSE,2000,0.3,3,0.3,1.2,1,0.2,0.1,1500,2.3167088453345994,0.24928571428571428,0.06,0.8883333333333333,2.151500268928438,0.07769925248216031
0.9,27,29260348,cp_cox,CP + Cox,conformal,Cox,correct,TRUE,2000,0.3,3,0.3,1.2,1,0.2,0.1,1500,2.2941850525698553,0.25857142857142856,0.05285714285714286,0.885,2.138227790734779,0.058769493187730434
0.9,27,29260348,cp_lognormal,CP + Log-Normal,conformal,Log-Normal,misspecified,TRUE,2000,0.3,3,0.3,1.2,1,0.2,0.1,1500,2.2941850525698553,0.25857142857142856,0.05285714285714286,0.8866666666666667,2.1402862808383514,0.06163781398375689
0.9,27,29260348,cp_weibull,CP + Weibull,conformal,Weibull,correct,TRUE,2000,0.3,3,0.3,1.2,1,0.2,0.1,1500,2.2941850525698553,0.25857142857142856,0.05285714285714286,0.8866666666666667,2.136257318315318,0.06490678997462597
0.9,27,29260348,plugin_cox,Cox Plug-in,plug-in,Cox,correct,FALSE,2000,0.3,3,0.3,1.2,1,0.2,0.1,1500,2.2941850525698553,0.25857142857142856,0.05285714285714286,0.875,2.1247878052023905,0.06458156353501793
0.9,27,29260348,plugin_lognormal,Log-Normal Plug-in,plug-in,Log-Normal,misspecified,FALSE,2000,0.3,3,0.3,1.2,1,0.2,0.1,1500,2.2941850525698553,0.25857142857142856,0.05285714285714286,0.8816666666666667,2.1335738628222867,0.0643261965380844
0.9,27,29260348,plugin_weibull,Weibull Plug-in,plug-in,Weibull,correct,FALSE,2000,0.3,3,0.3,1.2,1,0.2,0.1,1500,2.2941850525698553,0.25857142857142856,0.05285714285714286,0.88,2.12643309085302,0.06894445360329957
0.9,28,29260349,cp_cox,CP + Cox,conformal,Cox,correct,TRUE,2000,0.3,3,0.3,1.2,1,0.2,0.1,1500,2.2594163553325592,0.265,0.054285714285714284,0.905,2.108342556714774,0.07656582923179059
0.9,28,29260349,cp_lognormal,CP + Log-Normal,conformal,Log-Normal,misspecified,TRUE,2000,0.3,3,0.3,1.2,1,0.2,0.1,1500,2.2594163553325592,0.265,0.054285714285714284,0.9166666666666666,2.126402324080634,0.06497511177044793
0.9,28,29260349,cp_weibull,CP + Weibull,conformal,Weibull,correct,TRUE,2000,0.3,3,0.3,1.2,1,0.2,0.1,1500,2.2594163553325592,0.265,0.054285714285714284,0.8983333333333333,2.1013191230122614,0.0791237218956498
0.9,28,29260349,plugin_cox,Cox Plug-in,plug-in,Cox,correct,FALSE,2000,0.3,3,0.3,1.2,1,0.2,0.1,1500,2.2594163553325592,0.265,0.054285714285714284,0.8883333333333333,2.0933412581951547,0.08447297413266827
0.9,28,29260349,plugin_lognormal,Log-Normal Plug-in,plug-in,Log-Normal,misspecified,FALSE,2000,0.3,3,0.3,1.2,1,0.2,0.1,1500,2.2594163553325592,0.265,0.054285714285714284,0.89,2.0968862266195463,0.07939322776551413
0.9,28,29260349,plugin_weibull,Weibull Plug-in,plug-in,Weibull,correct,FALSE,2000,0.3,3,0.3,1.2,1,0.2,0.1,1500,2.2594163553325592,0.265,0.054285714285714284,0.8883333333333333,2.0911191124448596,0.08422857280052044
0.9,29,29260350,cp_cox,CP + Cox,conformal,Cox,correct,TRUE,2000,0.3,3,0.3,1.2,1,0.2,0.1,1500,2.272810921103219,0.2664285714285714,0.05,0.8916666666666667,2.098354287927287,0.08016129744252241
0.9,29,29260350,cp_lognormal,CP + Log-Normal,conformal,Log-Normal,misspecified,TRUE,2000,0.3,3,0.3,1.2,1,0.2,0.1,1500,2.272810921103219,0.2664285714285714,0.05,0.8966666666666666,2.101292543209104,0.08591747383141089
0.9,29,29260350,cp_weibull,CP + Weibull,conformal,Weibull,correct,TRUE,2000,0.3,3,0.3,1.2,1,0.2,0.1,1500,2.272810921103219,0.2664285714285714,0.05,0.9016666666666666,2.1122057613987004,0.07241388095349376
0.9,29,29260350,plugin_cox,Cox Plug-in,plug-in,Cox,correct,FALSE,2000,0.3,3,0.3,1.2,1,0.2,0.1,1500,2.272810921103219,0.2664285714285714,0.05,0.9033333333333333,2.1093220963009323,0.0758845634847513
0.9,29,29260350,plugin_lognormal,Log-Normal Plug-in,plug-in,Log-Normal,misspecified,FALSE,2000,0.3,3,0.3,1.2,1,0.2,0.1,1500,2.272810921103219,0.2664285714285714,0.05,0.9166666666666666,2.1298025386409276,0.07163616580761681
0.9,29,29260350,plugin_weibull,Weibull Plug-in,plug-in,Weibull,correct,FALSE,2000,0.3,3,0.3,1.2,1,0.2,0.1,1500,2.272810921103219,0.2664285714285714,0.05,0.9083333333333333,2.1173351740263433,0.0701011241525116
0.9,30,29260351,cp_cox,CP + Cox,conformal,Cox,correct,TRUE,2000,0.3,3,0.3,1.2,1,0.2,0.1,1500,2.234254033213472,0.26,0.052142857142857144,0.8883333333333333,2.075113835122985,0.07368908665498249
0.9,30,29260351,cp_lognormal,CP + Log-Normal,conformal,Log-Normal,misspecified,TRUE,2000,0.3,3,0.3,1.2,1,0.2,0.1,1500,2.234254033213472,0.26,0.052142857142857144,0.8833333333333333,2.0628296954317706,0.08906402070746834
0.9,30,29260351,cp_weibull,CP + Weibull,conformal,Weibull,correct,TRUE,2000,0.3,3,0.3,1.2,1,0.2,0.1,1500,2.234254033213472,0.26,0.052142857142857144,0.865,2.0485629588649137,0.08648796342768732
0.9,30,29260351,plugin_cox,Cox Plug-in,plug-in,Cox,correct,FALSE,2000,0.3,3,0.3,1.2,1,0.2,0.1,1500,2.234254033213472,0.26,0.052142857142857144,0.88,2.0666250213037882,0.07742581249617062
0.9,30,29260351,plugin_lognormal,Log-Normal Plug-in,plug-in,Log-Normal,misspecified,FALSE,2000,0.3,3,0.3,1.2,1,0.2,0.1,1500,2.234254033213472,0.26,0.052142857142857144,0.89,2.06985111585002,0.08541602100323059
0.9,30,29260351,plugin_weibull,Weibull Plug-in,plug-in,Weibull,correct,FALSE,2000,0.3,3,0.3,1.2,1,0.2,0.1,1500,2.234254033213472,0.26,0.052142857142857144,0.88,2.0691076775310933,0.07691900119907034
0.99,1,30160322,cp_cox,CP + Cox,conformal,Cox,correct,TRUE,2000,0.3,3,0.3,1.2,1,0.2,0.1,1500,5.19729225926108,0.1992857142857143,0.004285714285714286,0.8966666666666666,5.030226280879188,0.06825125260804353
0.99,1,30160322,cp_lognormal,CP + Log-Normal,conformal,Log-Normal,misspecified,TRUE,2000,0.3,3,0.3,1.2,1,0.2,0.1,1500,5.19729225926108,0.1992857142857143,0.004285714285714286,0.9083333333333333,5.043657171386668,0.06578375451003537
0.99,1,30160322,cp_weibull,CP + Weibull,conformal,Weibull,correct,TRUE,2000,0.3,3,0.3,1.2,1,0.2,0.1,1500,5.19729225926108,0.1992857142857143,0.004285714285714286,0.8916666666666667,5.009662181879754,0.08513468505507304
0.99,1,30160322,plugin_cox,Cox Plug-in,plug-in,Cox,correct,FALSE,2000,0.3,3,0.3,1.2,1,0.2,0.1,1500,5.19729225926108,0.1992857142857143,0.004285714285714286,0.9083333333333333,5.042629516890501,0.062937373398208707
0.99,1,30160322,plugin_lognormal,Log-Normal Plug-in,plug-in,Log-Normal,misspecified,FALSE,2000,0.3,3,0.3,1.2,1,0.2,0.1,1500,5.19729225926108,0.1992857142857143,0.004285714285714286,0.9083333333333333,5.045662868028838,0.06492495163267485
0.99,1,30160322,plugin_weibull,Weibull Plug-in,plug-in,Weibull,correct,FALSE,2000,0.3,3,0.3,1.2,1,0.2,0.1,1500,5.19729225926108,0.1992857142857143,0.004285714285714286,0.9166666666666666,5.048140571041647,0.06767562098366287
0.99,2,30160323,cp_cox,CP + Cox,conformal,Cox,correct,TRUE,2000,0.3,3,0.3,1.2,1,0.2,0.1,1500,5.478990134495659,0.19285714285714287,0.0014285714285714286,0.8883333333333333,5.283663816519263,0.10932568668457719
0.99,2,30160323,cp_lognormal,CP + Log-Normal,conformal,Log-Normal,misspecified,TRUE,2000,0.3,3,0.3,1.2,1,0.2,0.1,1500,5.478990134495659,0.19285714285714287,0.0014285714285714286,0.8933333333333333,5.2947745479353,0.10417961779474615
0.99,2,30160323,cp_weibull,CP + Weibull,conformal,Weibull,correct,TRUE,2000,0.3,3,0.3,1.2,1,0.2,0.1,1500,5.478990134495659,0.19285714285714287,0.0014285714285714286,0.9033333333333333,5.316540930892245,0.08685153554580516
0.99,2,30160323,plugin_cox,Cox Plug-in,plug-in,Cox,correct,FALSE,2000,0.3,3,0.3,1.2,1,0.2,0.1,1500,5.478990134495659,0.19285714285714287,0.0014285714285714286,0.8966666666666666,5.2971932932238275,0.10317585433484228
0.99,2,30160323,plugin_lognormal,Log-Normal Plug-in,plug-in,Log-Normal,misspecified,FALSE,2000,0.3,3,0.3,1.2,1,0.2,0.1,1500,5.478990134495659,0.19285714285714287,0.0014285714285714286,0.8983333333333333,5.306180580602327,0.09772915317341578
0.99,2,30160323,plugin_weibull,Weibull Plug-in,plug-in,Weibull,correct,FALSE,2000,0.3,3,0.3,1.2,1,0.2,0.1,1500,5.478990134495659,0.19285714285714287,0.0014285714285714286,0.8933333333333333,5.299987102500126,0.09570184310734418
0.99,3,30160324,cp_cox,CP + Cox,conformal,Cox,correct,TRUE,2000,0.3,3,0.3,1.2,1,0.2,0.1,1500,4.912545912874913,0.2092857142857143,0.0014285714285714286,0.91,4.7423460329919465,0.07920716631665263
0.99,3,30160324,cp_lognormal,CP + Log-Normal,conformal,Log-Normal,misspecified,TRUE,2000,0.3,3,0.3,1.2,1,0.2,0.1,1500,4.912545912874913,0.2092857142857143,0.0014285714285714286,0.9066666666666666,4.733872076728029,0.08910152601303434
0.99,3,30160324,cp_weibull,CP + Weibull,conformal,Weibull,correct,TRUE,2000,0.3,3,0.3,1.2,1,0.2,0.1,1500,4.912545912874913,0.2092857142857143,0.0014285714285714286,0.9083333333333333,4.7386117678190445,0.08040686761928491
0.99,3,30160324,plugin_cox,Cox Plug-in,plug-in,Cox,correct,FALSE,2000,0.3,3,0.3,1.2,1,0.2,0.1,1500,4.912545912874913,0.2092857142857143,0.0014285714285714286,0.91,4.749376514805033,0.07626699954053079
0.99,3,30160324,plugin_lognormal,Log-Normal Plug-in,plug-in,Log-Normal,misspecified,FALSE,2000,0.3,3,0.3,1.2,1,0.2,0.1,1500,4.912545912874913,0.2092857142857143,0.0014285714285714286,0.9116666666666666,4.7540075571866796,0.07906031307127734
0.99,3,30160324,plugin_weibull,Weibull Plug-in,plug-in,Weibull,correct,FALSE,2000,0.3,3,0.3,1.2,1,0.2,0.1,1500,4.912545912874913,0.2092857142857143,0.0014285714285714286,0.9116666666666666,4.751217843736422,0.07457928800769327
0.99,4,30160325,cp_cox,CP + Cox,conformal,Cox,correct,TRUE,2000,0.3,3,0.3,1.2,1,0.2,0.1,1500,5.216573643143394,0.20785714285714285,7.142857142857143e-4,0.9233333333333333,5.077622956923553,0.06324148650483584
0.99,4,30160325,cp_lognormal,CP + Log-Normal,conformal,Log-Normal,misspecified,TRUE,2000,0.3,3,0.3,1.2,1,0.2,0.1,1500,5.216573643143394,0.20785714285714285,7.142857142857143e-4,0.9166666666666666,5.06939057413581,0.06685292880835315
0.99,4,30160325,cp_weibull,CP + Weibull,conformal,Weibull,correct,TRUE,2000,0.3,3,0.3,1.2,1,0.2,0.1,1500,5.216573643143394,0.20785714285714285,7.142857142857143e-4,0.9016666666666666,5.051332142914397,0.068754712227567
0.99,4,30160325,plugin_cox,Cox Plug-in,plug-in,Cox,correct,FALSE,2000,0.3,3,0.3,1.2,1,0.2,0.1,1500,5.216573643143394,0.20785714285714285,7.142857142857143e-4,0.9116666666666666,5.0654331360580365,0.06859289200573256
0.99,4,30160325,plugin_lognormal,Log-Normal Plug-in,plug-in,Log-Normal,misspecified,FALSE,2000,0.3,3,0.3,1.2,1,0.2,0.1,1500,5.216573643143394,0.20785714285714285,7.142857142857143e-4,0.9083333333333333,5.059502369270167,0.0713443112776996
0.99,4,30160325,plugin_weibull,Weibull Plug-in,plug-in,Weibull,correct,FALSE,2000,0.3,3,0.3,1.2,1,0.2,0.1,1500,5.216573643143394,0.20785714285714285,7.142857142857143e-4,0.905,5.057519870843465,0.06618008386534589
0.99,5,30160326,cp_cox,CP + Cox,conformal,Cox,correct,TRUE,2000,0.3,3,0.3,1.2,1,0.2,0.1,1500,4.775331889494277,0.21357142857142858,0.002142857142857143,0.885,4.602173613482896,0.0647161197237104
0.99,5,30160326,cp_lognormal,CP + Log-Normal,conformal,Log-Normal,misspecified,TRUE,2000,0.3,3,0.3,1.2,1,0.2,0.1,1500,4.775331889494277,0.21357142857142858,0.002142857142857143,0.8966666666666666,4.615856843570995,0.0637170133032755
0.99,5,30160326,cp_weibull,CP + Weibull,conformal,Weibull,correct,TRUE,2000,0.3,3,0.3,1.2,1,0.2,0.1,1500,4.775331889494277,0.21357142857142858,0.002142857142857143,0.9016666666666666,4.620753486501369,0.05937191116744254
0.99,5,30160326,plugin_cox,Cox Plug-in,plug-in,Cox,correct,FALSE,2000,0.3,3,0.3,1.2,1,0.2,0.1,1500,4.775331889494277,0.21357142857142858,0.002142857142857143,0.8833333333333333,4.6008136966233,0.06523423490738767
0.99,5,30160326,plugin_lognormal,Log-Normal Plug-in,plug-in,Log-Normal,misspecified,FALSE,2000,0.3,3,0.3,1.2,1,0.2,0.1,1500,4.775331889494277,0.21357142857142858,0.002142857142857143,0.8833333333333333,4.604746433375865,0.06815609121737402
0.99,5,30160326,plugin_weibull,Weibull Plug-in,plug-in,Weibull,correct,FALSE,2000,0.3,3,0.3,1.2,1,0.2,0.1,1500,4.775331889494277,0.21357142857142858,0.002142857142857143,0.88,4.604254540739508,0.06570897975634885
0.99,6,30160327,cp_cox,CP + Cox,conformal,Cox,correct,TRUE,2000,0.3,3,0.3,1.2,1,0.2,0.1,1500,5.175557236328094,0.19,0.002142857142857143,0.8766666666666667,5.0029064542640604,0.07263454594956503
0.99,6,30160327,cp_lognormal,CP + Log-Normal,conformal,Log-Normal,misspecified,TRUE,2000,0.3,3,0.3,1.2,1,0.2,0.1,1500,5.175557236328094,0.19,0.002142857142857143,0.8633333333333333,4.983056963792436,0.08322770612950268
0.99,6,30160327,cp_weibull,CP + Weibull,conformal,Weibull,correct,TRUE,2000,0.3,3,0.3,1.2,1,0.2,0.1,1500,5.175557236328094,0.19,0.002142857142857143,0.8766666666666667,5.004868303113484,0.07167298739916654
0.99,6,30160327,plugin_cox,Cox Plug-in,plug-in,Cox,correct,FALSE,2000,0.3,3,0.3,1.2,1,0.2,0.1,1500,5.175557236328094,0.19,0.002142857142857143,0.8716666666666667,4.997852919140022,0.07478243613991074
0.99,6,30160327,plugin_lognormal,Log-Normal Plug-in,plug-in,Log-Normal,misspecified,FALSE,2000,0.3,3,0.3,1.2,1,0.2,0.1,1500,5.175557236328094,0.19,0.002142857142857143,0.87,4.993243085148957,0.07882372527434318
0.99,6,30160327,plugin_weibull,Weibull Plug-in,plug-in,Weibull,correct,FALSE,2000,0.3,3,0.3,1.2,1,0.2,0.1,1500,5.175557236328094,0.19,0.002142857142857143,0.8733333333333333,4.998152666975716,0.07449291072527031
0.99,7,30160328,cp_cox,CP + Cox,conformal,Cox,correct,TRUE,2000,0.3,3,0.3,1.2,1,0.2,0.1,1500,4.950751927705824,0.20642857142857143,0.002142857142857143,0.8733333333333333,4.772374399882102,0.07907894891450383
0.99,7,30160328,cp_lognormal,CP + Log-Normal,conformal,Log-Normal,misspecified,TRUE,2000,0.3,3,0.3,1.2,1,0.2,0.1,1500,4.950751927705824,0.20642857142857143,0.002142857142857143,0.87,4.765597698993098,0.09098842047694686
0.99,7,30160328,cp_weibull,CP + Weibull,conformal,Weibull,correct,TRUE,2000,0.3,3,0.3,1.2,1,0.2,0.1,1500,4.950751927705824,0.20642857142857143,0.002142857142857143,0.8733333333333333,4.77232076140245,0.08089280485255207
0.99,7,30160328,plugin_cox,Cox Plug-in,plug-in,Cox,correct,FALSE,2000,0.3,3,0.3,1.2,1,0.2,0.1,1500,4.950751927705824,0.20642857142857143,0.002142857142857143,0.87,4.76635854086766,0.08172175354825789
0.99,7,30160328,plugin_lognormal,Log-Normal Plug-in,plug-in,Log-Normal,misspecified,FALSE,2000,0.3,3,0.3,1.2,1,0.2,0.1,1500,4.950751927705824,0.20642857142857143,0.002142857142857143,0.8716666666666667,4.772741178705686,0.087477974400309
0.99,7,30160328,plugin_weibull,Weibull Plug-in,plug-in,Weibull,correct,FALSE,2000,0.3,3,0.3,1.2,1,0.2,0.1,1500,4.950751927705824,0.20642857142857143,0.002142857142857143,0.8716666666666667,4.7673697039912115,0.08313739546572003
0.99,8,30160329,cp_cox,CP + Cox,conformal,Cox,correct,TRUE,2000,0.3,3,0.3,1.2,1,0.2,0.1,1500,5.259670586469271,0.20857142857142857,0.002142857142857143,0.9233333333333333,5.104985993594459,0.06722297635133764
0.99,8,30160329,cp_lognormal,CP + Log-Normal,conformal,Log-Normal,misspecified,TRUE,2000,0.3,3,0.3,1.2,1,0.2,0.1,1500,5.259670586469271,0.20857142857142857,0.002142857142857143,0.925,5.107843720764241,0.07116995660144743
0.99,8,30160329,cp_weibull,CP + Weibull,conformal,Weibull,correct,TRUE,2000,0.3,3,0.3,1.2,1,0.2,0.1,1500,5.259670586469271,0.20857142857142857,0.002142857142857143,0.91,5.079136058062094,0.08271470974868382
0.99,8,30160329,plugin_cox,Cox Plug-in,plug-in,Cox,correct,FALSE,2000,0.3,3,0.3,1.2,1,0.2,0.1,1500,5.259670586469271,0.20857142857142857,0.002142857142857143,0.9116666666666666,5.079223936290898,0.07814338824199313
0.99,8,30160329,plugin_lognormal,Log-Normal Plug-in,plug-in,Log-Normal,misspecified,FALSE,2000,0.3,3,0.3,1.2,1,0.2,0.1,1500,5.259670586469271,0.20857142857142857,0.002142857142857143,0.92,5.094216745776913,0.07755770104939849
0.99,8,30160329,plugin_weibull,Weibull Plug-in,plug-in,Weibull,correct,FALSE,2000,0.3,3,0.3,1.2,1,0.2,0.1,1500,5.259670586469271,0.20857142857142857,0.002142857142857143,0.915,5.085638931597025,0.07973531682191307
0.99,9,30160330,cp_cox,CP + Cox,conformal,Cox,correct,TRUE,2000,0.3,3,0.3,1.2,1,0.2,0.1,1500,5.049780313436483,0.20785714285714285,0.004285714285714286,0.9133333333333333,4.894780914909118,0.07866434295790213
0.99,9,30160330,cp_lognormal,CP + Log-Normal,conformal,Log-Normal,misspecified,TRUE,2000,0.3,3,0.3,1.2,1,0.2,0.1,1500,5.049780313436483,0.20785714285714285,0.004285714285714286,0.91,4.886529224158364,0.07604440626550057
0.99,9,30160330,cp_weibull,CP + Weibull,conformal,Weibull,correct,TRUE,2000,0.3,3,0.3,1.2,1,0.2,0.1,1500,5.049780313436483,0.20785714285714285,0.004285714285714286,0.9166666666666666,4.89849332264501,0.06895355204702068
0.99,9,30160330,plugin_cox,Cox Plug-in,plug-in,Cox,correct,FALSE,2000,0.3,3,0.3,1.2,1,0.2,0.1,1500,5.049780313436483,0.20785714285714285,0.004285714285714286,0.905,4.882584439084009,0.0844676127226829
0.99,9,30160330,plugin_lognormal,Log-Normal Plug-in,plug-in,Log-Normal,misspecified,FALSE,2000,0.3,3,0.3,1.2,1,0.2,0.1,1500,5.049780313436483,0.20785714285714285,0.004285714285714286,0.9133333333333333,4.891294829396737,0.07382452753482695
0.99,9,30160330,plugin_weibull,Weibull Plug-in,plug-in,Weibull,correct,FALSE,2000,0.3,3,0.3,1.2,1,0.2,0.1,1500,5.049780313436483,0.20785714285714285,0.004285714285714286,0.9066666666666666,4.881788229971199,0.07656739558444428
0.99,10,30160331,cp_cox,CP + Cox,conformal,Cox,correct,TRUE,2000,0.3,3,0.3,1.2,1,0.2,0.1,1500,5.193774219975684,0.205,0.0014285714285714286,0.9,5.0309841191479405,0.07321513253699219
0.99,10,30160331,cp_lognormal,CP + Log-Normal,conformal,Log-Normal,misspecified,TRUE,2000,0.3,3,0.3,1.2,1,0.2,0.1,1500,5.193774219975684,0.205,0.0014285714285714286,0.9033333333333333,5.029385411727746,0.0833041522810897
0.99,10,30160331,cp_weibull,CP + Weibull,conformal,Weibull,correct,TRUE,2000,0.3,3,0.3,1.2,1,0.2,0.1,1500,5.193774219975684,0.205,0.0014285714285714286,0.9,5.031258881965435,0.076031984422074
0.99,10,30160331,plugin_cox,Cox Plug-in,plug-in,Cox,correct,FALSE,2000,0.3,3,0.3,1.2,1,0.2,0.1,1500,5.193774219975684,0.205,0.0014285714285714286,0.9,5.031442367842184,0.07299032169515839
0.99,10,30160331,plugin_lognormal,Log-Normal Plug-in,plug-in,Log-Normal,misspecified,FALSE,2000,0.3,3,0.3,1.2,1,0.2,0.1,1500,5.193774219975684,0.205,0.0014285714285714286,0.9016666666666666,5.028594487464277,0.08370495374676717
0.99,10,30160331,plugin_weibull,Weibull Plug-in,plug-in,Weibull,correct,FALSE,2000,0.3,3,0.3,1.2,1,0.2,0.1,1500,5.193774219975684,0.205,0.0014285714285714286,0.9,5.0319937685810565,0.07568817141097593
0.99,11,30160332,cp_cox,CP + Cox,conformal,Cox,correct,TRUE,2000,0.3,3,0.3,1.2,1,0.2,0.1,1500,4.528082955181081,0.20714285714285716,0.002857142857142857,0.8666666666666667,4.326558641557564,0.097391989604602755
0.99,11,30160332,cp_lognormal,CP + Log-Normal,conformal,Log-Normal,misspecified,TRUE,2000,0.3,3,0.3,1.2,1,0.2,0.1,1500,4.528082955181081,0.20714285714285716,0.002857142857142857,0.89,4.351103326017647,0.09361019464579905
0.99,11,30160332,cp_weibull,CP + Weibull,conformal,Weibull,correct,TRUE,2000,0.3,3,0.3,1.2,1,0.2,0.1,1500,4.528082955181081,0.20714285714285716,0.002857142857142857,0.8766666666666667,4.33805078389178,0.0933953582790307
0.99,11,30160332,plugin_cox,Cox Plug-in,plug-in,Cox,correct,FALSE,2000,0.3,3,0.3,1.2,1,0.2,0.1,1500,4.528082955181081,0.20714285714285716,0.002857142857142857,0.88,4.343429935136188,0.08940394936899186
0.99,11,30160332,plugin_lognormal,Log-Normal Plug-in,plug-in,Log-Normal,misspecified,FALSE,2000,0.3,3,0.3,1.2,1,0.2,0.1,1500,4.528082955181081,0.20714285714285716,0.002857142857142857,0.88,4.341951358209677,0.09845096356336147
0.99,11,30160332,plugin_weibull,Weibull Plug-in,plug-in,Weibull,correct,FALSE,2000,0.3,3,0.3,1.2,1,0.2,0.1,1500,4.528082955181081,0.20714285714285716,0.002857142857142857,0.88,4.34432540497376,0.0903115620984118
0.99,12,30160333,cp_cox,CP + Cox,conformal,Cox,correct,TRUE,2000,0.3,3,0.3,1.2,1,0.2,0.1,1500,4.819190505609557,0.21928571428571428,0.002857142857142857,0.9016666666666666,4.638507604415038,0.07219779432810246
0.99,12,30160333,cp_lognormal,CP + Log-Normal,conformal,Log-Normal,misspecified,TRUE,2000,0.3,3,0.3,1.2,1,0.2,0.1,1500,4.819190505609557,0.21928571428571428,0.002857142857142857,0.8983333333333333,4.632839135561546,0.0800585976413167
0.99,12,30160333,cp_weibull,CP + Weibull,conformal,Weibull,correct,TRUE,2000,0.3,3,0.3,1.2,1,0.2,0.1,1500,4.819190505609557,0.21928571428571428,0.002857142857142857,0.9116666666666666,4.644483251010039,0.07787307297531376
0.99,12,30160333,plugin_cox,Cox Plug-in,plug-in,Cox,correct,FALSE,2000,0.3,3,0.3,1.2,1,0.2,0.1,1500,4.819190505609557,0.21928571428571428,0.002857142857142857,0.9033333333333333,4.640920194432992,0.07116675920718613
0.99,12,30160333,plugin_lognormal,Log-Normal Plug-in,plug-in,Log-Normal,misspecified,FALSE,2000,0.3,3,0.3,1.2,1,0.2,0.1,1500,4.819190505609557,0.21928571428571428,0.002857142857142857,0.9116666666666666,4.6479389890484395,0.07357153454948842
0.99,12,30160333,plugin_weibull,Weibull Plug-in,plug-in,Weibull,correct,FALSE,2000,0.3,3,0.3,1.2,1,0.2,0.1,1500,4.819190505609557,0.21928571428571428,0.002857142857142857,0.9116666666666666,4.644384270172189,0.07791719216215968
0.99,13,30160334,cp_cox,CP + Cox,conformal,Cox,correct,TRUE,2000,0.3,3,0.3,1.2,1,0.2,0.1,1500,4.752712459540713,0.1992857142857143,0.0035714285714285713,0.855,4.543353837843125,0.08470216678804011
0.99,13,30160334,cp_lognormal,CP + Log-Normal,conformal,Log-Normal,misspecified,TRUE,2000,0.3,3,0.3,1.2,1,0.2,0.1,1500,4.752712459540713,0.1992857142857143,0.0035714285714285713,0.87,4.571560099661812,0.07876797275624192
0.99,13,30160334,cp_weibull,CP + Weibull,conformal,Weibull,correct,TRUE,2000,0.3,3,0.3,1.2,1,0.2,0.1,1500,4.752712459540713,0.1992857142857143,0.0035714285714285713,0.86,4.545633904352249,0.08892872006240177
0.99,13,30160334,plugin_cox,Cox Plug-in,plug-in,Cox,correct,FALSE,2000,0.3,3,0.3,1.2,1,0.2,0.1,1500,4.752712459540713,0.1992857142857143,0.0035714285714285713,0.8683333333333333,4.5641396018691305,0.07623597560429939
0.99,13,30160334,plugin_lognormal,Log-Normal Plug-in,plug-in,Log-Normal,misspecified,FALSE,2000,0.3,3,0.3,1.2,1,0.2,0.1,1500,4.752712459540713,0.1992857142857143,0.0035714285714285713,0.87,4.563934428283247,0.08208373787128888
0.99,13,30160334,plugin_weibull,Weibull Plug-in,plug-in,Weibull,correct,FALSE,2000,0.3,3,0.3,1.2,1,0.2,0.1,1500,4.752712459540713,0.1992857142857143,0.0035714285714285713,0.8716666666666667,4.568801489262644,0.07897953111261675
0.99,14,30160335,cp_cox,CP + Cox,conformal,Cox,correct,TRUE,2000,0.3,3,0.3,1.2,1,0.2,0.1,1500,4.902717829534122,0.21642857142857144,0.002857142857142857,0.9183333333333333,4.744461516079383,0.07699398983102027
0.99,14,30160335,cp_lognormal,CP + Log-Normal,conformal,Log-Normal,misspecified,TRUE,2000,0.3,3,0.3,1.2,1,0.2,0.1,1500,4.902717829534122,0.21642857142857144,0.002857142857142857,0.9083333333333333,4.734534157726244,0.08098315176421284
0.99,14,30160335,cp_weibull,CP + Weibull,conformal,Weibull,correct,TRUE,2000,0.3,3,0.3,1.2,1,0.2,0.1,1500,4.902717829534122,0.21642857142857144,0.002857142857142857,0.9116666666666666,4.740736214556978,0.07710609871816022
0.99,14,30160335,plugin_cox,Cox Plug-in,plug-in,Cox,correct,FALSE,2000,0.3,3,0.3,1.2,1,0.2,0.1,1500,4.902717829534122,0.21642857142857144,0.002857142857142857,0.9,4.718929756879298,0.08782311758615827
0.99,14,30160335,plugin_lognormal,Log-Normal Plug-in,plug-in,Log-Normal,misspecified,FALSE,2000,0.3,3,0.3,1.2,1,0.2,0.1,1500,4.902717829534122,0.21642857142857144,0.002857142857142857,0.9066666666666666,4.725208555608996,0.08547357966030733
0.99,14,30160335,plugin_weibull,Weibull Plug-in,plug-in,Weibull,correct,FALSE,2000,0.3,3,0.3,1.2,1,0.2,0.1,1500,4.902717829534122,0.21642857142857144,0.002857142857142857,0.9033333333333333,4.72186605596857,0.08608862621765731
0.99,15,30160336,cp_cox,CP + Cox,conformal,Cox,correct,TRUE,2000,0.3,3,0.3,1.2,1,0.2,0.1,1500,5.025332143359115,0.18428571428571427,0.0035714285714285713,0.9133333333333333,4.875774070505886,0.06793142524829285
0.99,15,30160336,cp_lognormal,CP + Log-Normal,conformal,Log-Normal,misspecified,TRUE,2000,0.3,3,0.3,1.2,1,0.2,0.1,1500,5.025332143359115,0.18428571428571427,0.0035714285714285713,0.9166666666666666,4.880891871863235,0.06444325090524347
0.99,15,30160336,cp_weibull,CP + Weibull,conformal,Weibull,correct,TRUE,2000,0.3,3,0.3,1.2,1,0.2,0.1,1500,5.025332143359115,0.18428571428571427,0.0035714285714285713,0.9116666666666666,4.865357641277941,0.06724807922049475
0.99,15,30160336,plugin_cox,Cox Plug-in,plug-in,Cox,correct,FALSE,2000,0.3,3,0.3,1.2,1,0.2,0.1,1500,5.025332143359115,0.18428571428571427,0.0035714285714285713,0.9133333333333333,4.868272334780777,0.07181982792327689
0.99,15,30160336,plugin_lognormal,Log-Normal Plug-in,plug-in,Log-Normal,misspecified,FALSE,2000,0.3,3,0.3,1.2,1,0.2,0.1,1500,5.025332143359115,0.18428571428571427,0.0035714285714285713,0.9133333333333333,4.866284135885652,0.0709606160764088
0.99,15,30160336,plugin_weibull,Weibull Plug-in,plug-in,Weibull,correct,FALSE,2000,0.3,3,0.3,1.2,1,0.2,0.1,1500,5.025332143359115,0.18428571428571427,0.0035714285714285713,0.9116666666666666,4.8641530057117945,0.06775446884465455
0.99,16,30160337,cp_cox,CP + Cox,conformal,Cox,correct,TRUE,2000,0.3,3,0.3,1.2,1,0.2,0.1,1500,4.9686729147273265,0.20857142857142857,0.004285714285714286,0.9133333333333333,4.826447400901213,0.06083781627650213
0.99,16,30160337,cp_lognormal,CP + Log-Normal,conformal,Log-Normal,misspecified,TRUE,2000,0.3,3,0.3,1.2,1,0.2,0.1,1500,4.9686729147273265,0.20857142857142857,0.004285714285714286,0.9,4.815057826377458,0.06145217210729823
0.99,16,30160337,cp_weibull,CP + Weibull,conformal,Weibull,correct,TRUE,2000,0.3,3,0.3,1.2,1,0.2,0.1,1500,4.9686729147273265,0.20857142857142857,0.004285714285714286,0.9183333333333333,4.832174496430071,0.059058352432544946
0.99,16,30160337,plugin_cox,Cox Plug-in,plug-in,Cox,correct,FALSE,2000,0.3,3,0.3,1.2,1,0.2,0.1,1500,4.9686729147273265,0.20857142857142857,0.004285714285714286,0.8966666666666666,4.80850369624808,0.06829511676697134
0.99,16,30160337,plugin_lognormal,Log-Normal Plug-in,plug-in,Log-Normal,misspecified,FALSE,2000,0.3,3,0.3,1.2,1,0.2,0.1,1500,4.9686729147273265,0.20857142857142857,0.004285714285714286,0.9033333333333333,4.818814205926485,0.05994947022412525
0.99,16,30160337,plugin_weibull,Weibull Plug-in,plug-in,Weibull,correct,FALSE,2000,0.3,3,0.3,1.2,1,0.2,0.1,1500,4.9686729147273265,0.20857142857142857,0.004285714285714286,0.9033333333333333,4.813943050549327,0.06694649626315703
0.99,17,30160338,cp_cox,CP + Cox,conformal,Cox,correct,TRUE,2000,0.3,3,0.3,1.2,1,0.2,0.1,1500,4.472998540746102,0.18428571428571427,0.0035714285714285713,0.91,4.317550098230972,0.07342140502202081
0.99,17,30160338,cp_lognormal,CP + Log-Normal,conformal,Log-Normal,misspecified,TRUE,2000,0.3,3,0.3,1.2,1,0.2,0.1,1500,4.472998540746102,0.18428571428571427,0.0035714285714285713,0.925,4.332764569254246,0.06474942491310597
0.99,17,30160338,cp_weibull,CP + Weibull,conformal,Weibull,correct,TRUE,2000,0.3,3,0.3,1.2,1,0.2,0.1,1500,4.472998540746102,0.18428571428571427,0.0035714285714285713,0.9283333333333333,4.336301671081874,0.05913241319614605
0.99,17,30160338,plugin_cox,Cox Plug-in,plug-in,Cox,correct,FALSE,2000,0.3,3,0.3,1.2,1,0.2,0.1,1500,4.472998540746102,0.18428571428571427,0.0035714285714285713,0.905,4.312901361516554,0.07554266894197838
0.99,17,30160338,plugin_lognormal,Log-Normal Plug-in,plug-in,Log-Normal,misspecified,FALSE,2000,0.3,3,0.3,1.2,1,0.2,0.1,1500,4.472998540746102,0.18428571428571427,0.0035714285714285713,0.9116666666666666,4.319868407191501,0.07070389563275933
0.99,17,30160338,plugin_weibull,Weibull Plug-in,plug-in,Weibull,correct,FALSE,2000,0.3,3,0.3,1.2,1,0.2,0.1,1500,4.472998540746102,0.18428571428571427,0.0035714285714285713,0.9016666666666666,4.311285568047858,0.06995389392791675
0.99,18,30160339,cp_cox,CP + Cox,conformal,Cox,correct,TRUE,2000,0.3,3,0.3,1.2,1,0.2,0.1,1500,4.597646448719513,0.18928571428571428,0.0064285714285714285,0.915,4.436457699377381,0.06253747269081322
0.99,18,30160339,cp_lognormal,CP + Log-Normal,conformal,Log-Normal,misspecified,TRUE,2000,0.3,3,0.3,1.2,1,0.2,0.1,1500,4.597646448719513,0.18928571428571428,0.0064285714285714285,0.9083333333333333,4.4183546018040945,0.0825244370296531
0.99,18,30160339,cp_weibull,CP + Weibull,conformal,Weibull,correct,TRUE,2000,0.3,3,0.3,1.2,1,0.2,0.1,1500,4.597646448719513,0.18928571428571428,0.0064285714285714285,0.9083333333333333,4.4173184057441555,0.07864150128852404
0.99,18,30160339,plugin_cox,Cox Plug-in,plug-in,Cox,correct,FALSE,2000,0.3,3,0.3,1.2,1,0.2,0.1,1500,4.597646448719513,0.18928571428571428,0.0064285714285714285,0.9116666666666666,4.428325002578668,0.06592590870899577
0.99,18,30160339,plugin_lognormal,Log-Normal Plug-in,plug-in,Log-Normal,misspecified,FALSE,2000,0.3,3,0.3,1.2,1,0.2,0.1,1500,4.597646448719513,0.18928571428571428,0.0064285714285714285,0.91,4.423418149570264,0.08019378766681313
0.99,18,30160339,plugin_weibull,Weibull Plug-in,plug-in,Weibull,correct,FALSE,2000,0.3,3,0.3,1.2,1,0.2,0.1,1500,4.597646448719513,0.18928571428571428,0.0064285714285714285,0.915,4.430761080335682,0.07277911796883592
0.99,19,30160340,cp_cox,CP + Cox,conformal,Cox,correct,TRUE,2000,0.3,3,0.3,1.2,1,0.2,0.1,1500,4.122045269590381,0.21428571428571427,0.005,0.89,3.9481782471581335,0.07041538382762502
0.99,19,30160340,cp_lognormal,CP + Log-Normal,conformal,Log-Normal,misspecified,TRUE,2000,0.3,3,0.3,1.2,1,0.2,0.1,1500,4.122045269590381,0.21428571428571427,0.005,0.8916666666666667,3.9470355928412846,0.07622880159433024
0.99,19,30160340,cp_weibull,CP + Weibull,conformal,Weibull,correct,TRUE,2000,0.3,3,0.3,1.2,1,0.2,0.1,1500,4.122045269590381,0.21428571428571427,0.005,0.88,3.9301350788822926,0.08335631818390543
0.99,19,30160340,plugin_cox,Cox Plug-in,plug-in,Cox,correct,FALSE,2000,0.3,3,0.3,1.2,1,0.2,0.1,1500,4.122045269590381,0.21428571428571427,0.005,0.8916666666666667,3.9553426540045553,0.06700691122609574
0.99,19,30160340,plugin_lognormal,Log-Normal Plug-in,plug-in,Log-Normal,misspecified,FALSE,2000,0.3,3,0.3,1.2,1,0.2,0.1,1500,4.122045269590381,0.21428571428571427,0.005,0.8966666666666666,3.9535230771309604,0.0734030541159606
0.99,19,30160340,plugin_weibull,Weibull Plug-in,plug-in,Weibull,correct,FALSE,2000,0.3,3,0.3,1.2,1,0.2,0.1,1500,4.122045269590381,0.21428571428571427,0.005,0.895,3.9538781384539194,0.07304350456515198
0.99,20,30160341,cp_cox,CP + Cox,conformal,Cox,correct,TRUE,2000,0.3,3,0.3,1.2,1,0.2,0.1,1500,4.632272108109282,0.22071428571428572,0.002857142857142857,0.8783333333333333,4.43934977803307,0.08337124708147545
0.99,20,30160341,cp_lognormal,CP + Log-Normal,conformal,Log-Normal,misspecified,TRUE,2000,0.3,3,0.3,1.2,1,0.2,0.1,1500,4.632272108109282,0.22071428571428572,0.002857142857142857,0.8883333333333333,4.446579985938051,0.07815119107238051
0.99,20,30160341,cp_weibull,CP + Weibull,conformal,Weibull,correct,TRUE,2000,0.3,3,0.3,1.2,1,0.2,0.1,1500,4.632272108109282,0.22071428571428572,0.002857142857142857,0.895,4.461174955465585,0.07351194421960176
0.99,20,30160341,plugin_cox,Cox Plug-in,plug-in,Cox,correct,FALSE,2000,0.3,3,0.3,1.2,1,0.2,0.1,1500,4.632272108109282,0.22071428571428572,0.002857142857142857,0.8933333333333333,4.465676377712148,0.07046570766657595
0.99,20,30160341,plugin_lognormal,Log-Normal Plug-in,plug-in,Log-Normal,misspecified,FALSE,2000,0.3,3,0.3,1.2,1,0.2,0.1,1500,4.632272108109282,0.22071428571428572,0.002857142857142857,0.8916666666666667,4.458810618742671,0.07300375395941229
0.99,20,30160341,plugin_weibull,Weibull Plug-in,plug-in,Weibull,correct,FALSE,2000,0.3,3,0.3,1.2,1,0.2,0.1,1500,4.632272108109282,0.22071428571428572,0.002857142857142857,0.8933333333333333,4.4602941224002235,0.07389039441685541
0.99,21,30160342,cp_cox,CP + Cox,conformal,Cox,correct,TRUE,2000,0.3,3,0.3,1.2,1,0.2,0.1,1500,4.358037933226222,0.20285714285714285,0.002857142857142857,0.8516666666666667,4.16391548531968,0.06535419721620865
0.99,21,30160342,cp_lognormal,CP + Log-Normal,conformal,Log-Normal,misspecified,TRUE,2000,0.3,3,0.3,1.2,1,0.2,0.1,1500,4.358037933226222,0.20285714285714285,0.002857142857142857,0.8733333333333333,4.183336547253981,0.07018114431663086
0.99,21,30160342,cp_weibull,CP + Weibull,conformal,Weibull,correct,TRUE,2000,0.3,3,0.3,1.2,1,0.2,0.1,1500,4.358037933226222,0.20285714285714285,0.002857142857142857,0.87,4.180909244463527,0.06693006440433652
0.99,21,30160342,plugin_cox,Cox Plug-in,plug-in,Cox,correct,FALSE,2000,0.3,3,0.3,1.2,1,0.2,0.1,1500,4.358037933226222,0.20285714285714285,0.002857142857142857,0.8566666666666667,4.1715751909385705,0.062460900604262154
0.99,21,30160342,plugin_lognormal,Log-Normal Plug-in,plug-in,Log-Normal,misspecified,FALSE,2000,0.3,3,0.3,1.2,1,0.2,0.1,1500,4.358037933226222,0.20285714285714285,0.002857142857142857,0.86,4.170989530572273,0.07514119517596721
0.99,21,30160342,plugin_weibull,Weibull Plug-in,plug-in,Weibull,correct,FALSE,2000,0.3,3,0.3,1.2,1,0.2,0.1,1500,4.358037933226222,0.20285714285714285,0.002857142857142857,0.8616666666666667,4.1754662190209,0.06898677269916016
0.99,22,30160343,cp_cox,CP + Cox,conformal,Cox,correct,TRUE,2000,0.3,3,0.3,1.2,1,0.2,0.1,1500,5.513241043828964,0.2307142857142857,0.002142857142857143,0.8966666666666666,5.342104896653058,0.08094487920723807
0.99,22,30160343,cp_lognormal,CP + Log-Normal,conformal,Log-Normal,misspecified,TRUE,2000,0.3,3,0.3,1.2,1,0.2,0.1,1500,5.513241043828964,0.2307142857142857,0.002142857142857143,0.8816666666666667,5.313323076049445,0.1020092973627405
0.99,22,30160343,cp_weibull,CP + Weibull,conformal,Weibull,correct,TRUE,2000,0.3,3,0.3,1.2,1,0.2,0.1,1500,5.513241043828964,0.2307142857142857,0.002142857142857143,0.895,5.341765877758036,0.08106377728314704
0.99,22,30160343,plugin_cox,Cox Plug-in,plug-in,Cox,correct,FALSE,2000,0.3,3,0.3,1.2,1,0.2,0.1,1500,5.513241043828964,0.2307142857142857,0.002142857142857143,0.8966666666666666,5.343687332164454,0.08010299494532926
0.99,22,30160343,plugin_lognormal,Log-Normal Plug-in,plug-in,Log-Normal,misspecified,FALSE,2000,0.3,3,0.3,1.2,1,0.2,0.1,1500,5.513241043828964,0.2307142857142857,0.002142857142857143,0.9016666666666666,5.346119157058737,0.08527490766696783
0.99,22,30160343,plugin_weibull,Weibull Plug-in,plug-in,Weibull,correct,FALSE,2000,0.3,3,0.3,1.2,1,0.2,0.1,1500,5.513241043828964,0.2307142857142857,0.002142857142857143,0.9033333333333333,5.347212138876543,0.07848909251419356
0.99,23,30160344,cp_cox,CP + Cox,conformal,Cox,correct,TRUE,2000,0.3,3,0.3,1.2,1,0.2,0.1,1500,5.241976543766136,0.20142857142857143,0.0035714285714285713,0.89,5.05420804111392,0.08419528778259049
0.99,23,30160344,cp_lognormal,CP + Log-Normal,conformal,Log-Normal,misspecified,TRUE,2000,0.3,3,0.3,1.2,1,0.2,0.1,1500,5.241976543766136,0.20142857142857143,0.0035714285714285713,0.895,5.050405751817936,0.09191336219865999
0.99,23,30160344,cp_weibull,CP + Weibull,conformal,Weibull,correct,TRUE,2000,0.3,3,0.3,1.2,1,0.2,0.1,1500,5.241976543766136,0.20142857142857143,0.0035714285714285713,0.8833333333333333,5.039925077265839,0.0963225978026302
0.99,23,30160344,plugin_cox,Cox Plug-in,plug-in,Cox,correct,FALSE,2000,0.3,3,0.3,1.2,1,0.2,0.1,1500,5.241976543766136,0.20142857142857143,0.0035714285714285713,0.905,5.065169117244107,0.07834951348185498
0.99,23,30160344,plugin_lognormal,Log-Normal Plug-in,plug-in,Log-Normal,misspecified,FALSE,2000,0.3,3,0.3,1.2,1,0.2,0.1,1500,5.241976543766136,0.20142857142857143,0.0035714285714285713,0.8966666666666666,5.053011703925667,0.09066305771584009
0.99,23,30160344,plugin_weibull,Weibull Plug-in,plug-in,Weibull,correct,FALSE,2000,0.3,3,0.3,1.2,1,0.2,0.1,1500,5.241976543766136,0.20142857142857143,0.0035714285714285713,0.905,5.063035442044393,0.08530535348268645
0.99,24,30160345,cp_cox,CP + Cox,conformal,Cox,correct,TRUE,2000,0.3,3,0.3,1.2,1,0.2,0.1,1500,4.678681531947588,0.20142857142857143,0.0035714285714285713,0.8783333333333333,4.49462261264106,0.090527911266524
0.99,24,30160345,cp_lognormal,CP + Log-Normal,conformal,Log-Normal,misspecified,TRUE,2000,0.3,3,0.3,1.2,1,0.2,0.1,1500,4.678681531947588,0.20142857142857143,0.0035714285714285713,0.8933333333333333,4.5179999687521795,0.08083744529593195
0.99,24,30160345,cp_weibull,CP + Weibull,conformal,Weibull,correct,TRUE,2000,0.3,3,0.3,1.2,1,0.2,0.1,1500,4.678681531947588,0.20142857142857143,0.0035714285714285713,0.8833333333333333,4.50363456614034,0.08324127710947705
0.99,24,30160345,plugin_cox,Cox Plug-in,plug-in,Cox,correct,FALSE,2000,0.3,3,0.3,1.2,1,0.2,0.1,1500,4.678681531947588,0.20142857142857143,0.0035714285714285713,0.8866666666666667,4.50838278659384,0.0846495431417661
0.99,24,30160345,plugin_lognormal,Log-Normal Plug-in,plug-in,Log-Normal,misspecified,FALSE,2000,0.3,3,0.3,1.2,1,0.2,0.1,1500,4.678681531947588,0.20142857142857143,0.0035714285714285713,0.88,4.500341499830902,0.0897212617528189
0.99,24,30160345,plugin_weibull,Weibull Plug-in,plug-in,Weibull,correct,FALSE,2000,0.3,3,0.3,1.2,1,0.2,0.1,1500,4.678681531947588,0.20142857142857143,0.0035714285714285713,0.8833333333333333,4.506607267584399,0.08182764812409313
0.99,25,30160346,cp_cox,CP + Cox,conformal,Cox,correct,TRUE,2000,0.3,3,0.3,1.2,1,0.2,0.1,1500,4.511009766949604,0.19642857142857142,0.0014285714285714286,0.9066666666666666,4.3564448300178364,0.06641895107111838
0.99,25,30160346,cp_lognormal,CP + Log-Normal,conformal,Log-Normal,misspecified,TRUE,2000,0.3,3,0.3,1.2,1,0.2,0.1,1500,4.511009766949604,0.19642857142857142,0.0014285714285714286,0.91,4.367526844981822,0.0606450721840749
0.99,25,30160346,cp_weibull,CP + Weibull,conformal,Weibull,correct,TRUE,2000,0.3,3,0.3,1.2,1,0.2,0.1,1500,4.511009766949604,0.19642857142857142,0.0014285714285714286,0.91,4.3690152170441054,0.05882090448174234
0.99,25,30160346,plugin_cox,Cox Plug-in,plug-in,Cox,correct,FALSE,2000,0.3,3,0.3,1.2,1,0.2,0.1,1500,4.511009766949604,0.19642857142857142,0.0014285714285714286,0.9083333333333333,4.36965550167032,0.06047647077881353
0.99,25,30160346,plugin_lognormal,Log-Normal Plug-in,plug-in,Log-Normal,misspecified,FALSE,2000,0.3,3,0.3,1.2,1,0.2,0.1,1500,4.511009766949604,0.19642857142857142,0.0014285714285714286,0.9133333333333333,4.375705664826582,0.057188179105347424
0.99,25,30160346,plugin_weibull,Weibull Plug-in,plug-in,Weibull,correct,FALSE,2000,0.3,3,0.3,1.2,1,0.2,0.1,1500,4.511009766949604,0.19642857142857142,0.0014285714285714286,0.9083333333333333,4.367095379497985,0.05961619261777244
0.99,26,30160347,cp_cox,CP + Cox,conformal,Cox,correct,TRUE,2000,0.3,3,0.3,1.2,1,0.2,0.1,1500,4.980014155603095,0.20857142857142857,0.002857142857142857,0.8783333333333333,4.810428481189249,0.0751693045122167
0.99,26,30160347,cp_lognormal,CP + Log-Normal,conformal,Log-Normal,misspecified,TRUE,2000,0.3,3,0.3,1.2,1,0.2,0.1,1500,4.980014155603095,0.20857142857142857,0.002857142857142857,0.88,4.817307311718749,0.07262253784696932
0.99,26,30160347,cp_weibull,CP + Weibull,conformal,Weibull,correct,TRUE,2000,0.3,3,0.3,1.2,1,0.2,0.1,1500,4.980014155603095,0.20857142857142857,0.002857142857142857,0.885,4.823510565203003,0.06883470308765897
0.99,26,30160347,plugin_cox,Cox Plug-in,plug-in,Cox,correct,FALSE,2000,0.3,3,0.3,1.2,1,0.2,0.1,1500,4.980014155603095,0.20857142857142857,0.002857142857142857,0.885,4.82390209622454,0.06988861212115241
0.99,26,30160347,plugin_lognormal,Log-Normal Plug-in,plug-in,Log-Normal,misspecified,FALSE,2000,0.3,3,0.3,1.2,1,0.2,0.1,1500,4.980014155603095,0.20857142857142857,0.002857142857142857,0.8933333333333333,4.832754438724961,0.0657278704878448
0.99,26,30160347,plugin_weibull,Weibull Plug-in,plug-in,Weibull,correct,FALSE,2000,0.3,3,0.3,1.2,1,0.2,0.1,1500,4.980014155603095,0.20857142857142857,0.002857142857142857,0.8866666666666667,4.825677273673017,0.06788172345422278
0.99,27,30160348,cp_cox,CP + Cox,conformal,Cox,correct,TRUE,2000,0.3,3,0.3,1.2,1,0.2,0.1,1500,5.319718484711555,0.19642857142857142,0.004285714285714286,0.8866666666666667,5.1523632527872705,0.06166216493158878
0.99,27,30160348,cp_lognormal,CP + Log-Normal,conformal,Log-Normal,misspecified,TRUE,2000,0.3,3,0.3,1.2,1,0.2,0.1,1500,5.319718484711555,0.19642857142857142,0.004285714285714286,0.8916666666666667,5.160176056797235,0.0657750174198386
0.99,27,30160348,cp_weibull,CP + Weibull,conformal,Weibull,correct,TRUE,2000,0.3,3,0.3,1.2,1,0.2,0.1,1500,5.319718484711555,0.19642857142857142,0.004285714285714286,0.89,5.14901067079173,0.07116280778516047
0.99,27,30160348,plugin_cox,Cox Plug-in,plug-in,Cox,correct,FALSE,2000,0.3,3,0.3,1.2,1,0.2,0.1,1500,5.319718484711555,0.19642857142857142,0.004285714285714286,0.8916666666666667,5.166114923081239,0.05595819044546444
0.99,27,30160348,plugin_lognormal,Log-Normal Plug-in,plug-in,Log-Normal,misspecified,FALSE,2000,0.3,3,0.3,1.2,1,0.2,0.1,1500,5.319718484711555,0.19642857142857142,0.004285714285714286,0.8916666666666667,5.168442187958473,0.06236711565832654
0.99,27,30160348,plugin_weibull,Weibull Plug-in,plug-in,Weibull,correct,FALSE,2000,0.3,3,0.3,1.2,1,0.2,0.1,1500,5.319718484711555,0.19642857142857142,0.004285714285714286,0.8933333333333333,5.169495465740955,0.06262333034697623
0.99,28,30160349,cp_cox,CP + Cox,conformal,Cox,correct,TRUE,2000,0.3,3,0.3,1.2,1,0.2,0.1,1500,5.362202599330578,0.2057142857142857,0.005714285714285714,0.8933333333333333,5.178383357557693,0.07545726675813967
0.99,28,30160349,cp_lognormal,CP + Log-Normal,conformal,Log-Normal,misspecified,TRUE,2000,0.3,3,0.3,1.2,1,0.2,0.1,1500,5.362202599330578,0.2057142857142857,0.005714285714285714,0.8983333333333333,5.181480240028852,0.07774182915265156
0.99,28,30160349,cp_weibull,CP + Weibull,conformal,Weibull,correct,TRUE,2000,0.3,3,0.3,1.2,1,0.2,0.1,1500,5.362202599330578,0.2057142857142857,0.005714285714285714,0.91,5.1938406230619645,0.07667730351515095
0.99,28,30160349,plugin_cox,Cox Plug-in,plug-in,Cox,correct,FALSE,2000,0.3,3,0.3,1.2,1,0.2,0.1,1500,5.362202599330578,0.2057142857142857,0.005714285714285714,0.91,5.1980803060385385,0.06624292763734188
0.99,28,30160349,plugin_lognormal,Log-Normal Plug-in,plug-in,Log-Normal,misspecified,FALSE,2000,0.3,3,0.3,1.2,1,0.2,0.1,1500,5.362202599330578,0.2057142857142857,0.005714285714285714,0.9183333333333333,5.212418908430151,0.06443285796415206
0.99,28,30160349,plugin_weibull,Weibull Plug-in,plug-in,Weibull,correct,FALSE,2000,0.3,3,0.3,1.2,1,0.2,0.1,1500,5.362202599330578,0.2057142857142857,0.005714285714285714,0.915,5.205738228496816,0.07125876232639632
0.99,29,30160350,cp_cox,CP + Cox,conformal,Cox,correct,TRUE,2000,0.3,3,0.3,1.2,1,0.2,0.1,1500,4.767515362318399,0.2007142857142857,0.002857142857142857,0.8833333333333333,4.592797777855725,0.07468340427787935
0.99,29,30160350,cp_lognormal,CP + Log-Normal,conformal,Log-Normal,misspecified,TRUE,2000,0.3,3,0.3,1.2,1,0.2,0.1,1500,4.767515362318399,0.2007142857142857,0.002857142857142857,0.8816666666666667,4.585161809441197,0.08565685258680926
0.99,29,30160350,cp_weibull,CP + Weibull,conformal,Weibull,correct,TRUE,2000,0.3,3,0.3,1.2,1,0.2,0.1,1500,4.767515362318399,0.2007142857142857,0.002857142857142857,0.89,4.605240418275715,0.07528241116691756
0.99,29,30160350,plugin_cox,Cox Plug-in,plug-in,Cox,correct,FALSE,2000,0.3,3,0.3,1.2,1,0.2,0.1,1500,4.767515362318399,0.2007142857142857,0.002857142857142857,0.8783333333333333,4.586872340891091,0.07702973859591243
0.99,29,30160350,plugin_lognormal,Log-Normal Plug-in,plug-in,Log-Normal,misspecified,FALSE,2000,0.3,3,0.3,1.2,1,0.2,0.1,1500,4.767515362318399,0.2007142857142857,0.002857142857142857,0.8866666666666667,4.592195627692122,0.08235286029526558
0.99,29,30160350,plugin_weibull,Weibull Plug-in,plug-in,Weibull,correct,FALSE,2000,0.3,3,0.3,1.2,1,0.2,0.1,1500,4.767515362318399,0.2007142857142857,0.002857142857142857,0.8866666666666667,4.593250991720285,0.0808445325709716
0.99,30,30160351,cp_cox,CP + Cox,conformal,Cox,correct,TRUE,2000,0.3,3,0.3,1.2,1,0.2,0.1,1500,4.578310436215312,0.18357142857142858,0.004285714285714286,0.9083333333333333,4.429021067699915,0.07190774928167176
0.99,30,30160351,cp_lognormal,CP + Log-Normal,conformal,Log-Normal,misspecified,TRUE,2000,0.3,3,0.3,1.2,1,0.2,0.1,1500,4.578310436215312,0.18357142857142858,0.004285714285714286,0.9033333333333333,4.422849095842742,0.07401827415689737
0.99,30,30160351,cp_weibull,CP + Weibull,conformal,Weibull,correct,TRUE,2000,0.3,3,0.3,1.2,1,0.2,0.1,1500,4.578310436215312,0.18357142857142858,0.004285714285714286,0.9083333333333333,4.435124134973517,0.062328542478975124
0.99,30,30160351,plugin_cox,Cox Plug-in,plug-in,Cox,correct,FALSE,2000,0.3,3,0.3,1.2,1,0.2,0.1,1500,4.578310436215312,0.18357142857142858,0.004285714285714286,0.9033333333333333,4.420929176902101,0.07549908880921352
0.99,30,30160351,plugin_lognormal,Log-Normal Plug-in,plug-in,Log-Normal,misspecified,FALSE,2000,0.3,3,0.3,1.2,1,0.2,0.1,1500,4.578310436215312,0.18357142857142858,0.004285714285714286,0.9016666666666666,4.417116108130725,0.07674786503260506
0.99,30,30160351,plugin_weibull,Weibull Plug-in,plug-in,Weibull,correct,FALSE,2000,0.3,3,0.3,1.2,1,0.2,0.1,1500,4.578310436215312,0.18357142857142858,0.004285714285714286,0.8933333333333333,4.41465292360381,0.07123959581569213
