setting_id,rep,seed,dgp_id,dgp_label,p,beta_scale,gamma,kappa,cens_target,tau_quantile,n,test_frac,alpha,B,tau,censor_rate_emp,admin_mass_emp,coverage,mean_len,sd_len
s001,1,20270214,base,Base Weibull PH,3,0.3,1.2,1,0.1,0.75,2000,0.3,0.1,1500,1.3722426926973506,0.3007142857142857,0.19214285714285714,0.915,1.17696059161708,0.08468773319576735
s001,2,20270215,base,Base Weibull PH,3,0.3,1.2,1,0.1,0.75,2000,0.3,0.1,1500,1.4152082951861358,0.2957142857142857,0.20357142857142857,0.9183333333333333,1.259556338819017,0.06359750281667474
s001,3,20270216,base,Base Weibull PH,3,0.3,1.2,1,0.1,0.75,2000,0.3,0.1,1500,1.4008400133069372,0.3107142857142857,0.20714285714285716,0.905,1.2464474564344707,0.08156820162321923
s001,4,20270217,base,Base Weibull PH,3,0.3,1.2,1,0.1,0.75,2000,0.3,0.1,1500,1.373580623545053,0.31142857142857144,0.21142857142857144,0.8583333333333333,1.1576210365771746,0.10414084030763417
s001,5,20270218,base,Base Weibull PH,3,0.3,1.2,1,0.1,0.75,2000,0.3,0.1,1500,1.4172972860346247,0.30714285714285716,0.21928571428571428,0.9,1.2250653746977818,0.09095830162684099
s001,6,20270219,base,Base Weibull PH,3,0.3,1.2,1,0.1,0.75,2000,0.3,0.1,1500,1.4305423105078923,0.3028571428571429,0.2007142857142857,0.9066666666666666,1.2585175352863067,0.07179470193388067
s001,7,20270220,base,Base Weibull PH,3,0.3,1.2,1,0.1,0.75,2000,0.3,0.1,1500,1.3795311443548393,0.30357142857142855,0.20642857142857143,0.8883333333333333,1.203151553663914,0.07953642090254223
s001,8,20270221,base,Base Weibull PH,3,0.3,1.2,1,0.1,0.75,2000,0.3,0.1,1500,1.3698078383752845,0.3192857142857143,0.205,0.92,1.1934609790879176,0.08754680502679049
s001,9,20270222,base,Base Weibull PH,3,0.3,1.2,1,0.1,0.75,2000,0.3,0.1,1500,1.3770221425219002,0.3292857142857143,0.21642857142857144,0.9016666666666666,1.21855234900698,0.076579915347408975
s001,10,20270223,base,Base Weibull PH,3,0.3,1.2,1,0.1,0.75,2000,0.3,0.1,1500,1.2938655334635856,0.30642857142857144,0.21142857142857144,0.9016666666666666,1.1377996348200203,0.07153092687598216
s001,11,20270224,base,Base Weibull PH,3,0.3,1.2,1,0.1,0.75,2000,0.3,0.1,1500,1.3584911889874807,0.31285714285714283,0.2042857142857143,0.9033333333333333,1.1976178682181855,0.07274501049112665
s001,12,20270225,base,Base Weibull PH,3,0.3,1.2,1,0.1,0.75,2000,0.3,0.1,1500,1.4445451154212516,0.3157142857142857,0.21,0.8733333333333333,1.2510131533943856,0.09856638912483892
s001,13,20270226,base,Base Weibull PH,3,0.3,1.2,1,0.1,0.75,2000,0.3,0.1,1500,1.3833916660167644,0.29714285714285715,0.205,0.9116666666666666,1.213948388703961,0.07725196398082876
s001,14,20270227,base,Base Weibull PH,3,0.3,1.2,1,0.1,0.75,2000,0.3,0.1,1500,1.3670523550796618,0.30142857142857143,0.2042857142857143,0.8883333333333333,1.202213390171465,0.07426648968937608
s001,15,20270228,base,Base Weibull PH,3,0.3,1.2,1,0.1,0.75,2000,0.3,0.1,1500,1.3979238688161288,0.305,0.2007142857142857,0.875,1.1943481497755215,0.10223871103410752
s001,16,20270229,base,Base Weibull PH,3,0.3,1.2,1,0.1,0.75,2000,0.3,0.1,1500,1.2828446746803808,0.31642857142857145,0.21857142857142858,0.9033333333333333,1.1219384149404537,0.07142816484045773
s001,17,20270230,base,Base Weibull PH,3,0.3,1.2,1,0.1,0.75,2000,0.3,0.1,1500,1.3991578420836852,0.3157142857142857,0.2042857142857143,0.8833333333333333,1.1978434865828673,0.10138425435410248
s001,18,20270231,base,Base Weibull PH,3,0.3,1.2,1,0.1,0.75,2000,0.3,0.1,1500,1.343389760302851,0.3007142857142857,0.20714285714285716,0.8966666666666666,1.164550427210696,0.07653082540192814
s001,19,20270232,base,Base Weibull PH,3,0.3,1.2,1,0.1,0.75,2000,0.3,0.1,1500,1.390239714760229,0.29928571428571427,0.19214285714285714,0.8966666666666666,1.2189262591844354,0.07308483963767058
s001,20,20270233,base,Base Weibull PH,3,0.3,1.2,1,0.1,0.75,2000,0.3,0.1,1500,1.3237409146233456,0.3,0.215,0.885,1.1440014545673851,0.07695113753099707
s001,21,20270234,base,Base Weibull PH,3,0.3,1.2,1,0.1,0.75,2000,0.3,0.1,1500,1.399228126079024,0.3171428571428571,0.215,0.9133333333333333,1.235689716907457,0.07797039256636423
s001,22,20270235,base,Base Weibull PH,3,0.3,1.2,1,0.1,0.75,2000,0.3,0.1,1500,1.3810097697672437,0.3242857142857143,0.20857142857142857,0.91,1.1905972849339144,0.10483458727682499
s001,23,20270236,base,Base Weibull PH,3,0.3,1.2,1,0.1,0.75,2000,0.3,0.1,1500,1.3843564458772035,0.30714285714285716,0.195,0.9016666666666666,1.2199291733683564,0.07569968058432383
s001,24,20270237,base,Base Weibull PH,3,0.3,1.2,1,0.1,0.75,2000,0.3,0.1,1500,1.4032071312710677,0.31,0.2092857142857143,0.87,1.2378654915208793,0.07997822837978703
s001,25,20270238,base,Base Weibull PH,3,0.3,1.2,1,0.1,0.75,2000,0.3,0.1,1500,1.3575536361197047,0.3157142857142857,0.22,0.9066666666666666,1.179143455929545,0.08127602488554914
s001,26,20270239,base,Base Weibull PH,3,0.3,1.2,1,0.1,0.75,2000,0.3,0.1,1500,1.4530430763505255,0.3078571428571429,0.2007142857142857,0.9066666666666666,1.2654952322122561,0.10112157771848296
s001,27,20270240,base,Base Weibull PH,3,0.3,1.2,1,0.1,0.75,2000,0.3,0.1,1500,1.3307230227188742,0.30642857142857144,0.20857142857142857,0.8833333333333333,1.1533243318923974,0.07546036745466775
s001,28,20270241,base,Base Weibull PH,3,0.3,1.2,1,0.1,0.75,2000,0.3,0.1,1500,1.392945795293527,0.30642857142857144,0.19285714285714287,0.91,1.2440351373233616,0.06699908966728538
s001,29,20270242,base,Base Weibull PH,3,0.3,1.2,1,0.1,0.75,2000,0.3,0.1,1500,1.344889573281977,0.3092857142857143,0.2057142857142857,0.8933333333333333,1.1798814426985218,0.08019594969611261
s001,30,20270243,base,Base Weibull PH,3,0.3,1.2,1,0.1,0.75,2000,0.3,0.1,1500,1.4445512613336284,0.315,0.195,0.9083333333333333,1.2776252640883654,0.08953120245562986
s002,1,20280214,base,Base Weibull PH,3,0.3,1.2,1,0.1,0.9,2000,0.3,0.1,1500,2.3134324641341166,0.17785714285714285,0.07571428571428572,0.9333333333333333,2.1716493187496395,0.05634292328817669
s002,2,20280215,base,Base Weibull PH,3,0.3,1.2,1,0.1,0.9,2000,0.3,0.1,1500,2.167151574439394,0.165,0.06928571428571428,0.8883333333333333,1.9876802035619043,0.07068961368122394
s002,3,20280216,base,Base Weibull PH,3,0.3,1.2,1,0.1,0.9,2000,0.3,0.1,1500,2.3495676235948917,0.17,0.08142857142857143,0.8833333333333333,2.1630416698858137,0.0829528490403618
s002,4,20280217,base,Base Weibull PH,3,0.3,1.2,1,0.1,0.9,2000,0.3,0.1,1500,2.185817272933688,0.17,0.07071428571428572,0.9033333333333333,2.0201012707960158,0.06902959511480238
s002,5,20280218,base,Base Weibull PH,3,0.3,1.2,1,0.1,0.9,2000,0.3,0.1,1500,2.4364341318416276,0.17785714285714285,0.075,0.885,2.2604026391662115,0.06842150029502518
s002,6,20280219,base,Base Weibull PH,3,0.3,1.2,1,0.1,0.9,2000,0.3,0.1,1500,2.1955431953548907,0.185,0.08071428571428571,0.8833333333333333,2.0022053856108815,0.09087584959949595
s002,7,20280220,base,Base Weibull PH,3,0.3,1.2,1,0.1,0.9,2000,0.3,0.1,1500,2.413552618215327,0.18857142857142858,0.075,0.8816666666666667,2.2186494414908986,0.07770159853174095
s002,8,20280221,base,Base Weibull PH,3,0.3,1.2,1,0.1,0.9,2000,0.3,0.1,1500,2.3660743606188315,0.1792857142857143,0.07642857142857143,0.9183333333333333,2.1972352381984406,0.07524613211662118
s002,9,20280222,base,Base Weibull PH,3,0.3,1.2,1,0.1,0.9,2000,0.3,0.1,1500,2.353295889632797,0.17285714285714285,0.07642857142857143,0.9266666666666666,2.1971758490455287,0.07682423283322266
s002,10,20280223,base,Base Weibull PH,3,0.3,1.2,1,0.1,0.9,2000,0.3,0.1,1500,2.296899090729554,0.1757142857142857,0.075,0.9066666666666666,2.1448154689549463,0.08000442776022682
s002,11,20280224,base,Base Weibull PH,3,0.3,1.2,1,0.1,0.9,2000,0.3,0.1,1500,2.291240116319119,0.17142857142857143,0.07857142857142857,0.9216666666666666,2.138826596914657,0.06618287991780733
s002,12,20280225,base,Base Weibull PH,3,0.3,1.2,1,0.1,0.9,2000,0.3,0.1,1500,2.2871556954309864,0.17,0.07428571428571429,0.8766666666666667,2.078273854052447,0.0951517998780292
s002,13,20280226,base,Base Weibull PH,3,0.3,1.2,1,0.1,0.9,2000,0.3,0.1,1500,2.3645618571615517,0.15857142857142856,0.07357142857142857,0.92,2.1990425216625966,0.06150091164225325
s002,14,20280227,base,Base Weibull PH,3,0.3,1.2,1,0.1,0.9,2000,0.3,0.1,1500,2.332466208980398,0.19071428571428573,0.08285714285714285,0.8983333333333333,2.1618296822392025,0.07787031296384593
s002,15,20280228,base,Base Weibull PH,3,0.3,1.2,1,0.1,0.9,2000,0.3,0.1,1500,2.343069156257691,0.1757142857142857,0.07571428571428572,0.915,2.1701511987465527,0.08305030423832328
s002,16,20280229,base,Base Weibull PH,3,0.3,1.2,1,0.1,0.9,2000,0.3,0.1,1500,2.168870874876854,0.17714285714285713,0.08285714285714285,0.9283333333333333,2.018143983450732,0.0694894823106145
s002,17,20280230,base,Base Weibull PH,3,0.3,1.2,1,0.1,0.9,2000,0.3,0.1,1500,2.4309110627214365,0.175,0.08071428571428571,0.915,2.2626286317249886,0.09514034556368955
s002,18,20280231,base,Base Weibull PH,3,0.3,1.2,1,0.1,0.9,2000,0.3,0.1,1500,2.3325078789933693,0.17142857142857143,0.07285714285714286,0.8833333333333333,2.1290764064367518,0.10327994659843191
s002,19,20280232,base,Base Weibull PH,3,0.3,1.2,1,0.1,0.9,2000,0.3,0.1,1500,2.3248331009600918,0.175,0.07142857142857142,0.885,2.1519947560185897,0.07440205410837879
s002,20,20280233,base,Base Weibull PH,3,0.3,1.2,1,0.1,0.9,2000,0.3,0.1,1500,2.25753921377817,0.175,0.07071428571428572,0.91,2.0907539923204888,0.07717701639240503
s002,21,20280234,base,Base Weibull PH,3,0.3,1.2,1,0.1,0.9,2000,0.3,0.1,1500,2.220220815169852,0.18642857142857142,0.07571428571428572,0.925,2.061538410868652,0.07349844639355073
s002,22,20280235,base,Base Weibull PH,3,0.3,1.2,1,0.1,0.9,2000,0.3,0.1,1500,2.3116685090940075,0.17357142857142857,0.07928571428571428,0.8666666666666667,2.1147166284045666,0.0701895611580522
s002,23,20280236,base,Base Weibull PH,3,0.3,1.2,1,0.1,0.9,2000,0.3,0.1,1500,2.540916275894578,0.17642857142857143,0.07357142857142857,0.8983333333333333,2.3537317141102605,0.08807803854165844
s002,24,20280237,base,Base Weibull PH,3,0.3,1.2,1,0.1,0.9,2000,0.3,0.1,1500,2.370275643538489,0.18285714285714286,0.08142857142857143,0.905,2.2072830325679567,0.08035403797251095
s002,25,20280238,base,Base Weibull PH,3,0.3,1.2,1,0.1,0.9,2000,0.3,0.1,1500,2.3100711783513606,0.16142857142857142,0.07285714285714286,0.8966666666666666,2.1285308412718935,0.09513942288059916
s002,26,20280239,base,Base Weibull PH,3,0.3,1.2,1,0.1,0.9,2000,0.3,0.1,1500,2.3544235372439815,0.17642857142857143,0.07142857142857142,0.9016666666666666,2.19456634564716,0.08599904983439413
s002,27,20280240,base,Base Weibull PH,3,0.3,1.2,1,0.1,0.9,2000,0.3,0.1,1500,2.2525425137274473,0.16785714285714284,0.06571428571428571,0.9033333333333333,2.105492959009359,0.06438870638356022
s002,28,20280241,base,Base Weibull PH,3,0.3,1.2,1,0.1,0.9,2000,0.3,0.1,1500,2.454264740087855,0.185,0.07714285714285714,0.8933333333333333,2.2783470581188308,0.07656465313827429
s002,29,20280242,base,Base Weibull PH,3,0.3,1.2,1,0.1,0.9,2000,0.3,0.1,1500,2.402439235364652,0.17,0.07571428571428572,0.8983333333333333,2.2222135510872283,0.0906206108407857
s002,30,20280243,base,Base Weibull PH,3,0.3,1.2,1,0.1,0.9,2000,0.3,0.1,1500,2.3684613149823335,0.18428571428571427,0.08,0.8966666666666666,2.205567641558616,0.08364993415092435
s003,1,20290214,base,Base Weibull PH,3,0.3,1.2,1,0.1,0.97,2000,0.3,0.1,1500,3.7952051677927283,0.12214285714285714,0.016428571428571428,0.9183333333333333,3.6266707283120727,0.0766853631043031
s003,2,20290215,base,Base Weibull PH,3,0.3,1.2,1,0.1,0.97,2000,0.3,0.1,1500,3.604228422300968,0.12285714285714286,0.02,0.8966666666666666,3.4227084340741936,0.08729673243079328
s003,3,20290216,base,Base Weibull PH,3,0.3,1.2,1,0.1,0.97,2000,0.3,0.1,1500,3.456272383864112,0.12928571428571428,0.02642857142857143,0.9066666666666666,3.267359898435989,0.0810377460206206
s003,4,20290217,base,Base Weibull PH,3,0.3,1.2,1,0.1,0.97,2000,0.3,0.1,1500,3.8379521331134216,0.12071428571428572,0.016428571428571428,0.905,3.67704995459021,0.07796462456109765
s003,5,20290218,base,Base Weibull PH,3,0.3,1.2,1,0.1,0.97,2000,0.3,0.1,1500,3.705763641820721,0.11857142857142858,0.018571428571428572,0.8833333333333333,3.505640189023097,0.09950944337962643
s003,6,20290219,base,Base Weibull PH,3,0.3,1.2,1,0.1,0.97,2000,0.3,0.1,1500,3.692241169952402,0.12642857142857142,0.02214285714285714,0.885,3.5066014776938697,0.08483970418838116
s003,7,20290220,base,Base Weibull PH,3,0.3,1.2,1,0.1,0.97,2000,0.3,0.1,1500,3.8635890847608403,0.11642857142857142,0.020714285714285713,0.8966666666666666,3.687195671502038,0.09574937376392333
s003,8,20290221,base,Base Weibull PH,3,0.3,1.2,1,0.1,0.97,2000,0.3,0.1,1500,3.590280285115356,0.11428571428571428,0.02214285714285714,0.8933333333333333,3.4179889622226005,0.0805986901667279
s003,9,20290222,base,Base Weibull PH,3,0.3,1.2,1,0.1,0.97,2000,0.3,0.1,1500,3.4672708596253394,0.12071428571428572,0.02214285714285714,0.9233333333333333,3.3328265783467215,0.05770500332624323
s003,10,20290223,base,Base Weibull PH,3,0.3,1.2,1,0.1,0.97,2000,0.3,0.1,1500,3.614011690318659,0.125,0.017857142857142856,0.875,3.428308073241399,0.07992651797357934
s003,11,20290224,base,Base Weibull PH,3,0.3,1.2,1,0.1,0.97,2000,0.3,0.1,1500,3.5739281335494395,0.11357142857142857,0.017857142857142856,0.8916666666666667,3.3967055714307475,0.07865382495195651
s003,12,20290225,base,Base Weibull PH,3,0.3,1.2,1,0.1,0.97,2000,0.3,0.1,1500,3.707550270258763,0.12642857142857142,0.013571428571428571,0.9033333333333333,3.5210909762096225,0.09134203596556294
s003,13,20290226,base,Base Weibull PH,3,0.3,1.2,1,0.1,0.97,2000,0.3,0.1,1500,3.4745540403833566,0.125,0.014285714285714285,0.8983333333333333,3.2989043341739817,0.07090329605398622
s003,14,20290227,base,Base Weibull PH,3,0.3,1.2,1,0.1,0.97,2000,0.3,0.1,1500,3.3865162443180568,0.12928571428571428,0.023571428571428573,0.8983333333333333,3.1968738022075285,0.0925898747784628
s003,15,20290228,base,Base Weibull PH,3,0.3,1.2,1,0.1,0.97,2000,0.3,0.1,1500,3.6898141597935616,0.11714285714285715,0.024285714285714285,0.9083333333333333,3.513113754897743,0.09291857022427882
s003,16,20290229,base,Base Weibull PH,3,0.3,1.2,1,0.1,0.97,2000,0.3,0.1,1500,3.623278715118066,0.10857142857142857,0.02142857142857143,0.9083333333333333,3.4757037074405326,0.06618804035126678
s003,17,20290230,base,Base Weibull PH,3,0.3,1.2,1,0.1,0.97,2000,0.3,0.1,1500,3.8276919094336628,0.12285714285714286,0.02142857142857143,0.9183333333333333,3.677206369964452,0.054576394203368433
s003,18,20290231,base,Base Weibull PH,3,0.3,1.2,1,0.1,0.97,2000,0.3,0.1,1500,3.279138773066383,0.115,0.019285714285714285,0.9316666666666666,3.1296226914135645,0.066212669319047
s003,19,20290232,base,Base Weibull PH,3,0.3,1.2,1,0.1,0.97,2000,0.3,0.1,1500,3.5293196649138334,0.11785714285714285,0.018571428571428572,0.8933333333333333,3.3630094583445618,0.06083298115540805
s003,20,20290233,base,Base Weibull PH,3,0.3,1.2,1,0.1,0.97,2000,0.3,0.1,1500,3.557009266676023,0.12714285714285714,0.017857142857142856,0.9166666666666666,3.4091116265883916,0.07847661423537407
s003,21,20290234,base,Base Weibull PH,3,0.3,1.2,1,0.1,0.97,2000,0.3,0.1,1500,3.553377993096963,0.12357142857142857,0.019285714285714285,0.9,3.372663793463725,0.08497528151635755
s003,22,20290235,base,Base Weibull PH,3,0.3,1.2,1,0.1,0.97,2000,0.3,0.1,1500,3.759919774541778,0.11928571428571429,0.017857142857142856,0.9116666666666666,3.54722727074361,0.10223182229247689
s003,23,20290236,base,Base Weibull PH,3,0.3,1.2,1,0.1,0.97,2000,0.3,0.1,1500,3.789994326088479,0.11785714285714285,0.020714285714285713,0.8733333333333333,3.602540259784887,0.07466700645609367
s003,24,20290237,base,Base Weibull PH,3,0.3,1.2,1,0.1,0.97,2000,0.3,0.1,1500,3.782296027180388,0.11,0.017857142857142856,0.9016666666666666,3.632264254325498,0.06710126533888588
s003,25,20290238,base,Base Weibull PH,3,0.3,1.2,1,0.1,0.97,2000,0.3,0.1,1500,3.6278347252254224,0.13285714285714287,0.017857142857142856,0.9183333333333333,3.4916206133344097,0.05605075123188467
s003,26,20290239,base,Base Weibull PH,3,0.3,1.2,1,0.1,0.97,2000,0.3,0.1,1500,3.708577017152578,0.12642857142857142,0.014285714285714285,0.915,3.547374482875874,0.05751542966229542
s003,27,20290240,base,Base Weibull PH,3,0.3,1.2,1,0.1,0.97,2000,0.3,0.1,1500,3.8365622184193025,0.10357142857142858,0.024285714285714285,0.8816666666666667,3.6572980754797135,0.07456645113460561
s003,28,20290241,base,Base Weibull PH,3,0.3,1.2,1,0.1,0.97,2000,0.3,0.1,1500,3.699890085509131,0.13142857142857142,0.016428571428571428,0.8583333333333333,3.48324781613592,0.09634399060403016
s003,29,20290242,base,Base Weibull PH,3,0.3,1.2,1,0.1,0.97,2000,0.3,0.1,1500,3.6220358619327118,0.12785714285714286,0.024285714285714285,0.9016666666666666,3.4481366791816064,0.087200731347323715
s003,30,20290243,base,Base Weibull PH,3,0.3,1.2,1,0.1,0.97,2000,0.3,0.1,1500,3.6678520110609374,0.10928571428571429,0.023571428571428573,0.88,3.4635978572691246,0.10249900307470919
s004,1,20300214,base,Base Weibull PH,3,0.3,1.2,1,0.2,0.75,2000,0.3,0.1,1500,1.411570349806488,0.37142857142857144,0.16214285714285714,0.9133333333333333,1.263349046370426,0.08096067547892404
s004,2,20300215,base,Base Weibull PH,3,0.3,1.2,1,0.2,0.75,2000,0.3,0.1,1500,1.302231835890453,0.365,0.16357142857142856,0.88,1.111926011025987,0.09569078604394658
s004,3,20300216,base,Base Weibull PH,3,0.3,1.2,1,0.2,0.75,2000,0.3,0.1,1500,1.385667685739255,0.36142857142857143,0.16285714285714287,0.9383333333333334,1.2430603530698119,0.05569382479801995
s004,4,20300217,base,Base Weibull PH,3,0.3,1.2,1,0.2,0.75,2000,0.3,0.1,1500,1.3757671861371117,0.365,0.15142857142857144,0.91,1.2210607405262874,0.07686087032285877
s004,5,20300218,base,Base Weibull PH,3,0.3,1.2,1,0.2,0.75,2000,0.3,0.1,1500,1.3465180962183543,0.3628571428571429,0.1707142857142857,0.8983333333333333,1.1961071981373235,0.06474660414877845
s004,6,20300219,base,Base Weibull PH,3,0.3,1.2,1,0.2,0.75,2000,0.3,0.1,1500,1.3367967814907034,0.38642857142857145,0.17,0.885,1.1634056981782195,0.07249535650834829
s004,7,20300220,base,Base Weibull PH,3,0.3,1.2,1,0.2,0.75,2000,0.3,0.1,1500,1.3938357873062552,0.36428571428571427,0.16642857142857143,0.8833333333333333,1.220513668598814,0.0751527786278839
s004,8,20300221,base,Base Weibull PH,3,0.3,1.2,1,0.2,0.75,2000,0.3,0.1,1500,1.3636604803599166,0.37285714285714283,0.16142857142857142,0.875,1.1729996793242583,0.09503382298443283
s004,9,20300222,base,Base Weibull PH,3,0.3,1.2,1,0.2,0.75,2000,0.3,0.1,1500,1.334600825680817,0.35642857142857143,0.1707142857142857,0.9116666666666666,1.1778847266098784,0.06135512152958192
s004,10,20300223,base,Base Weibull PH,3,0.3,1.2,1,0.2,0.75,2000,0.3,0.1,1500,1.4292617537902104,0.3457142857142857,0.1657142857142857,0.9283333333333333,1.2629179433134101,0.080161585334787
s004,11,20300224,base,Base Weibull PH,3,0.3,1.2,1,0.2,0.75,2000,0.3,0.1,1500,1.4090909966698923,0.3742857142857143,0.16642857142857143,0.8983333333333333,1.2143635079279782,0.09562070827844783
s004,12,20300225,base,Base Weibull PH,3,0.3,1.2,1,0.2,0.75,2000,0.3,0.1,1500,1.4009965132039013,0.3678571428571429,0.165,0.9066666666666666,1.2345771187924643,0.07499032561362368
s004,13,20300226,base,Base Weibull PH,3,0.3,1.2,1,0.2,0.75,2000,0.3,0.1,1500,1.358379376588991,0.35642857142857143,0.15142857142857144,0.9,1.1858403896867822,0.07051850284265179
s004,14,20300227,base,Base Weibull PH,3,0.3,1.2,1,0.2,0.75,2000,0.3,0.1,1500,1.4471255784831034,0.3678571428571429,0.17,0.905,1.2603574115400669,0.0875522721453606
s004,15,20300228,base,Base Weibull PH,3,0.3,1.2,1,0.2,0.75,2000,0.3,0.1,1500,1.395385050771295,0.3742857142857143,0.16071428571428573,0.8883333333333333,1.2271416788770968,0.05564597984171995
s004,16,20300229,base,Base Weibull PH,3,0.3,1.2,1,0.2,0.75,2000,0.3,0.1,1500,1.4001172937190944,0.35928571428571426,0.15571428571428572,0.915,1.2548192230813844,0.06417987889873646
s004,17,20300230,base,Base Weibull PH,3,0.3,1.2,1,0.2,0.75,2000,0.3,0.1,1500,1.3888364347376316,0.355,0.14857142857142858,0.8966666666666666,1.2134658802035811,0.07110136237619313
s004,18,20300231,base,Base Weibull PH,3,0.3,1.2,1,0.2,0.75,2000,0.3,0.1,1500,1.3651697592935015,0.37357142857142855,0.17,0.9116666666666666,1.206880592642525,0.08682844030718108
s004,19,20300232,base,Base Weibull PH,3,0.3,1.2,1,0.2,0.75,2000,0.3,0.1,1500,1.359082985376768,0.3657142857142857,0.18071428571428572,0.8883333333333333,1.1898303136524566,0.07381679328839552
s004,20,20300233,base,Base Weibull PH,3,0.3,1.2,1,0.2,0.75,2000,0.3,0.1,1500,1.4624294591354352,0.3792857142857143,0.17642857142857143,0.8833333333333333,1.2713465262143528,0.08446180201228193
s004,21,20300234,base,Base Weibull PH,3,0.3,1.2,1,0.2,0.75,2000,0.3,0.1,1500,1.3415509246098503,0.35428571428571426,0.16,0.8933333333333333,1.159901331950144,0.0899370705468104
s004,22,20300235,base,Base Weibull PH,3,0.3,1.2,1,0.2,0.75,2000,0.3,0.1,1500,1.3073008183319175,0.36642857142857144,0.17214285714285715,0.915,1.1529890794793054,0.07972006371058671
s004,23,20300236,base,Base Weibull PH,3,0.3,1.2,1,0.2,0.75,2000,0.3,0.1,1500,1.395985623196223,0.3607142857142857,0.18071428571428572,0.9133333333333333,1.2202522017412725,0.08331931403921437
s004,24,20300237,base,Base Weibull PH,3,0.3,1.2,1,0.2,0.75,2000,0.3,0.1,1500,1.3242406010661456,0.35,0.16214285714285714,0.8883333333333333,1.1484045683553321,0.0791475700376135
s004,25,20300238,base,Base Weibull PH,3,0.3,1.2,1,0.2,0.75,2000,0.3,0.1,1500,1.3989872955258513,0.3628571428571429,0.15571428571428572,0.8966666666666666,1.2495631865208638,0.07080555314502224
s004,26,20300239,base,Base Weibull PH,3,0.3,1.2,1,0.2,0.75,2000,0.3,0.1,1500,1.40512710968417,0.3557142857142857,0.1657142857142857,0.875,1.2021327871374923,0.09137278235218928
s004,27,20300240,base,Base Weibull PH,3,0.3,1.2,1,0.2,0.75,2000,0.3,0.1,1500,1.3847043110592923,0.36857142857142855,0.16642857142857143,0.8883333333333333,1.1954129430778795,0.08458721866130292
s004,28,20300241,base,Base Weibull PH,3,0.3,1.2,1,0.2,0.75,2000,0.3,0.1,1500,1.401772768375715,0.3757142857142857,0.15357142857142858,0.92,1.240574933594651,0.07186233458641021
s004,29,20300242,base,Base Weibull PH,3,0.3,1.2,1,0.2,0.75,2000,0.3,0.1,1500,1.383546641492714,0.37,0.15857142857142856,0.8766666666666667,1.194315301158858,0.0789744962325477
s004,30,20300243,base,Base Weibull PH,3,0.3,1.2,1,0.2,0.75,2000,0.3,0.1,1500,1.4095273394790322,0.36642857142857144,0.1657142857142857,0.89,1.2400518325111063,0.0809190074849364
s005,1,20310214,base,Base Weibull PH,3,0.3,1.2,1,0.2,0.9,2000,0.3,0.1,1500,2.3273673504965253,0.24,0.055,0.9233333333333333,2.183399778175702,0.06564358268226668
s005,2,20310215,base,Base Weibull PH,3,0.3,1.2,1,0.2,0.9,2000,0.3,0.1,1500,2.249911322518681,0.26857142857142857,0.055,0.9183333333333333,2.089092964408453,0.0909243048000234
s005,3,20310216,base,Base Weibull PH,3,0.3,1.2,1,0.2,0.9,2000,0.3,0.1,1500,2.368481458302534,0.2592857142857143,0.05,0.92,2.2136997574911947,0.07470090648948284
s005,4,20310217,base,Base Weibull PH,3,0.3,1.2,1,0.2,0.9,2000,0.3,0.1,1500,2.2821768715489914,0.25142857142857145,0.055,0.8783333333333333,2.070200463656327,0.09075560495392371
s005,5,20310218,base,Base Weibull PH,3,0.3,1.2,1,0.2,0.9,2000,0.3,0.1,1500,2.240483085024555,0.27285714285714285,0.055,0.8716666666666667,2.054809464807178,0.09012363119365871
s005,6,20310219,base,Base Weibull PH,3,0.3,1.2,1,0.2,0.9,2000,0.3,0.1,1500,2.445273125108164,0.23642857142857143,0.05,0.8783333333333333,2.2603200627923643,0.07975819979337796
s005,7,20310220,base,Base Weibull PH,3,0.3,1.2,1,0.2,0.9,2000,0.3,0.1,1500,2.3022257406613953,0.24285714285714285,0.04928571428571429,0.9016666666666666,2.1538540082681052,0.06398001536615791
s005,8,20310221,base,Base Weibull PH,3,0.3,1.2,1,0.2,0.9,2000,0.3,0.1,1500,2.311389307700165,0.24785714285714286,0.055,0.8766666666666667,2.1179263972312254,0.08383354174853633
s005,9,20310222,base,Base Weibull PH,3,0.3,1.2,1,0.2,0.9,2000,0.3,0.1,1500,2.279514022150693,0.25642857142857145,0.055,0.9066666666666666,2.131458418472324,0.07148611974993795
s005,10,20310223,base,Base Weibull PH,3,0.3,1.2,1,0.2,0.9,2000,0.3,0.1,1500,2.293394027110141,0.26,0.062142857142857146,0.8933333333333333,2.1241316854002736,0.0657439349885052
s005,11,20310224,base,Base Weibull PH,3,0.3,1.2,1,0.2,0.9,2000,0.3,0.1,1500,2.3237962373598053,0.25214285714285717,0.062142857142857146,0.9233333333333333,2.1732050218188457,0.08213348537898242
s005,12,20310225,base,Base Weibull PH,3,0.3,1.2,1,0.2,0.9,2000,0.3,0.1,1500,2.323158486491192,0.26357142857142857,0.056428571428571425,0.905,2.1512453577063773,0.07870313515194505
s005,13,20310226,base,Base Weibull PH,3,0.3,1.2,1,0.2,0.9,2000,0.3,0.1,1500,2.3532395973158566,0.24357142857142858,0.055714285714285716,0.895,2.1825182897807776,0.08302603789844043
s005,14,20310227,base,Base Weibull PH,3,0.3,1.2,1,0.2,0.9,2000,0.3,0.1,1500,2.207718669047666,0.24142857142857144,0.056428571428571425,0.8733333333333333,2.033410376761699,0.07153541866191718
s005,15,20310228,base,Base Weibull PH,3,0.3,1.2,1,0.2,0.9,2000,0.3,0.1,1500,2.274420112692479,0.25642857142857145,0.06142857142857143,0.8716666666666667,2.081803013876771,0.0771469432436368
s005,16,20310229,base,Base Weibull PH,3,0.3,1.2,1,0.2,0.9,2000,0.3,0.1,1500,2.411750429937407,0.25357142857142856,0.05142857142857143,0.8933333333333333,2.2383465865200773,0.08558184680522282
s005,17,20310230,base,Base Weibull PH,3,0.3,1.2,1,0.2,0.9,2000,0.3,0.1,1500,2.224876514019917,0.25642857142857145,0.06357142857142857,0.8633333333333333,2.04529822292152,0.07743834464228808
s005,18,20310231,base,Base Weibull PH,3,0.3,1.2,1,0.2,0.9,2000,0.3,0.1,1500,2.2065155981412428,0.2542857142857143,0.05928571428571429,0.9,2.03619900428229,0.07159079103258412
s005,19,20310232,base,Base Weibull PH,3,0.3,1.2,1,0.2,0.9,2000,0.3,0.1,1500,2.3550442268617093,0.24642857142857144,0.045,0.9116666666666666,2.205403569453476,0.054733797480087075
s005,20,20310233,base,Base Weibull PH,3,0.3,1.2,1,0.2,0.9,2000,0.3,0.1,1500,2.3567786385470164,0.24928571428571428,0.04642857142857143,0.9033333333333333,2.1782806475221825,0.07239770045242618
s005,21,20310234,base,Base Weibull PH,3,0.3,1.2,1,0.2,0.9,2000,0.3,0.1,1500,2.2291600326831844,0.2792857142857143,0.05785714285714286,0.8966666666666666,2.0431674460875526,0.09477307068657699
s005,22,20310235,base,Base Weibull PH,3,0.3,1.2,1,0.2,0.9,2000,0.3,0.1,1500,2.2712419089775358,0.24571428571428572,0.05714285714285714,0.9016666666666666,2.095690774240621,0.07335249431508001
s005,23,20310236,base,Base Weibull PH,3,0.3,1.2,1,0.2,0.9,2000,0.3,0.1,1500,2.39922729974137,0.2557142857142857,0.054285714285714284,0.885,2.198295764518812,0.10795937800896883
s005,24,20310237,base,Base Weibull PH,3,0.3,1.2,1,0.2,0.9,2000,0.3,0.1,1500,2.2930172083474654,0.255,0.04857142857142857,0.8716666666666667,2.0827639452816036,0.0978433909498919
s005,25,20310238,base,Base Weibull PH,3,0.3,1.2,1,0.2,0.9,2000,0.3,0.1,1500,2.272465228781768,0.24642857142857144,0.056428571428571425,0.8933333333333333,2.1039889305622284,0.0677371052186123
s005,26,20310239,base,Base Weibull PH,3,0.3,1.2,1,0.2,0.9,2000,0.3,0.1,1500,2.404553324593728,0.25857142857142856,0.05285714285714286,0.9033333333333333,2.250770054822339,0.06950195071013113
s005,27,20310240,base,Base Weibull PH,3,0.3,1.2,1,0.2,0.9,2000,0.3,0.1,1500,2.320674071510641,0.23714285714285716,0.05785714285714286,0.8983333333333333,2.16523482972983,0.07477132863137605
s005,28,20310241,base,Base Weibull PH,3,0.3,1.2,1,0.2,0.9,2000,0.3,0.1,1500,2.2445901022223733,0.245,0.05714285714285714,0.9366666666666666,2.095714408743317,0.07062704097783896
s005,29,20310242,base,Base Weibull PH,3,0.3,1.2,1,0.2,0.9,2000,0.3,0.1,1500,2.3390353432446003,0.2714285714285714,0.04428571428571428,0.89,2.1795889876861314,0.07231097821396427
s005,30,20310243,base,Base Weibull PH,3,0.3,1.2,1,0.2,0.9,2000,0.3,0.1,1500,2.2267457095047294,0.24428571428571427,0.05857142857142857,0.92,2.1034348773201903,0.05532416802452624
s006,1,20320214,base,Base Weibull PH,3,0.3,1.2,1,0.2,0.97,2000,0.3,0.1,1500,3.6389784917991967,0.19142857142857142,0.012142857142857143,0.91,3.4720922025669276,0.07068016298352316
s006,2,20320215,base,Base Weibull PH,3,0.3,1.2,1,0.2,0.97,2000,0.3,0.1,1500,3.660820299522858,0.2057142857142857,0.01,0.8966666666666666,3.4752617292984804,0.09859795008009148
s006,3,20320216,base,Base Weibull PH,3,0.3,1.2,1,0.2,0.97,2000,0.3,0.1,1500,3.5607906973485326,0.21785714285714286,0.012142857142857143,0.9316666666666666,3.414507055439504,0.06936710860386829
s006,4,20320217,base,Base Weibull PH,3,0.3,1.2,1,0.2,0.97,2000,0.3,0.1,1500,3.516848217002859,0.21071428571428572,0.014285714285714285,0.8933333333333333,3.3189495015660815,0.08354511874823076
s006,5,20320218,base,Base Weibull PH,3,0.3,1.2,1,0.2,0.97,2000,0.3,0.1,1500,3.697045331325495,0.2092857142857143,0.015,0.9116666666666666,3.5285953593592523,0.06539037075226682
s006,6,20320219,base,Base Weibull PH,3,0.3,1.2,1,0.2,0.97,2000,0.3,0.1,1500,3.4849737629489113,0.20642857142857143,0.01,0.9,3.315085615315231,0.08648973998308603
s006,7,20320220,base,Base Weibull PH,3,0.3,1.2,1,0.2,0.97,2000,0.3,0.1,1500,3.3885739621734445,0.21,0.015,0.91,3.225116567193668,0.06774047911527696
s006,8,20320221,base,Base Weibull PH,3,0.3,1.2,1,0.2,0.97,2000,0.3,0.1,1500,3.9262505686852083,0.21571428571428572,0.009285714285714286,0.86,3.7359112910117362,0.07869785371660844
s006,9,20320222,base,Base Weibull PH,3,0.3,1.2,1,0.2,0.97,2000,0.3,0.1,1500,3.6826893745660008,0.20785714285714285,0.011428571428571429,0.8966666666666666,3.4997326623965805,0.07779451220178131
s006,10,20320223,base,Base Weibull PH,3,0.3,1.2,1,0.2,0.97,2000,0.3,0.1,1500,3.460372458720107,0.23,0.016428571428571428,0.9033333333333333,3.3022995375945507,0.07162063559693134
s006,11,20320224,base,Base Weibull PH,3,0.3,1.2,1,0.2,0.97,2000,0.3,0.1,1500,3.5562988119343233,0.22071428571428572,0.012857142857142857,0.8866666666666667,3.3624470943503653,0.09515906776845845
s006,12,20320225,base,Base Weibull PH,3,0.3,1.2,1,0.2,0.97,2000,0.3,0.1,1500,3.830772269142811,0.20214285714285715,0.012142857142857143,0.8733333333333333,3.628986567695233,0.09127801221219174
s006,13,20320226,base,Base Weibull PH,3,0.3,1.2,1,0.2,0.97,2000,0.3,0.1,1500,3.760890821493852,0.21857142857142858,0.009285714285714286,0.8816666666666667,3.5858298399593096,0.07518194565786804
s006,14,20320227,base,Base Weibull PH,3,0.3,1.2,1,0.2,0.97,2000,0.3,0.1,1500,3.784416372062422,0.20714285714285716,0.007857142857142858,0.8933333333333333,3.6062632775893744,0.09077797825990502
s006,15,20320228,base,Base Weibull PH,3,0.3,1.2,1,0.2,0.97,2000,0.3,0.1,1500,3.8138969037068025,0.1957142857142857,0.014285714285714285,0.92,3.6630306618158164,0.08225404150505057
s006,16,20320229,base,Base Weibull PH,3,0.3,1.2,1,0.2,0.97,2000,0.3,0.1,1500,3.8548461838285557,0.19214285714285714,0.010714285714285714,0.91,3.692090864897196,0.06727873298481808
s006,17,20320230,base,Base Weibull PH,3,0.3,1.2,1,0.2,0.97,2000,0.3,0.1,1500,3.4483029602788795,0.195,0.011428571428571429,0.9016666666666666,3.265449755711609,0.07419523048985091
s006,18,20320231,base,Base Weibull PH,3,0.3,1.2,1,0.2,0.97,2000,0.3,0.1,1500,3.70200959401716,0.21214285714285713,0.013571428571428571,0.9,3.536392444530504,0.07746047678567367
s006,19,20320232,base,Base Weibull PH,3,0.3,1.2,1,0.2,0.97,2000,0.3,0.1,1500,3.5673088902853993,0.20214285714285715,0.012142857142857143,0.89,3.3883869690946815,0.08073379525879688
s006,20,20320233,base,Base Weibull PH,3,0.3,1.2,1,0.2,0.97,2000,0.3,0.1,1500,4.131642140335641,0.2057142857142857,0.013571428571428571,0.8883333333333333,3.9180706559105034,0.11484381277649994
s006,21,20320234,base,Base Weibull PH,3,0.3,1.2,1,0.2,0.97,2000,0.3,0.1,1500,3.766473853939863,0.22857142857142856,0.017142857142857144,0.8866666666666667,3.5905426013493633,0.09319423296163469
s006,22,20320235,base,Base Weibull PH,3,0.3,1.2,1,0.2,0.97,2000,0.3,0.1,1500,3.6232393242388166,0.21857142857142858,0.010714285714285714,0.9,3.4629858918487284,0.06928422768241031
s006,23,20320236,base,Base Weibull PH,3,0.3,1.2,1,0.2,0.97,2000,0.3,0.1,1500,3.4203465549480385,0.22285714285714286,0.016428571428571428,0.9083333333333333,3.2454150943541524,0.0796348386923374
s006,24,20320237,base,Base Weibull PH,3,0.3,1.2,1,0.2,0.97,2000,0.3,0.1,1500,3.4670437591609713,0.20357142857142857,0.008571428571428572,0.9316666666666666,3.3136183162065542,0.06074805289626221
s006,25,20320238,base,Base Weibull PH,3,0.3,1.2,1,0.2,0.97,2000,0.3,0.1,1500,3.795541794764646,0.21357142857142858,0.009285714285714286,0.8583333333333333,3.59343877750559,0.07994317414663223
s006,26,20320239,base,Base Weibull PH,3,0.3,1.2,1,0.2,0.97,2000,0.3,0.1,1500,3.4746212527541096,0.19857142857142857,0.010714285714285714,0.9033333333333333,3.3057363272306524,0.07702392353041182
s006,27,20320240,base,Base Weibull PH,3,0.3,1.2,1,0.2,0.97,2000,0.3,0.1,1500,3.762392652379203,0.22357142857142856,0.011428571428571429,0.895,3.5778447373808437,0.07491856215931886
s006,28,20320241,base,Base Weibull PH,3,0.3,1.2,1,0.2,0.97,2000,0.3,0.1,1500,3.5919735102128354,0.22214285714285714,0.011428571428571429,0.8883333333333333,3.4036398547851072,0.06080944794137888
s006,29,20320242,base,Base Weibull PH,3,0.3,1.2,1,0.2,0.97,2000,0.3,0.1,1500,3.419158658273113,0.22214285714285714,0.012142857142857143,0.8866666666666667,3.2587505429635195,0.06131800240909831
s006,30,20320243,base,Base Weibull PH,3,0.3,1.2,1,0.2,0.97,2000,0.3,0.1,1500,3.6672300278522774,0.20285714285714285,0.012142857142857143,0.9,3.455385811522619,0.10369145616441898
s007,1,20330214,base,Base Weibull PH,3,0.3,1.2,1,0.35,0.75,2000,0.3,0.1,1500,1.3648948989811334,0.45357142857142857,0.095,0.9183333333333333,1.2258717052588677,0.07043124575505001
s007,2,20330215,base,Base Weibull PH,3,0.3,1.2,1,0.35,0.75,2000,0.3,0.1,1500,1.3890940390920945,0.4542857142857143,0.11071428571428571,0.885,1.199057851543253,0.08523651083242473
s007,3,20330216,base,Base Weibull PH,3,0.3,1.2,1,0.35,0.75,2000,0.3,0.1,1500,1.3308146040428726,0.4607142857142857,0.11214285714285714,0.8866666666666667,1.1631975305136275,0.08949225413670614
s007,4,20330217,base,Base Weibull PH,3,0.3,1.2,1,0.35,0.75,2000,0.3,0.1,1500,1.3968180713487417,0.445,0.11214285714285714,0.9016666666666666,1.2470329150929589,0.06814819954417055
s007,5,20330218,base,Base Weibull PH,3,0.3,1.2,1,0.35,0.75,2000,0.3,0.1,1500,1.3716175427752635,0.47928571428571426,0.11785714285714285,0.8933333333333333,1.192393289840126,0.08401433013974131
s007,6,20330219,base,Base Weibull PH,3,0.3,1.2,1,0.35,0.75,2000,0.3,0.1,1500,1.3338766822425052,0.48,0.10714285714285714,0.9216666666666666,1.1969013641409827,0.05552311159668464
s007,7,20330220,base,Base Weibull PH,3,0.3,1.2,1,0.35,0.75,2000,0.3,0.1,1500,1.3877089386935648,0.465,0.11785714285714285,0.865,1.176239146940514,0.09052152758735288
s007,8,20330221,base,Base Weibull PH,3,0.3,1.2,1,0.35,0.75,2000,0.3,0.1,1500,1.3788986622016093,0.44857142857142857,0.11785714285714285,0.8933333333333333,1.2102492983765272,0.06749837334353538
s007,9,20330222,base,Base Weibull PH,3,0.3,1.2,1,0.35,0.75,2000,0.3,0.1,1500,1.395746727183661,0.43714285714285717,0.10428571428571429,0.9066666666666666,1.2459571629812265,0.07149676684956371
s007,10,20330223,base,Base Weibull PH,3,0.3,1.2,1,0.35,0.75,2000,0.3,0.1,1500,1.4005044926137615,0.46785714285714286,0.105,0.9183333333333333,1.2190622169451168,0.08198778653313268
s007,11,20330224,base,Base Weibull PH,3,0.3,1.2,1,0.35,0.75,2000,0.3,0.1,1500,1.3591929161346177,0.45357142857142857,0.10214285714285715,0.9016666666666666,1.1782727812026619,0.08450668780360664
s007,12,20330225,base,Base Weibull PH,3,0.3,1.2,1,0.35,0.75,2000,0.3,0.1,1500,1.36469267119692,0.4235714285714286,0.10928571428571429,0.9116666666666666,1.2062629779767755,0.06462606714096712
s007,13,20330226,base,Base Weibull PH,3,0.3,1.2,1,0.35,0.75,2000,0.3,0.1,1500,1.3726067494200849,0.46,0.11214285714285714,0.8983333333333333,1.2320123428317837,0.06311864136365426
s007,14,20330227,base,Base Weibull PH,3,0.3,1.2,1,0.35,0.75,2000,0.3,0.1,1500,1.4305291300082388,0.4407142857142857,0.08785714285714286,0.9316666666666666,1.2810440799065952,0.06898362175071984
s007,15,20330228,base,Base Weibull PH,3,0.3,1.2,1,0.35,0.75,2000,0.3,0.1,1500,1.3922244447071073,0.45785714285714285,0.11428571428571428,0.88,1.191684934799899,0.08983083153529638
s007,16,20330229,base,Base Weibull PH,3,0.3,1.2,1,0.35,0.75,2000,0.3,0.1,1500,1.416209716167098,0.4492857142857143,0.10428571428571429,0.895,1.2487578025422381,0.07519648650966965
s007,17,20330230,base,Base Weibull PH,3,0.3,1.2,1,0.35,0.75,2000,0.3,0.1,1500,1.3680743211829716,0.4471428571428571,0.11214285714285714,0.895,1.197037946918228,0.0855696993105074
s007,18,20330231,base,Base Weibull PH,3,0.3,1.2,1,0.35,0.75,2000,0.3,0.1,1500,1.4056472464034853,0.435,0.10928571428571429,0.8933333333333333,1.1996425524578558,0.09005705987597754
s007,19,20330232,base,Base Weibull PH,3,0.3,1.2,1,0.35,0.75,2000,0.3,0.1,1500,1.4213306311103144,0.44571428571428573,0.11071428571428571,0.9066666666666666,1.265390617717884,0.0723067758922124
s007,20,20330233,base,Base Weibull PH,3,0.3,1.2,1,0.35,0.75,2000,0.3,0.1,1500,1.3580922742951484,0.4585714285714286,0.10928571428571429,0.8933333333333333,1.1766728551299919,0.07890322591994238
s007,21,20330234,base,Base Weibull PH,3,0.3,1.2,1,0.35,0.75,2000,0.3,0.1,1500,1.3531904552120164,0.44642857142857145,0.10357142857142858,0.8933333333333333,1.1689239653372054,0.08627263345613327
s007,22,20330235,base,Base Weibull PH,3,0.3,1.2,1,0.35,0.75,2000,0.3,0.1,1500,1.4453289193784016,0.4592857142857143,0.105,0.8983333333333333,1.2903435901623364,0.08933523349132334
s007,23,20330236,base,Base Weibull PH,3,0.3,1.2,1,0.35,0.75,2000,0.3,0.1,1500,1.3985539596283916,0.47714285714285715,0.12428571428571429,0.8583333333333333,1.1952892998099542,0.10433491538471526
s007,24,20330237,base,Base Weibull PH,3,0.3,1.2,1,0.35,0.75,2000,0.3,0.1,1500,1.2943069176325166,0.4657142857142857,0.10714285714285714,0.8783333333333333,1.1101236033776192,0.0780391677528258
s007,25,20330238,base,Base Weibull PH,3,0.3,1.2,1,0.35,0.75,2000,0.3,0.1,1500,1.3882843982632314,0.4357142857142857,0.10642857142857143,0.92,1.2256543925188532,0.06767531910872629
s007,26,20330239,base,Base Weibull PH,3,0.3,1.2,1,0.35,0.75,2000,0.3,0.1,1500,1.4060625814612582,0.4492857142857143,0.11642857142857142,0.8833333333333333,1.2466919467987196,0.06946284546231458
s007,27,20330240,base,Base Weibull PH,3,0.3,1.2,1,0.35,0.75,2000,0.3,0.1,1500,1.362035830013529,0.44,0.10928571428571429,0.91,1.205819736802968,0.06595554742318421
s007,28,20330241,base,Base Weibull PH,3,0.3,1.2,1,0.35,0.75,2000,0.3,0.1,1500,1.3068981489784162,0.4471428571428571,0.10214285714285715,0.8633333333333333,1.1054317808644145,0.08014686975761406
s007,29,20330242,base,Base Weibull PH,3,0.3,1.2,1,0.35,0.75,2000,0.3,0.1,1500,1.3770622627576588,0.4492857142857143,0.09357142857142857,0.9133333333333333,1.204878151754045,0.08229243556512068
s007,30,20330243,base,Base Weibull PH,3,0.3,1.2,1,0.35,0.75,2000,0.3,0.1,1500,1.3689630179466739,0.4764285714285714,0.11857142857142858,0.9116666666666666,1.1976271700141787,0.08250860732081494
s008,1,20340214,base,Base Weibull PH,3,0.3,1.2,1,0.35,0.9,2000,0.3,0.1,1500,2.261237194883819,0.3892857142857143,0.02142857142857143,0.8933333333333333,2.0817944217168245,0.06465995034388683
s008,2,20340215,base,Base Weibull PH,3,0.3,1.2,1,0.35,0.9,2000,0.3,0.1,1500,2.3135525775301353,0.38571428571428573,0.027857142857142858,0.8833333333333333,2.124535515574015,0.08305393320292995
s008,3,20340216,base,Base Weibull PH,3,0.3,1.2,1,0.35,0.9,2000,0.3,0.1,1500,2.2520477814176414,0.3842857142857143,0.02214285714285714,0.8966666666666666,2.0695838099083272,0.07258726161409505
s008,4,20340217,base,Base Weibull PH,3,0.3,1.2,1,0.35,0.9,2000,0.3,0.1,1500,2.3984884004631706,0.3942857142857143,0.02642857142857143,0.88,2.204688371525973,0.086224812972394
s008,5,20340218,base,Base Weibull PH,3,0.3,1.2,1,0.35,0.9,2000,0.3,0.1,1500,2.4095405437235247,0.3892857142857143,0.03428571428571429,0.8866666666666667,2.231736410321018,0.08408456907134328
s008,6,20340219,base,Base Weibull PH,3,0.3,1.2,1,0.35,0.9,2000,0.3,0.1,1500,2.160113403904582,0.385,0.029285714285714286,0.8683333333333333,1.978801527092098,0.06470257167422676
s008,7,20340220,base,Base Weibull PH,3,0.3,1.2,1,0.35,0.9,2000,0.3,0.1,1500,2.197498886599588,0.3742857142857143,0.02857142857142857,0.8983333333333333,1.9981482796337202,0.09814250290728624
s008,8,20340221,base,Base Weibull PH,3,0.3,1.2,1,0.35,0.9,2000,0.3,0.1,1500,2.310134590977643,0.3792857142857143,0.03571428571428571,0.89,2.116644614422414,0.09785671142005331
s008,9,20340222,base,Base Weibull PH,3,0.3,1.2,1,0.35,0.9,2000,0.3,0.1,1500,2.251999753034861,0.3842857142857143,0.03142857142857143,0.8733333333333333,2.0795438325426594,0.07580359086279384
s008,10,20340223,base,Base Weibull PH,3,0.3,1.2,1,0.35,0.9,2000,0.3,0.1,1500,2.4208721428710445,0.40214285714285714,0.025,0.87,2.226456500413978,0.09484885045626093
s008,11,20340224,base,Base Weibull PH,3,0.3,1.2,1,0.35,0.9,2000,0.3,0.1,1500,2.26887386819412,0.3692857142857143,0.023571428571428573,0.9083333333333333,2.0924788402874803,0.05869521166863608
s008,12,20340225,base,Base Weibull PH,3,0.3,1.2,1,0.35,0.9,2000,0.3,0.1,1500,2.140878046331496,0.37714285714285717,0.02857142857142857,0.8966666666666666,1.9917965617113016,0.06995332194448317
s008,13,20340226,base,Base Weibull PH,3,0.3,1.2,1,0.35,0.9,2000,0.3,0.1,1500,2.203035996085611,0.37785714285714284,0.04,0.895,2.028784200809224,0.09173207457488397
s008,14,20340227,base,Base Weibull PH,3,0.3,1.2,1,0.35,0.9,2000,0.3,0.1,1500,2.2706046961832063,0.39357142857142857,0.029285714285714286,0.9033333333333333,2.1103379969863285,0.07905137043151134
s008,15,20340228,base,Base Weibull PH,3,0.3,1.2,1,0.35,0.9,2000,0.3,0.1,1500,2.188525503565425,0.3578571428571429,0.035,0.9033333333333333,2.0385847333947495,0.061178332451704454
s008,16,20340229,base,Base Weibull PH,3,0.3,1.2,1,0.35,0.9,2000,0.3,0.1,1500,2.259820644223269,0.36642857142857144,0.027142857142857142,0.88,2.064775126752888,0.07880906998807062
s008,17,20340230,base,Base Weibull PH,3,0.3,1.2,1,0.35,0.9,2000,0.3,0.1,1500,2.3874323847423673,0.395,0.02857142857142857,0.9216666666666666,2.2349420472707306,0.07107742127940629
s008,18,20340231,base,Base Weibull PH,3,0.3,1.2,1,0.35,0.9,2000,0.3,0.1,1500,2.253964803380325,0.3678571428571429,0.03642857142857143,0.8883333333333333,2.0823184649304465,0.08274792597636509
s008,19,20340232,base,Base Weibull PH,3,0.3,1.2,1,0.35,0.9,2000,0.3,0.1,1500,2.3657901668462986,0.37214285714285716,0.024285714285714285,0.9,2.178053373480946,0.09729975026945399
s008,20,20340233,base,Base Weibull PH,3,0.3,1.2,1,0.35,0.9,2000,0.3,0.1,1500,2.2296856127003997,0.37857142857142856,0.022857142857142857,0.8916666666666667,2.0653800893977263,0.06496847091655619
s008,21,20340234,base,Base Weibull PH,3,0.3,1.2,1,0.35,0.9,2000,0.3,0.1,1500,2.3363608764554544,0.39,0.025714285714285714,0.905,2.1678117679572932,0.08863301354953171
s008,22,20340235,base,Base Weibull PH,3,0.3,1.2,1,0.35,0.9,2000,0.3,0.1,1500,2.1533700493518726,0.4064285714285714,0.02857142857142857,0.91,1.9889991921381616,0.06229662529287107
s008,23,20340236,base,Base Weibull PH,3,0.3,1.2,1,0.35,0.9,2000,0.3,0.1,1500,2.3787442847171487,0.3692857142857143,0.03428571428571429,0.9166666666666666,2.2170775910925533,0.07967141770281318
s008,24,20340237,base,Base Weibull PH,3,0.3,1.2,1,0.35,0.9,2000,0.3,0.1,1500,2.254291122615964,0.40785714285714286,0.02642857142857143,0.8716666666666667,2.060707274148501,0.07590586488209487
s008,25,20340238,base,Base Weibull PH,3,0.3,1.2,1,0.35,0.9,2000,0.3,0.1,1500,2.251357428567839,0.3628571428571429,0.027857142857142858,0.895,2.085058221052495,0.07086598307239957
s008,26,20340239,base,Base Weibull PH,3,0.3,1.2,1,0.35,0.9,2000,0.3,0.1,1500,2.317133722618403,0.3742857142857143,0.03142857142857143,0.89,2.13218649861988,0.0899230018154301
s008,27,20340240,base,Base Weibull PH,3,0.3,1.2,1,0.35,0.9,2000,0.3,0.1,1500,2.3188106451913604,0.3792857142857143,0.02857142857142857,0.9133333333333333,2.1557032312270756,0.07853301846574814
s008,28,20340241,base,Base Weibull PH,3,0.3,1.2,1,0.35,0.9,2000,0.3,0.1,1500,2.288035019271705,0.38142857142857145,0.022857142857142857,0.8783333333333333,2.108678033564804,0.07969812995934637
s008,29,20340242,base,Base Weibull PH,3,0.3,1.2,1,0.35,0.9,2000,0.3,0.1,1500,2.2400167591258207,0.36428571428571427,0.016428571428571428,0.9116666666666666,2.0773086442190016,0.06994662187351851
s008,30,20340243,base,Base Weibull PH,3,0.3,1.2,1,0.35,0.9,2000,0.3,0.1,1500,2.2065102755600474,0.38285714285714284,0.027857142857142858,0.9166666666666666,2.060295104198098,0.0630290941125898
s009,1,20350214,base,Base Weibull PH,3,0.3,1.2,1,0.35,0.97,2000,0.3,0.1,1500,3.645580025014248,0.3485714285714286,0.004285714285714286,0.8916666666666667,3.4361739867308336,0.09377249035252598
s009,2,20350215,base,Base Weibull PH,3,0.3,1.2,1,0.35,0.97,2000,0.3,0.1,1500,3.5447599243995054,0.37714285714285717,0.005,0.9116666666666666,3.3825004588515797,0.07507313954331175
s009,3,20350216,base,Base Weibull PH,3,0.3,1.2,1,0.35,0.97,2000,0.3,0.1,1500,3.8703442307309497,0.35714285714285715,0.005,0.915,3.720204623887268,0.06513823280945709
s009,4,20350217,base,Base Weibull PH,3,0.3,1.2,1,0.35,0.97,2000,0.3,0.1,1500,3.5562400101021012,0.37714285714285717,0.0014285714285714286,0.8983333333333333,3.382434966029478,0.06891574933887917
s009,5,20350218,base,Base Weibull PH,3,0.3,1.2,1,0.35,0.97,2000,0.3,0.1,1500,3.525464936546449,0.3435714285714286,0.0035714285714285713,0.9,3.3764235416083763,0.06924647370354067
s009,6,20350219,base,Base Weibull PH,3,0.3,1.2,1,0.35,0.97,2000,0.3,0.1,1500,3.693428600738496,0.3457142857142857,0.004285714285714286,0.8933333333333333,3.5150406272576897,0.08500626404015359
s009,7,20350220,base,Base Weibull PH,3,0.3,1.2,1,0.35,0.97,2000,0.3,0.1,1500,3.4655226933040857,0.3607142857142857,0.005,0.89,3.2975629814924496,0.07398527320803522
s009,8,20350221,base,Base Weibull PH,3,0.3,1.2,1,0.35,0.97,2000,0.3,0.1,1500,3.818536486354257,0.36357142857142855,0.0035714285714285713,0.8833333333333333,3.645791801986389,0.08780627308856433
s009,9,20350222,base,Base Weibull PH,3,0.3,1.2,1,0.35,0.97,2000,0.3,0.1,1500,3.8221270290140517,0.34,0.004285714285714286,0.8933333333333333,3.636488872338918,0.09039382589664385
s009,10,20350223,base,Base Weibull PH,3,0.3,1.2,1,0.35,0.97,2000,0.3,0.1,1500,3.6336095139482043,0.3678571428571429,0.0035714285714285713,0.92,3.4537337440465077,0.09107146609364665
s009,11,20350224,base,Base Weibull PH,3,0.3,1.2,1,0.35,0.97,2000,0.3,0.1,1500,3.4256538849027356,0.3535714285714286,0.005,0.9083333333333333,3.269300988190637,0.06868687228594234
s009,12,20350225,base,Base Weibull PH,3,0.3,1.2,1,0.35,0.97,2000,0.3,0.1,1500,3.68963464861574,0.3457142857142857,0.0035714285714285713,0.8933333333333333,3.5207328776257127,0.07387919005049196
s009,13,20350226,base,Base Weibull PH,3,0.3,1.2,1,0.35,0.97,2000,0.3,0.1,1500,3.550803718639808,0.34785714285714286,0.004285714285714286,0.9,3.39310683722127,0.06543880779886821
s009,14,20350227,base,Base Weibull PH,3,0.3,1.2,1,0.35,0.97,2000,0.3,0.1,1500,3.3179160036979187,0.34785714285714286,0.005714285714285714,0.9066666666666666,3.156428136122908,0.08144004315475999
s009,15,20350228,base,Base Weibull PH,3,0.3,1.2,1,0.35,0.97,2000,0.3,0.1,1500,3.609680274103753,0.33785714285714286,0.0064285714285714285,0.8933333333333333,3.4214229063145103,0.0858021999877133
s009,16,20350229,base,Base Weibull PH,3,0.3,1.2,1,0.35,0.97,2000,0.3,0.1,1500,3.8641583737511063,0.34,0.002857142857142857,0.9133333333333333,3.7122857559328994,0.07289393073767138
s009,17,20350230,base,Base Weibull PH,3,0.3,1.2,1,0.35,0.97,2000,0.3,0.1,1500,3.8464840169970147,0.3678571428571429,0.005,0.9216666666666666,3.689779955767402,0.08081482087516445
s009,18,20350231,base,Base Weibull PH,3,0.3,1.2,1,0.35,0.97,2000,0.3,0.1,1500,3.461397909486285,0.335,0.002857142857142857,0.905,3.2891189903057336,0.08133609863728018
s009,19,20350232,base,Base Weibull PH,3,0.3,1.2,1,0.35,0.97,2000,0.3,0.1,1500,3.664242589604234,0.3628571428571429,0.002142857142857143,0.8833333333333333,3.48322901393949,0.0819877219254985
s009,20,20350233,base,Base Weibull PH,3,0.3,1.2,1,0.35,0.97,2000,0.3,0.1,1500,3.708189203649169,0.3414285714285714,0.0035714285714285713,0.9466666666666667,3.562656455617051,0.0680563244650411
s009,21,20350234,base,Base Weibull PH,3,0.3,1.2,1,0.35,0.97,2000,0.3,0.1,1500,3.5755820394191193,0.36857142857142855,0.002857142857142857,0.87,3.3916751117751516,0.07579335181164096
s009,22,20350235,base,Base Weibull PH,3,0.3,1.2,1,0.35,0.97,2000,0.3,0.1,1500,3.9570246218111906,0.35,0.002857142857142857,0.895,3.783683891294698,0.08670510134642394
s009,23,20350236,base,Base Weibull PH,3,0.3,1.2,1,0.35,0.97,2000,0.3,0.1,1500,3.6808305385950972,0.35214285714285715,0.005,0.9183333333333333,3.5384937669595344,0.07056265267949945
s009,24,20350237,base,Base Weibull PH,3,0.3,1.2,1,0.35,0.97,2000,0.3,0.1,1500,3.645780891822632,0.3578571428571429,0.008571428571428572,0.9066666666666666,3.467997736036773,0.07642019033624352
s009,25,20350238,base,Base Weibull PH,3,0.3,1.2,1,0.35,0.97,2000,0.3,0.1,1500,3.5694044976472887,0.3492857142857143,0.007142857142857143,0.875,3.404775010122011,0.06851814833384806
s009,26,20350239,base,Base Weibull PH,3,0.3,1.2,1,0.35,0.97,2000,0.3,0.1,1500,3.470844025249207,0.3585714285714286,0.005714285714285714,0.91,3.292961557598682,0.07220838055963595
s009,27,20350240,base,Base Weibull PH,3,0.3,1.2,1,0.35,0.97,2000,0.3,0.1,1500,3.6080618971079708,0.34785714285714286,0.005,0.9,3.4355190997171015,0.07188337617436373
s009,28,20350241,base,Base Weibull PH,3,0.3,1.2,1,0.35,0.97,2000,0.3,0.1,1500,3.785266528104995,0.335,0.005714285714285714,0.9316666666666666,3.624111625362241,0.06381125805807941
s009,29,20350242,base,Base Weibull PH,3,0.3,1.2,1,0.35,0.97,2000,0.3,0.1,1500,3.644600131955002,0.36642857142857144,0.002857142857142857,0.9,3.490441918631481,0.06515719563427236
s009,30,20350243,base,Base Weibull PH,3,0.3,1.2,1,0.35,0.97,2000,0.3,0.1,1500,3.676528364711263,0.35214285714285715,0.005714285714285714,0.8983333333333333,3.5187910215976714,0.06853593171703587
s010,1,20360214,high_dim,Higher covariate dimension,9,0.3,1.2,1,0.1,0.75,2000,0.3,0.1,1500,1.4864410312778813,0.3192857142857143,0.20357142857142857,0.8766666666666667,1.2854035858798163,0.1654203411613048
s010,2,20360215,high_dim,Higher covariate dimension,9,0.3,1.2,1,0.1,0.75,2000,0.3,0.1,1500,1.568818223674185,0.3107142857142857,0.2042857142857143,0.885,1.3634984797186562,0.17539008668504097
s010,3,20360216,high_dim,Higher covariate dimension,9,0.3,1.2,1,0.1,0.75,2000,0.3,0.1,1500,1.520795602606994,0.3092857142857143,0.21714285714285714,0.905,1.3410416705374624,0.14047692259326486
s010,4,20360217,high_dim,Higher covariate dimension,9,0.3,1.2,1,0.1,0.75,2000,0.3,0.1,1500,1.526365707380602,0.30857142857142855,0.195,0.8883333333333333,1.3149966054264144,0.17468318538380695
s010,5,20360218,high_dim,Higher covariate dimension,9,0.3,1.2,1,0.1,0.75,2000,0.3,0.1,1500,1.5081293391572081,0.31642857142857145,0.21428571428571427,0.9066666666666666,1.2970821793566274,0.1717509565319699
s010,6,20360219,high_dim,Higher covariate dimension,9,0.3,1.2,1,0.1,0.75,2000,0.3,0.1,1500,1.494488855769064,0.2957142857142857,0.20357142857142857,0.8966666666666666,1.2748932366622825,0.1792844960874041
s010,7,20360220,high_dim,Higher covariate dimension,9,0.3,1.2,1,0.1,0.75,2000,0.3,0.1,1500,1.4610499661797416,0.29642857142857143,0.20142857142857143,0.9216666666666666,1.2899770902207004,0.1372719294590839
s010,8,20360221,high_dim,Higher covariate dimension,9,0.3,1.2,1,0.1,0.75,2000,0.3,0.1,1500,1.4821441706613945,0.30642857142857144,0.20214285714285715,0.8983333333333333,1.3056823643105722,0.12571645365664352
s010,9,20360222,high_dim,Higher covariate dimension,9,0.3,1.2,1,0.1,0.75,2000,0.3,0.1,1500,1.5332907329295504,0.30642857142857144,0.21,0.8983333333333333,1.3245657227723993,0.19772285296076328
s010,10,20360223,high_dim,Higher covariate dimension,9,0.3,1.2,1,0.1,0.75,2000,0.3,0.1,1500,1.5110931548255784,0.3107142857142857,0.2007142857142857,0.895,1.2993595344142708,0.16408068570076997
s010,11,20360224,high_dim,Higher covariate dimension,9,0.3,1.2,1,0.1,0.75,2000,0.3,0.1,1500,1.5069668294563954,0.295,0.2042857142857143,0.9266666666666666,1.338992910871306,0.1414381799925407
s010,12,20360225,high_dim,Higher covariate dimension,9,0.3,1.2,1,0.1,0.75,2000,0.3,0.1,1500,1.4527364338144784,0.2907142857142857,0.2057142857142857,0.9083333333333333,1.2152711625125963,0.1847891300792584
s010,13,20360226,high_dim,Higher covariate dimension,9,0.3,1.2,1,0.1,0.75,2000,0.3,0.1,1500,1.4820459870125704,0.29714285714285715,0.195,0.8816666666666667,1.2874391427836411,0.16276629128407927
s010,14,20360227,high_dim,Higher covariate dimension,9,0.3,1.2,1,0.1,0.75,2000,0.3,0.1,1500,1.6058113441525517,0.3028571428571429,0.20357142857142857,0.91,1.3966592929610742,0.19349267949319104
s010,15,20360228,high_dim,Higher covariate dimension,9,0.3,1.2,1,0.1,0.75,2000,0.3,0.1,1500,1.533451127633505,0.2985714285714286,0.18785714285714286,0.915,1.3322169249701201,0.1504750373880281
s010,16,20360229,high_dim,Higher covariate dimension,9,0.3,1.2,1,0.1,0.75,2000,0.3,0.1,1500,1.510353992639739,0.30857142857142855,0.19857142857142857,0.905,1.294123205824348,0.1845424399079285
s010,17,20360230,high_dim,Higher covariate dimension,9,0.3,1.2,1,0.1,0.75,2000,0.3,0.1,1500,1.512192551706543,0.3142857142857143,0.21357142857142858,0.8883333333333333,1.3009226834734742,0.17089430049486182
s010,18,20360231,high_dim,Higher covariate dimension,9,0.3,1.2,1,0.1,0.75,2000,0.3,0.1,1500,1.4533175824173885,0.2978571428571429,0.19714285714285715,0.88,1.240202529687423,0.17578339315366026
s010,19,20360232,high_dim,Higher covariate dimension,9,0.3,1.2,1,0.1,0.75,2000,0.3,0.1,1500,1.5114266875967959,0.30428571428571427,0.19142857142857142,0.9066666666666666,1.2758764463324812,0.2235003682760881
s010,20,20360233,high_dim,Higher covariate dimension,9,0.3,1.2,1,0.1,0.75,2000,0.3,0.1,1500,1.533157017617654,0.32142857142857145,0.215,0.9183333333333333,1.3725506545864385,0.13249645304244148
s010,21,20360234,high_dim,Higher covariate dimension,9,0.3,1.2,1,0.1,0.75,2000,0.3,0.1,1500,1.5130822379940057,0.3057142857142857,0.19785714285714287,0.9133333333333333,1.3443521208065194,0.13257569072361097
s010,22,20360235,high_dim,Higher covariate dimension,9,0.3,1.2,1,0.1,0.75,2000,0.3,0.1,1500,1.4794031062877506,0.2985714285714286,0.2007142857142857,0.9133333333333333,1.281828453793407,0.1739096039193938
s010,23,20360236,high_dim,Higher covariate dimension,9,0.3,1.2,1,0.1,0.75,2000,0.3,0.1,1500,1.4967712632435495,0.32071428571428573,0.20642857142857143,0.8516666666666667,1.246376569105367,0.2142487298812365
s010,24,20360237,high_dim,Higher covariate dimension,9,0.3,1.2,1,0.1,0.75,2000,0.3,0.1,1500,1.569464882763013,0.30857142857142855,0.205,0.9033333333333333,1.349978906692333,0.19746393007775453
s010,25,20360238,high_dim,Higher covariate dimension,9,0.3,1.2,1,0.1,0.75,2000,0.3,0.1,1500,1.4176810821717,0.2978571428571429,0.19642857142857142,0.8933333333333333,1.2162228830093076,0.15379708684137364
s010,26,20360239,high_dim,Higher covariate dimension,9,0.3,1.2,1,0.1,0.75,2000,0.3,0.1,1500,1.514675620730942,0.2892857142857143,0.20214285714285715,0.9133333333333333,1.3111177946448058,0.17690644209457862
s010,27,20360240,high_dim,Higher covariate dimension,9,0.3,1.2,1,0.1,0.75,2000,0.3,0.1,1500,1.5143527873367733,0.31,0.20714285714285716,0.9,1.315658703660315,0.14780432458719517
s010,28,20360241,high_dim,Higher covariate dimension,9,0.3,1.2,1,0.1,0.75,2000,0.3,0.1,1500,1.527229680134138,0.2985714285714286,0.20857142857142857,0.9216666666666666,1.350332189340114,0.17582445762876328
s010,29,20360242,high_dim,Higher covariate dimension,9,0.3,1.2,1,0.1,0.75,2000,0.3,0.1,1500,1.6466406464434657,0.3057142857142857,0.21,0.8916666666666667,1.420743787210578,0.21271500724369077
s010,30,20360243,high_dim,Higher covariate dimension,9,0.3,1.2,1,0.1,0.75,2000,0.3,0.1,1500,1.6315023833090534,0.2885714285714286,0.19214285714285714,0.9083333333333333,1.4236542554871958,0.16298080428141418
s011,1,20370214,high_dim,Higher covariate dimension,9,0.3,1.2,1,0.1,0.9,2000,0.3,0.1,1500,2.8956314903724127,0.17214285714285715,0.07214285714285715,0.8733333333333333,2.622890968009517,0.25821145070269863
s011,2,20370215,high_dim,Higher covariate dimension,9,0.3,1.2,1,0.1,0.9,2000,0.3,0.1,1500,2.757701880990129,0.17642857142857143,0.07142857142857142,0.9183333333333333,2.5811071347257,0.13508932840505428
s011,3,20370216,high_dim,Higher covariate dimension,9,0.3,1.2,1,0.1,0.9,2000,0.3,0.1,1500,2.744229295870742,0.18642857142857142,0.07428571428571429,0.9216666666666666,2.5537221450678533,0.18346807390627287
s011,4,20370217,high_dim,Higher covariate dimension,9,0.3,1.2,1,0.1,0.9,2000,0.3,0.1,1500,2.8712775956465197,0.18071428571428572,0.07285714285714286,0.8866666666666667,2.6502099321638015,0.16218783801841893
s011,5,20370218,high_dim,Higher covariate dimension,9,0.3,1.2,1,0.1,0.9,2000,0.3,0.1,1500,3.0292629282549823,0.17642857142857143,0.07142857142857142,0.9083333333333333,2.8120620580278133,0.1892573530792467
s011,6,20370219,high_dim,Higher covariate dimension,9,0.3,1.2,1,0.1,0.9,2000,0.3,0.1,1500,3.0972973402393977,0.16642857142857143,0.06714285714285714,0.8783333333333333,2.885157438729601,0.18559976384606647
s011,7,20370220,high_dim,Higher covariate dimension,9,0.3,1.2,1,0.1,0.9,2000,0.3,0.1,1500,3.113413992604504,0.18428571428571427,0.075,0.895,2.880066259155324,0.2044894134778893
s011,8,20370221,high_dim,Higher covariate dimension,9,0.3,1.2,1,0.1,0.9,2000,0.3,0.1,1500,2.9936402729203317,0.17642857142857143,0.06857142857142857,0.9216666666666666,2.777071190554019,0.18517249749362935
s011,9,20370222,high_dim,Higher covariate dimension,9,0.3,1.2,1,0.1,0.9,2000,0.3,0.1,1500,2.968297289708508,0.18071428571428572,0.08,0.885,2.746415035182595,0.18566948297623512
s011,10,20370223,high_dim,Higher covariate dimension,9,0.3,1.2,1,0.1,0.9,2000,0.3,0.1,1500,2.9635532738640404,0.16714285714285715,0.07,0.885,2.7347878569136306,0.19123118280823317
s011,11,20370224,high_dim,Higher covariate dimension,9,0.3,1.2,1,0.1,0.9,2000,0.3,0.1,1500,3.156580913856412,0.17714285714285713,0.07285714285714286,0.895,2.9341540384316858,0.2018508204186118
s011,12,20370225,high_dim,Higher covariate dimension,9,0.3,1.2,1,0.1,0.9,2000,0.3,0.1,1500,2.8317009162573026,0.17214285714285715,0.07571428571428572,0.8933333333333333,2.604833410952278,0.20890886853345095
s011,13,20370226,high_dim,Higher covariate dimension,9,0.3,1.2,1,0.1,0.9,2000,0.3,0.1,1500,2.5840579187439,0.1742857142857143,0.06857142857142857,0.865,2.374161324327475,0.18347795407408363
s011,14,20370227,high_dim,Higher covariate dimension,9,0.3,1.2,1,0.1,0.9,2000,0.3,0.1,1500,2.8113195594686418,0.165,0.06642857142857143,0.93,2.635048995124394,0.1458444745115319
s011,15,20370228,high_dim,Higher covariate dimension,9,0.3,1.2,1,0.1,0.9,2000,0.3,0.1,1500,2.919370969731989,0.15642857142857142,0.062142857142857146,0.9166666666666666,2.7435506802356024,0.14457316362188805
s011,16,20370229,high_dim,Higher covariate dimension,9,0.3,1.2,1,0.1,0.9,2000,0.3,0.1,1500,2.8654367515178727,0.16857142857142857,0.06428571428571428,0.9066666666666666,2.655015170952832,0.18828005535384348
s011,17,20370230,high_dim,Higher covariate dimension,9,0.3,1.2,1,0.1,0.9,2000,0.3,0.1,1500,3.2047557142020784,0.17142857142857143,0.07428571428571429,0.9166666666666666,2.978258248790871,0.2539808959420215
s011,18,20370231,high_dim,Higher covariate dimension,9,0.3,1.2,1,0.1,0.9,2000,0.3,0.1,1500,2.8926814555046763,0.17785714285714285,0.07357142857142857,0.8983333333333333,2.6695104418190105,0.20525798120972433
s011,19,20370232,high_dim,Higher covariate dimension,9,0.3,1.2,1,0.1,0.9,2000,0.3,0.1,1500,2.888129931249683,0.1707142857142857,0.08285714285714285,0.9,2.698245032687423,0.1891540367834458
s011,20,20370233,high_dim,Higher covariate dimension,9,0.3,1.2,1,0.1,0.9,2000,0.3,0.1,1500,3.0286380407242746,0.175,0.07928571428571428,0.8883333333333333,2.823914177901784,0.16192926490714313
s011,21,20370234,high_dim,Higher covariate dimension,9,0.3,1.2,1,0.1,0.9,2000,0.3,0.1,1500,2.8511530718739286,0.17642857142857143,0.07571428571428572,0.885,2.6567103693802356,0.15356035172362548
s011,22,20370235,high_dim,Higher covariate dimension,9,0.3,1.2,1,0.1,0.9,2000,0.3,0.1,1500,3.006006404840637,0.16071428571428573,0.06785714285714285,0.91,2.8252264397592355,0.1887055590564924
s011,23,20370236,high_dim,Higher covariate dimension,9,0.3,1.2,1,0.1,0.9,2000,0.3,0.1,1500,2.861375341597343,0.18071428571428572,0.07357142857142857,0.8766666666666667,2.6287144620485416,0.18011009806122955
s011,24,20370237,high_dim,Higher covariate dimension,9,0.3,1.2,1,0.1,0.9,2000,0.3,0.1,1500,2.930528241040461,0.17,0.06785714285714285,0.9183333333333333,2.740702677876568,0.16748065974669232
s011,25,20370238,high_dim,Higher covariate dimension,9,0.3,1.2,1,0.1,0.9,2000,0.3,0.1,1500,2.7636871779892553,0.17285714285714285,0.07071428571428572,0.915,2.5798995624131185,0.16641161513690578
s011,26,20370239,high_dim,Higher covariate dimension,9,0.3,1.2,1,0.1,0.9,2000,0.3,0.1,1500,2.923454681788094,0.165,0.07,0.8583333333333333,2.6889289993236267,0.20248229378781873
s011,27,20370240,high_dim,Higher covariate dimension,9,0.3,1.2,1,0.1,0.9,2000,0.3,0.1,1500,3.1465516378087663,0.18928571428571428,0.08,0.895,2.904078359464837,0.2659666631237472
s011,28,20370241,high_dim,Higher covariate dimension,9,0.3,1.2,1,0.1,0.9,2000,0.3,0.1,1500,2.8621003374566043,0.16857142857142857,0.07428571428571429,0.91,2.6534735633601465,0.19949401956430635
s011,29,20370242,high_dim,Higher covariate dimension,9,0.3,1.2,1,0.1,0.9,2000,0.3,0.1,1500,2.9708064009833137,0.17285714285714285,0.07714285714285714,0.92,2.773228563799804,0.1875354407225533
s011,30,20370243,high_dim,Higher covariate dimension,9,0.3,1.2,1,0.1,0.9,2000,0.3,0.1,1500,3.0079947008462464,0.16071428571428573,0.07642857142857143,0.9066666666666666,2.82193188816213,0.18272090778707856
s012,1,20380214,high_dim,Higher covariate dimension,9,0.3,1.2,1,0.1,0.97,2000,0.3,0.1,1500,5.633782984427168,0.12428571428571429,0.016428571428571428,0.92,5.443044281440019,0.1769747030829505
s012,2,20380215,high_dim,Higher covariate dimension,9,0.3,1.2,1,0.1,0.97,2000,0.3,0.1,1500,5.0067930657270345,0.11357142857142857,0.013571428571428571,0.91,4.787486701856593,0.17469659378378935
s012,3,20380216,high_dim,Higher covariate dimension,9,0.3,1.2,1,0.1,0.97,2000,0.3,0.1,1500,5.507981536983285,0.11571428571428571,0.02,0.895,5.295817729748521,0.1852164070396867
s012,4,20380217,high_dim,Higher covariate dimension,9,0.3,1.2,1,0.1,0.97,2000,0.3,0.1,1500,5.506402949032403,0.145,0.02142857142857143,0.8666666666666667,5.234134552571749,0.27118610448183056
s012,5,20380218,high_dim,Higher covariate dimension,9,0.3,1.2,1,0.1,0.97,2000,0.3,0.1,1500,5.988472343626877,0.11285714285714285,0.02,0.9033333333333333,5.797446308765435,0.15630451639786216
s012,6,20380219,high_dim,Higher covariate dimension,9,0.3,1.2,1,0.1,0.97,2000,0.3,0.1,1500,4.908668688885064,0.12571428571428572,0.018571428571428572,0.8733333333333333,4.6916157758873975,0.15354756499682742
s012,7,20380220,high_dim,Higher covariate dimension,9,0.3,1.2,1,0.1,0.97,2000,0.3,0.1,1500,4.753323601913199,0.13142857142857142,0.02214285714285714,0.8933333333333333,4.564655455847536,0.16816304809648575
s012,8,20380221,high_dim,Higher covariate dimension,9,0.3,1.2,1,0.1,0.97,2000,0.3,0.1,1500,5.435466507547134,0.11785714285714285,0.017857142857142856,0.91,5.227199212063356,0.1662457810378217
s012,9,20380222,high_dim,Higher covariate dimension,9,0.3,1.2,1,0.1,0.97,2000,0.3,0.1,1500,5.665575076032678,0.11,0.019285714285714285,0.885,5.4275015734653485,0.18423646503451024
s012,10,20380223,high_dim,Higher covariate dimension,9,0.3,1.2,1,0.1,0.97,2000,0.3,0.1,1500,5.294957459975901,0.12142857142857143,0.02,0.8816666666666667,5.082729968963857,0.20364031484368372
s012,11,20380224,high_dim,Higher covariate dimension,9,0.3,1.2,1,0.1,0.97,2000,0.3,0.1,1500,5.315735830295959,0.125,0.014285714285714285,0.9083333333333333,5.10640489148454,0.1753970545900931
s012,12,20380225,high_dim,Higher covariate dimension,9,0.3,1.2,1,0.1,0.97,2000,0.3,0.1,1500,5.5658729713992106,0.12214285714285714,0.016428571428571428,0.9133333333333333,5.3606693563688435,0.14438387190664412
s012,13,20380226,high_dim,Higher covariate dimension,9,0.3,1.2,1,0.1,0.97,2000,0.3,0.1,1500,5.349569656888277,0.12571428571428572,0.019285714285714285,0.895,5.158330071780347,0.15647578490091604
s012,14,20380227,high_dim,Higher covariate dimension,9,0.3,1.2,1,0.1,0.97,2000,0.3,0.1,1500,4.916049230731701,0.12428571428571429,0.016428571428571428,0.8916666666666667,4.6912272308179075,0.1694481833268127
s012,15,20380228,high_dim,Higher covariate dimension,9,0.3,1.2,1,0.1,0.97,2000,0.3,0.1,1500,5.078611717658859,0.11857142857142858,0.019285714285714285,0.9083333333333333,4.8920458729078735,0.19367607923622315
s012,16,20380229,high_dim,Higher covariate dimension,9,0.3,1.2,1,0.1,0.97,2000,0.3,0.1,1500,5.4930830292123325,0.09571428571428571,0.017142857142857144,0.92,5.305421775247075,0.1744332010189186
s012,17,20380230,high_dim,Higher covariate dimension,9,0.3,1.2,1,0.1,0.97,2000,0.3,0.1,1500,5.748838221288428,0.11642857142857142,0.018571428571428572,0.925,5.579166655718039,0.14802192918183252
s012,18,20380231,high_dim,Higher covariate dimension,9,0.3,1.2,1,0.1,0.97,2000,0.3,0.1,1500,5.874365732177507,0.125,0.015,0.8783333333333333,5.651279192357386,0.19147457159082365
s012,19,20380232,high_dim,Higher covariate dimension,9,0.3,1.2,1,0.1,0.97,2000,0.3,0.1,1500,5.037061690443402,0.115,0.018571428571428572,0.895,4.814549126100049,0.20086959283484626
s012,20,20380233,high_dim,Higher covariate dimension,9,0.3,1.2,1,0.1,0.97,2000,0.3,0.1,1500,5.512741860265691,0.11857142857142858,0.016428571428571428,0.8833333333333333,5.279270466940036,0.1958817000046862
s012,21,20380234,high_dim,Higher covariate dimension,9,0.3,1.2,1,0.1,0.97,2000,0.3,0.1,1500,5.628274767130689,0.11642857142857142,0.019285714285714285,0.9033333333333333,5.445837725381611,0.1316053217929245
s012,22,20380235,high_dim,Higher covariate dimension,9,0.3,1.2,1,0.1,0.97,2000,0.3,0.1,1500,5.2647188919098875,0.12928571428571428,0.017857142857142856,0.92,5.087843286180217,0.15161005671596986
s012,23,20380236,high_dim,Higher covariate dimension,9,0.3,1.2,1,0.1,0.97,2000,0.3,0.1,1500,5.308651574365897,0.12071428571428572,0.013571428571428571,0.9033333333333333,5.075247843702873,0.22265308496872602
s012,24,20380237,high_dim,Higher covariate dimension,9,0.3,1.2,1,0.1,0.97,2000,0.3,0.1,1500,5.371836921827376,0.10357142857142858,0.02,0.8733333333333333,5.155292852904238,0.2057273049432759
s012,25,20380238,high_dim,Higher covariate dimension,9,0.3,1.2,1,0.1,0.97,2000,0.3,0.1,1500,4.777956320112118,0.12785714285714286,0.02,0.915,4.564651872898848,0.18700113948120825
s012,26,20380239,high_dim,Higher covariate dimension,9,0.3,1.2,1,0.1,0.97,2000,0.3,0.1,1500,4.9964611954510545,0.13642857142857143,0.02142857142857143,0.8916666666666667,4.815651295069551,0.20489386582421887
s012,27,20380240,high_dim,Higher covariate dimension,9,0.3,1.2,1,0.1,0.97,2000,0.3,0.1,1500,4.9355454674682395,0.12142857142857143,0.018571428571428572,0.885,4.705490805047625,0.18499736968830705
s012,28,20380241,high_dim,Higher covariate dimension,9,0.3,1.2,1,0.1,0.97,2000,0.3,0.1,1500,5.5652936227705725,0.115,0.02,0.8883333333333333,5.370002966836628,0.1525025594179649
s012,29,20380242,high_dim,Higher covariate dimension,9,0.3,1.2,1,0.1,0.97,2000,0.3,0.1,1500,5.869583680976995,0.11357142857142857,0.011428571428571429,0.89,5.654924381097018,0.20338394431287832
s012,30,20380243,high_dim,Higher covariate dimension,9,0.3,1.2,1,0.1,0.97,2000,0.3,0.1,1500,5.757811560727267,0.10928571428571429,0.015,0.905,5.5475858592509315,0.16860031133955444
s013,1,20390214,high_dim,Higher covariate dimension,9,0.3,1.2,1,0.2,0.75,2000,0.3,0.1,1500,1.4525151435156558,0.35214285714285715,0.15857142857142856,0.94,1.2477704621673908,0.18609158681111015
s013,2,20390215,high_dim,Higher covariate dimension,9,0.3,1.2,1,0.2,0.75,2000,0.3,0.1,1500,1.5427814277160037,0.37642857142857145,0.17357142857142857,0.8616666666666667,1.3122417730115643,0.176072350248833
s013,3,20390216,high_dim,Higher covariate dimension,9,0.3,1.2,1,0.2,0.75,2000,0.3,0.1,1500,1.5095483785684316,0.355,0.155,0.9133333333333333,1.308908939548046,0.16619439232204214
s013,4,20390217,high_dim,Higher covariate dimension,9,0.3,1.2,1,0.2,0.75,2000,0.3,0.1,1500,1.6685424044929238,0.35214285714285715,0.1657142857142857,0.8783333333333333,1.4487896822105508,0.1751503319962072
s013,5,20390218,high_dim,Higher covariate dimension,9,0.3,1.2,1,0.2,0.75,2000,0.3,0.1,1500,1.5752720589475169,0.3514285714285714,0.15357142857142858,0.9033333333333333,1.3750075853056265,0.17146659932148456
s013,6,20390219,high_dim,Higher covariate dimension,9,0.3,1.2,1,0.2,0.75,2000,0.3,0.1,1500,1.5079897250544132,0.34714285714285714,0.15357142857142858,0.905,1.3395798444107192,0.14462610035787513
s013,7,20390220,high_dim,Higher covariate dimension,9,0.3,1.2,1,0.2,0.75,2000,0.3,0.1,1500,1.5095171245838548,0.36214285714285716,0.15428571428571428,0.92,1.3176704935983818,0.17236503961777494
s013,8,20390221,high_dim,Higher covariate dimension,9,0.3,1.2,1,0.2,0.75,2000,0.3,0.1,1500,1.5120245930087255,0.3557142857142857,0.16,0.9,1.3232061236796702,0.16821916716736285
s013,9,20390222,high_dim,Higher covariate dimension,9,0.3,1.2,1,0.2,0.75,2000,0.3,0.1,1500,1.5053950733803845,0.36142857142857143,0.155,0.9,1.303860359439747,0.15692437432084871
s013,10,20390223,high_dim,Higher covariate dimension,9,0.3,1.2,1,0.2,0.75,2000,0.3,0.1,1500,1.5271885014171938,0.36,0.13857142857142857,0.9033333333333333,1.303619769672622,0.19915761687471997
s013,11,20390224,high_dim,Higher covariate dimension,9,0.3,1.2,1,0.2,0.75,2000,0.3,0.1,1500,1.4958357340409074,0.37,0.15714285714285714,0.8966666666666666,1.3119258104896436,0.13953616738016938
s013,12,20390225,high_dim,Higher covariate dimension,9,0.3,1.2,1,0.2,0.75,2000,0.3,0.1,1500,1.528536129882258,0.3607142857142857,0.1492857142857143,0.8983333333333333,1.318539938034453,0.1870114666634511
s013,13,20390226,high_dim,Higher covariate dimension,9,0.3,1.2,1,0.2,0.75,2000,0.3,0.1,1500,1.6069199800618217,0.3492857142857143,0.15714285714285714,0.9066666666666666,1.4113774600920368,0.16046548013225873
s013,14,20390227,high_dim,Higher covariate dimension,9,0.3,1.2,1,0.2,0.75,2000,0.3,0.1,1500,1.4880848112237617,0.33285714285714285,0.15571428571428572,0.8816666666666667,1.262582477976887,0.19319356379390068
s013,15,20390228,high_dim,Higher covariate dimension,9,0.3,1.2,1,0.2,0.75,2000,0.3,0.1,1500,1.5494915030079672,0.36214285714285716,0.15428571428571428,0.865,1.3460253459026355,0.1659943041342504
s013,16,20390229,high_dim,Higher covariate dimension,9,0.3,1.2,1,0.2,0.75,2000,0.3,0.1,1500,1.540143413411395,0.3757142857142857,0.15928571428571428,0.9033333333333333,1.359418564076108,0.12585576288739808
s013,17,20390230,high_dim,Higher covariate dimension,9,0.3,1.2,1,0.2,0.75,2000,0.3,0.1,1500,1.4146309536944677,0.3692857142857143,0.15142857142857144,0.8966666666666666,1.2136138290490361,0.15622969263894926
s013,18,20390231,high_dim,Higher covariate dimension,9,0.3,1.2,1,0.2,0.75,2000,0.3,0.1,1500,1.5434227503634514,0.355,0.16714285714285715,0.8916666666666667,1.3302641999819425,0.18691520809720563
s013,19,20390232,high_dim,Higher covariate dimension,9,0.3,1.2,1,0.2,0.75,2000,0.3,0.1,1500,1.5088300422850542,0.355,0.15214285714285714,0.8983333333333333,1.2931227458674572,0.18046654871382165
s013,20,20390233,high_dim,Higher covariate dimension,9,0.3,1.2,1,0.2,0.75,2000,0.3,0.1,1500,1.4832236714931522,0.3628571428571429,0.14714285714285713,0.8816666666666667,1.2726243908871462,0.1779520206772774
s013,21,20390234,high_dim,Higher covariate dimension,9,0.3,1.2,1,0.2,0.75,2000,0.3,0.1,1500,1.5471962518885005,0.3678571428571429,0.18071428571428572,0.8833333333333333,1.307413446500395,0.19741344916044956
s013,22,20390235,high_dim,Higher covariate dimension,9,0.3,1.2,1,0.2,0.75,2000,0.3,0.1,1500,1.5105432938217644,0.36428571428571427,0.16857142857142857,0.895,1.2858818258431768,0.2067591725781911
s013,23,20390236,high_dim,Higher covariate dimension,9,0.3,1.2,1,0.2,0.75,2000,0.3,0.1,1500,1.5525527097991874,0.37,0.16857142857142857,0.9,1.3533009924611494,0.1842478931824933
s013,24,20390237,high_dim,Higher covariate dimension,9,0.3,1.2,1,0.2,0.75,2000,0.3,0.1,1500,1.4124611861146974,0.3492857142857143,0.16071428571428573,0.8916666666666667,1.2057397064545277,0.1708320186459759
s013,25,20390238,high_dim,Higher covariate dimension,9,0.3,1.2,1,0.2,0.75,2000,0.3,0.1,1500,1.5790091493894343,0.36,0.17,0.8816666666666667,1.339595338119699,0.2080555863130278
s013,26,20390239,high_dim,Higher covariate dimension,9,0.3,1.2,1,0.2,0.75,2000,0.3,0.1,1500,1.461765908287386,0.3607142857142857,0.16285714285714287,0.9166666666666666,1.3023813406774183,0.12789171460659446
s013,27,20390240,high_dim,Higher covariate dimension,9,0.3,1.2,1,0.2,0.75,2000,0.3,0.1,1500,1.5200732342059413,0.34,0.16285714285714287,0.925,1.3249461835549512,0.1784809366936139
s013,28,20390241,high_dim,Higher covariate dimension,9,0.3,1.2,1,0.2,0.75,2000,0.3,0.1,1500,1.593832080242966,0.36142857142857143,0.15928571428571428,0.9133333333333333,1.3803142649651647,0.17667950935826593
s013,29,20390242,high_dim,Higher covariate dimension,9,0.3,1.2,1,0.2,0.75,2000,0.3,0.1,1500,1.4942046981731978,0.3607142857142857,0.16428571428571428,0.8766666666666667,1.2576312380248083,0.21405357866982916
s013,30,20390243,high_dim,Higher covariate dimension,9,0.3,1.2,1,0.2,0.75,2000,0.3,0.1,1500,1.5045516760727515,0.35,0.16142857142857142,0.8966666666666666,1.3011468232222665,0.16948228048214384
s014,1,20400214,high_dim,Higher covariate dimension,9,0.3,1.2,1,0.2,0.9,2000,0.3,0.1,1500,2.90926344873596,0.24142857142857144,0.056428571428571425,0.9033333333333333,2.6931612613781484,0.2257184081449457
s014,2,20400215,high_dim,Higher covariate dimension,9,0.3,1.2,1,0.2,0.9,2000,0.3,0.1,1500,3.1004051722998742,0.24285714285714285,0.055714285714285716,0.9016666666666666,2.9247062552847747,0.13532515010889204
s014,3,20400216,high_dim,Higher covariate dimension,9,0.3,1.2,1,0.2,0.9,2000,0.3,0.1,1500,2.881801046129693,0.24714285714285714,0.045714285714285714,0.895,2.6534644603442747,0.20165950701672422
s014,4,20400217,high_dim,Higher covariate dimension,9,0.3,1.2,1,0.2,0.9,2000,0.3,0.1,1500,2.8785278251388005,0.26285714285714284,0.045,0.9233333333333333,2.683484348270737,0.18850416518131533
s014,5,20400218,high_dim,Higher covariate dimension,9,0.3,1.2,1,0.2,0.9,2000,0.3,0.1,1500,3.0515588562918334,0.24785714285714286,0.052142857142857144,0.9116666666666666,2.845780691588391,0.1783112880481121
s014,6,20400219,high_dim,Higher covariate dimension,9,0.3,1.2,1,0.2,0.9,2000,0.3,0.1,1500,2.832384984293618,0.24571428571428572,0.05928571428571429,0.895,2.6301067111196903,0.18694025824430796
s014,7,20400220,high_dim,Higher covariate dimension,9,0.3,1.2,1,0.2,0.9,2000,0.3,0.1,1500,3.0109567547055236,0.26571428571428574,0.055714285714285716,0.9016666666666666,2.7933593734743223,0.19195720948267603
s014,8,20400221,high_dim,Higher covariate dimension,9,0.3,1.2,1,0.2,0.9,2000,0.3,0.1,1500,2.9814725189355595,0.24357142857142858,0.04928571428571429,0.9083333333333333,2.763604600956462,0.17003471088670566
s014,9,20400222,high_dim,Higher covariate dimension,9,0.3,1.2,1,0.2,0.9,2000,0.3,0.1,1500,2.773409677003133,0.24857142857142858,0.06142857142857143,0.8716666666666667,2.539931636241418,0.17733203993023358
s014,10,20400223,high_dim,Higher covariate dimension,9,0.3,1.2,1,0.2,0.9,2000,0.3,0.1,1500,2.9933303580977335,0.25642857142857145,0.04857142857142857,0.9183333333333333,2.799815785538921,0.17336644775697996
s014,11,20400224,high_dim,Higher covariate dimension,9,0.3,1.2,1,0.2,0.9,2000,0.3,0.1,1500,2.8134367394992204,0.235,0.045714285714285714,0.88,2.58294253165043,0.20925262479088244
s014,12,20400225,high_dim,Higher covariate dimension,9,0.3,1.2,1,0.2,0.9,2000,0.3,0.1,1500,2.9146580344374096,0.2592857142857143,0.055714285714285716,0.8966666666666666,2.729608794775813,0.15690517472137783
s014,13,20400226,high_dim,Higher covariate dimension,9,0.3,1.2,1,0.2,0.9,2000,0.3,0.1,1500,2.886305185085214,0.255,0.05285714285714286,0.905,2.6930700430192913,0.1566909917950632
s014,14,20400227,high_dim,Higher covariate dimension,9,0.3,1.2,1,0.2,0.9,2000,0.3,0.1,1500,2.7125376983652023,0.245,0.05142857142857143,0.8866666666666667,2.5167541717874653,0.155862801214176
s014,15,20400228,high_dim,Higher covariate dimension,9,0.3,1.2,1,0.2,0.9,2000,0.3,0.1,1500,2.9306939032572026,0.24285714285714285,0.039285714285714285,0.915,2.744466127876423,0.16199830965609854
s014,16,20400229,high_dim,Higher covariate dimension,9,0.3,1.2,1,0.2,0.9,2000,0.3,0.1,1500,3.0333907519642134,0.23285714285714285,0.045,0.8683333333333333,2.8204862465922513,0.1779412761675088
s014,17,20400230,high_dim,Higher covariate dimension,9,0.3,1.2,1,0.2,0.9,2000,0.3,0.1,1500,2.6889266146274373,0.245,0.054285714285714284,0.8933333333333333,2.4726215320704825,0.1769197530327026
s014,18,20400231,high_dim,Higher covariate dimension,9,0.3,1.2,1,0.2,0.9,2000,0.3,0.1,1500,2.983090811862946,0.2507142857142857,0.039285714285714285,0.8866666666666667,2.783486424535162,0.15686013733523071
s014,19,20400232,high_dim,Higher covariate dimension,9,0.3,1.2,1,0.2,0.9,2000,0.3,0.1,1500,2.796351644674808,0.24,0.05785714285714286,0.9283333333333333,2.627629633446791,0.15250690951329976
s014,20,20400233,high_dim,Higher covariate dimension,9,0.3,1.2,1,0.2,0.9,2000,0.3,0.1,1500,2.9852673028204952,0.24,0.055,0.9083333333333333,2.7987368428708495,0.13466244547833525
s014,21,20400234,high_dim,Higher covariate dimension,9,0.3,1.2,1,0.2,0.9,2000,0.3,0.1,1500,2.93694403041928,0.25214285714285717,0.052142857142857144,0.9116666666666666,2.7534073393752316,0.13086611581365754
s014,22,20400235,high_dim,Higher covariate dimension,9,0.3,1.2,1,0.2,0.9,2000,0.3,0.1,1500,2.885342425453148,0.26357142857142857,0.04857142857142857,0.9133333333333333,2.7011521498113207,0.14851875237114268
s014,23,20400236,high_dim,Higher covariate dimension,9,0.3,1.2,1,0.2,0.9,2000,0.3,0.1,1500,3.0470952619525526,0.2557142857142857,0.056428571428571425,0.875,2.8051128950270603,0.2336402448535857
s014,24,20400237,high_dim,Higher covariate dimension,9,0.3,1.2,1,0.2,0.9,2000,0.3,0.1,1500,3.040779767483945,0.25,0.047857142857142855,0.8733333333333333,2.8009074285999853,0.2198078198744391
s014,25,20400238,high_dim,Higher covariate dimension,9,0.3,1.2,1,0.2,0.9,2000,0.3,0.1,1500,3.0779940218038315,0.2664285714285714,0.04642857142857143,0.8916666666666667,2.8716213173191365,0.17567129173990254
s014,26,20400239,high_dim,Higher covariate dimension,9,0.3,1.2,1,0.2,0.9,2000,0.3,0.1,1500,3.1668323173360045,0.26142857142857145,0.05142857142857143,0.92,2.9576931344618544,0.19983169793990674
s014,27,20400240,high_dim,Higher covariate dimension,9,0.3,1.2,1,0.2,0.9,2000,0.3,0.1,1500,2.9305601485673183,0.25857142857142856,0.05357142857142857,0.885,2.695749642197175,0.21145760091434726
s014,28,20400241,high_dim,Higher covariate dimension,9,0.3,1.2,1,0.2,0.9,2000,0.3,0.1,1500,2.9209527427812856,0.23642857142857143,0.047142857142857146,0.9033333333333333,2.668629172716886,0.23652438762064945
s014,29,20400242,high_dim,Higher covariate dimension,9,0.3,1.2,1,0.2,0.9,2000,0.3,0.1,1500,2.955496238223333,0.25214285714285717,0.047857142857142855,0.8933333333333333,2.7363232644812148,0.162102478183181
s014,30,20400243,high_dim,Higher covariate dimension,9,0.3,1.2,1,0.2,0.9,2000,0.3,0.1,1500,3.0571749218702675,0.23714285714285716,0.05285714285714286,0.91,2.869855700775713,0.15013034455941984
s015,1,20410214,high_dim,Higher covariate dimension,9,0.3,1.2,1,0.2,0.97,2000,0.3,0.1,1500,4.945815004444145,0.2042857142857143,0.01,0.9083333333333333,4.756454312975805,0.17237460926461157
s015,2,20410215,high_dim,Higher covariate dimension,9,0.3,1.2,1,0.2,0.97,2000,0.3,0.1,1500,5.299648848875743,0.20714285714285716,0.01,0.8966666666666666,5.0974237783768395,0.16537059595569914
s015,3,20410216,high_dim,Higher covariate dimension,9,0.3,1.2,1,0.2,0.97,2000,0.3,0.1,1500,5.959347551109546,0.22357142857142856,0.0064285714285714285,0.9,5.744564927474265,0.19097349647372502
s015,4,20410217,high_dim,Higher covariate dimension,9,0.3,1.2,1,0.2,0.97,2000,0.3,0.1,1500,5.367000033507062,0.2007142857142857,0.007857142857142858,0.8783333333333333,5.162802800913638,0.15775434603648092
s015,5,20410218,high_dim,Higher covariate dimension,9,0.3,1.2,1,0.2,0.97,2000,0.3,0.1,1500,5.594129224658362,0.21214285714285713,0.009285714285714286,0.9216666666666666,5.388209398461291,0.1850247681697079
s015,6,20410219,high_dim,Higher covariate dimension,9,0.3,1.2,1,0.2,0.97,2000,0.3,0.1,1500,5.595885486420816,0.20142857142857143,0.015,0.9166666666666666,5.387205385836895,0.1677943586694997
s015,7,20410220,high_dim,Higher covariate dimension,9,0.3,1.2,1,0.2,0.97,2000,0.3,0.1,1500,5.251868237159869,0.21928571428571428,0.005714285714285714,0.8916666666666667,5.034716047899779,0.18118692682036128
s015,8,20410221,high_dim,Higher covariate dimension,9,0.3,1.2,1,0.2,0.97,2000,0.3,0.1,1500,5.164178360836502,0.21857142857142858,0.007142857142857143,0.9233333333333333,4.969886290917541,0.1701307199438511
s015,9,20410222,high_dim,Higher covariate dimension,9,0.3,1.2,1,0.2,0.97,2000,0.3,0.1,1500,5.117149694446912,0.20785714285714285,0.007857142857142858,0.9066666666666666,4.926174826652898,0.16358061730026943
s015,10,20410223,high_dim,Higher covariate dimension,9,0.3,1.2,1,0.2,0.97,2000,0.3,0.1,1500,4.660079911329327,0.21428571428571427,0.012142857142857143,0.9133333333333333,4.460445703838004,0.1487100876181843
s015,11,20410224,high_dim,Higher covariate dimension,9,0.3,1.2,1,0.2,0.97,2000,0.3,0.1,1500,5.42217158252125,0.19214285714285714,0.009285714285714286,0.9033333333333333,5.214574776163667,0.16893743288706925
s015,12,20410225,high_dim,Higher covariate dimension,9,0.3,1.2,1,0.2,0.97,2000,0.3,0.1,1500,5.719837010725211,0.205,0.011428571428571429,0.9133333333333333,5.55934837208488,0.15240953029809187
s015,13,20410226,high_dim,Higher covariate dimension,9,0.3,1.2,1,0.2,0.97,2000,0.3,0.1,1500,5.16469539793896,0.20214285714285715,0.0064285714285714285,0.8466666666666667,4.908394110514041,0.16825527296122852
s015,14,20410227,high_dim,Higher covariate dimension,9,0.3,1.2,1,0.2,0.97,2000,0.3,0.1,1500,4.961436013742707,0.215,0.008571428571428572,0.9066666666666666,4.763754648759673,0.1637446556284905
s015,15,20410228,high_dim,Higher covariate dimension,9,0.3,1.2,1,0.2,0.97,2000,0.3,0.1,1500,5.4057742452307975,0.20857142857142857,0.010714285714285714,0.8883333333333333,5.215196775859042,0.16280791289800015
s015,16,20410229,high_dim,Higher covariate dimension,9,0.3,1.2,1,0.2,0.97,2000,0.3,0.1,1500,5.738542507624486,0.21571428571428572,0.008571428571428572,0.8933333333333333,5.516121639678181,0.19058835846194017
s015,17,20410230,high_dim,Higher covariate dimension,9,0.3,1.2,1,0.2,0.97,2000,0.3,0.1,1500,5.6894013935892,0.205,0.008571428571428572,0.9166666666666666,5.472423947397062,0.19030401106432304
s015,18,20410231,high_dim,Higher covariate dimension,9,0.3,1.2,1,0.2,0.97,2000,0.3,0.1,1500,5.79596070963637,0.2,0.010714285714285714,0.8666666666666667,5.574711739698649,0.18584446531645768
s015,19,20410232,high_dim,Higher covariate dimension,9,0.3,1.2,1,0.2,0.97,2000,0.3,0.1,1500,5.451859756164919,0.1992857142857143,0.009285714285714286,0.89,5.213128302280666,0.19636411506463874
s015,20,20410233,high_dim,Higher covariate dimension,9,0.3,1.2,1,0.2,0.97,2000,0.3,0.1,1500,5.3563586408805,0.215,0.014285714285714285,0.8983333333333333,5.1721213545106854,0.15994404561821501
s015,21,20410234,high_dim,Higher covariate dimension,9,0.3,1.2,1,0.2,0.97,2000,0.3,0.1,1500,5.32575516182561,0.19857142857142857,0.010714285714285714,0.8983333333333333,5.1015490882860135,0.21080589011968096
s015,22,20410235,high_dim,Higher covariate dimension,9,0.3,1.2,1,0.2,0.97,2000,0.3,0.1,1500,5.008526483594004,0.2057142857142857,0.008571428571428572,0.9016666666666666,4.809334248000722,0.15548436625805734
s015,23,20410236,high_dim,Higher covariate dimension,9,0.3,1.2,1,0.2,0.97,2000,0.3,0.1,1500,5.6714720145590745,0.2007142857142857,0.009285714285714286,0.8983333333333333,5.426973634239041,0.20073545219733485
s015,24,20410237,high_dim,Higher covariate dimension,9,0.3,1.2,1,0.2,0.97,2000,0.3,0.1,1500,5.110329329955107,0.2307142857142857,0.007857142857142858,0.8866666666666667,4.8933589167590394,0.1817873409512699
s015,25,20410238,high_dim,Higher covariate dimension,9,0.3,1.2,1,0.2,0.97,2000,0.3,0.1,1500,5.780759048043474,0.22,0.004285714285714286,0.9233333333333333,5.611084900070632,0.13543890491492266
s015,26,20410239,high_dim,Higher covariate dimension,9,0.3,1.2,1,0.2,0.97,2000,0.3,0.1,1500,5.042096489545627,0.2007142857142857,0.01,0.9066666666666666,4.87887038448649,0.10835607202505008
s015,27,20410240,high_dim,Higher covariate dimension,9,0.3,1.2,1,0.2,0.97,2000,0.3,0.1,1500,5.048549395883502,0.19142857142857142,0.009285714285714286,0.895,4.848320357723517,0.1616353429158025
s015,28,20410241,high_dim,Higher covariate dimension,9,0.3,1.2,1,0.2,0.97,2000,0.3,0.1,1500,5.091844189775094,0.2,0.0064285714285714285,0.8916666666666667,4.876476774446195,0.18092998150970369
s015,29,20410242,high_dim,Higher covariate dimension,9,0.3,1.2,1,0.2,0.97,2000,0.3,0.1,1500,5.245142410344597,0.20785714285714285,0.012857142857142857,0.8883333333333333,5.046253085576416,0.16410997921785628
s015,30,20410243,high_dim,Higher covariate dimension,9,0.3,1.2,1,0.2,0.97,2000,0.3,0.1,1500,5.815042545805195,0.21285714285714286,0.01,0.91,5.62700101029334,0.17924061166795205
s016,1,20420214,high_dim,Higher covariate dimension,9,0.3,1.2,1,0.35,0.75,2000,0.3,0.1,1500,1.6387538742501646,0.44285714285714284,0.10285714285714286,0.9,1.4080076546601838,0.21045276338546906
s016,2,20420215,high_dim,Higher covariate dimension,9,0.3,1.2,1,0.35,0.75,2000,0.3,0.1,1500,1.4939761594343486,0.45,0.10214285714285715,0.8966666666666666,1.2798893410804115,0.18457097920331997
s016,3,20420216,high_dim,Higher covariate dimension,9,0.3,1.2,1,0.35,0.75,2000,0.3,0.1,1500,1.5372359280961352,0.46214285714285713,0.09785714285714285,0.8666666666666667,1.2942606635446614,0.20552015287362824
s016,4,20420217,high_dim,Higher covariate dimension,9,0.3,1.2,1,0.35,0.75,2000,0.3,0.1,1500,1.4829575785814106,0.46285714285714286,0.09571428571428571,0.8933333333333333,1.2692734753061894,0.16637145779735069
s016,5,20420218,high_dim,Higher covariate dimension,9,0.3,1.2,1,0.35,0.75,2000,0.3,0.1,1500,1.5054128983275956,0.42428571428571427,0.08071428571428571,0.865,1.2801117502368415,0.18450126286039617
s016,6,20420219,high_dim,Higher covariate dimension,9,0.3,1.2,1,0.35,0.75,2000,0.3,0.1,1500,1.4044824501095365,0.4564285714285714,0.10642857142857143,0.895,1.1715635419036865,0.19172779235906406
s016,7,20420220,high_dim,Higher covariate dimension,9,0.3,1.2,1,0.35,0.75,2000,0.3,0.1,1500,1.581144519763125,0.45571428571428574,0.10214285714285715,0.9133333333333333,1.3814386221613726,0.17429664014297355
s016,8,20420221,high_dim,Higher covariate dimension,9,0.3,1.2,1,0.35,0.75,2000,0.3,0.1,1500,1.5029469502641724,0.4421428571428571,0.10214285714285715,0.8883333333333333,1.2842662804101272,0.18103649809295982
s016,9,20420222,high_dim,Higher covariate dimension,9,0.3,1.2,1,0.35,0.75,2000,0.3,0.1,1500,1.473145969981069,0.4442857142857143,0.10142857142857142,0.9,1.272826927833026,0.1733793889223394
s016,10,20420223,high_dim,Higher covariate dimension,9,0.3,1.2,1,0.35,0.75,2000,0.3,0.1,1500,1.5443285849814843,0.4657142857142857,0.10071428571428571,0.8866666666666667,1.3492295225306137,0.16840131343690912
s016,11,20420224,high_dim,Higher covariate dimension,9,0.3,1.2,1,0.35,0.75,2000,0.3,0.1,1500,1.4631750997089505,0.4542857142857143,0.10785714285714286,0.8933333333333333,1.2374318105875153,0.23533281394308242
s016,12,20420225,high_dim,Higher covariate dimension,9,0.3,1.2,1,0.35,0.75,2000,0.3,0.1,1500,1.473547050771244,0.45571428571428574,0.10928571428571429,0.9066666666666666,1.2733725344356324,0.16994957803896477
s016,13,20420226,high_dim,Higher covariate dimension,9,0.3,1.2,1,0.35,0.75,2000,0.3,0.1,1500,1.5196275854946015,0.45071428571428573,0.095,0.895,1.3169615513458013,0.17667564207897102
s016,14,20420227,high_dim,Higher covariate dimension,9,0.3,1.2,1,0.35,0.75,2000,0.3,0.1,1500,1.5068130768475791,0.4657142857142857,0.09714285714285714,0.91,1.3260250573468828,0.16163730679822214
s016,15,20420228,high_dim,Higher covariate dimension,9,0.3,1.2,1,0.35,0.75,2000,0.3,0.1,1500,1.4797799932972067,0.45714285714285713,0.09928571428571428,0.9066666666666666,1.291306804422544,0.1549079154542193
s016,16,20420229,high_dim,Higher covariate dimension,9,0.3,1.2,1,0.35,0.75,2000,0.3,0.1,1500,1.4525691203268272,0.44642857142857145,0.10357142857142858,0.925,1.2795744599026437,0.1336505058041405
s016,17,20420230,high_dim,Higher covariate dimension,9,0.3,1.2,1,0.35,0.75,2000,0.3,0.1,1500,1.4726089116099677,0.44785714285714284,0.09214285714285714,0.8783333333333333,1.2551742766372238,0.2170892422997183
s016,18,20420231,high_dim,Higher covariate dimension,9,0.3,1.2,1,0.35,0.75,2000,0.3,0.1,1500,1.5347146747587266,0.4442857142857143,0.1,0.8916666666666667,1.3298908694383302,0.1635564564703044
s016,19,20420232,high_dim,Higher covariate dimension,9,0.3,1.2,1,0.35,0.75,2000,0.3,0.1,1500,1.5587895166034604,0.44571428571428573,0.10428571428571429,0.8983333333333333,1.3782489276642067,0.14362294799556696
s016,20,20420233,high_dim,Higher covariate dimension,9,0.3,1.2,1,0.35,0.75,2000,0.3,0.1,1500,1.456052965229314,0.4585714285714286,0.11071428571428571,0.8733333333333333,1.2451093218430458,0.1778695329471161
s016,21,20420234,high_dim,Higher covariate dimension,9,0.3,1.2,1,0.35,0.75,2000,0.3,0.1,1500,1.5715515405337943,0.465,0.09285714285714286,0.9266666666666666,1.397003032473375,0.17452428743491344
s016,22,20420235,high_dim,Higher covariate dimension,9,0.3,1.2,1,0.35,0.75,2000,0.3,0.1,1500,1.5757896648367316,0.4492857142857143,0.10571428571428572,0.9016666666666666,1.4129731680926476,0.14838868044783826
s016,23,20420236,high_dim,Higher covariate dimension,9,0.3,1.2,1,0.35,0.75,2000,0.3,0.1,1500,1.518727902564418,0.45357142857142857,0.10714285714285714,0.9216666666666666,1.3560139719455817,0.14598961528191834
s016,24,20420237,high_dim,Higher covariate dimension,9,0.3,1.2,1,0.35,0.75,2000,0.3,0.1,1500,1.544050855715671,0.45571428571428574,0.095,0.9083333333333333,1.3363407146482733,0.16232772343130672
s016,25,20420238,high_dim,Higher covariate dimension,9,0.3,1.2,1,0.35,0.75,2000,0.3,0.1,1500,1.4230055808532591,0.43785714285714283,0.11142857142857143,0.9016666666666666,1.2238677531150135,0.1643218380296276
s016,26,20420239,high_dim,Higher covariate dimension,9,0.3,1.2,1,0.35,0.75,2000,0.3,0.1,1500,1.5363408670659657,0.46785714285714286,0.09357142857142857,0.905,1.3178716199866374,0.1989112777770814
s016,27,20420240,high_dim,Higher covariate dimension,9,0.3,1.2,1,0.35,0.75,2000,0.3,0.1,1500,1.4925138023658713,0.43642857142857144,0.095,0.875,1.2861643666716192,0.17717747805710435
s016,28,20420241,high_dim,Higher covariate dimension,9,0.3,1.2,1,0.35,0.75,2000,0.3,0.1,1500,1.529796817479246,0.44785714285714284,0.08142857142857143,0.9183333333333333,1.320488182616307,0.1974634802279168
s016,29,20420242,high_dim,Higher covariate dimension,9,0.3,1.2,1,0.35,0.75,2000,0.3,0.1,1500,1.549681291718382,0.45071428571428573,0.10928571428571429,0.875,1.2932867323906074,0.22417923733685574
s016,30,20420243,high_dim,Higher covariate dimension,9,0.3,1.2,1,0.35,0.75,2000,0.3,0.1,1500,1.4902919368034957,0.4421428571428571,0.09428571428571429,0.9066666666666666,1.3086556680807628,0.15091504254788857
s017,1,20430214,high_dim,Higher covariate dimension,9,0.3,1.2,1,0.35,0.9,2000,0.3,0.1,1500,2.926975229878682,0.37785714285714284,0.025714285714285714,0.89,2.7251715982832243,0.1857980147405495
s017,2,20430215,high_dim,Higher covariate dimension,9,0.3,1.2,1,0.35,0.9,2000,0.3,0.1,1500,3.0039521624414833,0.39357142857142857,0.02142857142857143,0.865,2.766104862238186,0.2333548397144205
s017,3,20430216,high_dim,Higher covariate dimension,9,0.3,1.2,1,0.35,0.9,2000,0.3,0.1,1500,2.836563606154264,0.34785714285714286,0.019285714285714285,0.8833333333333333,2.625993170704226,0.172240478102519
s017,4,20430217,high_dim,Higher covariate dimension,9,0.3,1.2,1,0.35,0.9,2000,0.3,0.1,1500,3.0755545990410793,0.3707142857142857,0.020714285714285713,0.885,2.8573817564497412,0.1970934939944905
s017,5,20430218,high_dim,Higher covariate dimension,9,0.3,1.2,1,0.35,0.9,2000,0.3,0.1,1500,2.9173996671574915,0.37142857142857144,0.023571428571428573,0.9033333333333333,2.726582625964857,0.1887811014598502
s017,6,20430219,high_dim,Higher covariate dimension,9,0.3,1.2,1,0.35,0.9,2000,0.3,0.1,1500,2.7592176599765192,0.36714285714285716,0.022857142857142857,0.915,2.5778912144144286,0.1612241472812039
s017,7,20430220,high_dim,Higher covariate dimension,9,0.3,1.2,1,0.35,0.9,2000,0.3,0.1,1500,2.9623019854057757,0.3557142857142857,0.013571428571428571,0.885,2.770105651012304,0.14812853521964664
s017,8,20430221,high_dim,Higher covariate dimension,9,0.3,1.2,1,0.35,0.9,2000,0.3,0.1,1500,2.828436469291196,0.38642857142857145,0.02,0.895,2.606052533820989,0.17858502494238757
s017,9,20430222,high_dim,Higher covariate dimension,9,0.3,1.2,1,0.35,0.9,2000,0.3,0.1,1500,3.064187809795016,0.37,0.024285714285714285,0.9116666666666666,2.8805130299105213,0.15833292089534948
s017,10,20430223,high_dim,Higher covariate dimension,9,0.3,1.2,1,0.35,0.9,2000,0.3,0.1,1500,2.763926898496102,0.38,0.025714285714285714,0.9183333333333333,2.57171533346345,0.1548932135537636
s017,11,20430224,high_dim,Higher covariate dimension,9,0.3,1.2,1,0.35,0.9,2000,0.3,0.1,1500,2.7732467396202694,0.3792857142857143,0.025714285714285714,0.9,2.575389336259559,0.16559150785693977
s017,12,20430225,high_dim,Higher covariate dimension,9,0.3,1.2,1,0.35,0.9,2000,0.3,0.1,1500,3.060349422743164,0.38357142857142856,0.02142857142857143,0.8966666666666666,2.8492166043339378,0.2132047171368902
s017,13,20430226,high_dim,Higher covariate dimension,9,0.3,1.2,1,0.35,0.9,2000,0.3,0.1,1500,2.9518081821695743,0.3628571428571429,0.02214285714285714,0.8633333333333333,2.708905477214204,0.18712179497252174
s017,14,20430227,high_dim,Higher covariate dimension,9,0.3,1.2,1,0.35,0.9,2000,0.3,0.1,1500,2.796150555789889,0.36642857142857144,0.02142857142857143,0.8866666666666667,2.5777709571500536,0.1816738232569113
s017,15,20430228,high_dim,Higher covariate dimension,9,0.3,1.2,1,0.35,0.9,2000,0.3,0.1,1500,2.8906899204121137,0.3578571428571429,0.016428571428571428,0.895,2.6848673859198504,0.19068892458345094
s017,16,20430229,high_dim,Higher covariate dimension,9,0.3,1.2,1,0.35,0.9,2000,0.3,0.1,1500,3.0037692977407913,0.38142857142857145,0.025,0.9083333333333333,2.8197218523625924,0.15571029772115744
s017,17,20430230,high_dim,Higher covariate dimension,9,0.3,1.2,1,0.35,0.9,2000,0.3,0.1,1500,3.002222084356107,0.3892857142857143,0.019285714285714285,0.8883333333333333,2.7474474571279477,0.24281963436595627
s017,18,20430231,high_dim,Higher covariate dimension,9,0.3,1.2,1,0.35,0.9,2000,0.3,0.1,1500,2.8726444719090205,0.38571428571428573,0.024285714285714285,0.9016666666666666,2.6847020694362724,0.1479004581763994
s017,19,20430232,high_dim,Higher covariate dimension,9,0.3,1.2,1,0.35,0.9,2000,0.3,0.1,1500,2.923950922756565,0.38642857142857145,0.029285714285714286,0.8883333333333333,2.7208091298926456,0.18260975697368528
s017,20,20430233,high_dim,Higher covariate dimension,9,0.3,1.2,1,0.35,0.9,2000,0.3,0.1,1500,2.90644110856226,0.3514285714285714,0.02142857142857143,0.93,2.7275988566417673,0.1426404592741377
s017,21,20430234,high_dim,Higher covariate dimension,9,0.3,1.2,1,0.35,0.9,2000,0.3,0.1,1500,3.0570862564536645,0.37214285714285716,0.02142857142857143,0.885,2.8220144775592737,0.20060456248730246
s017,22,20430235,high_dim,Higher covariate dimension,9,0.3,1.2,1,0.35,0.9,2000,0.3,0.1,1500,2.7724333518034343,0.37214285714285716,0.02142857142857143,0.89,2.572337256219809,0.162113611394047
s017,23,20430236,high_dim,Higher covariate dimension,9,0.3,1.2,1,0.35,0.9,2000,0.3,0.1,1500,2.7880604765224786,0.36,0.03357142857142857,0.9083333333333333,2.5700492472905347,0.17318787426929155
s017,24,20430237,high_dim,Higher covariate dimension,9,0.3,1.2,1,0.35,0.9,2000,0.3,0.1,1500,3.1498881472134013,0.375,0.024285714285714285,0.9133333333333333,2.956659929311455,0.18466201195163487
s017,25,20430238,high_dim,Higher covariate dimension,9,0.3,1.2,1,0.35,0.9,2000,0.3,0.1,1500,2.9664715351828637,0.39,0.02642857142857143,0.9,2.7512266748497356,0.22135638856598885
s017,26,20430239,high_dim,Higher covariate dimension,9,0.3,1.2,1,0.35,0.9,2000,0.3,0.1,1500,2.8693000553253634,0.38571428571428573,0.023571428571428573,0.9116666666666666,2.6916863447275947,0.17980974493771493
s017,27,20430240,high_dim,Higher covariate dimension,9,0.3,1.2,1,0.35,0.9,2000,0.3,0.1,1500,3.0026785094763317,0.38,0.018571428571428572,0.9166666666666666,2.8251926428163543,0.1571481945880949
s017,28,20430241,high_dim,Higher covariate dimension,9,0.3,1.2,1,0.35,0.9,2000,0.3,0.1,1500,2.8547255705273233,0.37,0.024285714285714285,0.9066666666666666,2.627797574990078,0.20169010809760454
s017,29,20430242,high_dim,Higher covariate dimension,9,0.3,1.2,1,0.35,0.9,2000,0.3,0.1,1500,2.8399572456625974,0.36714285714285716,0.014285714285714285,0.8683333333333333,2.609279082395907,0.20284036879504586
s017,30,20430243,high_dim,Higher covariate dimension,9,0.3,1.2,1,0.35,0.9,2000,0.3,0.1,1500,2.730593014437977,0.3964285714285714,0.027857142857142858,0.8816666666666667,2.5082967849114666,0.1864986218436873
s018,1,20440214,high_dim,Higher covariate dimension,9,0.3,1.2,1,0.35,0.97,2000,0.3,0.1,1500,5.589279260441859,0.32357142857142857,0.0064285714285714285,0.9133333333333333,5.352451040499436,0.19869556768665592
s018,2,20440215,high_dim,Higher covariate dimension,9,0.3,1.2,1,0.35,0.97,2000,0.3,0.1,1500,5.38146171353506,0.34,0.002857142857142857,0.8933333333333333,5.134147625669333,0.2139440473188717
s018,3,20440216,high_dim,Higher covariate dimension,9,0.3,1.2,1,0.35,0.97,2000,0.3,0.1,1500,5.394954667438543,0.33,0.002142857142857143,0.8783333333333333,5.174749172398653,0.1854616346922006
s018,4,20440217,high_dim,Higher covariate dimension,9,0.3,1.2,1,0.35,0.97,2000,0.3,0.1,1500,5.734059246707315,0.345,0.002857142857142857,0.9,5.523980032262656,0.1876814981553672
s018,5,20440218,high_dim,Higher covariate dimension,9,0.3,1.2,1,0.35,0.97,2000,0.3,0.1,1500,4.946623083078438,0.36,0.002142857142857143,0.8966666666666666,4.743021538737991,0.15269392380353825
s018,6,20440219,high_dim,Higher covariate dimension,9,0.3,1.2,1,0.35,0.97,2000,0.3,0.1,1500,5.087556916378736,0.35214285714285715,0.002857142857142857,0.8866666666666667,4.849566665245319,0.2096444530552365
s018,7,20440220,high_dim,Higher covariate dimension,9,0.3,1.2,1,0.35,0.97,2000,0.3,0.1,1500,4.841733935026585,0.36642857142857144,0.004285714285714286,0.885,4.626101855736056,0.182177403530301
s018,8,20440221,high_dim,Higher covariate dimension,9,0.3,1.2,1,0.35,0.97,2000,0.3,0.1,1500,6.251603546200568,0.37285714285714283,0.0014285714285714286,0.8966666666666666,6.053038639861026,0.18078821821620206
s018,9,20440222,high_dim,Higher covariate dimension,9,0.3,1.2,1,0.35,0.97,2000,0.3,0.1,1500,5.6661526929353725,0.34785714285714286,0.002142857142857143,0.8933333333333333,5.46644241472657,0.17800575804811253
s018,10,20440223,high_dim,Higher covariate dimension,9,0.3,1.2,1,0.35,0.97,2000,0.3,0.1,1500,5.341135173174976,0.34785714285714286,0.002857142857142857,0.9116666666666666,5.141031251503349,0.17560192537404598
s018,11,20440224,high_dim,Higher covariate dimension,9,0.3,1.2,1,0.35,0.97,2000,0.3,0.1,1500,4.659018995773188,0.3507142857142857,0.004285714285714286,0.8833333333333333,4.444429707867672,0.1602160979675156
s018,12,20440225,high_dim,Higher covariate dimension,9,0.3,1.2,1,0.35,0.97,2000,0.3,0.1,1500,5.206340439020534,0.3692857142857143,0,0.8716666666666667,4.956600059068806,0.21816433721600695
s018,13,20440226,high_dim,Higher covariate dimension,9,0.3,1.2,1,0.35,0.97,2000,0.3,0.1,1500,5.463673045629238,0.34,0.004285714285714286,0.9183333333333333,5.23040986934328,0.18314052022073882
s018,14,20440227,high_dim,Higher covariate dimension,9,0.3,1.2,1,0.35,0.97,2000,0.3,0.1,1500,4.835765452668734,0.365,0.002857142857142857,0.925,4.66403709241337,0.12211240477725169
s018,15,20440228,high_dim,Higher covariate dimension,9,0.3,1.2,1,0.35,0.97,2000,0.3,0.1,1500,4.979805669319759,0.33714285714285713,0.005,0.8916666666666667,4.752491369700315,0.19167018354290255
s018,16,20440229,high_dim,Higher covariate dimension,9,0.3,1.2,1,0.35,0.97,2000,0.3,0.1,1500,5.789059332104545,0.3757142857142857,0.002142857142857143,0.9083333333333333,5.603069594421594,0.1911916150671426
s018,17,20440230,high_dim,Higher covariate dimension,9,0.3,1.2,1,0.35,0.97,2000,0.3,0.1,1500,5.501703328533529,0.3585714285714286,0.002857142857142857,0.9066666666666666,5.287113211837374,0.17799418913774234
s018,18,20440231,high_dim,Higher covariate dimension,9,0.3,1.2,1,0.35,0.97,2000,0.3,0.1,1500,5.1482578315774745,0.355,0,0.8733333333333333,4.918073775691901,0.19298624352072943
s018,19,20440232,high_dim,Higher covariate dimension,9,0.3,1.2,1,0.35,0.97,2000,0.3,0.1,1500,5.302196980152191,0.3457142857142857,0.0014285714285714286,0.9,5.097121542486865,0.19747676994269
s018,20,20440233,high_dim,Higher covariate dimension,9,0.3,1.2,1,0.35,0.97,2000,0.3,0.1,1500,4.836494490763013,0.345,0.0014285714285714286,0.92,4.64370919369764,0.14555788803913627
s018,21,20440234,high_dim,Higher covariate dimension,9,0.3,1.2,1,0.35,0.97,2000,0.3,0.1,1500,5.163991747957707,0.35714285714285715,0.005714285714285714,0.8883333333333333,4.9780486561213015,0.15192003165246296
s018,22,20440235,high_dim,Higher covariate dimension,9,0.3,1.2,1,0.35,0.97,2000,0.3,0.1,1500,5.090770024333388,0.355,0,0.92,4.8933111985679405,0.15317637045914795
s018,23,20440236,high_dim,Higher covariate dimension,9,0.3,1.2,1,0.35,0.97,2000,0.3,0.1,1500,5.561122061706931,0.3557142857142857,0.002142857142857143,0.8816666666666667,5.361743017830905,0.1650003899433912
s018,24,20440237,high_dim,Higher covariate dimension,9,0.3,1.2,1,0.35,0.97,2000,0.3,0.1,1500,5.64912301127929,0.3507142857142857,0.002142857142857143,0.92,5.45993289862243,0.18321612503082305
s018,25,20440238,high_dim,Higher covariate dimension,9,0.3,1.2,1,0.35,0.97,2000,0.3,0.1,1500,5.6617112857596865,0.3657142857142857,7.142857142857143e-4,0.9,5.448555092441512,0.1765077521311623
s018,26,20440239,high_dim,Higher covariate dimension,9,0.3,1.2,1,0.35,0.97,2000,0.3,0.1,1500,5.1215846172156025,0.35642857142857143,0.002857142857142857,0.9016666666666666,4.919836086796945,0.17598262857333724
s018,27,20440240,high_dim,Higher covariate dimension,9,0.3,1.2,1,0.35,0.97,2000,0.3,0.1,1500,5.8795294553661215,0.3335714285714286,0.0014285714285714286,0.8983333333333333,5.649760593762806,0.22428385716859242
s018,28,20440241,high_dim,Higher covariate dimension,9,0.3,1.2,1,0.35,0.97,2000,0.3,0.1,1500,5.619834653006014,0.3407142857142857,0.0014285714285714286,0.8816666666666667,5.35348941863159,0.2317676339806618
s018,29,20440242,high_dim,Higher covariate dimension,9,0.3,1.2,1,0.35,0.97,2000,0.3,0.1,1500,5.620297453313373,0.3578571428571429,0.0014285714285714286,0.89,5.387517775830733,0.2546684587488705
s018,30,20440243,high_dim,Higher covariate dimension,9,0.3,1.2,1,0.35,0.97,2000,0.3,0.1,1500,5.3459129274285475,0.3314285714285714,0.0014285714285714286,0.9033333333333333,5.155492517973099,0.1634166978982472
s019,1,20450214,high_shape,Higher Weibull shape,3,0.3,1.8,1,0.1,0.75,2000,0.3,0.1,1500,1.2316232104326175,0.3192857142857143,0.225,0.875,0.912775199837783,0.1045569521445535
s019,2,20450215,high_shape,Higher Weibull shape,3,0.3,1.8,1,0.1,0.75,2000,0.3,0.1,1500,1.245063329582607,0.3142857142857143,0.21285714285714286,0.8983333333333333,0.9432839009140516,0.11035027174856112
s019,3,20450216,high_shape,Higher Weibull shape,3,0.3,1.8,1,0.1,0.75,2000,0.3,0.1,1500,1.206740957276703,0.31642857142857145,0.20142857142857143,0.8866666666666667,0.8936021588679525,0.08087783683453403
s019,4,20450217,high_shape,Higher Weibull shape,3,0.3,1.8,1,0.1,0.75,2000,0.3,0.1,1500,1.1967761713403369,0.31285714285714283,0.21142857142857144,0.91,0.9044727332461058,0.09367703899613106
s019,5,20450218,high_shape,Higher Weibull shape,3,0.3,1.8,1,0.1,0.75,2000,0.3,0.1,1500,1.2241520764682245,0.31142857142857144,0.21357142857142858,0.9083333333333333,0.9261048113899105,0.08841526212127089
s019,6,20450219,high_shape,Higher Weibull shape,3,0.3,1.8,1,0.1,0.75,2000,0.3,0.1,1500,1.2248747111716103,0.31785714285714284,0.21571428571428572,0.8916666666666667,0.9053174157526165,0.08973878577001333
s019,7,20450220,high_shape,Higher Weibull shape,3,0.3,1.8,1,0.1,0.75,2000,0.3,0.1,1500,1.192573362838295,0.31214285714285717,0.20214285714285715,0.9,0.9063088286618131,0.08446161217368264
s019,8,20450221,high_shape,Higher Weibull shape,3,0.3,1.8,1,0.1,0.75,2000,0.3,0.1,1500,1.2169430662560692,0.31214285714285717,0.2257142857142857,0.9,0.9507567334894679,0.06957863893935864
s019,9,20450222,high_shape,Higher Weibull shape,3,0.3,1.8,1,0.1,0.75,2000,0.3,0.1,1500,1.1887671446214105,0.325,0.20142857142857143,0.9233333333333333,0.9079590286823115,0.0797249826154004
s019,10,20450223,high_shape,Higher Weibull shape,3,0.3,1.8,1,0.1,0.75,2000,0.3,0.1,1500,1.2233444324955827,0.33071428571428574,0.21,0.9083333333333333,0.9348039099171824,0.0874639442355859
s019,11,20450224,high_shape,Higher Weibull shape,3,0.3,1.8,1,0.1,0.75,2000,0.3,0.1,1500,1.2349276384657688,0.30642857142857144,0.2057142857142857,0.8933333333333333,0.9244490249091853,0.09193330475126818
s019,12,20450225,high_shape,Higher Weibull shape,3,0.3,1.8,1,0.1,0.75,2000,0.3,0.1,1500,1.222849924453652,0.3242857142857143,0.2092857142857143,0.9233333333333333,0.9265054936632526,0.09443015926646275
s019,13,20450226,high_shape,Higher Weibull shape,3,0.3,1.8,1,0.1,0.75,2000,0.3,0.1,1500,1.2543421336463405,0.29714285714285715,0.21928571428571428,0.8883333333333333,0.9591884325955228,0.09010817836736956
s019,14,20450227,high_shape,Higher Weibull shape,3,0.3,1.8,1,0.1,0.75,2000,0.3,0.1,1500,1.2337283728764659,0.31,0.205,0.8883333333333333,0.9351781250041961,0.09141637284454476
s019,15,20450228,high_shape,Higher Weibull shape,3,0.3,1.8,1,0.1,0.75,2000,0.3,0.1,1500,1.2442480264836207,0.3157142857142857,0.21857142857142858,0.895,0.9393824690104504,0.10074460178074517
s019,16,20450229,high_shape,Higher Weibull shape,3,0.3,1.8,1,0.1,0.75,2000,0.3,0.1,1500,1.2709468848245522,0.3092857142857143,0.21571428571428572,0.8733333333333333,0.9650810801028549,0.08603866686336535
s019,17,20450230,high_shape,Higher Weibull shape,3,0.3,1.8,1,0.1,0.75,2000,0.3,0.1,1500,1.257321776458576,0.3142857142857143,0.21785714285714286,0.8566666666666667,0.9104478806246575,0.10044237194270367
s019,18,20450231,high_shape,Higher Weibull shape,3,0.3,1.8,1,0.1,0.75,2000,0.3,0.1,1500,1.217273724822636,0.3057142857142857,0.2007142857142857,0.8683333333333333,0.8626180721545853,0.08629004408652617
s019,19,20450232,high_shape,Higher Weibull shape,3,0.3,1.8,1,0.1,0.75,2000,0.3,0.1,1500,1.2159635308597423,0.30642857142857144,0.20285714285714285,0.885,0.9063319867551951,0.08056956176776217
s019,20,20450233,high_shape,Higher Weibull shape,3,0.3,1.8,1,0.1,0.75,2000,0.3,0.1,1500,1.2156290252079338,0.30714285714285716,0.21642857142857144,0.8866666666666667,0.8811535661121461,0.0970697461581516
s019,21,20450234,high_shape,Higher Weibull shape,3,0.3,1.8,1,0.1,0.75,2000,0.3,0.1,1500,1.2674982386571476,0.3092857142857143,0.1957142857142857,0.8916666666666667,0.9666561727105556,0.09034100949619167
s019,22,20450235,high_shape,Higher Weibull shape,3,0.3,1.8,1,0.1,0.75,2000,0.3,0.1,1500,1.2374453553911675,0.3107142857142857,0.22357142857142856,0.9116666666666666,0.959801352530376,0.07802959647984506
s019,23,20450236,high_shape,Higher Weibull shape,3,0.3,1.8,1,0.1,0.75,2000,0.3,0.1,1500,1.2586816489925383,0.31285714285714283,0.2092857142857143,0.9283333333333333,0.9914286308959539,0.0797360007632855
s019,24,20450237,high_shape,Higher Weibull shape,3,0.3,1.8,1,0.1,0.75,2000,0.3,0.1,1500,1.2224834904218986,0.30714285714285716,0.20857142857142857,0.8633333333333333,0.8733784112589221,0.10657366012750061
s019,25,20450238,high_shape,Higher Weibull shape,3,0.3,1.8,1,0.1,0.75,2000,0.3,0.1,1500,1.2258826201817048,0.32285714285714284,0.205,0.8733333333333333,0.9192636089429699,0.09889910039614185
s019,26,20450239,high_shape,Higher Weibull shape,3,0.3,1.8,1,0.1,0.75,2000,0.3,0.1,1500,1.2326102568350668,0.31214285714285717,0.21428571428571427,0.9083333333333333,0.9357625616975942,0.09985640632926777
s019,27,20450240,high_shape,Higher Weibull shape,3,0.3,1.8,1,0.1,0.75,2000,0.3,0.1,1500,1.1836694148871678,0.32142857142857145,0.20857142857142857,0.9283333333333333,0.8925599415583669,0.0926991868467729
s019,28,20450241,high_shape,Higher Weibull shape,3,0.3,1.8,1,0.1,0.75,2000,0.3,0.1,1500,1.2310290625768645,0.3107142857142857,0.21285714285714286,0.905,0.928991120806202,0.08905459591861457
s019,29,20450242,high_shape,Higher Weibull shape,3,0.3,1.8,1,0.1,0.75,2000,0.3,0.1,1500,1.2279817187482212,0.3142857142857143,0.2057142857142857,0.89,0.9349901605528843,0.07556696888954682
s019,30,20450243,high_shape,Higher Weibull shape,3,0.3,1.8,1,0.1,0.75,2000,0.3,0.1,1500,1.2348544548949267,0.31142857142857144,0.21928571428571428,0.8933333333333333,0.9346270214442074,0.0987112277485225
s020,1,20460214,high_shape,Higher Weibull shape,3,0.3,1.8,1,0.1,0.9,2000,0.3,0.1,1500,1.7436692546221364,0.17214285714285715,0.075,0.9016666666666666,1.460091019083764,0.08123348174102712
s020,2,20460215,high_shape,Higher Weibull shape,3,0.3,1.8,1,0.1,0.9,2000,0.3,0.1,1500,1.6783392258346106,0.19071428571428573,0.08928571428571429,0.9183333333333333,1.3734586640576187,0.08470068941885821
s020,3,20460216,high_shape,Higher Weibull shape,3,0.3,1.8,1,0.1,0.9,2000,0.3,0.1,1500,1.7075686378324624,0.20357142857142857,0.07428571428571429,0.9033333333333333,1.4205137716383478,0.08299723888990222
s020,4,20460217,high_shape,Higher Weibull shape,3,0.3,1.8,1,0.1,0.9,2000,0.3,0.1,1500,1.7570377372240533,0.1742857142857143,0.07928571428571428,0.9066666666666666,1.4650402103088764,0.08210016504901091
s020,5,20460218,high_shape,Higher Weibull shape,3,0.3,1.8,1,0.1,0.9,2000,0.3,0.1,1500,1.820266467315271,0.18857142857142858,0.09571428571428571,0.89,1.5203837345240105,0.09545817751013874
s020,6,20460219,high_shape,Higher Weibull shape,3,0.3,1.8,1,0.1,0.9,2000,0.3,0.1,1500,1.7787005807651497,0.18,0.07785714285714286,0.8983333333333333,1.4673298757110838,0.0967625042057873
s020,7,20460220,high_shape,Higher Weibull shape,3,0.3,1.8,1,0.1,0.9,2000,0.3,0.1,1500,1.679036212030791,0.19,0.08142857142857143,0.89,1.3735719076672728,0.09617470096950924
s020,8,20460221,high_shape,Higher Weibull shape,3,0.3,1.8,1,0.1,0.9,2000,0.3,0.1,1500,1.7102016800517772,0.18428571428571427,0.08,0.9033333333333333,1.440811448615429,0.07148333936424182
s020,9,20460222,high_shape,Higher Weibull shape,3,0.3,1.8,1,0.1,0.9,2000,0.3,0.1,1500,1.7257103822784066,0.18071428571428572,0.08357142857142857,0.905,1.4041924798139487,0.09171850203868374
s020,10,20460223,high_shape,Higher Weibull shape,3,0.3,1.8,1,0.1,0.9,2000,0.3,0.1,1500,1.7439632393811475,0.18785714285714286,0.07928571428571428,0.8983333333333333,1.4477275520090995,0.08242502223363601
s020,11,20460224,high_shape,Higher Weibull shape,3,0.3,1.8,1,0.1,0.9,2000,0.3,0.1,1500,1.7287021456466114,0.18,0.07142857142857142,0.89,1.409530630271994,0.0920758861455606
s020,12,20460225,high_shape,Higher Weibull shape,3,0.3,1.8,1,0.1,0.9,2000,0.3,0.1,1500,1.7362122468424699,0.17857142857142858,0.07928571428571428,0.8933333333333333,1.4267193958987783,0.0818282232537161
s020,13,20460226,high_shape,Higher Weibull shape,3,0.3,1.8,1,0.1,0.9,2000,0.3,0.1,1500,1.8192537454825195,0.19857142857142857,0.095,0.8916666666666667,1.484255946812296,0.10805296605355687
s020,14,20460227,high_shape,Higher Weibull shape,3,0.3,1.8,1,0.1,0.9,2000,0.3,0.1,1500,1.7670062810605005,0.1792857142857143,0.08285714285714285,0.895,1.4665283017073223,0.09974088397673016
s020,15,20460228,high_shape,Higher Weibull shape,3,0.3,1.8,1,0.1,0.9,2000,0.3,0.1,1500,1.6910630655095198,0.18142857142857144,0.08428571428571428,0.8733333333333333,1.379295244190762,0.09852851782009207
s020,16,20460229,high_shape,Higher Weibull shape,3,0.3,1.8,1,0.1,0.9,2000,0.3,0.1,1500,1.7266759732661654,0.19428571428571428,0.075,0.9133333333333333,1.4190035470144415,0.09750654963425831
s020,17,20460230,high_shape,Higher Weibull shape,3,0.3,1.8,1,0.1,0.9,2000,0.3,0.1,1500,1.7744948544632648,0.18071428571428572,0.08142857142857143,0.9066666666666666,1.4800913105536322,0.08790634279252109
s020,18,20460231,high_shape,Higher Weibull shape,3,0.3,1.8,1,0.1,0.9,2000,0.3,0.1,1500,1.6901241708454768,0.18642857142857142,0.09071428571428572,0.895,1.403907417901185,0.07736395973205393
s020,19,20460232,high_shape,Higher Weibull shape,3,0.3,1.8,1,0.1,0.9,2000,0.3,0.1,1500,1.7238004938290383,0.18357142857142858,0.08,0.89,1.422990417521961,0.09455895340892374
s020,20,20460233,high_shape,Higher Weibull shape,3,0.3,1.8,1,0.1,0.9,2000,0.3,0.1,1500,1.7551636665751091,0.175,0.07785714285714286,0.9366666666666666,1.5110686088663265,0.07979052238012893
s020,21,20460234,high_shape,Higher Weibull shape,3,0.3,1.8,1,0.1,0.9,2000,0.3,0.1,1500,1.7418543165855003,0.17857142857142858,0.085,0.8966666666666666,1.4537593254256318,0.0838748344451309
s020,22,20460235,high_shape,Higher Weibull shape,3,0.3,1.8,1,0.1,0.9,2000,0.3,0.1,1500,1.7886292083287594,0.1742857142857143,0.07714285714285714,0.9,1.4772272147080716,0.09859757224641795
s020,23,20460236,high_shape,Higher Weibull shape,3,0.3,1.8,1,0.1,0.9,2000,0.3,0.1,1500,1.6714141186333067,0.17857142857142858,0.08214285714285714,0.9316666666666666,1.3970206991318346,0.07766584721343676
s020,24,20460237,high_shape,Higher Weibull shape,3,0.3,1.8,1,0.1,0.9,2000,0.3,0.1,1500,1.7178166217563193,0.1742857142857143,0.08571428571428572,0.8866666666666667,1.4012880149775873,0.0957667437034426
s020,25,20460238,high_shape,Higher Weibull shape,3,0.3,1.8,1,0.1,0.9,2000,0.3,0.1,1500,1.7418232015761252,0.16285714285714287,0.07785714285714286,0.9083333333333333,1.4624572843385522,0.09294579487288106
s020,26,20460239,high_shape,Higher Weibull shape,3,0.3,1.8,1,0.1,0.9,2000,0.3,0.1,1500,1.826522044942432,0.20285714285714285,0.07857142857142857,0.8783333333333333,1.494768667973471,0.09595636732153372
s020,27,20460240,high_shape,Higher Weibull shape,3,0.3,1.8,1,0.1,0.9,2000,0.3,0.1,1500,1.7775281395088203,0.1692857142857143,0.07642857142857143,0.9,1.4609230401891384,0.10062695281207532
s020,28,20460241,high_shape,Higher Weibull shape,3,0.3,1.8,1,0.1,0.9,2000,0.3,0.1,1500,1.810101774969792,0.1757142857142857,0.08,0.91,1.5121549052905616,0.09204998586378968
s020,29,20460242,high_shape,Higher Weibull shape,3,0.3,1.8,1,0.1,0.9,2000,0.3,0.1,1500,1.773075526771008,0.17857142857142858,0.08428571428571428,0.8866666666666667,1.4782189767055882,0.0927419100951693
s020,30,20460243,high_shape,Higher Weibull shape,3,0.3,1.8,1,0.1,0.9,2000,0.3,0.1,1500,1.7350053225842972,0.18571428571428572,0.08,0.9,1.453128884359686,0.07984726837684639
s021,1,20470214,high_shape,Higher Weibull shape,3,0.3,1.8,1,0.1,0.97,2000,0.3,0.1,1500,2.3115714641676703,0.10285714285714286,0.023571428571428573,0.9133333333333333,2.0247406920667803,0.08867568297416034
s021,2,20470215,high_shape,Higher Weibull shape,3,0.3,1.8,1,0.1,0.97,2000,0.3,0.1,1500,2.4345541412224683,0.13142857142857142,0.024285714285714285,0.9033333333333333,2.1361432207405127,0.10224538035287323
s021,3,20470216,high_shape,Higher Weibull shape,3,0.3,1.8,1,0.1,0.97,2000,0.3,0.1,1500,2.3525379182770423,0.11428571428571428,0.025,0.9033333333333333,2.044065782034431,0.10620719507225228
s021,4,20470217,high_shape,Higher Weibull shape,3,0.3,1.8,1,0.1,0.97,2000,0.3,0.1,1500,2.34756812302858,0.11571428571428571,0.02214285714285714,0.875,2.0329769468802716,0.10395813303607222
s021,5,20470218,high_shape,Higher Weibull shape,3,0.3,1.8,1,0.1,0.97,2000,0.3,0.1,1500,2.3519324504722627,0.11714285714285715,0.03,0.9,2.0359035730264017,0.08752709577507345
s021,6,20470219,high_shape,Higher Weibull shape,3,0.3,1.8,1,0.1,0.97,2000,0.3,0.1,1500,2.311812314777627,0.11071428571428571,0.02214285714285714,0.905,2.0076728349518227,0.08415192318269732
s021,7,20470220,high_shape,Higher Weibull shape,3,0.3,1.8,1,0.1,0.97,2000,0.3,0.1,1500,2.5085086183359477,0.12857142857142856,0.023571428571428573,0.9266666666666666,2.247542176541102,0.08118596042437663
s021,8,20470221,high_shape,Higher Weibull shape,3,0.3,1.8,1,0.1,0.97,2000,0.3,0.1,1500,2.340118565755789,0.12642857142857142,0.02857142857142857,0.9,2.029341910464264,0.10060154536660676
s021,9,20470222,high_shape,Higher Weibull shape,3,0.3,1.8,1,0.1,0.97,2000,0.3,0.1,1500,2.3987338301047356,0.12857142857142856,0.022857142857142857,0.905,2.1234292273770667,0.09316638647195949
s021,10,20470223,high_shape,Higher Weibull shape,3,0.3,1.8,1,0.1,0.97,2000,0.3,0.1,1500,2.383086640003228,0.12428571428571429,0.027142857142857142,0.8816666666666667,2.0605474963523815,0.08983662601447559
s021,11,20470224,high_shape,Higher Weibull shape,3,0.3,1.8,1,0.1,0.97,2000,0.3,0.1,1500,2.3290696588675184,0.1407142857142857,0.02642857142857143,0.89,2.022628001479091,0.08543415753680475
s021,12,20470225,high_shape,Higher Weibull shape,3,0.3,1.8,1,0.1,0.97,2000,0.3,0.1,1500,2.3847024261295853,0.11785714285714285,0.02142857142857143,0.915,2.1180921760092595,0.08185498733856682
s021,13,20470226,high_shape,Higher Weibull shape,3,0.3,1.8,1,0.1,0.97,2000,0.3,0.1,1500,2.3912612143377396,0.11714285714285715,0.023571428571428573,0.9066666666666666,2.1143011823202955,0.08334744827633049
s021,14,20470227,high_shape,Higher Weibull shape,3,0.3,1.8,1,0.1,0.97,2000,0.3,0.1,1500,2.4778095127412874,0.11642857142857142,0.027857142857142858,0.92,2.1828132083445744,0.11186811706163327
s021,15,20470228,high_shape,Higher Weibull shape,3,0.3,1.8,1,0.1,0.97,2000,0.3,0.1,1500,2.3629357220071574,0.13,0.020714285714285713,0.8916666666666667,2.045213837534435,0.1010379423576364
s021,16,20470229,high_shape,Higher Weibull shape,3,0.3,1.8,1,0.1,0.97,2000,0.3,0.1,1500,2.31025041753803,0.11,0.019285714285714285,0.9033333333333333,2.0119963451752025,0.0925429145649548
s021,17,20470230,high_shape,Higher Weibull shape,3,0.3,1.8,1,0.1,0.97,2000,0.3,0.1,1500,2.315101765596186,0.11214285714285714,0.02,0.9016666666666666,2.0221316377348115,0.10599838240338383
s021,18,20470231,high_shape,Higher Weibull shape,3,0.3,1.8,1,0.1,0.97,2000,0.3,0.1,1500,2.252167056634098,0.12571428571428572,0.023571428571428573,0.89,1.969475870909181,0.07520858204022751
s021,19,20470232,high_shape,Higher Weibull shape,3,0.3,1.8,1,0.1,0.97,2000,0.3,0.1,1500,2.3425397628344777,0.10642857142857143,0.02642857142857143,0.8716666666666667,2.004442070358739,0.09687928432852815
s021,20,20470233,high_shape,Higher Weibull shape,3,0.3,1.8,1,0.1,0.97,2000,0.3,0.1,1500,2.368950984304267,0.13142857142857142,0.023571428571428573,0.8916666666666667,2.0530834259981834,0.0907967062094377
s021,21,20470234,high_shape,Higher Weibull shape,3,0.3,1.8,1,0.1,0.97,2000,0.3,0.1,1500,2.4344416684547237,0.12571428571428572,0.02642857142857143,0.8816666666666667,2.1407682133924135,0.08393499306593163
s021,22,20470235,high_shape,Higher Weibull shape,3,0.3,1.8,1,0.1,0.97,2000,0.3,0.1,1500,2.309696054681733,0.11714285714285715,0.02214285714285714,0.8683333333333333,1.9835255626123958,0.10687460766858158
s021,23,20470236,high_shape,Higher Weibull shape,3,0.3,1.8,1,0.1,0.97,2000,0.3,0.1,1500,2.3844929873498315,0.12428571428571429,0.027857142857142858,0.895,2.0806801147638314,0.10066585570190503
s021,24,20470237,high_shape,Higher Weibull shape,3,0.3,1.8,1,0.1,0.97,2000,0.3,0.1,1500,2.367035993328537,0.1407142857142857,0.019285714285714285,0.9233333333333333,2.111002933699878,0.08091422048282747
s021,25,20470238,high_shape,Higher Weibull shape,3,0.3,1.8,1,0.1,0.97,2000,0.3,0.1,1500,2.5239882671918337,0.11785714285714285,0.023571428571428573,0.88,2.20440842428547,0.09608494772245176
s021,26,20470239,high_shape,Higher Weibull shape,3,0.3,1.8,1,0.1,0.97,2000,0.3,0.1,1500,2.390918590493938,0.12285714285714286,0.02,0.8983333333333333,2.0863238070229997,0.0885416283755829
s021,27,20470240,high_shape,Higher Weibull shape,3,0.3,1.8,1,0.1,0.97,2000,0.3,0.1,1500,2.2979303930461215,0.115,0.016428571428571428,0.9066666666666666,1.9788919755381438,0.10057893964063179
s021,28,20470241,high_shape,Higher Weibull shape,3,0.3,1.8,1,0.1,0.97,2000,0.3,0.1,1500,2.3667332613204257,0.12571428571428572,0.02214285714285714,0.9133333333333333,2.065898594245912,0.07975101477370537
s021,29,20470242,high_shape,Higher Weibull shape,3,0.3,1.8,1,0.1,0.97,2000,0.3,0.1,1500,2.3819960280305783,0.12214285714285714,0.023571428571428573,0.8583333333333333,2.048876150349999,0.09866921108234097
s021,30,20470243,high_shape,Higher Weibull shape,3,0.3,1.8,1,0.1,0.97,2000,0.3,0.1,1500,2.3784065810463777,0.12,0.022857142857142857,0.89,2.068072161096719,0.08614116776417037
s022,1,20480214,high_shape,Higher Weibull shape,3,0.3,1.8,1,0.2,0.75,2000,0.3,0.1,1500,1.2277885937966435,0.36428571428571427,0.18214285714285713,0.8516666666666667,0.893675985989362,0.09439010179032128
s022,2,20480215,high_shape,Higher Weibull shape,3,0.3,1.8,1,0.2,0.75,2000,0.3,0.1,1500,1.2137202209617386,0.3792857142857143,0.1692857142857143,0.8933333333333333,0.9267358377345833,0.06849458076722953
s022,3,20480216,high_shape,Higher Weibull shape,3,0.3,1.8,1,0.2,0.75,2000,0.3,0.1,1500,1.2565505403403359,0.38285714285714284,0.18785714285714286,0.885,0.9338520882430691,0.10766344952606519
s022,4,20480217,high_shape,Higher Weibull shape,3,0.3,1.8,1,0.2,0.75,2000,0.3,0.1,1500,1.2199027768714839,0.3657142857142857,0.17714285714285713,0.9133333333333333,0.9379232211825489,0.09885169786768999
s022,5,20480218,high_shape,Higher Weibull shape,3,0.3,1.8,1,0.2,0.75,2000,0.3,0.1,1500,1.2312980062435275,0.385,0.16428571428571428,0.935,0.9580190083161949,0.08908581157865521
s022,6,20480219,high_shape,Higher Weibull shape,3,0.3,1.8,1,0.2,0.75,2000,0.3,0.1,1500,1.2390009580028778,0.385,0.18285714285714286,0.8766666666666667,0.9232181404060636,0.09754436393871016
s022,7,20480220,high_shape,Higher Weibull shape,3,0.3,1.8,1,0.2,0.75,2000,0.3,0.1,1500,1.2518794645304747,0.37714285714285717,0.18714285714285714,0.8816666666666667,0.9284017480064432,0.09408731707093422
s022,8,20480221,high_shape,Higher Weibull shape,3,0.3,1.8,1,0.2,0.75,2000,0.3,0.1,1500,1.263446817074378,0.36857142857142855,0.18928571428571428,0.8866666666666667,0.9434803182140856,0.07668908622646492
s022,9,20480222,high_shape,Higher Weibull shape,3,0.3,1.8,1,0.2,0.75,2000,0.3,0.1,1500,1.2384688253833496,0.3792857142857143,0.1742857142857143,0.895,0.9220040953324893,0.08587612140668156
s022,10,20480223,high_shape,Higher Weibull shape,3,0.3,1.8,1,0.2,0.75,2000,0.3,0.1,1500,1.2797948130074812,0.39071428571428574,0.17357142857142857,0.89,0.9599813238360045,0.09194221458339343
s022,11,20480224,high_shape,Higher Weibull shape,3,0.3,1.8,1,0.2,0.75,2000,0.3,0.1,1500,1.2535872185491628,0.37,0.18642857142857142,0.905,0.9551681531758026,0.08665208956784282
s022,12,20480225,high_shape,Higher Weibull shape,3,0.3,1.8,1,0.2,0.75,2000,0.3,0.1,1500,1.1952632719138436,0.38142857142857145,0.18071428571428572,0.89,0.8818507189690684,0.09557630976882636
s022,13,20480226,high_shape,Higher Weibull shape,3,0.3,1.8,1,0.2,0.75,2000,0.3,0.1,1500,1.2044773545828042,0.36642857142857144,0.175,0.9,0.9061534461710452,0.09008912925835712
s022,14,20480227,high_shape,Higher Weibull shape,3,0.3,1.8,1,0.2,0.75,2000,0.3,0.1,1500,1.2261830653149093,0.37214285714285716,0.1757142857142857,0.89,0.8993830921505045,0.11349490069513953
s022,15,20480228,high_shape,Higher Weibull shape,3,0.3,1.8,1,0.2,0.75,2000,0.3,0.1,1500,1.2542496801214311,0.3792857142857143,0.17785714285714285,0.9233333333333333,0.9794904524460355,0.08287736183622359
s022,16,20480229,high_shape,Higher Weibull shape,3,0.3,1.8,1,0.2,0.75,2000,0.3,0.1,1500,1.212871422384057,0.3585714285714286,0.16357142857142856,0.89,0.905332561263821,0.08231346179792888
s022,17,20480230,high_shape,Higher Weibull shape,3,0.3,1.8,1,0.2,0.75,2000,0.3,0.1,1500,1.3099760157088587,0.34214285714285714,0.16642857142857143,0.93,1.0473882525193903,0.07911376379729018
s022,18,20480231,high_shape,Higher Weibull shape,3,0.3,1.8,1,0.2,0.75,2000,0.3,0.1,1500,1.2103816279439485,0.36857142857142855,0.17785714285714285,0.8816666666666667,0.895236075368402,0.09253770923268283
s022,19,20480232,high_shape,Higher Weibull shape,3,0.3,1.8,1,0.2,0.75,2000,0.3,0.1,1500,1.221746066483853,0.37714285714285717,0.17285714285714285,0.9366666666666666,0.9603589503599611,0.08851829397760176
s022,20,20480233,high_shape,Higher Weibull shape,3,0.3,1.8,1,0.2,0.75,2000,0.3,0.1,1500,1.2215854923937433,0.375,0.18428571428571427,0.895,0.9213757539512163,0.0910221670173572
s022,21,20480234,high_shape,Higher Weibull shape,3,0.3,1.8,1,0.2,0.75,2000,0.3,0.1,1500,1.2433697722105463,0.3742857142857143,0.1707142857142857,0.9066666666666666,0.9444703251965691,0.09974833954761378
s022,22,20480235,high_shape,Higher Weibull shape,3,0.3,1.8,1,0.2,0.75,2000,0.3,0.1,1500,1.214519509680147,0.37142857142857144,0.16214285714285714,0.9166666666666666,0.9095699373237015,0.09998806764478814
s022,23,20480236,high_shape,Higher Weibull shape,3,0.3,1.8,1,0.2,0.75,2000,0.3,0.1,1500,1.2090224208319604,0.38357142857142856,0.17785714285714285,0.9016666666666666,0.8885475869396772,0.08226235943914703
s022,24,20480237,high_shape,Higher Weibull shape,3,0.3,1.8,1,0.2,0.75,2000,0.3,0.1,1500,1.2553317555562684,0.38142857142857145,0.18071428571428572,0.91,0.9628458277843104,0.10108993585600222
s022,25,20480238,high_shape,Higher Weibull shape,3,0.3,1.8,1,0.2,0.75,2000,0.3,0.1,1500,1.2730400789490577,0.38357142857142856,0.1657142857142857,0.885,0.9714837962888441,0.09890379030967239
s022,26,20480239,high_shape,Higher Weibull shape,3,0.3,1.8,1,0.2,0.75,2000,0.3,0.1,1500,1.2497906718684173,0.39285714285714285,0.1657142857142857,0.91,0.9526773357311951,0.08086728402408577
s022,27,20480240,high_shape,Higher Weibull shape,3,0.3,1.8,1,0.2,0.75,2000,0.3,0.1,1500,1.203175921924896,0.3707142857142857,0.18357142857142858,0.87,0.8780239631019439,0.08753294529900306
s022,28,20480241,high_shape,Higher Weibull shape,3,0.3,1.8,1,0.2,0.75,2000,0.3,0.1,1500,1.2277612615437237,0.36857142857142855,0.16428571428571428,0.8783333333333333,0.9354493395534933,0.07486815421943585
s022,29,20480242,high_shape,Higher Weibull shape,3,0.3,1.8,1,0.2,0.75,2000,0.3,0.1,1500,1.2603027542129923,0.375,0.17785714285714285,0.8866666666666667,0.8954968231931877,0.10456778147748641
s022,30,20480243,high_shape,Higher Weibull shape,3,0.3,1.8,1,0.2,0.75,2000,0.3,0.1,1500,1.2257925764757531,0.36357142857142855,0.1742857142857143,0.8966666666666666,0.9206487479629459,0.08847855292364061
s023,1,20490214,high_shape,Higher Weibull shape,3,0.3,1.8,1,0.2,0.9,2000,0.3,0.1,1500,1.779642991573838,0.2557142857142857,0.06,0.915,1.5214842163322595,0.08496906949226637
s023,2,20490215,high_shape,Higher Weibull shape,3,0.3,1.8,1,0.2,0.9,2000,0.3,0.1,1500,1.7321703583901538,0.25285714285714284,0.052142857142857144,0.91,1.4524814619805253,0.08228019340387013
s023,3,20490216,high_shape,Higher Weibull shape,3,0.3,1.8,1,0.2,0.9,2000,0.3,0.1,1500,1.7365776996736018,0.24071428571428571,0.06357142857142857,0.905,1.4442401367399311,0.09487748159944993
s023,4,20490217,high_shape,Higher Weibull shape,3,0.3,1.8,1,0.2,0.9,2000,0.3,0.1,1500,1.7543698050331527,0.2671428571428571,0.05857142857142857,0.9,1.4553555998447616,0.09085256028554338
s023,5,20490218,high_shape,Higher Weibull shape,3,0.3,1.8,1,0.2,0.9,2000,0.3,0.1,1500,1.708189995136748,0.27071428571428574,0.06642857142857143,0.895,1.4063850963358224,0.08694517711581375
s023,6,20490219,high_shape,Higher Weibull shape,3,0.3,1.8,1,0.2,0.9,2000,0.3,0.1,1500,1.7011308093919386,0.27214285714285713,0.06857142857142857,0.8916666666666667,1.3866828658656196,0.10362006976867197
s023,7,20490220,high_shape,Higher Weibull shape,3,0.3,1.8,1,0.2,0.9,2000,0.3,0.1,1500,1.744054516788577,0.2692857142857143,0.06857142857142857,0.87,1.4328166094791663,0.10478539653144738
s023,8,20490221,high_shape,Higher Weibull shape,3,0.3,1.8,1,0.2,0.9,2000,0.3,0.1,1500,1.7373526594527084,0.2392857142857143,0.05357142857142857,0.91,1.4298355057028558,0.08009287915963925
s023,9,20490222,high_shape,Higher Weibull shape,3,0.3,1.8,1,0.2,0.9,2000,0.3,0.1,1500,1.7681865176675262,0.25642857142857145,0.06142857142857143,0.8966666666666666,1.4717804906495586,0.07742527947371806
s023,10,20490223,high_shape,Higher Weibull shape,3,0.3,1.8,1,0.2,0.9,2000,0.3,0.1,1500,1.7447195548333938,0.26357142857142857,0.05714285714285714,0.8883333333333333,1.439171893697987,0.09892149310347792
s023,11,20490224,high_shape,Higher Weibull shape,3,0.3,1.8,1,0.2,0.9,2000,0.3,0.1,1500,1.7616269697312699,0.28,0.06928571428571428,0.8766666666666667,1.4373732515439277,0.09989254549710005
s023,12,20490225,high_shape,Higher Weibull shape,3,0.3,1.8,1,0.2,0.9,2000,0.3,0.1,1500,1.7605234558903582,0.24928571428571428,0.047142857142857146,0.8866666666666667,1.4593532355337653,0.0800274672738647
s023,13,20490226,high_shape,Higher Weibull shape,3,0.3,1.8,1,0.2,0.9,2000,0.3,0.1,1500,1.8073794511863337,0.25357142857142856,0.065,0.92,1.5319324045320513,0.09166871827223794
s023,14,20490227,high_shape,Higher Weibull shape,3,0.3,1.8,1,0.2,0.9,2000,0.3,0.1,1500,1.7343844684098377,0.29,0.065,0.925,1.475645925233894,0.08300795917447401
s023,15,20490228,high_shape,Higher Weibull shape,3,0.3,1.8,1,0.2,0.9,2000,0.3,0.1,1500,1.7493007459212186,0.2671428571428571,0.05714285714285714,0.8683333333333333,1.414044827956583,0.10938809416398508
s023,16,20490229,high_shape,Higher Weibull shape,3,0.3,1.8,1,0.2,0.9,2000,0.3,0.1,1500,1.764788782383206,0.2357142857142857,0.06857142857142857,0.8933333333333333,1.4387587233154813,0.09889970165983349
s023,17,20490230,high_shape,Higher Weibull shape,3,0.3,1.8,1,0.2,0.9,2000,0.3,0.1,1500,1.718805218545694,0.2735714285714286,0.07714285714285714,0.91,1.4250760960957067,0.0832941606108456
s023,18,20490231,high_shape,Higher Weibull shape,3,0.3,1.8,1,0.2,0.9,2000,0.3,0.1,1500,1.6820335810663778,0.2664285714285714,0.07071428571428572,0.8783333333333333,1.3773254529519157,0.09200492498532159
s023,19,20490232,high_shape,Higher Weibull shape,3,0.3,1.8,1,0.2,0.9,2000,0.3,0.1,1500,1.767031810411467,0.2392857142857143,0.05714285714285714,0.905,1.46592742950628,0.08392028509709631
s023,20,20490233,high_shape,Higher Weibull shape,3,0.3,1.8,1,0.2,0.9,2000,0.3,0.1,1500,1.7433811911634107,0.25285714285714284,0.062142857142857146,0.895,1.4524997826991988,0.07912243065279599
s023,21,20490234,high_shape,Higher Weibull shape,3,0.3,1.8,1,0.2,0.9,2000,0.3,0.1,1500,1.7691847191560612,0.2592857142857143,0.047857142857142855,0.92,1.4573929188600696,0.08829153431447395
s023,22,20490235,high_shape,Higher Weibull shape,3,0.3,1.8,1,0.2,0.9,2000,0.3,0.1,1500,1.7439071967476734,0.2785714285714286,0.05285714285714286,0.8883333333333333,1.4464059967008305,0.0834050756515458
s023,23,20490236,high_shape,Higher Weibull shape,3,0.3,1.8,1,0.2,0.9,2000,0.3,0.1,1500,1.7097418705814942,0.265,0.06571428571428571,0.8833333333333333,1.386125769355104,0.09198930792936173
s023,24,20490237,high_shape,Higher Weibull shape,3,0.3,1.8,1,0.2,0.9,2000,0.3,0.1,1500,1.808043572262604,0.25857142857142856,0.05928571428571429,0.9166666666666666,1.5055813262904427,0.10137549348507625
s023,25,20490238,high_shape,Higher Weibull shape,3,0.3,1.8,1,0.2,0.9,2000,0.3,0.1,1500,1.776221028484813,0.25285714285714284,0.06428571428571428,0.9,1.4843815904399134,0.09708450609800715
s023,26,20490239,high_shape,Higher Weibull shape,3,0.3,1.8,1,0.2,0.9,2000,0.3,0.1,1500,1.7677813692542859,0.26571428571428574,0.06428571428571428,0.8966666666666666,1.467798163713595,0.10614255563848923
s023,27,20490240,high_shape,Higher Weibull shape,3,0.3,1.8,1,0.2,0.9,2000,0.3,0.1,1500,1.7273285859876513,0.255,0.07071428571428572,0.91,1.4336458097463312,0.08827152037053772
s023,28,20490241,high_shape,Higher Weibull shape,3,0.3,1.8,1,0.2,0.9,2000,0.3,0.1,1500,1.7539616336797592,0.25785714285714284,0.06,0.895,1.448259483135445,0.09115454310323547
s023,29,20490242,high_shape,Higher Weibull shape,3,0.3,1.8,1,0.2,0.9,2000,0.3,0.1,1500,1.7284353932096064,0.28214285714285714,0.06428571428571428,0.845,1.3676375166712595,0.0973759245893699
s023,30,20490243,high_shape,Higher Weibull shape,3,0.3,1.8,1,0.2,0.9,2000,0.3,0.1,1500,1.7496254198678087,0.2792857142857143,0.07,0.8883333333333333,1.459639067087808,0.093026465366321
s024,1,20500214,high_shape,Higher Weibull shape,3,0.3,1.8,1,0.2,0.97,2000,0.3,0.1,1500,2.3597022241004884,0.21857142857142858,0.015,0.905,2.0932436938046126,0.08420494756012105
s024,2,20500215,high_shape,Higher Weibull shape,3,0.3,1.8,1,0.2,0.97,2000,0.3,0.1,1500,2.396654930650231,0.22142857142857142,0.017857142857142856,0.8866666666666667,2.0978005160736677,0.090479780077502
s024,3,20500216,high_shape,Higher Weibull shape,3,0.3,1.8,1,0.2,0.97,2000,0.3,0.1,1500,2.4524990711641155,0.2057142857142857,0.012857142857142857,0.9066666666666666,2.1608862404622857,0.09926693360135597
s024,4,20500217,high_shape,Higher Weibull shape,3,0.3,1.8,1,0.2,0.97,2000,0.3,0.1,1500,2.3053008689621213,0.23,0.019285714285714285,0.9066666666666666,2.0045636680239975,0.08499342262919948
s024,5,20500218,high_shape,Higher Weibull shape,3,0.3,1.8,1,0.2,0.97,2000,0.3,0.1,1500,2.3535295864039587,0.21857142857142858,0.012142857142857143,0.9166666666666666,2.048334328489266,0.08870238304725499
s024,6,20500219,high_shape,Higher Weibull shape,3,0.3,1.8,1,0.2,0.97,2000,0.3,0.1,1500,2.3706651581032667,0.2257142857142857,0.02142857142857143,0.9083333333333333,2.0797656248867935,0.09941390120549479
s024,7,20500220,high_shape,Higher Weibull shape,3,0.3,1.8,1,0.2,0.97,2000,0.3,0.1,1500,2.4638975376075103,0.2057142857142857,0.017857142857142856,0.9133333333333333,2.1524549124214647,0.08440788170226024
s024,8,20500221,high_shape,Higher Weibull shape,3,0.3,1.8,1,0.2,0.97,2000,0.3,0.1,1500,2.316891914802639,0.22857142857142856,0.017142857142857144,0.9016666666666666,2.0004981875633323,0.0941613861060049
s024,9,20500222,high_shape,Higher Weibull shape,3,0.3,1.8,1,0.2,0.97,2000,0.3,0.1,1500,2.3827402031180522,0.20857142857142857,0.018571428571428572,0.905,2.0760990655259044,0.08958561394384028
s024,10,20500223,high_shape,Higher Weibull shape,3,0.3,1.8,1,0.2,0.97,2000,0.3,0.1,1500,2.306742353997882,0.21928571428571428,0.015714285714285715,0.8916666666666667,1.9812517280439481,0.10843598453031561
s024,11,20500224,high_shape,Higher Weibull shape,3,0.3,1.8,1,0.2,0.97,2000,0.3,0.1,1500,2.2969829460736673,0.235,0.016428571428571428,0.9066666666666666,2.029721427013347,0.08118176078416743
s024,12,20500225,high_shape,Higher Weibull shape,3,0.3,1.8,1,0.2,0.97,2000,0.3,0.1,1500,2.4878007054267335,0.2307142857142857,0.018571428571428572,0.9116666666666666,2.208573772665571,0.08486864049584648
s024,13,20500226,high_shape,Higher Weibull shape,3,0.3,1.8,1,0.2,0.97,2000,0.3,0.1,1500,2.256754158377305,0.21642857142857144,0.017857142857142856,0.8966666666666666,1.9561374546782417,0.10189966672785274
s024,14,20500227,high_shape,Higher Weibull shape,3,0.3,1.8,1,0.2,0.97,2000,0.3,0.1,1500,2.2755556874328344,0.21857142857142858,0.014285714285714285,0.895,1.992902844603416,0.06795122453851378
s024,15,20500228,high_shape,Higher Weibull shape,3,0.3,1.8,1,0.2,0.97,2000,0.3,0.1,1500,2.2458644262053284,0.19714285714285715,0.015714285714285715,0.875,1.9459579748912434,0.09069373576993757
s024,16,20500229,high_shape,Higher Weibull shape,3,0.3,1.8,1,0.2,0.97,2000,0.3,0.1,1500,2.331020978861896,0.21928571428571428,0.016428571428571428,0.8766666666666667,1.9764784928975616,0.1075656646448195
s024,17,20500230,high_shape,Higher Weibull shape,3,0.3,1.8,1,0.2,0.97,2000,0.3,0.1,1500,2.389414264726258,0.19857142857142857,0.012857142857142857,0.9183333333333333,2.1191592159487516,0.07814343173539348
s024,18,20500231,high_shape,Higher Weibull shape,3,0.3,1.8,1,0.2,0.97,2000,0.3,0.1,1500,2.3775191588004723,0.2092857142857143,0.018571428571428572,0.915,2.1058106044935947,0.09421152668484929
s024,19,20500232,high_shape,Higher Weibull shape,3,0.3,1.8,1,0.2,0.97,2000,0.3,0.1,1500,2.31418963008965,0.22428571428571428,0.017142857142857144,0.905,2.0252877187876286,0.08848284297748953
s024,20,20500233,high_shape,Higher Weibull shape,3,0.3,1.8,1,0.2,0.97,2000,0.3,0.1,1500,2.241939462697946,0.22285714285714286,0.015,0.9266666666666666,2.0041701479285625,0.06208371004053857
s024,21,20500234,high_shape,Higher Weibull shape,3,0.3,1.8,1,0.2,0.97,2000,0.3,0.1,1500,2.3614946303500637,0.21357142857142858,0.019285714285714285,0.88,2.069521829072027,0.08127141160234891
s024,22,20500235,high_shape,Higher Weibull shape,3,0.3,1.8,1,0.2,0.97,2000,0.3,0.1,1500,2.33629219983882,0.20714285714285716,0.019285714285714285,0.8833333333333333,2.0387799384149847,0.08917881486073366
s024,23,20500236,high_shape,Higher Weibull shape,3,0.3,1.8,1,0.2,0.97,2000,0.3,0.1,1500,2.32011145363261,0.22142857142857142,0.018571428571428572,0.9016666666666666,2.0240249721747627,0.08627635768718171
s024,24,20500237,high_shape,Higher Weibull shape,3,0.3,1.8,1,0.2,0.97,2000,0.3,0.1,1500,2.3650089939531544,0.23214285714285715,0.02214285714285714,0.8916666666666667,2.0575590585753076,0.09858210802899094
s024,25,20500238,high_shape,Higher Weibull shape,3,0.3,1.8,1,0.2,0.97,2000,0.3,0.1,1500,2.3666218192966353,0.21857142857142858,0.018571428571428572,0.895,2.0678018740140223,0.09998109396242326
s024,26,20500239,high_shape,Higher Weibull shape,3,0.3,1.8,1,0.2,0.97,2000,0.3,0.1,1500,2.2941998451663785,0.20714285714285716,0.015714285714285715,0.9016666666666666,1.9904051016353494,0.07635277415576387
s024,27,20500240,high_shape,Higher Weibull shape,3,0.3,1.8,1,0.2,0.97,2000,0.3,0.1,1500,2.3072575365292116,0.21571428571428572,0.015,0.8816666666666667,1.9992545529959593,0.08319381006057418
s024,28,20500241,high_shape,Higher Weibull shape,3,0.3,1.8,1,0.2,0.97,2000,0.3,0.1,1500,2.4916412016366576,0.23285714285714285,0.02142857142857143,0.92,2.198532204198055,0.08811796608362821
s024,29,20500242,high_shape,Higher Weibull shape,3,0.3,1.8,1,0.2,0.97,2000,0.3,0.1,1500,2.2567190339346004,0.22,0.018571428571428572,0.915,1.9699614720336793,0.08284013951575309
s024,30,20500243,high_shape,Higher Weibull shape,3,0.3,1.8,1,0.2,0.97,2000,0.3,0.1,1500,2.443818974415995,0.2007142857142857,0.019285714285714285,0.9,2.1547552728566752,0.08768578234854706
s025,1,20510214,high_shape,Higher Weibull shape,3,0.3,1.8,1,0.35,0.75,2000,0.3,0.1,1500,1.2531356910221723,0.48214285714285715,0.13142857142857142,0.9066666666666666,0.9647399650311673,0.10456601266843546
s025,2,20510215,high_shape,Higher Weibull shape,3,0.3,1.8,1,0.35,0.75,2000,0.3,0.1,1500,1.2091019088814918,0.48857142857142855,0.105,0.89,0.8998165134593492,0.0940408128316119
s025,3,20510216,high_shape,Higher Weibull shape,3,0.3,1.8,1,0.35,0.75,2000,0.3,0.1,1500,1.2650091605553215,0.4942857142857143,0.12785714285714286,0.9283333333333333,0.9993930721652355,0.09758462418721534
s025,4,20510217,high_shape,Higher Weibull shape,3,0.3,1.8,1,0.35,0.75,2000,0.3,0.1,1500,1.2617891381796065,0.48428571428571426,0.12214285714285714,0.91,0.9533735162199491,0.08621245394236958
s025,5,20510218,high_shape,Higher Weibull shape,3,0.3,1.8,1,0.35,0.75,2000,0.3,0.1,1500,1.246123031897255,0.4785714285714286,0.12285714285714286,0.9266666666666666,0.9705381871010522,0.08885713396544302
s025,6,20510219,high_shape,Higher Weibull shape,3,0.3,1.8,1,0.35,0.75,2000,0.3,0.1,1500,1.2462944130820905,0.47,0.12071428571428572,0.9033333333333333,0.9425033408030401,0.0805331444886398
s025,7,20510220,high_shape,Higher Weibull shape,3,0.3,1.8,1,0.35,0.75,2000,0.3,0.1,1500,1.2580451859582817,0.4757142857142857,0.12857142857142856,0.875,0.8975969152754433,0.11140409852130452
s025,8,20510221,high_shape,Higher Weibull shape,3,0.3,1.8,1,0.35,0.75,2000,0.3,0.1,1500,1.1918900689741359,0.48142857142857143,0.12714285714285714,0.9033333333333333,0.87780572116653,0.08337545565005106
s025,9,20510222,high_shape,Higher Weibull shape,3,0.3,1.8,1,0.35,0.75,2000,0.3,0.1,1500,1.2423585687016916,0.4828571428571429,0.12142857142857143,0.88,0.9190524796330355,0.07778614630489168
s025,10,20510223,high_shape,Higher Weibull shape,3,0.3,1.8,1,0.35,0.75,2000,0.3,0.1,1500,1.263964621009154,0.47714285714285715,0.12642857142857142,0.8883333333333333,0.9540043547907031,0.08898004976369156
s025,11,20510224,high_shape,Higher Weibull shape,3,0.3,1.8,1,0.35,0.75,2000,0.3,0.1,1500,1.2193674587099248,0.4642857142857143,0.12571428571428572,0.87,0.8789743242100433,0.09529383600272599
s025,12,20510225,high_shape,Higher Weibull shape,3,0.3,1.8,1,0.35,0.75,2000,0.3,0.1,1500,1.2221828286691914,0.47928571428571426,0.11571428571428571,0.91,0.9216250947287873,0.08989680295149056
s025,13,20510226,high_shape,Higher Weibull shape,3,0.3,1.8,1,0.35,0.75,2000,0.3,0.1,1500,1.2696688312165492,0.48214285714285715,0.12428571428571429,0.9,0.9673642528850598,0.0735180114111879
s025,14,20510227,high_shape,Higher Weibull shape,3,0.3,1.8,1,0.35,0.75,2000,0.3,0.1,1500,1.2278010999785647,0.4514285714285714,0.14214285714285715,0.8866666666666667,0.9048683333807646,0.10150265138605744
s025,15,20510228,high_shape,Higher Weibull shape,3,0.3,1.8,1,0.35,0.75,2000,0.3,0.1,1500,1.2391716218254725,0.47214285714285714,0.11214285714285714,0.9183333333333333,0.9427784863806659,0.08742326458726242
s025,16,20510229,high_shape,Higher Weibull shape,3,0.3,1.8,1,0.35,0.75,2000,0.3,0.1,1500,1.2384179376107873,0.465,0.11785714285714285,0.8816666666666667,0.9389426753794848,0.0865794055964351
s025,17,20510230,high_shape,Higher Weibull shape,3,0.3,1.8,1,0.35,0.75,2000,0.3,0.1,1500,1.2123799447714967,0.47,0.13071428571428573,0.8866666666666667,0.9105880488987472,0.0820673365603645
s025,18,20510231,high_shape,Higher Weibull shape,3,0.3,1.8,1,0.35,0.75,2000,0.3,0.1,1500,1.2526086318820473,0.48,0.11071428571428571,0.9,0.9352167961955948,0.08282621666844137
s025,19,20510232,high_shape,Higher Weibull shape,3,0.3,1.8,1,0.35,0.75,2000,0.3,0.1,1500,1.2569430854306574,0.47285714285714286,0.12071428571428572,0.9233333333333333,0.967204507788302,0.08536102427619088
s025,20,20510233,high_shape,Higher Weibull shape,3,0.3,1.8,1,0.35,0.75,2000,0.3,0.1,1500,1.2494457858512553,0.46714285714285714,0.12428571428571429,0.8866666666666667,0.9259074598630205,0.09195719827003138
s025,21,20510234,high_shape,Higher Weibull shape,3,0.3,1.8,1,0.35,0.75,2000,0.3,0.1,1500,1.2261352727598074,0.495,0.11714285714285715,0.9133333333333333,0.9400133962816756,0.09036975413705639
s025,22,20510235,high_shape,Higher Weibull shape,3,0.3,1.8,1,0.35,0.75,2000,0.3,0.1,1500,1.241829965020516,0.48642857142857143,0.13428571428571429,0.93,0.9677095832667082,0.07964579431937654
s025,23,20510236,high_shape,Higher Weibull shape,3,0.3,1.8,1,0.35,0.75,2000,0.3,0.1,1500,1.229662985692363,0.48642857142857143,0.11357142857142857,0.9033333333333333,0.9518526009632631,0.07514025844480532
s025,24,20510237,high_shape,Higher Weibull shape,3,0.3,1.8,1,0.35,0.75,2000,0.3,0.1,1500,1.24351743182684,0.495,0.12571428571428572,0.895,0.9364029278345126,0.08790526685797898
s025,25,20510238,high_shape,Higher Weibull shape,3,0.3,1.8,1,0.35,0.75,2000,0.3,0.1,1500,1.239947030729145,0.48428571428571426,0.12642857142857142,0.88,0.9175662327194728,0.09847348847022185
s025,26,20510239,high_shape,Higher Weibull shape,3,0.3,1.8,1,0.35,0.75,2000,0.3,0.1,1500,1.1873267132901586,0.4714285714285714,0.12785714285714286,0.9116666666666666,0.9109080013494586,0.06690393488261108
s025,27,20510240,high_shape,Higher Weibull shape,3,0.3,1.8,1,0.35,0.75,2000,0.3,0.1,1500,1.262069121110038,0.4907142857142857,0.12428571428571429,0.9,0.9779066763301706,0.09000151254800011
s025,28,20510241,high_shape,Higher Weibull shape,3,0.3,1.8,1,0.35,0.75,2000,0.3,0.1,1500,1.2753795542222146,0.4714285714285714,0.11928571428571429,0.9183333333333333,0.9967841516094621,0.0962321545469324
s025,29,20510242,high_shape,Higher Weibull shape,3,0.3,1.8,1,0.35,0.75,2000,0.3,0.1,1500,1.2469045892820956,0.4785714285714286,0.13785714285714284,0.885,0.932374000882966,0.10203435411806155
s025,30,20510243,high_shape,Higher Weibull shape,3,0.3,1.8,1,0.35,0.75,2000,0.3,0.1,1500,1.231192829664645,0.475,0.12214285714285714,0.89,0.930427265136529,0.08635131181990961
s026,1,20520214,high_shape,Higher Weibull shape,3,0.3,1.8,1,0.35,0.9,2000,0.3,0.1,1500,1.688300576211067,0.40214285714285714,0.03785714285714286,0.9333333333333333,1.4264915349249647,0.08457520392703384
s026,2,20520215,high_shape,Higher Weibull shape,3,0.3,1.8,1,0.35,0.9,2000,0.3,0.1,1500,1.7524839523744131,0.37642857142857145,0.03785714285714286,0.905,1.4670205740076119,0.07546960809013799
s026,3,20520216,high_shape,Higher Weibull shape,3,0.3,1.8,1,0.35,0.9,2000,0.3,0.1,1500,1.8004959572254529,0.38785714285714284,0.041428571428571426,0.885,1.455458379707802,0.10862093456778969
s026,4,20520217,high_shape,Higher Weibull shape,3,0.3,1.8,1,0.35,0.9,2000,0.3,0.1,1500,1.8030925389462809,0.39785714285714285,0.04214285714285714,0.9066666666666666,1.4915646094168022,0.07988676583065185
s026,5,20520218,high_shape,Higher Weibull shape,3,0.3,1.8,1,0.35,0.9,2000,0.3,0.1,1500,1.7807890073178094,0.395,0.04642857142857143,0.9216666666666666,1.5151078785699272,0.07741163217596612
s026,6,20520219,high_shape,Higher Weibull shape,3,0.3,1.8,1,0.35,0.9,2000,0.3,0.1,1500,1.7399009886628698,0.3757142857142857,0.04214285714285714,0.8866666666666667,1.4504164096469696,0.08167139952515559
s026,7,20520220,high_shape,Higher Weibull shape,3,0.3,1.8,1,0.35,0.9,2000,0.3,0.1,1500,1.7615909142898394,0.3707142857142857,0.04214285714285714,0.9066666666666666,1.4601457628148464,0.0946726101528396
s026,8,20520221,high_shape,Higher Weibull shape,3,0.3,1.8,1,0.35,0.9,2000,0.3,0.1,1500,1.7310482032320307,0.35928571428571426,0.04857142857142857,0.9066666666666666,1.4540385318549502,0.08256325078247645
s026,9,20520222,high_shape,Higher Weibull shape,3,0.3,1.8,1,0.35,0.9,2000,0.3,0.1,1500,1.709781158411836,0.37285714285714283,0.04428571428571428,0.9116666666666666,1.449347965238023,0.07368243596728051
s026,10,20520223,high_shape,Higher Weibull shape,3,0.3,1.8,1,0.35,0.9,2000,0.3,0.1,1500,1.7702341995268416,0.37857142857142856,0.03857142857142857,0.8883333333333333,1.4530648200774732,0.09417247733847996
s026,11,20520224,high_shape,Higher Weibull shape,3,0.3,1.8,1,0.35,0.9,2000,0.3,0.1,1500,1.7504222900178206,0.42142857142857143,0.039285714285714285,0.925,1.466182254973389,0.08582474382100769
s026,12,20520225,high_shape,Higher Weibull shape,3,0.3,1.8,1,0.35,0.9,2000,0.3,0.1,1500,1.802167093989698,0.36357142857142855,0.039285714285714285,0.8966666666666666,1.4937170937912052,0.11009288097184736
s026,13,20520226,high_shape,Higher Weibull shape,3,0.3,1.8,1,0.35,0.9,2000,0.3,0.1,1500,1.7468975946277643,0.4057142857142857,0.04071428571428572,0.9,1.4606747207999216,0.08772539072283098
s026,14,20520227,high_shape,Higher Weibull shape,3,0.3,1.8,1,0.35,0.9,2000,0.3,0.1,1500,1.7756954510560246,0.38642857142857145,0.03785714285714286,0.9333333333333333,1.503885537166055,0.08912396741015614
s026,15,20520228,high_shape,Higher Weibull shape,3,0.3,1.8,1,0.35,0.9,2000,0.3,0.1,1500,1.7077331201130959,0.3742857142857143,0.04071428571428572,0.9116666666666666,1.4259817467574147,0.09428530811103217
s026,16,20520229,high_shape,Higher Weibull shape,3,0.3,1.8,1,0.35,0.9,2000,0.3,0.1,1500,1.7608673459753024,0.3742857142857143,0.037142857142857144,0.9033333333333333,1.4306407229075702,0.09995908455079504
s026,17,20520230,high_shape,Higher Weibull shape,3,0.3,1.8,1,0.35,0.9,2000,0.3,0.1,1500,1.7155663618549497,0.4035714285714286,0.039285714285714285,0.9,1.422364464334773,0.08193718811157462
s026,18,20520231,high_shape,Higher Weibull shape,3,0.3,1.8,1,0.35,0.9,2000,0.3,0.1,1500,1.756961747808139,0.4085714285714286,0.04071428571428572,0.9016666666666666,1.4419231740443295,0.1009694802243999
s026,19,20520232,high_shape,Higher Weibull shape,3,0.3,1.8,1,0.35,0.9,2000,0.3,0.1,1500,1.669999418216949,0.37714285714285717,0.04,0.92,1.3800229214634367,0.0685749908859078
s026,20,20520233,high_shape,Higher Weibull shape,3,0.3,1.8,1,0.35,0.9,2000,0.3,0.1,1500,1.7519338712472399,0.37214285714285716,0.032857142857142856,0.9016666666666666,1.476514652470729,0.08039658598469396
s026,21,20520234,high_shape,Higher Weibull shape,3,0.3,1.8,1,0.35,0.9,2000,0.3,0.1,1500,1.7311479587817078,0.38285714285714284,0.04214285714285714,0.9083333333333333,1.4468014654898589,0.07869389758198832
s026,22,20520235,high_shape,Higher Weibull shape,3,0.3,1.8,1,0.35,0.9,2000,0.3,0.1,1500,1.7800060267896356,0.37214285714285716,0.03142857142857143,0.9283333333333333,1.5231131471012276,0.0785675783896557
s026,23,20520236,high_shape,Higher Weibull shape,3,0.3,1.8,1,0.35,0.9,2000,0.3,0.1,1500,1.7856562073455198,0.3792857142857143,0.03642857142857143,0.8633333333333333,1.4818328748648584,0.08739491375702059
s026,24,20520237,high_shape,Higher Weibull shape,3,0.3,1.8,1,0.35,0.9,2000,0.3,0.1,1500,1.6914026966513596,0.37714285714285717,0.04642857142857143,0.905,1.4021085633718229,0.08312298750057277
s026,25,20520238,high_shape,Higher Weibull shape,3,0.3,1.8,1,0.35,0.9,2000,0.3,0.1,1500,1.7244129914563762,0.4064285714285714,0.03857142857142857,0.8983333333333333,1.4139198326265985,0.09059880021214725
s026,26,20520239,high_shape,Higher Weibull shape,3,0.3,1.8,1,0.35,0.9,2000,0.3,0.1,1500,1.706243984943619,0.3871428571428571,0.04428571428571428,0.88,1.400005003292773,0.0860055413406996
s026,27,20520240,high_shape,Higher Weibull shape,3,0.3,1.8,1,0.35,0.9,2000,0.3,0.1,1500,1.707518744214546,0.4164285714285714,0.04285714285714286,0.9233333333333333,1.4126910984195393,0.09489301290832401
s026,28,20520241,high_shape,Higher Weibull shape,3,0.3,1.8,1,0.35,0.9,2000,0.3,0.1,1500,1.7130611122937602,0.3985714285714286,0.03857142857142857,0.89,1.3960479089791222,0.10455248385151908
s026,29,20520242,high_shape,Higher Weibull shape,3,0.3,1.8,1,0.35,0.9,2000,0.3,0.1,1500,1.7233022050639564,0.39,0.041428571428571426,0.8916666666666667,1.4404985413070719,0.08062323264089694
s026,30,20520243,high_shape,Higher Weibull shape,3,0.3,1.8,1,0.35,0.9,2000,0.3,0.1,1500,1.6602843313654114,0.39714285714285713,0.04357142857142857,0.9066666666666666,1.3726801476661656,0.0971548102303962
s027,1,20530214,high_shape,Higher Weibull shape,3,0.3,1.8,1,0.35,0.97,2000,0.3,0.1,1500,2.2364591358069843,0.33785714285714286,0.013571428571428571,0.895,1.9147625963783177,0.0969564237827232
s027,2,20530215,high_shape,Higher Weibull shape,3,0.3,1.8,1,0.35,0.97,2000,0.3,0.1,1500,2.300884032829196,0.355,0.010714285714285714,0.8833333333333333,2.000795039710523,0.08300527250496936
s027,3,20530216,high_shape,Higher Weibull shape,3,0.3,1.8,1,0.35,0.97,2000,0.3,0.1,1500,2.338920160820804,0.34785714285714286,0.0064285714285714285,0.9166666666666666,2.0446011174358674,0.08471669482576821
s027,4,20530217,high_shape,Higher Weibull shape,3,0.3,1.8,1,0.35,0.97,2000,0.3,0.1,1500,2.2943910255478706,0.35428571428571426,0.010714285714285714,0.8966666666666666,2.015783570425401,0.0845782238781944
s027,5,20530218,high_shape,Higher Weibull shape,3,0.3,1.8,1,0.35,0.97,2000,0.3,0.1,1500,2.4059753035209117,0.36642857142857144,0.005,0.9033333333333333,2.120625808328727,0.08605222106374023
s027,6,20530219,high_shape,Higher Weibull shape,3,0.3,1.8,1,0.35,0.97,2000,0.3,0.1,1500,2.4780485738652196,0.3464285714285714,0.007142857142857143,0.9016666666666666,2.1927899660730668,0.09044558266017849
s027,7,20530220,high_shape,Higher Weibull shape,3,0.3,1.8,1,0.35,0.97,2000,0.3,0.1,1500,2.4689206257495657,0.34785714285714286,0.010714285714285714,0.8683333333333333,2.129277775994449,0.11614543131485654
s027,8,20530221,high_shape,Higher Weibull shape,3,0.3,1.8,1,0.35,0.97,2000,0.3,0.1,1500,2.3041713308638068,0.3607142857142857,0.008571428571428572,0.8816666666666667,1.9893598071041656,0.09654389765804512
s027,9,20530222,high_shape,Higher Weibull shape,3,0.3,1.8,1,0.35,0.97,2000,0.3,0.1,1500,2.344224314905355,0.3807142857142857,0.01,0.9133333333333333,2.0504898973278878,0.07804449325651103
s027,10,20530223,high_shape,Higher Weibull shape,3,0.3,1.8,1,0.35,0.97,2000,0.3,0.1,1500,2.441250005323232,0.3707142857142857,0.012142857142857143,0.8516666666666667,2.103102421617527,0.09876064721036662
s027,11,20530224,high_shape,Higher Weibull shape,3,0.3,1.8,1,0.35,0.97,2000,0.3,0.1,1500,2.350325868992357,0.36428571428571427,0.009285714285714286,0.8666666666666667,2.0182026041375805,0.09095358271700282
s027,12,20530225,high_shape,Higher Weibull shape,3,0.3,1.8,1,0.35,0.97,2000,0.3,0.1,1500,2.3063534361996685,0.355,0.01,0.9066666666666666,1.9893643451419318,0.09495374754998416
s027,13,20530226,high_shape,Higher Weibull shape,3,0.3,1.8,1,0.35,0.97,2000,0.3,0.1,1500,2.5014109252459673,0.37714285714285717,0.005,0.915,2.1805739016061683,0.100914048416144
s027,14,20530227,high_shape,Higher Weibull shape,3,0.3,1.8,1,0.35,0.97,2000,0.3,0.1,1500,2.40101823697085,0.36714285714285716,0.007857142857142858,0.885,2.0750987362359194,0.0899000928228952
s027,15,20530228,high_shape,Higher Weibull shape,3,0.3,1.8,1,0.35,0.97,2000,0.3,0.1,1500,2.327963673276681,0.3578571428571429,0.009285714285714286,0.89,2.011964249537371,0.08822829342621137
s027,16,20530229,high_shape,Higher Weibull shape,3,0.3,1.8,1,0.35,0.97,2000,0.3,0.1,1500,2.3062453108356054,0.3692857142857143,0.007857142857142858,0.8966666666666666,2.0012051398021464,0.09548344471829684
s027,17,20530230,high_shape,Higher Weibull shape,3,0.3,1.8,1,0.35,0.97,2000,0.3,0.1,1500,2.415098646217676,0.3628571428571429,0.007857142857142858,0.9,2.1184455992143025,0.09090145355459976
s027,18,20530231,high_shape,Higher Weibull shape,3,0.3,1.8,1,0.35,0.97,2000,0.3,0.1,1500,2.377527827006791,0.3557142857142857,0.007857142857142858,0.9033333333333333,2.091665200560762,0.07934163636238958
s027,19,20530232,high_shape,Higher Weibull shape,3,0.3,1.8,1,0.35,0.97,2000,0.3,0.1,1500,2.2923702825000163,0.36428571428571427,0.007857142857142858,0.8916666666666667,1.9932547624772319,0.09620464301599349
s027,20,20530233,high_shape,Higher Weibull shape,3,0.3,1.8,1,0.35,0.97,2000,0.3,0.1,1500,2.4587094708115043,0.36357142857142855,0.012857142857142857,0.9066666666666666,2.1520445835453885,0.08256621869353883
s027,21,20530234,high_shape,Higher Weibull shape,3,0.3,1.8,1,0.35,0.97,2000,0.3,0.1,1500,2.3155788300133615,0.36,0.0064285714285714285,0.875,1.9891956027823001,0.08759143564515659
s027,22,20530235,high_shape,Higher Weibull shape,3,0.3,1.8,1,0.35,0.97,2000,0.3,0.1,1500,2.4425867398259773,0.3507142857142857,0.011428571428571429,0.8933333333333333,2.1192541619284944,0.12739736304469557
s027,23,20530236,high_shape,Higher Weibull shape,3,0.3,1.8,1,0.35,0.97,2000,0.3,0.1,1500,2.331465532793575,0.36142857142857143,0.01,0.89,2.0156794941753766,0.0943697748973758
s027,24,20530237,high_shape,Higher Weibull shape,3,0.3,1.8,1,0.35,0.97,2000,0.3,0.1,1500,2.473744075399827,0.34785714285714286,0.009285714285714286,0.9,2.179307677315162,0.07763441993389597
s027,25,20530238,high_shape,Higher Weibull shape,3,0.3,1.8,1,0.35,0.97,2000,0.3,0.1,1500,2.3492536674113045,0.33285714285714285,0.007857142857142858,0.8966666666666666,2.057663466361851,0.07635749324044087
s027,26,20530239,high_shape,Higher Weibull shape,3,0.3,1.8,1,0.35,0.97,2000,0.3,0.1,1500,2.4240098838386803,0.3578571428571429,0.012857142857142857,0.9033333333333333,2.110264920474099,0.1010495774795714
s027,27,20530240,high_shape,Higher Weibull shape,3,0.3,1.8,1,0.35,0.97,2000,0.3,0.1,1500,2.3482249670604043,0.34714285714285714,0.008571428571428572,0.9016666666666666,2.0502987687452827,0.09287955455638996
s027,28,20530241,high_shape,Higher Weibull shape,3,0.3,1.8,1,0.35,0.97,2000,0.3,0.1,1500,2.3505786659134014,0.34214285714285714,0.015,0.895,2.0272476257818,0.0882050406584522
s027,29,20530242,high_shape,Higher Weibull shape,3,0.3,1.8,1,0.35,0.97,2000,0.3,0.1,1500,2.3094992063670694,0.35428571428571426,0.004285714285714286,0.8716666666666667,2.001039211556038,0.0983041078275014
s027,30,20530243,high_shape,Higher Weibull shape,3,0.3,1.8,1,0.35,0.97,2000,0.3,0.1,1500,2.391130490487384,0.36642857142857144,0.012142857142857143,0.8883333333333333,2.0880032425925434,0.0912445464294457
s028,1,20540214,strong_signal,Stronger covariate effect,3,0.6,1.2,1,0.1,0.75,2000,0.3,0.1,1500,1.5280652845140525,0.295,0.20714285714285716,0.8916666666666667,1.3142099496873318,0.22378295863789094
s028,2,20540215,strong_signal,Stronger covariate effect,3,0.6,1.2,1,0.1,0.75,2000,0.3,0.1,1500,1.6052596534332393,0.2957142857142857,0.19714285714285715,0.9183333333333333,1.3843469394620962,0.2178943598321275
s028,3,20540216,strong_signal,Stronger covariate effect,3,0.6,1.2,1,0.1,0.75,2000,0.3,0.1,1500,1.5591789296665786,0.29285714285714287,0.19642857142857142,0.8716666666666667,1.2880893170287941,0.26949635846330655
s028,4,20540217,strong_signal,Stronger covariate effect,3,0.6,1.2,1,0.1,0.75,2000,0.3,0.1,1500,1.6700276034746706,0.3092857142857143,0.20785714285714285,0.865,1.3793532964796063,0.2755619532804106
s028,5,20540218,strong_signal,Stronger covariate effect,3,0.6,1.2,1,0.1,0.75,2000,0.3,0.1,1500,1.5546539094899132,0.29,0.19071428571428573,0.9233333333333333,1.3423171727945213,0.20166097033438998
s028,6,20540219,strong_signal,Stronger covariate effect,3,0.6,1.2,1,0.1,0.75,2000,0.3,0.1,1500,1.754995736692912,0.30857142857142855,0.20857142857142857,0.9183333333333333,1.5308869898491724,0.22748375123483472
s028,7,20540220,strong_signal,Stronger covariate effect,3,0.6,1.2,1,0.1,0.75,2000,0.3,0.1,1500,1.644299103917222,0.30857142857142855,0.21,0.9,1.4207496376427724,0.23420452254916696
s028,8,20540221,strong_signal,Stronger covariate effect,3,0.6,1.2,1,0.1,0.75,2000,0.3,0.1,1500,1.587469139369488,0.30428571428571427,0.20285714285714285,0.8966666666666666,1.371114669032866,0.20148345813299928
s028,9,20540222,strong_signal,Stronger covariate effect,3,0.6,1.2,1,0.1,0.75,2000,0.3,0.1,1500,1.6238440897376956,0.30428571428571427,0.20142857142857143,0.8983333333333333,1.421496878153034,0.19376288937345829
s028,10,20540223,strong_signal,Stronger covariate effect,3,0.6,1.2,1,0.1,0.75,2000,0.3,0.1,1500,1.5974484141590863,0.2978571428571429,0.20142857142857143,0.8883333333333333,1.3779675493001,0.2161874270280527
s028,11,20540224,strong_signal,Stronger covariate effect,3,0.6,1.2,1,0.1,0.75,2000,0.3,0.1,1500,1.534348890101979,0.3028571428571429,0.1957142857142857,0.91,1.3487674365580369,0.1690884628658855
s028,12,20540225,strong_signal,Stronger covariate effect,3,0.6,1.2,1,0.1,0.75,2000,0.3,0.1,1500,1.599492517795939,0.31285714285714283,0.20357142857142857,0.8866666666666667,1.381174005405657,0.2071264406642371
s028,13,20540226,strong_signal,Stronger covariate effect,3,0.6,1.2,1,0.1,0.75,2000,0.3,0.1,1500,1.527905320580304,0.30142857142857143,0.18928571428571428,0.8966666666666666,1.2776962543061847,0.2582532457219529
s028,14,20540227,strong_signal,Stronger covariate effect,3,0.6,1.2,1,0.1,0.75,2000,0.3,0.1,1500,1.4714721593095077,0.2907142857142857,0.18785714285714286,0.9016666666666666,1.2529020824502664,0.2031052988249731
s028,15,20540228,strong_signal,Stronger covariate effect,3,0.6,1.2,1,0.1,0.75,2000,0.3,0.1,1500,1.5096937178981376,0.30642857142857144,0.20357142857142857,0.8966666666666666,1.3063277116119278,0.19985336502593237
s028,16,20540229,strong_signal,Stronger covariate effect,3,0.6,1.2,1,0.1,0.75,2000,0.3,0.1,1500,1.660631390001718,0.3,0.2,0.8966666666666666,1.4307607862188205,0.2267439729927717
s028,17,20540230,strong_signal,Stronger covariate effect,3,0.6,1.2,1,0.1,0.75,2000,0.3,0.1,1500,1.5801403533937148,0.3007142857142857,0.18642857142857142,0.8883333333333333,1.3456228289127303,0.21830154545497485
s028,18,20540231,strong_signal,Stronger covariate effect,3,0.6,1.2,1,0.1,0.75,2000,0.3,0.1,1500,1.5832464609156496,0.305,0.2057142857142857,0.905,1.3770518715647604,0.2173984391342791
s028,19,20540232,strong_signal,Stronger covariate effect,3,0.6,1.2,1,0.1,0.75,2000,0.3,0.1,1500,1.5986341890915365,0.3007142857142857,0.2092857142857143,0.895,1.3591677595405454,0.23081393467018402
s028,20,20540233,strong_signal,Stronger covariate effect,3,0.6,1.2,1,0.1,0.75,2000,0.3,0.1,1500,1.5861365240876557,0.3057142857142857,0.1992857142857143,0.9266666666666666,1.4062386776132547,0.1692989731922697
s028,21,20540234,strong_signal,Stronger covariate effect,3,0.6,1.2,1,0.1,0.75,2000,0.3,0.1,1500,1.6376583389178432,0.3107142857142857,0.19714285714285715,0.9033333333333333,1.4162207218705687,0.22181908145035617
s028,22,20540235,strong_signal,Stronger covariate effect,3,0.6,1.2,1,0.1,0.75,2000,0.3,0.1,1500,1.6284917557913876,0.2978571428571429,0.1957142857142857,0.9216666666666666,1.4045951151704577,0.23221783703309376
s028,23,20540236,strong_signal,Stronger covariate effect,3,0.6,1.2,1,0.1,0.75,2000,0.3,0.1,1500,1.6614731227499429,0.3092857142857143,0.19714285714285715,0.9166666666666666,1.4212885055894198,0.253455144224192
s028,24,20540237,strong_signal,Stronger covariate effect,3,0.6,1.2,1,0.1,0.75,2000,0.3,0.1,1500,1.4755649341681898,0.29285714285714287,0.2007142857142857,0.9233333333333333,1.3002867053760137,0.17220901791785515
s028,25,20540238,strong_signal,Stronger covariate effect,3,0.6,1.2,1,0.1,0.75,2000,0.3,0.1,1500,1.5324963920619428,0.3007142857142857,0.20285714285714285,0.9016666666666666,1.304202579722681,0.21582349955138724
s028,26,20540239,strong_signal,Stronger covariate effect,3,0.6,1.2,1,0.1,0.75,2000,0.3,0.1,1500,1.6083953852751411,0.31214285714285717,0.20714285714285716,0.9033333333333333,1.4007924540859307,0.19788195158685523
s028,27,20540240,strong_signal,Stronger covariate effect,3,0.6,1.2,1,0.1,0.75,2000,0.3,0.1,1500,1.5482813842039902,0.31,0.2092857142857143,0.915,1.3477844340500285,0.1690077461451792
s028,28,20540241,strong_signal,Stronger covariate effect,3,0.6,1.2,1,0.1,0.75,2000,0.3,0.1,1500,1.5471806550896536,0.29642857142857143,0.20642857142857143,0.925,1.3347659240494743,0.20588213763583327
s028,29,20540242,strong_signal,Stronger covariate effect,3,0.6,1.2,1,0.1,0.75,2000,0.3,0.1,1500,1.5951636356111294,0.30428571428571427,0.21142857142857144,0.9133333333333333,1.3786294858353887,0.23119302423480945
s028,30,20540243,strong_signal,Stronger covariate effect,3,0.6,1.2,1,0.1,0.75,2000,0.3,0.1,1500,1.6182845446139842,0.305,0.20785714285714285,0.895,1.3761389135425754,0.25036715789548203
s029,1,20550214,strong_signal,Stronger covariate effect,3,0.6,1.2,1,0.1,0.9,2000,0.3,0.1,1500,3.0623230503657712,0.16357142857142856,0.07428571428571429,0.91,2.8524043609890626,0.21120494906504728
s029,2,20550215,strong_signal,Stronger covariate effect,3,0.6,1.2,1,0.1,0.9,2000,0.3,0.1,1500,3.4460250487988704,0.18571428571428572,0.06928571428571428,0.8916666666666667,3.1986039960645574,0.29440024084914457
s029,3,20550216,strong_signal,Stronger covariate effect,3,0.6,1.2,1,0.1,0.9,2000,0.3,0.1,1500,3.2422008412038053,0.16857142857142857,0.06785714285714285,0.9116666666666666,2.9837177652349975,0.2714857775908244
s029,4,20550217,strong_signal,Stronger covariate effect,3,0.6,1.2,1,0.1,0.9,2000,0.3,0.1,1500,3.3180007520825665,0.19285714285714287,0.07285714285714286,0.9066666666666666,3.084388782028767,0.2428815578922937
s029,5,20550218,strong_signal,Stronger covariate effect,3,0.6,1.2,1,0.1,0.9,2000,0.3,0.1,1500,3.4769063012199837,0.18285714285714286,0.07214285714285715,0.9133333333333333,3.226957889817207,0.2883539937442668
s029,6,20550219,strong_signal,Stronger covariate effect,3,0.6,1.2,1,0.1,0.9,2000,0.3,0.1,1500,3.1355640030929397,0.18071428571428572,0.07357142857142857,0.9,2.9104501793601614,0.21560159949678562
s029,7,20550220,strong_signal,Stronger covariate effect,3,0.6,1.2,1,0.1,0.9,2000,0.3,0.1,1500,3.186568499342327,0.17642857142857143,0.06642857142857143,0.9083333333333333,2.9472567057803913,0.26683729831114017
s029,8,20550221,strong_signal,Stronger covariate effect,3,0.6,1.2,1,0.1,0.9,2000,0.3,0.1,1500,3.0938072867373307,0.19071428571428573,0.07357142857142857,0.8883333333333333,2.8775313447230286,0.205178585725488
s029,9,20550222,strong_signal,Stronger covariate effect,3,0.6,1.2,1,0.1,0.9,2000,0.3,0.1,1500,3.155949387523317,0.17214285714285715,0.07428571428571429,0.91,2.9218192975569566,0.24625733670750008
s029,10,20550223,strong_signal,Stronger covariate effect,3,0.6,1.2,1,0.1,0.9,2000,0.3,0.1,1500,3.117070807934174,0.15714285714285714,0.07642857142857143,0.8983333333333333,2.8900344206862316,0.24874154735407303
s029,11,20550224,strong_signal,Stronger covariate effect,3,0.6,1.2,1,0.1,0.9,2000,0.3,0.1,1500,3.208480384897729,0.19142857142857142,0.07857142857142857,0.8933333333333333,2.994703761241799,0.24578621004366707
s029,12,20550225,strong_signal,Stronger covariate effect,3,0.6,1.2,1,0.1,0.9,2000,0.3,0.1,1500,3.067652102633904,0.18,0.06857142857142857,0.9,2.8955555727323534,0.15255087435335063
s029,13,20550226,strong_signal,Stronger covariate effect,3,0.6,1.2,1,0.1,0.9,2000,0.3,0.1,1500,2.9810020119965634,0.18571428571428572,0.07857142857142857,0.91,2.796744988286293,0.16892258042826258
s029,14,20550227,strong_signal,Stronger covariate effect,3,0.6,1.2,1,0.1,0.9,2000,0.3,0.1,1500,3.2992768304900006,0.18285714285714286,0.06785714285714285,0.8816666666666667,3.044385631234432,0.25189728232618974
s029,15,20550228,strong_signal,Stronger covariate effect,3,0.6,1.2,1,0.1,0.9,2000,0.3,0.1,1500,3.151506524356533,0.16857142857142857,0.07142857142857142,0.8883333333333333,2.907627803069278,0.24525260430084547
s029,16,20550229,strong_signal,Stronger covariate effect,3,0.6,1.2,1,0.1,0.9,2000,0.3,0.1,1500,3.2013682486986825,0.18214285714285713,0.06785714285714285,0.9033333333333333,3.0101053207144446,0.1924762856916999
s029,17,20550230,strong_signal,Stronger covariate effect,3,0.6,1.2,1,0.1,0.9,2000,0.3,0.1,1500,3.1085577840331635,0.165,0.07857142857142857,0.9266666666666666,2.9246094792174673,0.1578264895138035
s029,18,20550231,strong_signal,Stronger covariate effect,3,0.6,1.2,1,0.1,0.9,2000,0.3,0.1,1500,3.291927740625323,0.185,0.07428571428571429,0.9033333333333333,3.089954565600261,0.2180871095651937
s029,19,20550232,strong_signal,Stronger covariate effect,3,0.6,1.2,1,0.1,0.9,2000,0.3,0.1,1500,3.215302292742095,0.1707142857142857,0.07857142857142857,0.8983333333333333,2.9996362769642992,0.18421700520558063
s029,20,20550233,strong_signal,Stronger covariate effect,3,0.6,1.2,1,0.1,0.9,2000,0.3,0.1,1500,3.19792188605036,0.17785714285714285,0.06285714285714286,0.8883333333333333,2.958447272752478,0.25406099682243216
s029,21,20550234,strong_signal,Stronger covariate effect,3,0.6,1.2,1,0.1,0.9,2000,0.3,0.1,1500,3.2548835668300633,0.16785714285714284,0.06785714285714285,0.9016666666666666,3.050195019636752,0.23103803348727686
s029,22,20550235,strong_signal,Stronger covariate effect,3,0.6,1.2,1,0.1,0.9,2000,0.3,0.1,1500,3.257327279884751,0.16142857142857142,0.07142857142857142,0.9383333333333334,3.0708130997052336,0.19171210195140742
s029,23,20550236,strong_signal,Stronger covariate effect,3,0.6,1.2,1,0.1,0.9,2000,0.3,0.1,1500,3.246740387743506,0.16714285714285715,0.07142857142857142,0.925,3.040271559272937,0.2198571064173921
s029,24,20550237,strong_signal,Stronger covariate effect,3,0.6,1.2,1,0.1,0.9,2000,0.3,0.1,1500,3.182099483472976,0.16642857142857143,0.07428571428571429,0.8816666666666667,2.9765138461155307,0.2242783229509142
s029,25,20550238,strong_signal,Stronger covariate effect,3,0.6,1.2,1,0.1,0.9,2000,0.3,0.1,1500,3.1495786652559112,0.1792857142857143,0.075,0.9216666666666666,2.9369851072521005,0.24141210323280246
s029,26,20550239,strong_signal,Stronger covariate effect,3,0.6,1.2,1,0.1,0.9,2000,0.3,0.1,1500,3.2636601865302044,0.17,0.07,0.8916666666666667,3.022426393445241,0.23948782079045255
s029,27,20550240,strong_signal,Stronger covariate effect,3,0.6,1.2,1,0.1,0.9,2000,0.3,0.1,1500,3.125313282469193,0.165,0.07285714285714286,0.8933333333333333,2.891026211573636,0.22282864248321554
s029,28,20550241,strong_signal,Stronger covariate effect,3,0.6,1.2,1,0.1,0.9,2000,0.3,0.1,1500,3.2795322543633696,0.15785714285714286,0.06285714285714286,0.9283333333333333,3.0659137285188476,0.2240167812019954
s029,29,20550242,strong_signal,Stronger covariate effect,3,0.6,1.2,1,0.1,0.9,2000,0.3,0.1,1500,3.1093004948222434,0.165,0.07142857142857142,0.9033333333333333,2.9093145654608015,0.20394875095878642
s029,30,20550243,strong_signal,Stronger covariate effect,3,0.6,1.2,1,0.1,0.9,2000,0.3,0.1,1500,3.4180992088636004,0.16071428571428573,0.06571428571428571,0.8966666666666666,3.1566362005968545,0.31010923270489926
s030,1,20560214,strong_signal,Stronger covariate effect,3,0.6,1.2,1,0.1,0.97,2000,0.3,0.1,1500,6.355854353702991,0.11285714285714285,0.015,0.945,6.160302345290865,0.21994858514426863
s030,2,20560215,strong_signal,Stronger covariate effect,3,0.6,1.2,1,0.1,0.97,2000,0.3,0.1,1500,6.7041612227347676,0.13285714285714287,0.015714285714285715,0.8966666666666666,6.494868811234107,0.21257713062626002
s030,3,20560216,strong_signal,Stronger covariate effect,3,0.6,1.2,1,0.1,0.97,2000,0.3,0.1,1500,6.367938230842567,0.12571428571428572,0.017857142857142856,0.8883333333333333,6.103631400440314,0.28437831919389867
s030,4,20560217,strong_signal,Stronger covariate effect,3,0.6,1.2,1,0.1,0.97,2000,0.3,0.1,1500,6.007151083356693,0.10571428571428572,0.016428571428571428,0.8783333333333333,5.797132981441878,0.26156359159923426
s030,5,20560218,strong_signal,Stronger covariate effect,3,0.6,1.2,1,0.1,0.97,2000,0.3,0.1,1500,6.24147531358533,0.11428571428571428,0.013571428571428571,0.8933333333333333,5.991659725729981,0.3085641698234279
s030,6,20560219,strong_signal,Stronger covariate effect,3,0.6,1.2,1,0.1,0.97,2000,0.3,0.1,1500,5.8373811680857,0.11214285714285714,0.016428571428571428,0.875,5.591295370908339,0.26099064808857375
s030,7,20560220,strong_signal,Stronger covariate effect,3,0.6,1.2,1,0.1,0.97,2000,0.3,0.1,1500,6.105240832108873,0.11857142857142858,0.017142857142857144,0.9066666666666666,5.863546342941321,0.2642117150003692
s030,8,20560221,strong_signal,Stronger covariate effect,3,0.6,1.2,1,0.1,0.97,2000,0.3,0.1,1500,6.236901674484369,0.13142857142857142,0.012142857142857143,0.88,5.993862446350651,0.3133162149023274
s030,9,20560222,strong_signal,Stronger covariate effect,3,0.6,1.2,1,0.1,0.97,2000,0.3,0.1,1500,6.116709208454422,0.10428571428571429,0.019285714285714285,0.88,5.858698040493825,0.26937975052594676
s030,10,20560223,strong_signal,Stronger covariate effect,3,0.6,1.2,1,0.1,0.97,2000,0.3,0.1,1500,5.715706953665197,0.10857142857142857,0.016428571428571428,0.905,5.4940068465937895,0.23097240562961124
s030,11,20560224,strong_signal,Stronger covariate effect,3,0.6,1.2,1,0.1,0.97,2000,0.3,0.1,1500,5.854925223686985,0.115,0.019285714285714285,0.8933333333333333,5.617277180261719,0.24831880113483773
s030,12,20560225,strong_signal,Stronger covariate effect,3,0.6,1.2,1,0.1,0.97,2000,0.3,0.1,1500,6.0552246425748795,0.11714285714285715,0.017142857142857144,0.8633333333333333,5.800762077252871,0.2812503787432153
s030,13,20560226,strong_signal,Stronger covariate effect,3,0.6,1.2,1,0.1,0.97,2000,0.3,0.1,1500,5.740718645994886,0.12857142857142856,0.017857142857142856,0.915,5.536934176294765,0.19498057349783815
s030,14,20560227,strong_signal,Stronger covariate effect,3,0.6,1.2,1,0.1,0.97,2000,0.3,0.1,1500,6.469317607799382,0.115,0.022857142857142857,0.9366666666666666,6.309184977164025,0.16565329741757331
s030,15,20560228,strong_signal,Stronger covariate effect,3,0.6,1.2,1,0.1,0.97,2000,0.3,0.1,1500,6.528967812300181,0.11928571428571429,0.016428571428571428,0.9066666666666666,6.309564100524089,0.29199803244404976
s030,16,20560229,strong_signal,Stronger covariate effect,3,0.6,1.2,1,0.1,0.97,2000,0.3,0.1,1500,7.2207963717169195,0.10857142857142857,0.018571428571428572,0.8916666666666667,6.99566021007148,0.23834299930241892
s030,17,20560230,strong_signal,Stronger covariate effect,3,0.6,1.2,1,0.1,0.97,2000,0.3,0.1,1500,6.242236450266172,0.10785714285714286,0.017857142857142856,0.9066666666666666,6.026671628562108,0.20801470121736054
s030,18,20560231,strong_signal,Stronger covariate effect,3,0.6,1.2,1,0.1,0.97,2000,0.3,0.1,1500,6.444034257039695,0.11,0.018571428571428572,0.8916666666666667,6.24327084716376,0.21152611676249258
s030,19,20560232,strong_signal,Stronger covariate effect,3,0.6,1.2,1,0.1,0.97,2000,0.3,0.1,1500,6.553074607693045,0.11357142857142857,0.015714285714285715,0.8816666666666667,6.274759513736044,0.32196920987407657
s030,20,20560233,strong_signal,Stronger covariate effect,3,0.6,1.2,1,0.1,0.97,2000,0.3,0.1,1500,6.3162103421994225,0.12142857142857143,0.010714285714285714,0.905,6.079720367329102,0.23555445564781877
s030,21,20560234,strong_signal,Stronger covariate effect,3,0.6,1.2,1,0.1,0.97,2000,0.3,0.1,1500,6.502219607873913,0.13857142857142857,0.02214285714285714,0.915,6.294618553892156,0.18074780228236334
s030,22,20560235,strong_signal,Stronger covariate effect,3,0.6,1.2,1,0.1,0.97,2000,0.3,0.1,1500,6.518121697227543,0.11785714285714285,0.015714285714285715,0.9016666666666666,6.269930917326242,0.29926851116353637
s030,23,20560236,strong_signal,Stronger covariate effect,3,0.6,1.2,1,0.1,0.97,2000,0.3,0.1,1500,6.002979954400907,0.10357142857142858,0.017857142857142856,0.9083333333333333,5.80303374524396,0.2326520551143905
s030,24,20560237,strong_signal,Stronger covariate effect,3,0.6,1.2,1,0.1,0.97,2000,0.3,0.1,1500,6.324766408892946,0.13642857142857143,0.017857142857142856,0.8866666666666667,6.087024968636764,0.2614922870760689
s030,25,20560238,strong_signal,Stronger covariate effect,3,0.6,1.2,1,0.1,0.97,2000,0.3,0.1,1500,5.922875805016821,0.11642857142857142,0.017142857142857144,0.895,5.663881311494494,0.2897592518301714
s030,26,20560239,strong_signal,Stronger covariate effect,3,0.6,1.2,1,0.1,0.97,2000,0.3,0.1,1500,6.6653251130339815,0.11642857142857142,0.018571428571428572,0.88,6.440077265282089,0.21148543964258382
s030,27,20560240,strong_signal,Stronger covariate effect,3,0.6,1.2,1,0.1,0.97,2000,0.3,0.1,1500,6.1749407704297266,0.12571428571428572,0.017857142857142856,0.905,5.941257750190601,0.23630320813706734
s030,28,20560241,strong_signal,Stronger covariate effect,3,0.6,1.2,1,0.1,0.97,2000,0.3,0.1,1500,6.326056805953813,0.12071428571428572,0.015,0.9083333333333333,6.0744504107021315,0.24668736081690862
s030,29,20560242,strong_signal,Stronger covariate effect,3,0.6,1.2,1,0.1,0.97,2000,0.3,0.1,1500,5.553693552044103,0.12214285714285714,0.014285714285714285,0.9033333333333333,5.314326276924668,0.2877952528095886
s030,30,20560243,strong_signal,Stronger covariate effect,3,0.6,1.2,1,0.1,0.97,2000,0.3,0.1,1500,7.04925339003222,0.12428571428571429,0.017857142857142856,0.9083333333333333,6.828251267416626,0.2254670274188534
s031,1,20570214,strong_signal,Stronger covariate effect,3,0.6,1.2,1,0.2,0.75,2000,0.3,0.1,1500,1.5554276634138104,0.3607142857142857,0.15214285714285714,0.9083333333333333,1.340242924047527,0.21803520208983032
s031,2,20570215,strong_signal,Stronger covariate effect,3,0.6,1.2,1,0.2,0.75,2000,0.3,0.1,1500,1.5963107283415643,0.3535714285714286,0.15142857142857144,0.9016666666666666,1.381817889788735,0.2180407127293553
s031,3,20570216,strong_signal,Stronger covariate effect,3,0.6,1.2,1,0.2,0.75,2000,0.3,0.1,1500,1.6122576593076703,0.3557142857142857,0.155,0.8966666666666666,1.363995777293311,0.2791715065889365
s031,4,20570217,strong_signal,Stronger covariate effect,3,0.6,1.2,1,0.2,0.75,2000,0.3,0.1,1500,1.5841834009658113,0.34785714285714286,0.15071428571428572,0.885,1.3640217924814844,0.22328895740491753
s031,5,20570218,strong_signal,Stronger covariate effect,3,0.6,1.2,1,0.2,0.75,2000,0.3,0.1,1500,1.579946503239,0.37,0.1457142857142857,0.9166666666666666,1.344616267285788,0.22929068107093847
s031,6,20570219,strong_signal,Stronger covariate effect,3,0.6,1.2,1,0.2,0.75,2000,0.3,0.1,1500,1.6503142541978344,0.3557142857142857,0.15,0.9116666666666666,1.4322823133858011,0.23340523493656448
s031,7,20570220,strong_signal,Stronger covariate effect,3,0.6,1.2,1,0.2,0.75,2000,0.3,0.1,1500,1.6168514142368493,0.375,0.15357142857142858,0.9116666666666666,1.4050542310735008,0.22320745879943274
s031,8,20570221,strong_signal,Stronger covariate effect,3,0.6,1.2,1,0.2,0.75,2000,0.3,0.1,1500,1.5820874534322564,0.35928571428571426,0.1457142857142857,0.905,1.3687381701380399,0.21873387475315573
s031,9,20570222,strong_signal,Stronger covariate effect,3,0.6,1.2,1,0.2,0.75,2000,0.3,0.1,1500,1.6349512798996146,0.3514285714285714,0.16142857142857142,0.8966666666666666,1.4192760467292975,0.256456382641199
s031,10,20570223,strong_signal,Stronger covariate effect,3,0.6,1.2,1,0.2,0.75,2000,0.3,0.1,1500,1.6378819988754247,0.34214285714285714,0.1442857142857143,0.92,1.4367624621238095,0.1836664542784965
s031,11,20570224,strong_signal,Stronger covariate effect,3,0.6,1.2,1,0.2,0.75,2000,0.3,0.1,1500,1.6415014806011738,0.35928571428571426,0.15571428571428572,0.9016666666666666,1.4019686886541145,0.2551143491493783
s031,12,20570225,strong_signal,Stronger covariate effect,3,0.6,1.2,1,0.2,0.75,2000,0.3,0.1,1500,1.5339717242933233,0.37,0.1492857142857143,0.905,1.3077414099573017,0.23052814043239678
s031,13,20570226,strong_signal,Stronger covariate effect,3,0.6,1.2,1,0.2,0.75,2000,0.3,0.1,1500,1.5821204102067692,0.3414285714285714,0.15285714285714286,0.9066666666666666,1.3692169657244406,0.19622145151165082
s031,14,20570227,strong_signal,Stronger covariate effect,3,0.6,1.2,1,0.2,0.75,2000,0.3,0.1,1500,1.5573421999305688,0.3435714285714286,0.16357142857142856,0.895,1.335865296579967,0.18997669013633323
s031,15,20570228,strong_signal,Stronger covariate effect,3,0.6,1.2,1,0.2,0.75,2000,0.3,0.1,1500,1.5762920591996306,0.36214285714285716,0.15714285714285714,0.9083333333333333,1.3225782937286747,0.25535961740607244
s031,16,20570229,strong_signal,Stronger covariate effect,3,0.6,1.2,1,0.2,0.75,2000,0.3,0.1,1500,1.6324092522280766,0.36142857142857143,0.15,0.9183333333333333,1.4080058083168594,0.2267554540920432
s031,17,20570230,strong_signal,Stronger covariate effect,3,0.6,1.2,1,0.2,0.75,2000,0.3,0.1,1500,1.628836608009226,0.36857142857142855,0.16142857142857142,0.8833333333333333,1.3764781527590477,0.2493186840913414
s031,18,20570231,strong_signal,Stronger covariate effect,3,0.6,1.2,1,0.2,0.75,2000,0.3,0.1,1500,1.5837653106015301,0.36857142857142855,0.15785714285714286,0.9033333333333333,1.355615181828977,0.21420068118621993
s031,19,20570232,strong_signal,Stronger covariate effect,3,0.6,1.2,1,0.2,0.75,2000,0.3,0.1,1500,1.6882456239845027,0.35714285714285715,0.15857142857142856,0.8883333333333333,1.4576930500646719,0.22858413601500907
s031,20,20570233,strong_signal,Stronger covariate effect,3,0.6,1.2,1,0.2,0.75,2000,0.3,0.1,1500,1.5821474044530395,0.3385714285714286,0.15714285714285714,0.915,1.3666142171156301,0.23177551177904468
s031,21,20570234,strong_signal,Stronger covariate effect,3,0.6,1.2,1,0.2,0.75,2000,0.3,0.1,1500,1.6561559256486056,0.36428571428571427,0.16285714285714287,0.9066666666666666,1.4053225116788624,0.2752514213460153
s031,22,20570235,strong_signal,Stronger covariate effect,3,0.6,1.2,1,0.2,0.75,2000,0.3,0.1,1500,1.510545528180026,0.35428571428571426,0.14642857142857144,0.9166666666666666,1.326445792100006,0.1872672508769641
s031,23,20570236,strong_signal,Stronger covariate effect,3,0.6,1.2,1,0.2,0.75,2000,0.3,0.1,1500,1.48318474676146,0.3692857142857143,0.15714285714285714,0.9016666666666666,1.2589025500853273,0.204465909833198
s031,24,20570237,strong_signal,Stronger covariate effect,3,0.6,1.2,1,0.2,0.75,2000,0.3,0.1,1500,1.6962725567440697,0.35214285714285715,0.16,0.8983333333333333,1.473664331553281,0.18758072622998162
s031,25,20570238,strong_signal,Stronger covariate effect,3,0.6,1.2,1,0.2,0.75,2000,0.3,0.1,1500,1.5674581465554667,0.35214285714285715,0.15071428571428572,0.9066666666666666,1.3745600927775126,0.17639458882470105
s031,26,20570239,strong_signal,Stronger covariate effect,3,0.6,1.2,1,0.2,0.75,2000,0.3,0.1,1500,1.694678102527286,0.34285714285714286,0.15785714285714286,0.8866666666666667,1.4633066976787437,0.2302974954939653
s031,27,20570240,strong_signal,Stronger covariate effect,3,0.6,1.2,1,0.2,0.75,2000,0.3,0.1,1500,1.5354054529385133,0.3557142857142857,0.16357142857142856,0.9066666666666666,1.2917008094385412,0.2632717597004227
s031,28,20570241,strong_signal,Stronger covariate effect,3,0.6,1.2,1,0.2,0.75,2000,0.3,0.1,1500,1.7070884316446884,0.3457142857142857,0.15571428571428572,0.9083333333333333,1.505546933285754,0.1789109507791856
s031,29,20570242,strong_signal,Stronger covariate effect,3,0.6,1.2,1,0.2,0.75,2000,0.3,0.1,1500,1.6019486747830631,0.3442857142857143,0.14714285714285713,0.8933333333333333,1.377710356502237,0.22159394230567034
s031,30,20570243,strong_signal,Stronger covariate effect,3,0.6,1.2,1,0.2,0.75,2000,0.3,0.1,1500,1.630501611969311,0.35214285714285715,0.16071428571428573,0.8883333333333333,1.3884448914144747,0.23015566072519308
s032,1,20580214,strong_signal,Stronger covariate effect,3,0.6,1.2,1,0.2,0.9,2000,0.3,0.1,1500,3.2518346999641943,0.2592857142857143,0.05785714285714286,0.8583333333333333,2.9912756565350893,0.2580090004914772
s032,2,20580215,strong_signal,Stronger covariate effect,3,0.6,1.2,1,0.2,0.9,2000,0.3,0.1,1500,3.278192637823281,0.23142857142857143,0.047142857142857146,0.8916666666666667,3.0418489287790678,0.23656237294629484
s032,3,20580216,strong_signal,Stronger covariate effect,3,0.6,1.2,1,0.2,0.9,2000,0.3,0.1,1500,3.152315351696689,0.2664285714285714,0.05071428571428571,0.9016666666666666,2.9663225778734286,0.16401491105084431
s032,4,20580217,strong_signal,Stronger covariate effect,3,0.6,1.2,1,0.2,0.9,2000,0.3,0.1,1500,3.3538786532542746,0.24928571428571428,0.047857142857142855,0.91,3.1723937476478685,0.15372348045539086
s032,5,20580218,strong_signal,Stronger covariate effect,3,0.6,1.2,1,0.2,0.9,2000,0.3,0.1,1500,3.342953747135034,0.25,0.04642857142857143,0.89,3.14899902736618,0.217282133434586
s032,6,20580219,strong_signal,Stronger covariate effect,3,0.6,1.2,1,0.2,0.9,2000,0.3,0.1,1500,3.0949320878825857,0.25642857142857145,0.047857142857142855,0.905,2.8901415012574585,0.2252678733709453
s032,7,20580220,strong_signal,Stronger covariate effect,3,0.6,1.2,1,0.2,0.9,2000,0.3,0.1,1500,3.1197684697126524,0.23214285714285715,0.047142857142857146,0.885,2.8824338307638553,0.2631310265925337
s032,8,20580221,strong_signal,Stronger covariate effect,3,0.6,1.2,1,0.2,0.9,2000,0.3,0.1,1500,3.1982926927825734,0.235,0.04357142857142857,0.8883333333333333,2.9069727753234282,0.38339578930895507
s032,9,20580222,strong_signal,Stronger covariate effect,3,0.6,1.2,1,0.2,0.9,2000,0.3,0.1,1500,3.2032982597860222,0.23214285714285715,0.047142857142857146,0.9183333333333333,2.9728825266217505,0.25081784333082247
s032,10,20580223,strong_signal,Stronger covariate effect,3,0.6,1.2,1,0.2,0.9,2000,0.3,0.1,1500,3.2261936904707604,0.24785714285714286,0.04,0.925,3.054184437502864,0.17679100753345592
s032,11,20580224,strong_signal,Stronger covariate effect,3,0.6,1.2,1,0.2,0.9,2000,0.3,0.1,1500,3.2612879749238255,0.23857142857142857,0.05,0.9033333333333333,3.055301808688312,0.20785086420956544
s032,12,20580225,strong_signal,Stronger covariate effect,3,0.6,1.2,1,0.2,0.9,2000,0.3,0.1,1500,3.0558926910990385,0.26285714285714284,0.04928571428571429,0.9233333333333333,2.8515805584208715,0.20122270361491454
s032,13,20580226,strong_signal,Stronger covariate effect,3,0.6,1.2,1,0.2,0.9,2000,0.3,0.1,1500,3.189575006525454,0.2342857142857143,0.047857142857142855,0.8816666666666667,2.9381596411153326,0.2550935065005425
s032,14,20580227,strong_signal,Stronger covariate effect,3,0.6,1.2,1,0.2,0.9,2000,0.3,0.1,1500,3.2277314046834618,0.25214285714285717,0.04642857142857143,0.885,2.981293193310725,0.25317565050200225
s032,15,20580228,strong_signal,Stronger covariate effect,3,0.6,1.2,1,0.2,0.9,2000,0.3,0.1,1500,3.1960053446113257,0.22428571428571428,0.045,0.885,2.9389875214097207,0.26541882753147317
s032,16,20580229,strong_signal,Stronger covariate effect,3,0.6,1.2,1,0.2,0.9,2000,0.3,0.1,1500,3.300278256109954,0.2557142857142857,0.04357142857142857,0.8983333333333333,3.0747481131055885,0.20592464164490126
s032,17,20580230,strong_signal,Stronger covariate effect,3,0.6,1.2,1,0.2,0.9,2000,0.3,0.1,1500,3.217116812080647,0.24214285714285713,0.039285714285714285,0.9183333333333333,2.9915381143863216,0.2504751330653149
s032,18,20580231,strong_signal,Stronger covariate effect,3,0.6,1.2,1,0.2,0.9,2000,0.3,0.1,1500,3.0962959586809586,0.2571428571428571,0.047142857142857146,0.8866666666666667,2.8612336354644485,0.24295108903515217
s032,19,20580232,strong_signal,Stronger covariate effect,3,0.6,1.2,1,0.2,0.9,2000,0.3,0.1,1500,3.026480281596387,0.24142857142857144,0.052142857142857144,0.91,2.832842964384732,0.18007311144774177
s032,20,20580233,strong_signal,Stronger covariate effect,3,0.6,1.2,1,0.2,0.9,2000,0.3,0.1,1500,3.0126429171916866,0.2507142857142857,0.04285714285714286,0.9,2.7786399436402394,0.2404816688967631
s032,21,20580234,strong_signal,Stronger covariate effect,3,0.6,1.2,1,0.2,0.9,2000,0.3,0.1,1500,3.1725635777512133,0.24214285714285713,0.03428571428571429,0.8983333333333333,2.9408866558165965,0.22171685215766285
s032,22,20580235,strong_signal,Stronger covariate effect,3,0.6,1.2,1,0.2,0.9,2000,0.3,0.1,1500,3.225449943349512,0.2507142857142857,0.041428571428571426,0.9016666666666666,3.0035256273287496,0.2540342229917709
s032,23,20580236,strong_signal,Stronger covariate effect,3,0.6,1.2,1,0.2,0.9,2000,0.3,0.1,1500,3.19720766376732,0.2571428571428571,0.047857142857142855,0.9016666666666666,3.0127873186000547,0.16083558785428662
s032,24,20580237,strong_signal,Stronger covariate effect,3,0.6,1.2,1,0.2,0.9,2000,0.3,0.1,1500,3.1461754086172,0.2357142857142857,0.04214285714285714,0.8833333333333333,2.8903420179698385,0.27737059039393736
s032,25,20580238,strong_signal,Stronger covariate effect,3,0.6,1.2,1,0.2,0.9,2000,0.3,0.1,1500,3.117287767062066,0.24785714285714286,0.04071428571428572,0.885,2.8922932138239315,0.24915767516260756
s032,26,20580239,strong_signal,Stronger covariate effect,3,0.6,1.2,1,0.2,0.9,2000,0.3,0.1,1500,3.180313169327825,0.24357142857142858,0.04642857142857143,0.8883333333333333,2.9605830749139583,0.19679377848233448
s032,27,20580240,strong_signal,Stronger covariate effect,3,0.6,1.2,1,0.2,0.9,2000,0.3,0.1,1500,3.2030137475924025,0.23714285714285716,0.04928571428571429,0.87,2.9251279721823393,0.2713252037562947
s032,28,20580241,strong_signal,Stronger covariate effect,3,0.6,1.2,1,0.2,0.9,2000,0.3,0.1,1500,3.3973491549933503,0.25642857142857145,0.052142857142857144,0.9283333333333333,3.1878910534504983,0.21819302237865096
s032,29,20580242,strong_signal,Stronger covariate effect,3,0.6,1.2,1,0.2,0.9,2000,0.3,0.1,1500,3.1665648527799997,0.24357142857142858,0.041428571428571426,0.9216666666666666,2.952282812016083,0.22486779701483697
s032,30,20580243,strong_signal,Stronger covariate effect,3,0.6,1.2,1,0.2,0.9,2000,0.3,0.1,1500,3.1864060811032155,0.24142857142857144,0.04928571428571429,0.8966666666666666,2.969154804437353,0.22899345704106883
s033,1,20590214,strong_signal,Stronger covariate effect,3,0.6,1.2,1,0.2,0.97,2000,0.3,0.1,1500,6.3282301355269945,0.2042857142857143,0.009285714285714286,0.9266666666666666,6.119557463258556,0.20350913901122913
s033,2,20590215,strong_signal,Stronger covariate effect,3,0.6,1.2,1,0.2,0.97,2000,0.3,0.1,1500,6.510747735161988,0.2007142857142857,0.007857142857142858,0.93,6.287503089756792,0.28232058853449216
s033,3,20590216,strong_signal,Stronger covariate effect,3,0.6,1.2,1,0.2,0.97,2000,0.3,0.1,1500,6.014096629143774,0.21214285714285713,0.01,0.9016666666666666,5.760338631218132,0.31368056328415667
s033,4,20590217,strong_signal,Stronger covariate effect,3,0.6,1.2,1,0.2,0.97,2000,0.3,0.1,1500,6.165865131869883,0.20785714285714285,0.005,0.9266666666666666,5.952580646041156,0.225802704199875
s033,5,20590218,strong_signal,Stronger covariate effect,3,0.6,1.2,1,0.2,0.97,2000,0.3,0.1,1500,5.900398743275532,0.2,0.008571428571428572,0.87,5.65060121939759,0.26458489536626595
s033,6,20590219,strong_signal,Stronger covariate effect,3,0.6,1.2,1,0.2,0.97,2000,0.3,0.1,1500,5.388060424433289,0.225,0.007142857142857143,0.8783333333333333,5.173668755439609,0.22429376249740574
s033,7,20590220,strong_signal,Stronger covariate effect,3,0.6,1.2,1,0.2,0.97,2000,0.3,0.1,1500,5.6444424470755985,0.2042857142857143,0.007142857142857143,0.9066666666666666,5.45285271681564,0.2083744518837715
s033,8,20590221,strong_signal,Stronger covariate effect,3,0.6,1.2,1,0.2,0.97,2000,0.3,0.1,1500,6.923247972317799,0.21928571428571428,0.004285714285714286,0.8966666666666666,6.688996178119069,0.248914878269892
s033,9,20590222,strong_signal,Stronger covariate effect,3,0.6,1.2,1,0.2,0.97,2000,0.3,0.1,1500,6.632798486933906,0.19642857142857142,0.004285714285714286,0.915,6.412123754239614,0.22131866649049053
s033,10,20590223,strong_signal,Stronger covariate effect,3,0.6,1.2,1,0.2,0.97,2000,0.3,0.1,1500,7.451570611126183,0.22071428571428572,0.007142857142857143,0.885,7.178815474773342,0.3215662439152604
s033,11,20590224,strong_signal,Stronger covariate effect,3,0.6,1.2,1,0.2,0.97,2000,0.3,0.1,1500,6.720817052344757,0.20285714285714285,0.0064285714285714285,0.8783333333333333,6.456272358037779,0.27877485423320425
s033,12,20590225,strong_signal,Stronger covariate effect,3,0.6,1.2,1,0.2,0.97,2000,0.3,0.1,1500,5.931325951489409,0.19857142857142857,0.011428571428571429,0.9283333333333333,5.745148619098116,0.17180377895197926
s033,13,20590226,strong_signal,Stronger covariate effect,3,0.6,1.2,1,0.2,0.97,2000,0.3,0.1,1500,5.577017368735983,0.21571428571428572,0.012142857142857143,0.9083333333333333,5.338082838951213,0.2647763461844226
s033,14,20590227,strong_signal,Stronger covariate effect,3,0.6,1.2,1,0.2,0.97,2000,0.3,0.1,1500,6.1863424964114575,0.19071428571428573,0.007142857142857143,0.8633333333333333,5.932435147785068,0.23803512049099917
s033,15,20590228,strong_signal,Stronger covariate effect,3,0.6,1.2,1,0.2,0.97,2000,0.3,0.1,1500,6.870540061387482,0.1992857142857143,0.010714285714285714,0.8883333333333333,6.593277233688967,0.32648000234983643
s033,16,20590229,strong_signal,Stronger covariate effect,3,0.6,1.2,1,0.2,0.97,2000,0.3,0.1,1500,6.254212305936607,0.22142857142857142,0.009285714285714286,0.905,6.077243820980299,0.15787281326646035
s033,17,20590230,strong_signal,Stronger covariate effect,3,0.6,1.2,1,0.2,0.97,2000,0.3,0.1,1500,5.785221004867276,0.2,0.005714285714285714,0.885,5.53496735583808,0.290362961261291
s033,18,20590231,strong_signal,Stronger covariate effect,3,0.6,1.2,1,0.2,0.97,2000,0.3,0.1,1500,6.544299311171389,0.205,0.0035714285714285713,0.905,6.343324622668951,0.21342748648540108
s033,19,20590232,strong_signal,Stronger covariate effect,3,0.6,1.2,1,0.2,0.97,2000,0.3,0.1,1500,6.428298817223206,0.2307142857142857,0.005714285714285714,0.8883333333333333,6.163117729083701,0.302929457658516
s033,20,20590233,strong_signal,Stronger covariate effect,3,0.6,1.2,1,0.2,0.97,2000,0.3,0.1,1500,6.37839061605943,0.19,0.005714285714285714,0.8966666666666666,6.099850734450118,0.3577127191905033
s033,21,20590234,strong_signal,Stronger covariate effect,3,0.6,1.2,1,0.2,0.97,2000,0.3,0.1,1500,5.986134461602036,0.21,0.01,0.9083333333333333,5.774229420914134,0.2327802022102237
s033,22,20590235,strong_signal,Stronger covariate effect,3,0.6,1.2,1,0.2,0.97,2000,0.3,0.1,1500,5.69905069487066,0.21642857142857144,0.012142857142857143,0.905,5.454146779878745,0.2705538792426498
s033,23,20590236,strong_signal,Stronger covariate effect,3,0.6,1.2,1,0.2,0.97,2000,0.3,0.1,1500,6.213297582917367,0.20642857142857143,0.01,0.895,5.98376184814815,0.26803732496296767
s033,24,20590237,strong_signal,Stronger covariate effect,3,0.6,1.2,1,0.2,0.97,2000,0.3,0.1,1500,6.370631754215098,0.20285714285714285,0.012142857142857143,0.915,6.152887829562986,0.2508388409298575
s033,25,20590238,strong_signal,Stronger covariate effect,3,0.6,1.2,1,0.2,0.97,2000,0.3,0.1,1500,7.084620551621764,0.21142857142857144,0.008571428571428572,0.9066666666666666,6.903010479113626,0.2141841458688871
s033,26,20590239,strong_signal,Stronger covariate effect,3,0.6,1.2,1,0.2,0.97,2000,0.3,0.1,1500,6.288017948753048,0.20642857142857143,0.007857142857142858,0.89,6.058432975953626,0.22945282505503667
s033,27,20590240,strong_signal,Stronger covariate effect,3,0.6,1.2,1,0.2,0.97,2000,0.3,0.1,1500,6.266187690742831,0.19142857142857142,0.005,0.875,6.037194540177934,0.2378120163835326
s033,28,20590241,strong_signal,Stronger covariate effect,3,0.6,1.2,1,0.2,0.97,2000,0.3,0.1,1500,6.584181547424016,0.21571428571428572,0.010714285714285714,0.8966666666666666,6.363436448588603,0.23259958771638684
s033,29,20590242,strong_signal,Stronger covariate effect,3,0.6,1.2,1,0.2,0.97,2000,0.3,0.1,1500,6.124065293885123,0.20714285714285716,0.0035714285714285713,0.9016666666666666,5.928381646620163,0.19656760989158997
s033,30,20590243,strong_signal,Stronger covariate effect,3,0.6,1.2,1,0.2,0.97,2000,0.3,0.1,1500,5.7579641573072875,0.2057142857142857,0.007857142857142858,0.9216666666666666,5.567996750216619,0.24516083370423003
s034,1,20600214,strong_signal,Stronger covariate effect,3,0.6,1.2,1,0.35,0.75,2000,0.3,0.1,1500,1.5185530156241245,0.44785714285714284,0.09571428571428571,0.925,1.3106156714022628,0.19652404210083793
s034,2,20600215,strong_signal,Stronger covariate effect,3,0.6,1.2,1,0.35,0.75,2000,0.3,0.1,1500,1.555941459758442,0.4514285714285714,0.10071428571428571,0.925,1.3595883132438726,0.19520548378677072
s034,3,20600216,strong_signal,Stronger covariate effect,3,0.6,1.2,1,0.35,0.75,2000,0.3,0.1,1500,1.6005317758320794,0.445,0.10214285714285715,0.9083333333333333,1.4010021205441452,0.19430360254389195
s034,4,20600217,strong_signal,Stronger covariate effect,3,0.6,1.2,1,0.35,0.75,2000,0.3,0.1,1500,1.6047569387241858,0.4664285714285714,0.09428571428571429,0.9133333333333333,1.4198745815138976,0.17919833048197822
s034,5,20600218,strong_signal,Stronger covariate effect,3,0.6,1.2,1,0.35,0.75,2000,0.3,0.1,1500,1.6331484836791899,0.4514285714285714,0.10642857142857143,0.9133333333333333,1.4255810393938577,0.2203053540153391
s034,6,20600219,strong_signal,Stronger covariate effect,3,0.6,1.2,1,0.35,0.75,2000,0.3,0.1,1500,1.5770026520496692,0.4407142857142857,0.09571428571428571,0.9216666666666666,1.356352461501291,0.19899431985955418
s034,7,20600220,strong_signal,Stronger covariate effect,3,0.6,1.2,1,0.35,0.75,2000,0.3,0.1,1500,1.5863778862458042,0.45285714285714285,0.09928571428571428,0.9016666666666666,1.3523464193593766,0.2606623621306592
s034,8,20600221,strong_signal,Stronger covariate effect,3,0.6,1.2,1,0.35,0.75,2000,0.3,0.1,1500,1.6022118311311841,0.44,0.10214285714285715,0.8933333333333333,1.3731647688489876,0.22448902552213523
s034,9,20600222,strong_signal,Stronger covariate effect,3,0.6,1.2,1,0.35,0.75,2000,0.3,0.1,1500,1.5789501833751791,0.45357142857142857,0.09714285714285714,0.8916666666666667,1.361220546534952,0.22449474401186859
s034,10,20600223,strong_signal,Stronger covariate effect,3,0.6,1.2,1,0.35,0.75,2000,0.3,0.1,1500,1.6426268291998551,0.44,0.09214285714285714,0.91,1.4140679264814466,0.22690235426469224
s034,11,20600224,strong_signal,Stronger covariate effect,3,0.6,1.2,1,0.35,0.75,2000,0.3,0.1,1500,1.5168380599266618,0.46,0.08714285714285715,0.89,1.2742833536843963,0.22081170132294028
s034,12,20600225,strong_signal,Stronger covariate effect,3,0.6,1.2,1,0.35,0.75,2000,0.3,0.1,1500,1.5916657915410974,0.44142857142857145,0.08928571428571429,0.93,1.3895686910955318,0.21919448507934425
s034,13,20600226,strong_signal,Stronger covariate effect,3,0.6,1.2,1,0.35,0.75,2000,0.3,0.1,1500,1.5184027016664423,0.44785714285714284,0.09428571428571429,0.88,1.2591373061270856,0.24967355677611025
s034,14,20600227,strong_signal,Stronger covariate effect,3,0.6,1.2,1,0.35,0.75,2000,0.3,0.1,1500,1.6408047338352176,0.4442857142857143,0.08785714285714286,0.9033333333333333,1.4042003960090166,0.251938665350539
s034,15,20600228,strong_signal,Stronger covariate effect,3,0.6,1.2,1,0.35,0.75,2000,0.3,0.1,1500,1.5560883035597077,0.43714285714285717,0.08928571428571429,0.9083333333333333,1.3278154359049381,0.21927803425386425
s034,16,20600229,strong_signal,Stronger covariate effect,3,0.6,1.2,1,0.35,0.75,2000,0.3,0.1,1500,1.5654798441504123,0.45357142857142857,0.08928571428571429,0.8966666666666666,1.3643250495671628,0.19754365731449158
s034,17,20600230,strong_signal,Stronger covariate effect,3,0.6,1.2,1,0.35,0.75,2000,0.3,0.1,1500,1.600428448897789,0.44357142857142856,0.095,0.905,1.3851205880229318,0.23395140537108886
s034,18,20600231,strong_signal,Stronger covariate effect,3,0.6,1.2,1,0.35,0.75,2000,0.3,0.1,1500,1.6035612818878509,0.4564285714285714,0.08928571428571429,0.8716666666666667,1.345944120403991,0.26268540990915634
s034,19,20600232,strong_signal,Stronger covariate effect,3,0.6,1.2,1,0.35,0.75,2000,0.3,0.1,1500,1.5712108845913797,0.4421428571428571,0.09642857142857143,0.8916666666666667,1.3088635101979962,0.2722740588268164
s034,20,20600233,strong_signal,Stronger covariate effect,3,0.6,1.2,1,0.35,0.75,2000,0.3,0.1,1500,1.657206230096157,0.44142857142857145,0.09785714285714285,0.8933333333333333,1.4655351519847988,0.20418473574541793
s034,21,20600234,strong_signal,Stronger covariate effect,3,0.6,1.2,1,0.35,0.75,2000,0.3,0.1,1500,1.6487882474322557,0.45285714285714285,0.095,0.8966666666666666,1.4074615559489163,0.2505943296517839
s034,22,20600235,strong_signal,Stronger covariate effect,3,0.6,1.2,1,0.35,0.75,2000,0.3,0.1,1500,1.591138278515304,0.445,0.08928571428571429,0.9166666666666666,1.3483819828756078,0.22997748689975872
s034,23,20600236,strong_signal,Stronger covariate effect,3,0.6,1.2,1,0.35,0.75,2000,0.3,0.1,1500,1.6490474935285417,0.4514285714285714,0.09428571428571429,0.895,1.4292517206130242,0.24611001390834333
s034,24,20600237,strong_signal,Stronger covariate effect,3,0.6,1.2,1,0.35,0.75,2000,0.3,0.1,1500,1.5563755040307858,0.42214285714285715,0.09285714285714286,0.9083333333333333,1.3291705826397933,0.21998158143309318
s034,25,20600238,strong_signal,Stronger covariate effect,3,0.6,1.2,1,0.35,0.75,2000,0.3,0.1,1500,1.5312950653849633,0.45071428571428573,0.09928571428571428,0.9066666666666666,1.333771711632468,0.19049875199333977
s034,26,20600239,strong_signal,Stronger covariate effect,3,0.6,1.2,1,0.35,0.75,2000,0.3,0.1,1500,1.6785063253674835,0.445,0.09785714285714285,0.92,1.4438819390013153,0.2397990560646855
s034,27,20600240,strong_signal,Stronger covariate effect,3,0.6,1.2,1,0.35,0.75,2000,0.3,0.1,1500,1.6544743361534604,0.4342857142857143,0.10071428571428571,0.9216666666666666,1.4737451945849125,0.19548700743924888
s034,28,20600241,strong_signal,Stronger covariate effect,3,0.6,1.2,1,0.35,0.75,2000,0.3,0.1,1500,1.6807587991599617,0.43785714285714283,0.08928571428571429,0.8666666666666667,1.4231593919168404,0.23279246752746688
s034,29,20600242,strong_signal,Stronger covariate effect,3,0.6,1.2,1,0.35,0.75,2000,0.3,0.1,1500,1.489828404954648,0.44142857142857145,0.09928571428571428,0.8983333333333333,1.2483452663782615,0.2579609470486858
s034,30,20600243,strong_signal,Stronger covariate effect,3,0.6,1.2,1,0.35,0.75,2000,0.3,0.1,1500,1.6061834711213234,0.44785714285714284,0.105,0.9,1.3716022057919124,0.21614439322189447
s035,1,20610214,strong_signal,Stronger covariate effect,3,0.6,1.2,1,0.35,0.9,2000,0.3,0.1,1500,3.1135772132416686,0.37785714285714284,0.019285714285714285,0.9033333333333333,2.8800535166818086,0.23154058303830488
s035,2,20610215,strong_signal,Stronger covariate effect,3,0.6,1.2,1,0.35,0.9,2000,0.3,0.1,1500,3.1095653838659594,0.37214285714285716,0.020714285714285713,0.915,2.875117921848657,0.26673222751999276
s035,3,20610216,strong_signal,Stronger covariate effect,3,0.6,1.2,1,0.35,0.9,2000,0.3,0.1,1500,3.0828090566334234,0.38357142857142856,0.016428571428571428,0.8616666666666667,2.829523511387544,0.24342890911269724
s035,4,20610217,strong_signal,Stronger covariate effect,3,0.6,1.2,1,0.35,0.9,2000,0.3,0.1,1500,3.351389840470062,0.365,0.02142857142857143,0.9016666666666666,3.1282638550544744,0.22044132186400164
s035,5,20610218,strong_signal,Stronger covariate effect,3,0.6,1.2,1,0.35,0.9,2000,0.3,0.1,1500,3.048509053929799,0.38,0.02642857142857143,0.8683333333333333,2.8213262340460994,0.20183041910160668
s035,6,20610219,strong_signal,Stronger covariate effect,3,0.6,1.2,1,0.35,0.9,2000,0.3,0.1,1500,3.369972304652422,0.3557142857142857,0.017142857142857144,0.8883333333333333,3.1100167418901323,0.3187061781236012
s035,7,20610220,strong_signal,Stronger covariate effect,3,0.6,1.2,1,0.35,0.9,2000,0.3,0.1,1500,3.2313723157339993,0.38285714285714284,0.012857142857142857,0.8983333333333333,3.014289554525959,0.22237319800783728
s035,8,20610221,strong_signal,Stronger covariate effect,3,0.6,1.2,1,0.35,0.9,2000,0.3,0.1,1500,3.132881557932769,0.38142857142857145,0.027857142857142858,0.9083333333333333,2.913527254873357,0.24451371487612733
s035,9,20610222,strong_signal,Stronger covariate effect,3,0.6,1.2,1,0.35,0.9,2000,0.3,0.1,1500,3.188501059950117,0.36642857142857144,0.010714285714285714,0.9033333333333333,2.9676243207079827,0.20595789756923336
s035,10,20610223,strong_signal,Stronger covariate effect,3,0.6,1.2,1,0.35,0.9,2000,0.3,0.1,1500,3.233366439980766,0.375,0.02142857142857143,0.8783333333333333,2.9431827586650487,0.39113755790187343
s035,11,20610224,strong_signal,Stronger covariate effect,3,0.6,1.2,1,0.35,0.9,2000,0.3,0.1,1500,3.1914476526708753,0.3678571428571429,0.022857142857142857,0.9033333333333333,2.97242832962406,0.25409303277286793
s035,12,20610225,strong_signal,Stronger covariate effect,3,0.6,1.2,1,0.35,0.9,2000,0.3,0.1,1500,3.3333970076969166,0.35928571428571426,0.02214285714285714,0.895,3.10342213434659,0.2067257824697094
s035,13,20610226,strong_signal,Stronger covariate effect,3,0.6,1.2,1,0.35,0.9,2000,0.3,0.1,1500,3.247040532440813,0.3507142857142857,0.019285714285714285,0.915,3.0410899804395086,0.23337203395193898
s035,14,20610227,strong_signal,Stronger covariate effect,3,0.6,1.2,1,0.35,0.9,2000,0.3,0.1,1500,3.106462370372228,0.3507142857142857,0.024285714285714285,0.9233333333333333,2.9139527211385357,0.2099306681975096
s035,15,20610228,strong_signal,Stronger covariate effect,3,0.6,1.2,1,0.35,0.9,2000,0.3,0.1,1500,3.435737548989538,0.37785714285714284,0.017142857142857144,0.8916666666666667,3.2021109215848735,0.24423122185900903
s035,16,20610229,strong_signal,Stronger covariate effect,3,0.6,1.2,1,0.35,0.9,2000,0.3,0.1,1500,3.1033933752003584,0.38785714285714284,0.020714285714285713,0.875,2.871293087459055,0.1953891868750294
s035,17,20610230,strong_signal,Stronger covariate effect,3,0.6,1.2,1,0.35,0.9,2000,0.3,0.1,1500,3.4630015653486095,0.35928571428571426,0.011428571428571429,0.9116666666666666,3.2610029626179586,0.21587648890166874
s035,18,20610231,strong_signal,Stronger covariate effect,3,0.6,1.2,1,0.35,0.9,2000,0.3,0.1,1500,3.299119975095748,0.3964285714285714,0.018571428571428572,0.8983333333333333,3.0928453777728566,0.20107262701361467
s035,19,20610232,strong_signal,Stronger covariate effect,3,0.6,1.2,1,0.35,0.9,2000,0.3,0.1,1500,2.944684474101324,0.375,0.02642857142857143,0.9233333333333333,2.7639718002388367,0.21362508235857694
s035,20,20610233,strong_signal,Stronger covariate effect,3,0.6,1.2,1,0.35,0.9,2000,0.3,0.1,1500,3.325277822460884,0.3535714285714286,0.020714285714285713,0.905,3.1117820145173236,0.2106066919118852
s035,21,20610234,strong_signal,Stronger covariate effect,3,0.6,1.2,1,0.35,0.9,2000,0.3,0.1,1500,3.368366591990412,0.38571428571428573,0.015714285714285715,0.8916666666666667,3.127409097790955,0.24877779571130948
s035,22,20610235,strong_signal,Stronger covariate effect,3,0.6,1.2,1,0.35,0.9,2000,0.3,0.1,1500,3.1529323578132393,0.38785714285714284,0.020714285714285713,0.88,2.942152155991647,0.22656354216073438
s035,23,20610236,strong_signal,Stronger covariate effect,3,0.6,1.2,1,0.35,0.9,2000,0.3,0.1,1500,3.329422720289353,0.3657142857142857,0.017142857142857144,0.905,3.0915855230761213,0.2547911697448442
s035,24,20610237,strong_signal,Stronger covariate effect,3,0.6,1.2,1,0.35,0.9,2000,0.3,0.1,1500,3.300152605780517,0.375,0.019285714285714285,0.9066666666666666,3.1017155137077137,0.17608950572545035
s035,25,20610238,strong_signal,Stronger covariate effect,3,0.6,1.2,1,0.35,0.9,2000,0.3,0.1,1500,3.0584443364015965,0.3742857142857143,0.019285714285714285,0.9033333333333333,2.848858913469951,0.20229721750824822
s035,26,20610239,strong_signal,Stronger covariate effect,3,0.6,1.2,1,0.35,0.9,2000,0.3,0.1,1500,3.2277787066188717,0.395,0.02142857142857143,0.91,3.0122760356945495,0.2087727301156433
s035,27,20610240,strong_signal,Stronger covariate effect,3,0.6,1.2,1,0.35,0.9,2000,0.3,0.1,1500,3.2645930018932927,0.3707142857142857,0.017857142857142856,0.895,3.0242040988889,0.2597293558349036
s035,28,20610241,strong_signal,Stronger covariate effect,3,0.6,1.2,1,0.35,0.9,2000,0.3,0.1,1500,3.5671615054796737,0.36857142857142855,0.017857142857142856,0.905,3.332232168213619,0.2458639236008316
s035,29,20610242,strong_signal,Stronger covariate effect,3,0.6,1.2,1,0.35,0.9,2000,0.3,0.1,1500,3.242043632343937,0.39785714285714285,0.016428571428571428,0.8466666666666667,2.953626202577023,0.27963723302124593
s035,30,20610243,strong_signal,Stronger covariate effect,3,0.6,1.2,1,0.35,0.9,2000,0.3,0.1,1500,3.0868180523332662,0.40214285714285714,0.02,0.8583333333333333,2.8291159699491977,0.2578418987135278
s036,1,20620214,strong_signal,Stronger covariate effect,3,0.6,1.2,1,0.35,0.97,2000,0.3,0.1,1500,5.753941297541215,0.36714285714285716,7.142857142857143e-4,0.9383333333333334,5.577469948216028,0.16728457545345501
s036,2,20620215,strong_signal,Stronger covariate effect,3,0.6,1.2,1,0.35,0.97,2000,0.3,0.1,1500,6.387946621881396,0.3435714285714286,0.002142857142857143,0.9116666666666666,6.1352401066613425,0.26244162695219153
s036,3,20620216,strong_signal,Stronger covariate effect,3,0.6,1.2,1,0.35,0.97,2000,0.3,0.1,1500,6.405426493404953,0.3492857142857143,0.002857142857142857,0.8983333333333333,6.207529462533848,0.21684929015703014
s036,4,20620217,strong_signal,Stronger covariate effect,3,0.6,1.2,1,0.35,0.97,2000,0.3,0.1,1500,6.322395035149052,0.35285714285714287,0.002857142857142857,0.8766666666666667,6.06710156518463,0.2569318328804927
s036,5,20620218,strong_signal,Stronger covariate effect,3,0.6,1.2,1,0.35,0.97,2000,0.3,0.1,1500,6.762207477214628,0.3407142857142857,7.142857142857143e-4,0.9,6.5211564214534885,0.22845431167686905
s036,6,20620219,strong_signal,Stronger covariate effect,3,0.6,1.2,1,0.35,0.97,2000,0.3,0.1,1500,7.266501514605598,0.3464285714285714,0.0014285714285714286,0.8833333333333333,7.049527157440967,0.2795353888550243
s036,7,20620220,strong_signal,Stronger covariate effect,3,0.6,1.2,1,0.35,0.97,2000,0.3,0.1,1500,5.098756196874287,0.3535714285714286,0.002142857142857143,0.8883333333333333,4.8997785645774785,0.2601011247362112
s036,8,20620221,strong_signal,Stronger covariate effect,3,0.6,1.2,1,0.35,0.97,2000,0.3,0.1,1500,6.0947613495374,0.37785714285714284,7.142857142857143e-4,0.865,5.831612624221625,0.2690257989398656
s036,9,20620222,strong_signal,Stronger covariate effect,3,0.6,1.2,1,0.35,0.97,2000,0.3,0.1,1500,5.931016981211356,0.3385714285714286,0.0014285714285714286,0.885,5.690506317395558,0.24394627601838065
s036,10,20620223,strong_signal,Stronger covariate effect,3,0.6,1.2,1,0.35,0.97,2000,0.3,0.1,1500,6.522444649086898,0.3442857142857143,0,0.8783333333333333,6.291482708746675,0.22126628670297974
s036,11,20620224,strong_signal,Stronger covariate effect,3,0.6,1.2,1,0.35,0.97,2000,0.3,0.1,1500,5.883740493741097,0.34285714285714286,0.0014285714285714286,0.8916666666666667,5.640817811121684,0.26504973344639404
s036,12,20620225,strong_signal,Stronger covariate effect,3,0.6,1.2,1,0.35,0.97,2000,0.3,0.1,1500,6.50737792796942,0.3657142857142857,7.142857142857143e-4,0.9,6.298137088632213,0.20476618530852156
s036,13,20620226,strong_signal,Stronger covariate effect,3,0.6,1.2,1,0.35,0.97,2000,0.3,0.1,1500,6.968757922328939,0.32142857142857145,7.142857142857143e-4,0.91,6.688973323663445,0.3226584100724782
s036,14,20620227,strong_signal,Stronger covariate effect,3,0.6,1.2,1,0.35,0.97,2000,0.3,0.1,1500,6.337587418565685,0.34214285714285714,0.0014285714285714286,0.8933333333333333,6.090449525734876,0.24282521582007277
s036,15,20620228,strong_signal,Stronger covariate effect,3,0.6,1.2,1,0.35,0.97,2000,0.3,0.1,1500,6.368618597466764,0.35214285714285715,0,0.9166666666666666,6.128032701955338,0.26956090377264075
s036,16,20620229,strong_signal,Stronger covariate effect,3,0.6,1.2,1,0.35,0.97,2000,0.3,0.1,1500,5.888465536548742,0.35214285714285715,0.002142857142857143,0.8883333333333333,5.657824930934884,0.21615774183903091
s036,17,20620230,strong_signal,Stronger covariate effect,3,0.6,1.2,1,0.35,0.97,2000,0.3,0.1,1500,5.804275462331015,0.3507142857142857,0.0014285714285714286,0.875,5.523889337657223,0.28758707273019946
s036,18,20620231,strong_signal,Stronger covariate effect,3,0.6,1.2,1,0.35,0.97,2000,0.3,0.1,1500,6.208353775591805,0.36357142857142855,0.002857142857142857,0.9016666666666666,6.002021402082457,0.2101890484094197
s036,19,20620232,strong_signal,Stronger covariate effect,3,0.6,1.2,1,0.35,0.97,2000,0.3,0.1,1500,6.039815945200521,0.3692857142857143,0.002142857142857143,0.91,5.796562342748868,0.29072145647282177
s036,20,20620233,strong_signal,Stronger covariate effect,3,0.6,1.2,1,0.35,0.97,2000,0.3,0.1,1500,6.305769451001862,0.3485714285714286,0.0014285714285714286,0.895,6.088960683994356,0.22246380213895486
s036,21,20620234,strong_signal,Stronger covariate effect,3,0.6,1.2,1,0.35,0.97,2000,0.3,0.1,1500,6.462712516779466,0.3535714285714286,0.0014285714285714286,0.9066666666666666,6.241689133278239,0.2121534541580772
s036,22,20620235,strong_signal,Stronger covariate effect,3,0.6,1.2,1,0.35,0.97,2000,0.3,0.1,1500,6.07055288625156,0.32785714285714285,0.0014285714285714286,0.9033333333333333,5.841922883715331,0.22472772466014634
s036,23,20620236,strong_signal,Stronger covariate effect,3,0.6,1.2,1,0.35,0.97,2000,0.3,0.1,1500,6.546705097776458,0.3442857142857143,7.142857142857143e-4,0.9066666666666666,6.332230198332718,0.19690391841168559
s036,24,20620237,strong_signal,Stronger covariate effect,3,0.6,1.2,1,0.35,0.97,2000,0.3,0.1,1500,6.921352063020749,0.36214285714285716,0.002142857142857143,0.8933333333333333,6.711021571893646,0.2177623162038754
s036,25,20620238,strong_signal,Stronger covariate effect,3,0.6,1.2,1,0.35,0.97,2000,0.3,0.1,1500,5.934394906167536,0.3557142857142857,7.142857142857143e-4,0.9066666666666666,5.726645839589958,0.18932846587771923
s036,26,20620239,strong_signal,Stronger covariate effect,3,0.6,1.2,1,0.35,0.97,2000,0.3,0.1,1500,7.248999836350097,0.35714285714285715,0,0.87,6.980577510822659,0.3140363908378871
s036,27,20620240,strong_signal,Stronger covariate effect,3,0.6,1.2,1,0.35,0.97,2000,0.3,0.1,1500,6.184696825644192,0.34714285714285714,0.002142857142857143,0.8733333333333333,5.934767385192684,0.33378017087526035
s036,28,20620241,strong_signal,Stronger covariate effect,3,0.6,1.2,1,0.35,0.97,2000,0.3,0.1,1500,6.247401393493925,0.3442857142857143,0.002142857142857143,0.9016666666666666,6.025513832057466,0.19097349690156357
s036,29,20620242,strong_signal,Stronger covariate effect,3,0.6,1.2,1,0.35,0.97,2000,0.3,0.1,1500,6.108365635544899,0.365,0.002857142857142857,0.8983333333333333,5.891633337083613,0.20891333062913378
s036,30,20620243,strong_signal,Stronger covariate effect,3,0.6,1.2,1,0.35,0.97,2000,0.3,0.1,1500,6.364235565633747,0.3585714285714286,7.142857142857143e-4,0.8883333333333333,6.133681847125184,0.25818885603438896
