method_id,method_label,coverage,mean_len,sd_len,setting_id,rep,seed,dgp_id,dgp_label,p,beta_scale,gamma,kappa,cens_target,tau_quantile,n,test_frac,alpha,B,tau,censor_rate_emp,admin_mass_emp,train_n,test_n,split_support_n,split_fit_n
cp_cox_full,CP + Cox,0.8933333333333333,1.1851018704968446,0.08364350492820241,s001,1,20270413,base,Base Weibull PH,3,0.3,1.2,1,0.1,0.75,2000,0.3,0.1,1500,1.3422033038358285,0.3271428571428571,0.20642857142857143,1400,600,700,700
cp_cox_split_support_fit,CP + Cox (Split Support/Fit),0.89,1.1778036057910004,0.08381630879945755,s001,1,20270413,base,Base Weibull PH,3,0.3,1.2,1,0.1,0.75,2000,0.3,0.1,1500,1.3422033038358285,0.3271428571428571,0.20642857142857143,1400,600,700,700
cp_cox_full,CP + Cox,0.8816666666666667,1.1859956734130157,0.06949463508062932,s001,2,20270414,base,Base Weibull PH,3,0.3,1.2,1,0.1,0.75,2000,0.3,0.1,1500,1.3769694190499604,0.3142857142857143,0.205,1400,600,700,700
cp_cox_split_support_fit,CP + Cox (Split Support/Fit),0.89,1.1916395200123477,0.08225044307968776,s001,2,20270414,base,Base Weibull PH,3,0.3,1.2,1,0.1,0.75,2000,0.3,0.1,1500,1.3769694190499604,0.3142857142857143,0.205,1400,600,700,700
cp_cox_full,CP + Cox,0.9066666666666666,1.2299452825551993,0.08356528368117813,s001,3,20270415,base,Base Weibull PH,3,0.3,1.2,1,0.1,0.75,2000,0.3,0.1,1500,1.4036859989066355,0.325,0.21785714285714286,1400,600,700,700
cp_cox_split_support_fit,CP + Cox (Split Support/Fit),0.9066666666666666,1.2119189714486427,0.10909300925382018,s001,3,20270415,base,Base Weibull PH,3,0.3,1.2,1,0.1,0.75,2000,0.3,0.1,1500,1.4036859989066355,0.325,0.21785714285714286,1400,600,700,700
cp_cox_full,CP + Cox,0.8766666666666667,1.2278723798934734,0.10388600936874773,s001,4,20270416,base,Base Weibull PH,3,0.3,1.2,1,0.1,0.75,2000,0.3,0.1,1500,1.428634334860026,0.30142857142857143,0.1992857142857143,1400,600,700,700
cp_cox_split_support_fit,CP + Cox (Split Support/Fit),0.8933333333333333,1.2470143307553954,0.08986306710301731,s001,4,20270416,base,Base Weibull PH,3,0.3,1.2,1,0.1,0.75,2000,0.3,0.1,1500,1.428634334860026,0.30142857142857143,0.1992857142857143,1400,600,700,700
cp_cox_full,CP + Cox,0.8883333333333333,1.1154188261297955,0.06972969826575112,s001,5,20270417,base,Base Weibull PH,3,0.3,1.2,1,0.1,0.75,2000,0.3,0.1,1500,1.2655068920973738,0.3007142857142857,0.20357142857142857,1400,600,700,700
cp_cox_split_support_fit,CP + Cox (Split Support/Fit),0.8783333333333333,1.098580951487171,0.07641586253578053,s001,5,20270417,base,Base Weibull PH,3,0.3,1.2,1,0.1,0.75,2000,0.3,0.1,1500,1.2655068920973738,0.3007142857142857,0.20357142857142857,1400,600,700,700
cp_cox_full,CP + Cox,0.8966666666666666,1.1731124080283026,0.07651951613767019,s001,6,20270418,base,Base Weibull PH,3,0.3,1.2,1,0.1,0.75,2000,0.3,0.1,1500,1.3544651986443166,0.3057142857142857,0.19785714285714287,1400,600,700,700
cp_cox_split_support_fit,CP + Cox (Split Support/Fit),0.8916666666666667,1.1692244059821164,0.08163424595271428,s001,6,20270418,base,Base Weibull PH,3,0.3,1.2,1,0.1,0.75,2000,0.3,0.1,1500,1.3544651986443166,0.3057142857142857,0.19785714285714287,1400,600,700,700
cp_cox_full,CP + Cox,0.9266666666666666,1.1758669482345767,0.07001790830296425,s001,7,20270419,base,Base Weibull PH,3,0.3,1.2,1,0.1,0.75,2000,0.3,0.1,1500,1.3352742976777174,0.295,0.19714285714285715,1400,600,700,700
cp_cox_split_support_fit,CP + Cox (Split Support/Fit),0.9266666666666666,1.1717684456515491,0.07920715383622454,s001,7,20270419,base,Base Weibull PH,3,0.3,1.2,1,0.1,0.75,2000,0.3,0.1,1500,1.3352742976777174,0.295,0.19714285714285715,1400,600,700,700
cp_cox_full,CP + Cox,0.9033333333333333,1.2078945704705488,0.07844130773773907,s001,8,20270420,base,Base Weibull PH,3,0.3,1.2,1,0.1,0.75,2000,0.3,0.1,1500,1.381267582924669,0.3,0.21,1400,600,700,700
cp_cox_split_support_fit,CP + Cox (Split Support/Fit),0.9,1.2144987912381744,0.0695767983294686,s001,8,20270420,base,Base Weibull PH,3,0.3,1.2,1,0.1,0.75,2000,0.3,0.1,1500,1.381267582924669,0.3,0.21,1400,600,700,700
cp_cox_full,CP + Cox,0.8966666666666666,1.1667731471232978,0.06880527905428269,s001,9,20270421,base,Base Weibull PH,3,0.3,1.2,1,0.1,0.75,2000,0.3,0.1,1500,1.3275648196766625,0.3142857142857143,0.21,1400,600,700,700
cp_cox_split_support_fit,CP + Cox (Split Support/Fit),0.8733333333333333,1.1214822606560855,0.08927529500613811,s001,9,20270421,base,Base Weibull PH,3,0.3,1.2,1,0.1,0.75,2000,0.3,0.1,1500,1.3275648196766625,0.3142857142857143,0.21,1400,600,700,700
cp_cox_full,CP + Cox,0.9116666666666666,1.2302917264366589,0.07659529193148182,s001,10,20270422,base,Base Weibull PH,3,0.3,1.2,1,0.1,0.75,2000,0.3,0.1,1500,1.3923415907603824,0.31214285714285717,0.2057142857142857,1400,600,700,700
cp_cox_split_support_fit,CP + Cox (Split Support/Fit),0.9033333333333333,1.2139478101656958,0.09085779875696297,s001,10,20270422,base,Base Weibull PH,3,0.3,1.2,1,0.1,0.75,2000,0.3,0.1,1500,1.3923415907603824,0.31214285714285717,0.2057142857142857,1400,600,700,700
cp_cox_full,CP + Cox,0.89,1.1948660594614775,0.09300673128489573,s001,11,20270423,base,Base Weibull PH,3,0.3,1.2,1,0.1,0.75,2000,0.3,0.1,1500,1.385279883519149,0.3157142857142857,0.20285714285714285,1400,600,700,700
cp_cox_split_support_fit,CP + Cox (Split Support/Fit),0.8933333333333333,1.1941023774413695,0.09935556086402583,s001,11,20270423,base,Base Weibull PH,3,0.3,1.2,1,0.1,0.75,2000,0.3,0.1,1500,1.385279883519149,0.3157142857142857,0.20285714285714285,1400,600,700,700
cp_cox_full,CP + Cox,0.92,1.190206906532254,0.08448201418651384,s001,12,20270424,base,Base Weibull PH,3,0.3,1.2,1,0.1,0.75,2000,0.3,0.1,1500,1.3362040123245633,0.31214285714285717,0.21285714285714286,1400,600,700,700
cp_cox_split_support_fit,CP + Cox (Split Support/Fit),0.8966666666666666,1.1531198005937393,0.11841371510449801,s001,12,20270424,base,Base Weibull PH,3,0.3,1.2,1,0.1,0.75,2000,0.3,0.1,1500,1.3362040123245633,0.31214285714285717,0.21285714285714286,1400,600,700,700
cp_cox_full,CP + Cox,0.9016666666666666,1.2449852686389995,0.06920411399106403,s001,13,20270425,base,Base Weibull PH,3,0.3,1.2,1,0.1,0.75,2000,0.3,0.1,1500,1.4071635117947117,0.30142857142857143,0.19285714285714287,1400,600,700,700
cp_cox_split_support_fit,CP + Cox (Split Support/Fit),0.9133333333333333,1.261996315339112,0.07276084794819565,s001,13,20270425,base,Base Weibull PH,3,0.3,1.2,1,0.1,0.75,2000,0.3,0.1,1500,1.4071635117947117,0.30142857142857143,0.19285714285714287,1400,600,700,700
cp_cox_full,CP + Cox,0.89,1.2384548906632136,0.08135501672583786,s001,14,20270426,base,Base Weibull PH,3,0.3,1.2,1,0.1,0.75,2000,0.3,0.1,1500,1.4204272187465603,0.2957142857142857,0.215,1400,600,700,700
cp_cox_split_support_fit,CP + Cox (Split Support/Fit),0.9,1.2559011386543701,0.06791751009746232,s001,14,20270426,base,Base Weibull PH,3,0.3,1.2,1,0.1,0.75,2000,0.3,0.1,1500,1.4204272187465603,0.2957142857142857,0.215,1400,600,700,700
cp_cox_full,CP + Cox,0.8933333333333333,1.2211598235783525,0.07902511211369619,s001,15,20270427,base,Base Weibull PH,3,0.3,1.2,1,0.1,0.75,2000,0.3,0.1,1500,1.3862859221778192,0.3007142857142857,0.1992857142857143,1400,600,700,700
cp_cox_split_support_fit,CP + Cox (Split Support/Fit),0.9033333333333333,1.2269834270186608,0.07071269512978279,s001,15,20270427,base,Base Weibull PH,3,0.3,1.2,1,0.1,0.75,2000,0.3,0.1,1500,1.3862859221778192,0.3007142857142857,0.1992857142857143,1400,600,700,700
cp_cox_full,CP + Cox,0.8833333333333333,1.2505537763933907,0.08979122858826356,s001,16,20270428,base,Base Weibull PH,3,0.3,1.2,1,0.1,0.75,2000,0.3,0.1,1500,1.4464613505068744,0.30214285714285716,0.19785714285714287,1400,600,700,700
cp_cox_split_support_fit,CP + Cox (Split Support/Fit),0.8783333333333333,1.2430835996299308,0.08312371547248601,s001,16,20270428,base,Base Weibull PH,3,0.3,1.2,1,0.1,0.75,2000,0.3,0.1,1500,1.4464613505068744,0.30214285714285716,0.19785714285714287,1400,600,700,700
cp_cox_full,CP + Cox,0.925,1.2118144536055748,0.07486156383417153,s001,17,20270429,base,Base Weibull PH,3,0.3,1.2,1,0.1,0.75,2000,0.3,0.1,1500,1.3759042209313406,0.305,0.205,1400,600,700,700
cp_cox_split_support_fit,CP + Cox (Split Support/Fit),0.9133333333333333,1.1952187320699925,0.07513993342327611,s001,17,20270429,base,Base Weibull PH,3,0.3,1.2,1,0.1,0.75,2000,0.3,0.1,1500,1.3759042209313406,0.305,0.205,1400,600,700,700
cp_cox_full,CP + Cox,0.89,1.2167859821727736,0.117701284366649,s001,18,20270430,base,Base Weibull PH,3,0.3,1.2,1,0.1,0.75,2000,0.3,0.1,1500,1.415496529160205,0.31357142857142856,0.20357142857142857,1400,600,700,700
cp_cox_split_support_fit,CP + Cox (Split Support/Fit),0.92,1.2566808420710631,0.09825018230446306,s001,18,20270430,base,Base Weibull PH,3,0.3,1.2,1,0.1,0.75,2000,0.3,0.1,1500,1.415496529160205,0.31357142857142856,0.20357142857142857,1400,600,700,700
cp_cox_full,CP + Cox,0.895,1.1316832133429233,0.0816509810680577,s001,19,20270431,base,Base Weibull PH,3,0.3,1.2,1,0.1,0.75,2000,0.3,0.1,1500,1.3229947442799301,0.29642857142857143,0.19785714285714287,1400,600,700,700
cp_cox_split_support_fit,CP + Cox (Split Support/Fit),0.9133333333333333,1.150970535123357,0.08255681009556964,s001,19,20270431,base,Base Weibull PH,3,0.3,1.2,1,0.1,0.75,2000,0.3,0.1,1500,1.3229947442799301,0.29642857142857143,0.19785714285714287,1400,600,700,700
cp_cox_full,CP + Cox,0.8916666666666667,1.1889155631424773,0.08966818156330879,s001,20,20270432,base,Base Weibull PH,3,0.3,1.2,1,0.1,0.75,2000,0.3,0.1,1500,1.3679407095983445,0.2914285714285714,0.20357142857142857,1400,600,700,700
cp_cox_split_support_fit,CP + Cox (Split Support/Fit),0.89,1.186954686435245,0.10581836841178999,s001,20,20270432,base,Base Weibull PH,3,0.3,1.2,1,0.1,0.75,2000,0.3,0.1,1500,1.3679407095983445,0.2914285714285714,0.20357142857142857,1400,600,700,700
cp_cox_full,CP + Cox,0.8833333333333333,1.1773956301684425,0.0969974801253524,s001,21,20270433,base,Base Weibull PH,3,0.3,1.2,1,0.1,0.75,2000,0.3,0.1,1500,1.3622776693943939,0.31,0.21428571428571427,1400,600,700,700
cp_cox_split_support_fit,CP + Cox (Split Support/Fit),0.9033333333333333,1.201176720541165,0.09445207917237823,s001,21,20270433,base,Base Weibull PH,3,0.3,1.2,1,0.1,0.75,2000,0.3,0.1,1500,1.3622776693943939,0.31,0.21428571428571427,1400,600,700,700
cp_cox_full,CP + Cox,0.91,1.209549643943389,0.10691655841999376,s001,22,20270434,base,Base Weibull PH,3,0.3,1.2,1,0.1,0.75,2000,0.3,0.1,1500,1.3789293226119166,0.31357142857142856,0.20785714285714285,1400,600,700,700
cp_cox_split_support_fit,CP + Cox (Split Support/Fit),0.8866666666666667,1.170642121042014,0.13965979270798728,s001,22,20270434,base,Base Weibull PH,3,0.3,1.2,1,0.1,0.75,2000,0.3,0.1,1500,1.3789293226119166,0.31357142857142856,0.20785714285714285,1400,600,700,700
cp_cox_full,CP + Cox,0.905,1.2890058663811037,0.08196903793109502,s001,23,20270435,base,Base Weibull PH,3,0.3,1.2,1,0.1,0.75,2000,0.3,0.1,1500,1.4660976503081657,0.31857142857142856,0.21714285714285714,1400,600,700,700
cp_cox_split_support_fit,CP + Cox (Split Support/Fit),0.9166666666666666,1.2964284763165064,0.08487227500949274,s001,23,20270435,base,Base Weibull PH,3,0.3,1.2,1,0.1,0.75,2000,0.3,0.1,1500,1.4660976503081657,0.31857142857142856,0.21714285714285714,1400,600,700,700
cp_cox_full,CP + Cox,0.9083333333333333,1.1605517241812475,0.08330991872097122,s001,24,20270436,base,Base Weibull PH,3,0.3,1.2,1,0.1,0.75,2000,0.3,0.1,1500,1.3331959115656096,0.31,0.20142857142857143,1400,600,700,700
cp_cox_split_support_fit,CP + Cox (Split Support/Fit),0.93,1.1989030874894755,0.07481854994453041,s001,24,20270436,base,Base Weibull PH,3,0.3,1.2,1,0.1,0.75,2000,0.3,0.1,1500,1.3331959115656096,0.31,0.20142857142857143,1400,600,700,700
cp_cox_full,CP + Cox,0.9016666666666666,1.1607868621523798,0.08349131928708366,s001,25,20270437,base,Base Weibull PH,3,0.3,1.2,1,0.1,0.75,2000,0.3,0.1,1500,1.332855635672436,0.3078571428571429,0.205,1400,600,700,700
cp_cox_split_support_fit,CP + Cox (Split Support/Fit),0.905,1.1660204571197403,0.08578128390743203,s001,25,20270437,base,Base Weibull PH,3,0.3,1.2,1,0.1,0.75,2000,0.3,0.1,1500,1.332855635672436,0.3078571428571429,0.205,1400,600,700,700
cp_cox_full,CP + Cox,0.895,1.1965353467570061,0.07114433251325089,s001,26,20270438,base,Base Weibull PH,3,0.3,1.2,1,0.1,0.75,2000,0.3,0.1,1500,1.355937681127588,0.31,0.21071428571428572,1400,600,700,700
cp_cox_split_support_fit,CP + Cox (Split Support/Fit),0.885,1.1718963522425885,0.08640353638201004,s001,26,20270438,base,Base Weibull PH,3,0.3,1.2,1,0.1,0.75,2000,0.3,0.1,1500,1.355937681127588,0.31,0.21071428571428572,1400,600,700,700
cp_cox_full,CP + Cox,0.91,1.2456110522464952,0.07633857495793014,s001,27,20270439,base,Base Weibull PH,3,0.3,1.2,1,0.1,0.75,2000,0.3,0.1,1500,1.4039691079298757,0.29928571428571427,0.21642857142857144,1400,600,700,700
cp_cox_split_support_fit,CP + Cox (Split Support/Fit),0.885,1.2221028767170845,0.07880975973729283,s001,27,20270439,base,Base Weibull PH,3,0.3,1.2,1,0.1,0.75,2000,0.3,0.1,1500,1.4039691079298757,0.29928571428571427,0.21642857142857144,1400,600,700,700
cp_cox_full,CP + Cox,0.9166666666666666,1.190143130264892,0.0927568023157576,s001,28,20270440,base,Base Weibull PH,3,0.3,1.2,1,0.1,0.75,2000,0.3,0.1,1500,1.3443697596808475,0.3057142857142857,0.20285714285714285,1400,600,700,700
cp_cox_split_support_fit,CP + Cox (Split Support/Fit),0.9166666666666666,1.1945308573750906,0.08966217016374864,s001,28,20270440,base,Base Weibull PH,3,0.3,1.2,1,0.1,0.75,2000,0.3,0.1,1500,1.3443697596808475,0.3057142857142857,0.20285714285714285,1400,600,700,700
cp_cox_full,CP + Cox,0.8933333333333333,1.1696881307357576,0.08084355216666247,s001,29,20270441,base,Base Weibull PH,3,0.3,1.2,1,0.1,0.75,2000,0.3,0.1,1500,1.3357510236137868,0.295,0.19,1400,600,700,700
cp_cox_split_support_fit,CP + Cox (Split Support/Fit),0.8883333333333333,1.1640014070787028,0.08031090956308969,s001,29,20270441,base,Base Weibull PH,3,0.3,1.2,1,0.1,0.75,2000,0.3,0.1,1500,1.3357510236137868,0.295,0.19,1400,600,700,700
cp_cox_full,CP + Cox,0.8983333333333333,1.2364815243748066,0.09484116389218197,s001,30,20270442,base,Base Weibull PH,3,0.3,1.2,1,0.1,0.75,2000,0.3,0.1,1500,1.4246474206246906,0.295,0.1992857142857143,1400,600,700,700
cp_cox_split_support_fit,CP + Cox (Split Support/Fit),0.9316666666666666,1.2770524442068667,0.07642316806112313,s001,30,20270442,base,Base Weibull PH,3,0.3,1.2,1,0.1,0.75,2000,0.3,0.1,1500,1.4246474206246906,0.295,0.1992857142857143,1400,600,700,700
cp_cox_full,CP + Cox,0.9066666666666666,2.088015681573747,0.07130665752217087,s002,1,20280413,base,Base Weibull PH,3,0.3,1.2,1,0.1,0.9,2000,0.3,0.1,1500,2.2557106011079164,0.175,0.06785714285714285,1400,600,700,700
cp_cox_split_support_fit,CP + Cox (Split Support/Fit),0.895,2.077467679836436,0.07141161254446067,s002,1,20280413,base,Base Weibull PH,3,0.3,1.2,1,0.1,0.9,2000,0.3,0.1,1500,2.2557106011079164,0.175,0.06785714285714285,1400,600,700,700
cp_cox_full,CP + Cox,0.9083333333333333,2.0909132552592977,0.06888217217535549,s002,2,20280414,base,Base Weibull PH,3,0.3,1.2,1,0.1,0.9,2000,0.3,0.1,1500,2.25023195954649,0.15642857142857142,0.06714285714285714,1400,600,700,700
cp_cox_split_support_fit,CP + Cox (Split Support/Fit),0.91,2.0928682235065637,0.07573538339461083,s002,2,20280414,base,Base Weibull PH,3,0.3,1.2,1,0.1,0.9,2000,0.3,0.1,1500,2.25023195954649,0.15642857142857142,0.06714285714285714,1400,600,700,700
cp_cox_full,CP + Cox,0.91,2.025394957130486,0.07656240696039839,s002,3,20280415,base,Base Weibull PH,3,0.3,1.2,1,0.1,0.9,2000,0.3,0.1,1500,2.1908975595303297,0.175,0.08071428571428571,1400,600,700,700
cp_cox_split_support_fit,CP + Cox (Split Support/Fit),0.8983333333333333,2.006790858459627,0.09078515887945275,s002,3,20280415,base,Base Weibull PH,3,0.3,1.2,1,0.1,0.9,2000,0.3,0.1,1500,2.1908975595303297,0.175,0.08071428571428571,1400,600,700,700
cp_cox_full,CP + Cox,0.8983333333333333,2.024823266987115,0.0687728025337339,s002,4,20280416,base,Base Weibull PH,3,0.3,1.2,1,0.1,0.9,2000,0.3,0.1,1500,2.188454016678065,0.16785714285714284,0.075,1400,600,700,700
cp_cox_split_support_fit,CP + Cox (Split Support/Fit),0.9016666666666666,2.0263751817554914,0.06672959755953409,s002,4,20280416,base,Base Weibull PH,3,0.3,1.2,1,0.1,0.9,2000,0.3,0.1,1500,2.188454016678065,0.16785714285714284,0.075,1400,600,700,700
cp_cox_full,CP + Cox,0.87,2.1618613721100512,0.07047384455549507,s002,5,20280417,base,Base Weibull PH,3,0.3,1.2,1,0.1,0.9,2000,0.3,0.1,1500,2.3289878567994666,0.16214285714285714,0.07571428571428572,1400,600,700,700
cp_cox_split_support_fit,CP + Cox (Split Support/Fit),0.8966666666666666,2.1923761154808235,0.05209467059933478,s002,5,20280417,base,Base Weibull PH,3,0.3,1.2,1,0.1,0.9,2000,0.3,0.1,1500,2.3289878567994666,0.16214285714285714,0.07571428571428572,1400,600,700,700
cp_cox_full,CP + Cox,0.9083333333333333,2.132063041435772,0.07797620448327822,s002,6,20280418,base,Base Weibull PH,3,0.3,1.2,1,0.1,0.9,2000,0.3,0.1,1500,2.311360912464777,0.17357142857142857,0.08285714285714285,1400,600,700,700
cp_cox_split_support_fit,CP + Cox (Split Support/Fit),0.915,2.1441693241119144,0.0751551249854062,s002,6,20280418,base,Base Weibull PH,3,0.3,1.2,1,0.1,0.9,2000,0.3,0.1,1500,2.311360912464777,0.17357142857142857,0.08285714285714285,1400,600,700,700
cp_cox_full,CP + Cox,0.9183333333333333,2.0976482202414792,0.09252209144235542,s002,7,20280419,base,Base Weibull PH,3,0.3,1.2,1,0.1,0.9,2000,0.3,0.1,1500,2.2689775993419,0.16357142857142856,0.08571428571428572,1400,600,700,700
cp_cox_split_support_fit,CP + Cox (Split Support/Fit),0.9083333333333333,2.087212101851726,0.09897137132311988,s002,7,20280419,base,Base Weibull PH,3,0.3,1.2,1,0.1,0.9,2000,0.3,0.1,1500,2.2689775993419,0.16357142857142856,0.08571428571428572,1400,600,700,700
cp_cox_full,CP + Cox,0.8916666666666667,2.15081063730672,0.07387581163054525,s002,8,20280420,base,Base Weibull PH,3,0.3,1.2,1,0.1,0.9,2000,0.3,0.1,1500,2.3219333303801473,0.18714285714285714,0.075,1400,600,700,700
cp_cox_split_support_fit,CP + Cox (Split Support/Fit),0.8783333333333333,2.140095952215239,0.07282581206420252,s002,8,20280420,base,Base Weibull PH,3,0.3,1.2,1,0.1,0.9,2000,0.3,0.1,1500,2.3219333303801473,0.18714285714285714,0.075,1400,600,700,700
cp_cox_full,CP + Cox,0.9,2.2277653126818096,0.06712407162572301,s002,9,20280421,base,Base Weibull PH,3,0.3,1.2,1,0.1,0.9,2000,0.3,0.1,1500,2.3888756751175233,0.17,0.07214285714285715,1400,600,700,700
cp_cox_split_support_fit,CP + Cox (Split Support/Fit),0.9016666666666666,2.2345278524445598,0.05678609798241853,s002,9,20280421,base,Base Weibull PH,3,0.3,1.2,1,0.1,0.9,2000,0.3,0.1,1500,2.3888756751175233,0.17,0.07214285714285715,1400,600,700,700
cp_cox_full,CP + Cox,0.85,2.099294958932633,0.15148501525233013,s002,10,20280422,base,Base Weibull PH,3,0.3,1.2,1,0.1,0.9,2000,0.3,0.1,1500,2.3303950732541896,0.175,0.08214285714285714,1400,600,700,700
cp_cox_split_support_fit,CP + Cox (Split Support/Fit),0.9083333333333333,2.169243100372231,0.11937500310650727,s002,10,20280422,base,Base Weibull PH,3,0.3,1.2,1,0.1,0.9,2000,0.3,0.1,1500,2.3303950732541896,0.175,0.08214285714285714,1400,600,700,700
cp_cox_full,CP + Cox,0.9066666666666666,2.1871904593834897,0.08158232993582101,s002,11,20280423,base,Base Weibull PH,3,0.3,1.2,1,0.1,0.9,2000,0.3,0.1,1500,2.355633622812239,0.17,0.07571428571428572,1400,600,700,700
cp_cox_split_support_fit,CP + Cox (Split Support/Fit),0.92,2.2131604693025624,0.07639350671604037,s002,11,20280423,base,Base Weibull PH,3,0.3,1.2,1,0.1,0.9,2000,0.3,0.1,1500,2.355633622812239,0.17,0.07571428571428572,1400,600,700,700
cp_cox_full,CP + Cox,0.88,2.1019204994612344,0.08403478108460125,s002,12,20280424,base,Base Weibull PH,3,0.3,1.2,1,0.1,0.9,2000,0.3,0.1,1500,2.287628118592641,0.17357142857142857,0.07285714285714286,1400,600,700,700
cp_cox_split_support_fit,CP + Cox (Split Support/Fit),0.8883333333333333,2.109750496249259,0.09292823158528207,s002,12,20280424,base,Base Weibull PH,3,0.3,1.2,1,0.1,0.9,2000,0.3,0.1,1500,2.287628118592641,0.17357142857142857,0.07285714285714286,1400,600,700,700
cp_cox_full,CP + Cox,0.9116666666666666,2.16908141468877,0.07376097940995938,s002,13,20280425,base,Base Weibull PH,3,0.3,1.2,1,0.1,0.9,2000,0.3,0.1,1500,2.3359439551943684,0.17142857142857143,0.07357142857142857,1400,600,700,700
cp_cox_split_support_fit,CP + Cox (Split Support/Fit),0.905,2.161594819465287,0.0701823370065412,s002,13,20280425,base,Base Weibull PH,3,0.3,1.2,1,0.1,0.9,2000,0.3,0.1,1500,2.3359439551943684,0.17142857142857143,0.07357142857142857,1400,600,700,700
cp_cox_full,CP + Cox,0.8916666666666667,2.0230977195766973,0.07938722173505836,s002,14,20280426,base,Base Weibull PH,3,0.3,1.2,1,0.1,0.9,2000,0.3,0.1,1500,2.196719479745097,0.185,0.08142857142857143,1400,600,700,700
cp_cox_split_support_fit,CP + Cox (Split Support/Fit),0.89,2.0193926878404813,0.07777821867712209,s002,14,20280426,base,Base Weibull PH,3,0.3,1.2,1,0.1,0.9,2000,0.3,0.1,1500,2.196719479745097,0.185,0.08142857142857143,1400,600,700,700
cp_cox_full,CP + Cox,0.8916666666666667,2.0815671238813174,0.064760140829713,s002,15,20280427,base,Base Weibull PH,3,0.3,1.2,1,0.1,0.9,2000,0.3,0.1,1500,2.262378935734714,0.16428571428571428,0.07642857142857143,1400,600,700,700
cp_cox_split_support_fit,CP + Cox (Split Support/Fit),0.9216666666666666,2.1214120239878085,0.05534081858744264,s002,15,20280427,base,Base Weibull PH,3,0.3,1.2,1,0.1,0.9,2000,0.3,0.1,1500,2.262378935734714,0.16428571428571428,0.07642857142857143,1400,600,700,700
cp_cox_full,CP + Cox,0.9333333333333333,2.099113893409452,0.06901508633193656,s002,16,20280428,base,Base Weibull PH,3,0.3,1.2,1,0.1,0.9,2000,0.3,0.1,1500,2.23819752940569,0.16142857142857142,0.07285714285714286,1400,600,700,700
cp_cox_split_support_fit,CP + Cox (Split Support/Fit),0.925,2.089042178127735,0.07193235356674428,s002,16,20280428,base,Base Weibull PH,3,0.3,1.2,1,0.1,0.9,2000,0.3,0.1,1500,2.23819752940569,0.16142857142857142,0.07285714285714286,1400,600,700,700
cp_cox_full,CP + Cox,0.9216666666666666,2.12737118352749,0.06413503528802561,s002,17,20280429,base,Base Weibull PH,3,0.3,1.2,1,0.1,0.9,2000,0.3,0.1,1500,2.2621788259745292,0.1792857142857143,0.07071428571428572,1400,600,700,700
cp_cox_split_support_fit,CP + Cox (Split Support/Fit),0.905,2.10387259335633,0.0664190081591708,s002,17,20280429,base,Base Weibull PH,3,0.3,1.2,1,0.1,0.9,2000,0.3,0.1,1500,2.2621788259745292,0.1792857142857143,0.07071428571428572,1400,600,700,700
cp_cox_full,CP + Cox,0.8866666666666667,1.9624783427334787,0.0719558665189496,s002,18,20280430,base,Base Weibull PH,3,0.3,1.2,1,0.1,0.9,2000,0.3,0.1,1500,2.1215310063606343,0.18285714285714286,0.08428571428571428,1400,600,700,700
cp_cox_split_support_fit,CP + Cox (Split Support/Fit),0.8733333333333333,1.954567206541226,0.07397497158799039,s002,18,20280430,base,Base Weibull PH,3,0.3,1.2,1,0.1,0.9,2000,0.3,0.1,1500,2.1215310063606343,0.18285714285714286,0.08428571428571428,1400,600,700,700
cp_cox_full,CP + Cox,0.8966666666666666,2.1908803999839765,0.08851889643420101,s002,19,20280431,base,Base Weibull PH,3,0.3,1.2,1,0.1,0.9,2000,0.3,0.1,1500,2.369989300637386,0.17857142857142858,0.08,1400,600,700,700
cp_cox_split_support_fit,CP + Cox (Split Support/Fit),0.8766666666666667,2.1704616003192383,0.08300079741943235,s002,19,20280431,base,Base Weibull PH,3,0.3,1.2,1,0.1,0.9,2000,0.3,0.1,1500,2.369989300637386,0.17857142857142858,0.08,1400,600,700,700
cp_cox_full,CP + Cox,0.9016666666666666,2.129380237544755,0.06926504232421239,s002,20,20280432,base,Base Weibull PH,3,0.3,1.2,1,0.1,0.9,2000,0.3,0.1,1500,2.31709688638669,0.17214285714285715,0.07571428571428572,1400,600,700,700
cp_cox_split_support_fit,CP + Cox (Split Support/Fit),0.9233333333333333,2.1670422610202005,0.05587342119610397,s002,20,20280432,base,Base Weibull PH,3,0.3,1.2,1,0.1,0.9,2000,0.3,0.1,1500,2.31709688638669,0.17214285714285715,0.07571428571428572,1400,600,700,700
cp_cox_full,CP + Cox,0.9066666666666666,2.143450045281559,0.09183372734639042,s002,21,20280433,base,Base Weibull PH,3,0.3,1.2,1,0.1,0.9,2000,0.3,0.1,1500,2.3078339479762033,0.1692857142857143,0.07928571428571428,1400,600,700,700
cp_cox_split_support_fit,CP + Cox (Split Support/Fit),0.8966666666666666,2.119967562503427,0.11359972107558933,s002,21,20280433,base,Base Weibull PH,3,0.3,1.2,1,0.1,0.9,2000,0.3,0.1,1500,2.3078339479762033,0.1692857142857143,0.07928571428571428,1400,600,700,700
cp_cox_full,CP + Cox,0.9183333333333333,2.2454015447548397,0.08196638625799446,s002,22,20280434,base,Base Weibull PH,3,0.3,1.2,1,0.1,0.9,2000,0.3,0.1,1500,2.415877044629959,0.17357142857142857,0.06928571428571428,1400,600,700,700
cp_cox_split_support_fit,CP + Cox (Split Support/Fit),0.9216666666666666,2.2490677401581527,0.07379074619088313,s002,22,20280434,base,Base Weibull PH,3,0.3,1.2,1,0.1,0.9,2000,0.3,0.1,1500,2.415877044629959,0.17357142857142857,0.06928571428571428,1400,600,700,700
cp_cox_full,CP + Cox,0.905,2.179199291266409,0.06581647212922145,s002,23,20280435,base,Base Weibull PH,3,0.3,1.2,1,0.1,0.9,2000,0.3,0.1,1500,2.3346213941603664,0.17642857142857143,0.07785714285714286,1400,600,700,700
cp_cox_split_support_fit,CP + Cox (Split Support/Fit),0.895,2.1701070737768937,0.08608203791495724,s002,23,20280435,base,Base Weibull PH,3,0.3,1.2,1,0.1,0.9,2000,0.3,0.1,1500,2.3346213941603664,0.17642857142857143,0.07785714285714286,1400,600,700,700
cp_cox_full,CP + Cox,0.9216666666666666,2.1474036439712965,0.07685944971547436,s002,24,20280436,base,Base Weibull PH,3,0.3,1.2,1,0.1,0.9,2000,0.3,0.1,1500,2.3100860670307397,0.1742857142857143,0.07642857142857143,1400,600,700,700
cp_cox_split_support_fit,CP + Cox (Split Support/Fit),0.93,2.1568586224436452,0.07968282037098988,s002,24,20280436,base,Base Weibull PH,3,0.3,1.2,1,0.1,0.9,2000,0.3,0.1,1500,2.3100860670307397,0.1742857142857143,0.07642857142857143,1400,600,700,700
cp_cox_full,CP + Cox,0.9166666666666666,2.177116319112358,0.06657313573303664,s002,25,20280437,base,Base Weibull PH,3,0.3,1.2,1,0.1,0.9,2000,0.3,0.1,1500,2.326423578793534,0.18785714285714286,0.08571428571428572,1400,600,700,700
cp_cox_split_support_fit,CP + Cox (Split Support/Fit),0.8733333333333333,2.1192198757849385,0.09386723990920011,s002,25,20280437,base,Base Weibull PH,3,0.3,1.2,1,0.1,0.9,2000,0.3,0.1,1500,2.326423578793534,0.18785714285714286,0.08571428571428572,1400,600,700,700
cp_cox_full,CP + Cox,0.91,1.983135645940067,0.07104695425039265,s002,26,20280438,base,Base Weibull PH,3,0.3,1.2,1,0.1,0.9,2000,0.3,0.1,1500,2.1618787421320507,0.17642857142857143,0.07642857142857143,1400,600,700,700
cp_cox_split_support_fit,CP + Cox (Split Support/Fit),0.9133333333333333,2.002976958027523,0.05660900359124213,s002,26,20280438,base,Base Weibull PH,3,0.3,1.2,1,0.1,0.9,2000,0.3,0.1,1500,2.1618787421320507,0.17642857142857143,0.07642857142857143,1400,600,700,700
cp_cox_full,CP + Cox,0.89,2.14579167797729,0.06876083224486855,s002,27,20280439,base,Base Weibull PH,3,0.3,1.2,1,0.1,0.9,2000,0.3,0.1,1500,2.3068228333184364,0.17785714285714285,0.07642857142857143,1400,600,700,700
cp_cox_split_support_fit,CP + Cox (Split Support/Fit),0.8883333333333333,2.131454953161075,0.09253633814570286,s002,27,20280439,base,Base Weibull PH,3,0.3,1.2,1,0.1,0.9,2000,0.3,0.1,1500,2.3068228333184364,0.17785714285714285,0.07642857142857143,1400,600,700,700
cp_cox_full,CP + Cox,0.91,2.1525520837929273,0.08682171807962927,s002,28,20280440,base,Base Weibull PH,3,0.3,1.2,1,0.1,0.9,2000,0.3,0.1,1500,2.3182170838864824,0.18071428571428572,0.07071428571428572,1400,600,700,700
cp_cox_split_support_fit,CP + Cox (Split Support/Fit),0.92,2.1560927400135386,0.08596521317955316,s002,28,20280440,base,Base Weibull PH,3,0.3,1.2,1,0.1,0.9,2000,0.3,0.1,1500,2.3182170838864824,0.18071428571428572,0.07071428571428572,1400,600,700,700
cp_cox_full,CP + Cox,0.86,1.9024756296733696,0.0690202310654389,s002,29,20280441,base,Base Weibull PH,3,0.3,1.2,1,0.1,0.9,2000,0.3,0.1,1500,2.092272197374912,0.18428571428571427,0.07714285714285714,1400,600,700,700
cp_cox_split_support_fit,CP + Cox (Split Support/Fit),0.8683333333333333,1.9243921204558532,0.06420114805211957,s002,29,20280441,base,Base Weibull PH,3,0.3,1.2,1,0.1,0.9,2000,0.3,0.1,1500,2.092272197374912,0.18428571428571427,0.07714285714285714,1400,600,700,700
cp_cox_full,CP + Cox,0.8883333333333333,2.2237259177833018,0.10014509793022296,s002,30,20280442,base,Base Weibull PH,3,0.3,1.2,1,0.1,0.9,2000,0.3,0.1,1500,2.4140218177019563,0.175,0.07928571428571428,1400,600,700,700
cp_cox_split_support_fit,CP + Cox (Split Support/Fit),0.8816666666666667,2.212468976503558,0.11455829611959692,s002,30,20280442,base,Base Weibull PH,3,0.3,1.2,1,0.1,0.9,2000,0.3,0.1,1500,2.4140218177019563,0.175,0.07928571428571428,1400,600,700,700
cp_cox_full,CP + Cox,0.9,3.7498760167136105,0.07722556699802018,s003,1,20290413,base,Base Weibull PH,3,0.3,1.2,1,0.1,0.97,2000,0.3,0.1,1500,3.922369598266571,0.1,0.02,1400,600,700,700
cp_cox_split_support_fit,CP + Cox (Split Support/Fit),0.9116666666666666,3.781414802147195,0.06557022832444548,s003,1,20290413,base,Base Weibull PH,3,0.3,1.2,1,0.1,0.97,2000,0.3,0.1,1500,3.922369598266571,0.1,0.02,1400,600,700,700
cp_cox_full,CP + Cox,0.8866666666666667,3.5197403752468546,0.07012800164744853,s003,2,20290414,base,Base Weibull PH,3,0.3,1.2,1,0.1,0.97,2000,0.3,0.1,1500,3.69014816665522,0.12571428571428572,0.015714285714285715,1400,600,700,700
cp_cox_split_support_fit,CP + Cox (Split Support/Fit),0.8833333333333333,3.5142107038963504,0.0744534303453088,s003,2,20290414,base,Base Weibull PH,3,0.3,1.2,1,0.1,0.97,2000,0.3,0.1,1500,3.69014816665522,0.12571428571428572,0.015714285714285715,1400,600,700,700
cp_cox_full,CP + Cox,0.87,3.3149408244153795,0.07443726111886709,s003,3,20290415,base,Base Weibull PH,3,0.3,1.2,1,0.1,0.97,2000,0.3,0.1,1500,3.493409792935694,0.13071428571428573,0.02142857142857143,1400,600,700,700
cp_cox_split_support_fit,CP + Cox (Split Support/Fit),0.885,3.3286931202778067,0.07147210757679973,s003,3,20290415,base,Base Weibull PH,3,0.3,1.2,1,0.1,0.97,2000,0.3,0.1,1500,3.493409792935694,0.13071428571428573,0.02142857142857143,1400,600,700,700
cp_cox_full,CP + Cox,0.8916666666666667,3.4093601103683464,0.07780491922004348,s003,4,20290416,base,Base Weibull PH,3,0.3,1.2,1,0.1,0.97,2000,0.3,0.1,1500,3.5831583049304654,0.11857142857142858,0.014285714285714285,1400,600,700,700
cp_cox_split_support_fit,CP + Cox (Split Support/Fit),0.9,3.424740646149259,0.0685616633330576,s003,4,20290416,base,Base Weibull PH,3,0.3,1.2,1,0.1,0.97,2000,0.3,0.1,1500,3.5831583049304654,0.11857142857142858,0.014285714285714285,1400,600,700,700
cp_cox_full,CP + Cox,0.895,3.4968825945704514,0.08544476378321074,s003,5,20290417,base,Base Weibull PH,3,0.3,1.2,1,0.1,0.97,2000,0.3,0.1,1500,3.6798242655396627,0.12857142857142856,0.02142857142857143,1400,600,700,700
cp_cox_split_support_fit,CP + Cox (Split Support/Fit),0.9033333333333333,3.5066029254680076,0.08075488309522301,s003,5,20290417,base,Base Weibull PH,3,0.3,1.2,1,0.1,0.97,2000,0.3,0.1,1500,3.6798242655396627,0.12857142857142856,0.02142857142857143,1400,600,700,700
cp_cox_full,CP + Cox,0.9,3.407096363857577,0.09087016325729906,s003,6,20290418,base,Base Weibull PH,3,0.3,1.2,1,0.1,0.97,2000,0.3,0.1,1500,3.591576039447782,0.11214285714285714,0.017857142857142856,1400,600,700,700
cp_cox_split_support_fit,CP + Cox (Split Support/Fit),0.8916666666666667,3.3964208598865615,0.09644905416341958,s003,6,20290418,base,Base Weibull PH,3,0.3,1.2,1,0.1,0.97,2000,0.3,0.1,1500,3.591576039447782,0.11214285714285714,0.017857142857142856,1400,600,700,700
cp_cox_full,CP + Cox,0.9133333333333333,3.4884587943012546,0.07494782059267846,s003,7,20290419,base,Base Weibull PH,3,0.3,1.2,1,0.1,0.97,2000,0.3,0.1,1500,3.6585498609249862,0.12142857142857143,0.017142857142857144,1400,600,700,700
cp_cox_split_support_fit,CP + Cox (Split Support/Fit),0.915,3.4911857737880934,0.06901648811845269,s003,7,20290419,base,Base Weibull PH,3,0.3,1.2,1,0.1,0.97,2000,0.3,0.1,1500,3.6585498609249862,0.12142857142857143,0.017142857142857144,1400,600,700,700
cp_cox_full,CP + Cox,0.8766666666666667,3.6382868549856906,0.09836604365033604,s003,8,20290420,base,Base Weibull PH,3,0.3,1.2,1,0.1,0.97,2000,0.3,0.1,1500,3.824464105361684,0.12714285714285714,0.017857142857142856,1400,600,700,700
cp_cox_split_support_fit,CP + Cox (Split Support/Fit),0.8766666666666667,3.637192845481081,0.10220050923273352,s003,8,20290420,base,Base Weibull PH,3,0.3,1.2,1,0.1,0.97,2000,0.3,0.1,1500,3.824464105361684,0.12714285714285714,0.017857142857142856,1400,600,700,700
cp_cox_full,CP + Cox,0.89,3.3899554844909487,0.07881236420794654,s003,9,20290421,base,Base Weibull PH,3,0.3,1.2,1,0.1,0.97,2000,0.3,0.1,1500,3.560176171096442,0.12,0.02,1400,600,700,700
cp_cox_split_support_fit,CP + Cox (Split Support/Fit),0.9016666666666666,3.390085428456524,0.08740248935267719,s003,9,20290421,base,Base Weibull PH,3,0.3,1.2,1,0.1,0.97,2000,0.3,0.1,1500,3.560176171096442,0.12,0.02,1400,600,700,700
cp_cox_full,CP + Cox,0.8983333333333333,3.271169100481665,0.06402020810279659,s003,10,20290422,base,Base Weibull PH,3,0.3,1.2,1,0.1,0.97,2000,0.3,0.1,1500,3.439852186238688,0.12571428571428572,0.020714285714285713,1400,600,700,700
cp_cox_split_support_fit,CP + Cox (Split Support/Fit),0.91,3.283956581420219,0.06136177492253826,s003,10,20290422,base,Base Weibull PH,3,0.3,1.2,1,0.1,0.97,2000,0.3,0.1,1500,3.439852186238688,0.12571428571428572,0.020714285714285713,1400,600,700,700
cp_cox_full,CP + Cox,0.8783333333333333,3.209422156424311,0.1016919781353384,s003,11,20290423,base,Base Weibull PH,3,0.3,1.2,1,0.1,0.97,2000,0.3,0.1,1500,3.4099104477628566,0.11428571428571428,0.018571428571428572,1400,600,700,700
cp_cox_split_support_fit,CP + Cox (Split Support/Fit),0.8916666666666667,3.2351603071186568,0.08340648736207361,s003,11,20290423,base,Base Weibull PH,3,0.3,1.2,1,0.1,0.97,2000,0.3,0.1,1500,3.4099104477628566,0.11428571428571428,0.018571428571428572,1400,600,700,700
cp_cox_full,CP + Cox,0.9116666666666666,3.904050772221748,0.0832547364060315,s003,12,20290424,base,Base Weibull PH,3,0.3,1.2,1,0.1,0.97,2000,0.3,0.1,1500,4.076342529951303,0.11428571428571428,0.02214285714285714,1400,600,700,700
cp_cox_split_support_fit,CP + Cox (Split Support/Fit),0.9066666666666666,3.895063061297462,0.09203321782193977,s003,12,20290424,base,Base Weibull PH,3,0.3,1.2,1,0.1,0.97,2000,0.3,0.1,1500,4.076342529951303,0.11428571428571428,0.02214285714285714,1400,600,700,700
cp_cox_full,CP + Cox,0.8783333333333333,3.4311669703506493,0.08302559179495926,s003,13,20290425,base,Base Weibull PH,3,0.3,1.2,1,0.1,0.97,2000,0.3,0.1,1500,3.610224357395559,0.12071428571428572,0.019285714285714285,1400,600,700,700
cp_cox_split_support_fit,CP + Cox (Split Support/Fit),0.8883333333333333,3.4485550762167128,0.061321638436781525,s003,13,20290425,base,Base Weibull PH,3,0.3,1.2,1,0.1,0.97,2000,0.3,0.1,1500,3.610224357395559,0.12071428571428572,0.019285714285714285,1400,600,700,700
cp_cox_full,CP + Cox,0.91,3.533175228886732,0.0732803010357655,s003,14,20290426,base,Base Weibull PH,3,0.3,1.2,1,0.1,0.97,2000,0.3,0.1,1500,3.6956362764763186,0.12214285714285714,0.023571428571428573,1400,600,700,700
cp_cox_split_support_fit,CP + Cox (Split Support/Fit),0.92,3.55741997314618,0.05736100612924443,s003,14,20290426,base,Base Weibull PH,3,0.3,1.2,1,0.1,0.97,2000,0.3,0.1,1500,3.6956362764763186,0.12214285714285714,0.023571428571428573,1400,600,700,700
cp_cox_full,CP + Cox,0.9,3.7445927652122526,0.0721044837471338,s003,15,20290427,base,Base Weibull PH,3,0.3,1.2,1,0.1,0.97,2000,0.3,0.1,1500,3.9219697226845835,0.12071428571428572,0.02,1400,600,700,700
cp_cox_split_support_fit,CP + Cox (Split Support/Fit),0.9133333333333333,3.7658059050703176,0.06045677581437223,s003,15,20290427,base,Base Weibull PH,3,0.3,1.2,1,0.1,0.97,2000,0.3,0.1,1500,3.9219697226845835,0.12071428571428572,0.02,1400,600,700,700
cp_cox_full,CP + Cox,0.9083333333333333,3.4957185295555364,0.07931793703998599,s003,16,20290428,base,Base Weibull PH,3,0.3,1.2,1,0.1,0.97,2000,0.3,0.1,1500,3.682291449133932,0.11571428571428571,0.02,1400,600,700,700
cp_cox_split_support_fit,CP + Cox (Split Support/Fit),0.8916666666666667,3.460899524923744,0.10478174966291419,s003,16,20290428,base,Base Weibull PH,3,0.3,1.2,1,0.1,0.97,2000,0.3,0.1,1500,3.682291449133932,0.11571428571428571,0.02,1400,600,700,700
cp_cox_full,CP + Cox,0.9266666666666666,3.323258069479829,0.07362576031374754,s003,17,20290429,base,Base Weibull PH,3,0.3,1.2,1,0.1,0.97,2000,0.3,0.1,1500,3.489342327085147,0.13071428571428573,0.02214285714285714,1400,600,700,700
cp_cox_split_support_fit,CP + Cox (Split Support/Fit),0.9316666666666666,3.345889045306987,0.05773981137648892,s003,17,20290429,base,Base Weibull PH,3,0.3,1.2,1,0.1,0.97,2000,0.3,0.1,1500,3.489342327085147,0.13071428571428573,0.02214285714285714,1400,600,700,700
cp_cox_full,CP + Cox,0.9083333333333333,3.2860897574020433,0.06054762505554863,s003,18,20290430,base,Base Weibull PH,3,0.3,1.2,1,0.1,0.97,2000,0.3,0.1,1500,3.4142687429426104,0.12857142857142856,0.020714285714285713,1400,600,700,700
cp_cox_split_support_fit,CP + Cox (Split Support/Fit),0.89,3.267979985782026,0.0693963533458055,s003,18,20290430,base,Base Weibull PH,3,0.3,1.2,1,0.1,0.97,2000,0.3,0.1,1500,3.4142687429426104,0.12857142857142856,0.020714285714285713,1400,600,700,700
cp_cox_full,CP + Cox,0.885,3.460616798909113,0.07192285351332048,s003,19,20290431,base,Base Weibull PH,3,0.3,1.2,1,0.1,0.97,2000,0.3,0.1,1500,3.622917309022358,0.12214285714285714,0.02,1400,600,700,700
cp_cox_split_support_fit,CP + Cox (Split Support/Fit),0.89,3.4644818850843944,0.07331559063508758,s003,19,20290431,base,Base Weibull PH,3,0.3,1.2,1,0.1,0.97,2000,0.3,0.1,1500,3.622917309022358,0.12214285714285714,0.02,1400,600,700,700
cp_cox_full,CP + Cox,0.91,3.336587035932957,0.06885729595993251,s003,20,20290432,base,Base Weibull PH,3,0.3,1.2,1,0.1,0.97,2000,0.3,0.1,1500,3.505637965790127,0.11285714285714285,0.02,1400,600,700,700
cp_cox_split_support_fit,CP + Cox (Split Support/Fit),0.905,3.3381308295822376,0.058708643150443156,s003,20,20290432,base,Base Weibull PH,3,0.3,1.2,1,0.1,0.97,2000,0.3,0.1,1500,3.505637965790127,0.11285714285714285,0.02,1400,600,700,700
cp_cox_full,CP + Cox,0.905,3.3356518074106596,0.06749283192758816,s003,21,20290433,base,Base Weibull PH,3,0.3,1.2,1,0.1,0.97,2000,0.3,0.1,1500,3.501565049390018,0.13285714285714287,0.016428571428571428,1400,600,700,700
cp_cox_split_support_fit,CP + Cox (Split Support/Fit),0.9383333333333334,3.3837506657423657,0.05415001644993558,s003,21,20290433,base,Base Weibull PH,3,0.3,1.2,1,0.1,0.97,2000,0.3,0.1,1500,3.501565049390018,0.13285714285714287,0.016428571428571428,1400,600,700,700
cp_cox_full,CP + Cox,0.9133333333333333,3.4033128121422576,0.07882904797726861,s003,22,20290434,base,Base Weibull PH,3,0.3,1.2,1,0.1,0.97,2000,0.3,0.1,1500,3.56513682460545,0.12642857142857142,0.023571428571428573,1400,600,700,700
cp_cox_split_support_fit,CP + Cox (Split Support/Fit),0.9,3.391323484777679,0.0699340269047388,s003,22,20290434,base,Base Weibull PH,3,0.3,1.2,1,0.1,0.97,2000,0.3,0.1,1500,3.56513682460545,0.12642857142857142,0.023571428571428573,1400,600,700,700
cp_cox_full,CP + Cox,0.895,3.6455617412930765,0.07642893652762246,s003,23,20290435,base,Base Weibull PH,3,0.3,1.2,1,0.1,0.97,2000,0.3,0.1,1500,3.818008816009632,0.11357142857142857,0.017857142857142856,1400,600,700,700
cp_cox_split_support_fit,CP + Cox (Split Support/Fit),0.8783333333333333,3.630165540174141,0.08476520156836294,s003,23,20290435,base,Base Weibull PH,3,0.3,1.2,1,0.1,0.97,2000,0.3,0.1,1500,3.818008816009632,0.11357142857142857,0.017857142857142856,1400,600,700,700
cp_cox_full,CP + Cox,0.89,3.5813728940350043,0.068224546879618,s003,24,20290436,base,Base Weibull PH,3,0.3,1.2,1,0.1,0.97,2000,0.3,0.1,1500,3.7570710981773905,0.11714285714285715,0.023571428571428573,1400,600,700,700
cp_cox_split_support_fit,CP + Cox (Split Support/Fit),0.87,3.557365110463687,0.072122384922995,s003,24,20290436,base,Base Weibull PH,3,0.3,1.2,1,0.1,0.97,2000,0.3,0.1,1500,3.7570710981773905,0.11714285714285715,0.023571428571428573,1400,600,700,700
cp_cox_full,CP + Cox,0.8866666666666667,3.720077216048011,0.07019101692784896,s003,25,20290437,base,Base Weibull PH,3,0.3,1.2,1,0.1,0.97,2000,0.3,0.1,1500,3.900327753621503,0.1357142857142857,0.02,1400,600,700,700
cp_cox_split_support_fit,CP + Cox (Split Support/Fit),0.9183333333333333,3.7630433988273904,0.05849672655146075,s003,25,20290437,base,Base Weibull PH,3,0.3,1.2,1,0.1,0.97,2000,0.3,0.1,1500,3.900327753621503,0.1357142857142857,0.02,1400,600,700,700
cp_cox_full,CP + Cox,0.9016666666666666,3.4555751335765805,0.07486250406178313,s003,26,20290438,base,Base Weibull PH,3,0.3,1.2,1,0.1,0.97,2000,0.3,0.1,1500,3.6161004790808633,0.10785714285714286,0.020714285714285713,1400,600,700,700
cp_cox_split_support_fit,CP + Cox (Split Support/Fit),0.875,3.4087584653455565,0.09646445576998589,s003,26,20290438,base,Base Weibull PH,3,0.3,1.2,1,0.1,0.97,2000,0.3,0.1,1500,3.6161004790808633,0.10785714285714286,0.020714285714285713,1400,600,700,700
cp_cox_full,CP + Cox,0.8883333333333333,3.3295460164265527,0.08559664625468812,s003,27,20290439,base,Base Weibull PH,3,0.3,1.2,1,0.1,0.97,2000,0.3,0.1,1500,3.5094856658313116,0.12928571428571428,0.013571428571428571,1400,600,700,700
cp_cox_split_support_fit,CP + Cox (Split Support/Fit),0.9016666666666666,3.34708678618344,0.0705893403548934,s003,27,20290439,base,Base Weibull PH,3,0.3,1.2,1,0.1,0.97,2000,0.3,0.1,1500,3.5094856658313116,0.12928571428571428,0.013571428571428571,1400,600,700,700
cp_cox_full,CP + Cox,0.88,3.2936467114744814,0.07512740953020704,s003,28,20290440,base,Base Weibull PH,3,0.3,1.2,1,0.1,0.97,2000,0.3,0.1,1500,3.490586706567732,0.11785714285714285,0.017857142857142856,1400,600,700,700
cp_cox_split_support_fit,CP + Cox (Split Support/Fit),0.8983333333333333,3.3230480577453014,0.06379802245308484,s003,28,20290440,base,Base Weibull PH,3,0.3,1.2,1,0.1,0.97,2000,0.3,0.1,1500,3.490586706567732,0.11785714285714285,0.017857142857142856,1400,600,700,700
cp_cox_full,CP + Cox,0.87,3.487406006972045,0.07270822016420879,s003,29,20290441,base,Base Weibull PH,3,0.3,1.2,1,0.1,0.97,2000,0.3,0.1,1500,3.6574763165216124,0.11357142857142857,0.025,1400,600,700,700
cp_cox_split_support_fit,CP + Cox (Split Support/Fit),0.8766666666666667,3.4993972082213243,0.06680446830522682,s003,29,20290441,base,Base Weibull PH,3,0.3,1.2,1,0.1,0.97,2000,0.3,0.1,1500,3.6574763165216124,0.11357142857142857,0.025,1400,600,700,700
cp_cox_full,CP + Cox,0.885,3.1609633686908682,0.07842600933704243,s003,30,20290442,base,Base Weibull PH,3,0.3,1.2,1,0.1,0.97,2000,0.3,0.1,1500,3.3148637631840714,0.12,0.017857142857142856,1400,600,700,700
cp_cox_split_support_fit,CP + Cox (Split Support/Fit),0.8816666666666667,3.1656388220151968,0.07267030908032265,s003,30,20290442,base,Base Weibull PH,3,0.3,1.2,1,0.1,0.97,2000,0.3,0.1,1500,3.3148637631840714,0.12,0.017857142857142856,1400,600,700,700
cp_cox_full,CP + Cox,0.8783333333333333,1.1473561792006022,0.0829872189525481,s004,1,20300413,base,Base Weibull PH,3,0.3,1.2,1,0.2,0.75,2000,0.3,0.1,1500,1.334711790362588,0.36142857142857143,0.15785714285714286,1400,600,700,700
cp_cox_split_support_fit,CP + Cox (Split Support/Fit),0.9016666666666666,1.1791802517489232,0.07281046885603099,s004,1,20300413,base,Base Weibull PH,3,0.3,1.2,1,0.2,0.75,2000,0.3,0.1,1500,1.334711790362588,0.36142857142857143,0.15785714285714286,1400,600,700,700
cp_cox_full,CP + Cox,0.8983333333333333,1.2485062891102396,0.09063778131755147,s004,2,20300414,base,Base Weibull PH,3,0.3,1.2,1,0.2,0.75,2000,0.3,0.1,1500,1.4287039537997737,0.36357142857142855,0.1692857142857143,1400,600,700,700
cp_cox_split_support_fit,CP + Cox (Split Support/Fit),0.9033333333333333,1.2567605399235262,0.0863018548823859,s004,2,20300414,base,Base Weibull PH,3,0.3,1.2,1,0.2,0.75,2000,0.3,0.1,1500,1.4287039537997737,0.36357142857142855,0.1692857142857143,1400,600,700,700
cp_cox_full,CP + Cox,0.905,1.2008132562507219,0.08700862227339512,s004,3,20300415,base,Base Weibull PH,3,0.3,1.2,1,0.2,0.75,2000,0.3,0.1,1500,1.37440914447317,0.35428571428571426,0.16785714285714284,1400,600,700,700
cp_cox_split_support_fit,CP + Cox (Split Support/Fit),0.885,1.156675784955921,0.12870752658999599,s004,3,20300415,base,Base Weibull PH,3,0.3,1.2,1,0.2,0.75,2000,0.3,0.1,1500,1.37440914447317,0.35428571428571426,0.16785714285714284,1400,600,700,700
cp_cox_full,CP + Cox,0.9233333333333333,1.1886105536603042,0.06881925947869093,s004,4,20300416,base,Base Weibull PH,3,0.3,1.2,1,0.2,0.75,2000,0.3,0.1,1500,1.3345537582931226,0.34785714285714286,0.165,1400,600,700,700
cp_cox_split_support_fit,CP + Cox (Split Support/Fit),0.915,1.1671984693576465,0.08361842665602998,s004,4,20300416,base,Base Weibull PH,3,0.3,1.2,1,0.2,0.75,2000,0.3,0.1,1500,1.3345537582931226,0.34785714285714286,0.165,1400,600,700,700
cp_cox_full,CP + Cox,0.915,1.264288260961244,0.06972178078206999,s004,5,20300417,base,Base Weibull PH,3,0.3,1.2,1,0.2,0.75,2000,0.3,0.1,1500,1.426083219568451,0.36,0.16,1400,600,700,700
cp_cox_split_support_fit,CP + Cox (Split Support/Fit),0.9166666666666666,1.2716475204006161,0.06458203563696717,s004,5,20300417,base,Base Weibull PH,3,0.3,1.2,1,0.2,0.75,2000,0.3,0.1,1500,1.426083219568451,0.36,0.16,1400,600,700,700
cp_cox_full,CP + Cox,0.9133333333333333,1.2291797249951533,0.07241938088646985,s004,6,20300418,base,Base Weibull PH,3,0.3,1.2,1,0.2,0.75,2000,0.3,0.1,1500,1.3922262728224637,0.37,0.16785714285714284,1400,600,700,700
cp_cox_split_support_fit,CP + Cox (Split Support/Fit),0.92,1.2420834894520998,0.07026337163331302,s004,6,20300418,base,Base Weibull PH,3,0.3,1.2,1,0.2,0.75,2000,0.3,0.1,1500,1.3922262728224637,0.37,0.16785714285714284,1400,600,700,700
cp_cox_full,CP + Cox,0.935,1.2118256326677084,0.059044648039730856,s004,7,20300419,base,Base Weibull PH,3,0.3,1.2,1,0.2,0.75,2000,0.3,0.1,1500,1.3584255177091769,0.37285714285714283,0.1657142857142857,1400,600,700,700
cp_cox_split_support_fit,CP + Cox (Split Support/Fit),0.9283333333333333,1.1992962895226345,0.06281470389169773,s004,7,20300419,base,Base Weibull PH,3,0.3,1.2,1,0.2,0.75,2000,0.3,0.1,1500,1.3584255177091769,0.37285714285714283,0.1657142857142857,1400,600,700,700
cp_cox_full,CP + Cox,0.8783333333333333,1.2209097487724236,0.08984140646395565,s004,8,20300420,base,Base Weibull PH,3,0.3,1.2,1,0.2,0.75,2000,0.3,0.1,1500,1.407232654942847,0.355,0.14714285714285713,1400,600,700,700
cp_cox_split_support_fit,CP + Cox (Split Support/Fit),0.875,1.2164377337835162,0.09552651041580232,s004,8,20300420,base,Base Weibull PH,3,0.3,1.2,1,0.2,0.75,2000,0.3,0.1,1500,1.407232654942847,0.355,0.14714285714285713,1400,600,700,700
cp_cox_full,CP + Cox,0.91,1.219976466943882,0.07442321036222742,s004,9,20300421,base,Base Weibull PH,3,0.3,1.2,1,0.2,0.75,2000,0.3,0.1,1500,1.3759511726307323,0.34285714285714286,0.15571428571428572,1400,600,700,700
cp_cox_split_support_fit,CP + Cox (Split Support/Fit),0.9033333333333333,1.2116544829990148,0.07252312472577065,s004,9,20300421,base,Base Weibull PH,3,0.3,1.2,1,0.2,0.75,2000,0.3,0.1,1500,1.3759511726307323,0.34285714285714286,0.15571428571428572,1400,600,700,700
cp_cox_full,CP + Cox,0.8916666666666667,1.1951412655606768,0.09039474886240341,s004,10,20300422,base,Base Weibull PH,3,0.3,1.2,1,0.2,0.75,2000,0.3,0.1,1500,1.3634888548192388,0.37785714285714284,0.17857142857142858,1400,600,700,700
cp_cox_split_support_fit,CP + Cox (Split Support/Fit),0.86,1.1576066291640865,0.11357089813765522,s004,10,20300422,base,Base Weibull PH,3,0.3,1.2,1,0.2,0.75,2000,0.3,0.1,1500,1.3634888548192388,0.37785714285714284,0.17857142857142858,1400,600,700,700
cp_cox_full,CP + Cox,0.9333333333333333,1.2142284820949314,0.0657963100578508,s004,11,20300423,base,Base Weibull PH,3,0.3,1.2,1,0.2,0.75,2000,0.3,0.1,1500,1.3802365270492012,0.36214285714285716,0.17285714285714285,1400,600,700,700
cp_cox_split_support_fit,CP + Cox (Split Support/Fit),0.93,1.2085193052851275,0.06668457885527763,s004,11,20300423,base,Base Weibull PH,3,0.3,1.2,1,0.2,0.75,2000,0.3,0.1,1500,1.3802365270492012,0.36214285714285716,0.17285714285714285,1400,600,700,700
cp_cox_full,CP + Cox,0.8933333333333333,1.2254340436104245,0.07464740267653784,s004,12,20300424,base,Base Weibull PH,3,0.3,1.2,1,0.2,0.75,2000,0.3,0.1,1500,1.404848320509998,0.36142857142857143,0.15357142857142858,1400,600,700,700
cp_cox_split_support_fit,CP + Cox (Split Support/Fit),0.9183333333333333,1.2518810232320026,0.07082651713938716,s004,12,20300424,base,Base Weibull PH,3,0.3,1.2,1,0.2,0.75,2000,0.3,0.1,1500,1.404848320509998,0.36142857142857143,0.15357142857142858,1400,600,700,700
cp_cox_full,CP + Cox,0.875,1.1825365944655302,0.07849639889960885,s004,13,20300425,base,Base Weibull PH,3,0.3,1.2,1,0.2,0.75,2000,0.3,0.1,1500,1.3713749015504484,0.35,0.17714285714285713,1400,600,700,700
cp_cox_split_support_fit,CP + Cox (Split Support/Fit),0.875,1.1887510026657864,0.06676889791068182,s004,13,20300425,base,Base Weibull PH,3,0.3,1.2,1,0.2,0.75,2000,0.3,0.1,1500,1.3713749015504484,0.35,0.17714285714285713,1400,600,700,700
cp_cox_full,CP + Cox,0.925,1.2689677153061807,0.07514527512776198,s004,14,20300426,base,Base Weibull PH,3,0.3,1.2,1,0.2,0.75,2000,0.3,0.1,1500,1.437862010134117,0.37,0.15357142857142858,1400,600,700,700
cp_cox_split_support_fit,CP + Cox (Split Support/Fit),0.92,1.2570648918723508,0.08339783362931298,s004,14,20300426,base,Base Weibull PH,3,0.3,1.2,1,0.2,0.75,2000,0.3,0.1,1500,1.437862010134117,0.37,0.15357142857142858,1400,600,700,700
cp_cox_full,CP + Cox,0.8966666666666666,1.2014211035472193,0.07963883634638644,s004,15,20300427,base,Base Weibull PH,3,0.3,1.2,1,0.2,0.75,2000,0.3,0.1,1500,1.372992727744947,0.37285714285714283,0.17857142857142858,1400,600,700,700
cp_cox_split_support_fit,CP + Cox (Split Support/Fit),0.8966666666666666,1.1969625183109458,0.09006529940044328,s004,15,20300427,base,Base Weibull PH,3,0.3,1.2,1,0.2,0.75,2000,0.3,0.1,1500,1.372992727744947,0.37285714285714283,0.17857142857142858,1400,600,700,700
cp_cox_full,CP + Cox,0.895,1.1819521549428595,0.09891569673479843,s004,16,20300428,base,Base Weibull PH,3,0.3,1.2,1,0.2,0.75,2000,0.3,0.1,1500,1.3733598370270932,0.3657142857142857,0.155,1400,600,700,700
cp_cox_split_support_fit,CP + Cox (Split Support/Fit),0.9066666666666666,1.2056602943227532,0.08648251619740656,s004,16,20300428,base,Base Weibull PH,3,0.3,1.2,1,0.2,0.75,2000,0.3,0.1,1500,1.3733598370270932,0.3657142857142857,0.155,1400,600,700,700
cp_cox_full,CP + Cox,0.905,1.2476031193830006,0.07333991147469322,s004,17,20300429,base,Base Weibull PH,3,0.3,1.2,1,0.2,0.75,2000,0.3,0.1,1500,1.4270814373287215,0.3757142857142857,0.17785714285714285,1400,600,700,700
cp_cox_split_support_fit,CP + Cox (Split Support/Fit),0.905,1.2449579143665293,0.06951626164237693,s004,17,20300429,base,Base Weibull PH,3,0.3,1.2,1,0.2,0.75,2000,0.3,0.1,1500,1.4270814373287215,0.3757142857142857,0.17785714285714285,1400,600,700,700
cp_cox_full,CP + Cox,0.9066666666666666,1.1676461453275122,0.07244296410346533,s004,18,20300430,base,Base Weibull PH,3,0.3,1.2,1,0.2,0.75,2000,0.3,0.1,1500,1.3459399890811734,0.3628571428571429,0.17,1400,600,700,700
cp_cox_split_support_fit,CP + Cox (Split Support/Fit),0.8983333333333333,1.1575611785205389,0.07124740840670349,s004,18,20300430,base,Base Weibull PH,3,0.3,1.2,1,0.2,0.75,2000,0.3,0.1,1500,1.3459399890811734,0.3628571428571429,0.17,1400,600,700,700
cp_cox_full,CP + Cox,0.905,1.1990518014692886,0.06709224069695666,s004,19,20300431,base,Base Weibull PH,3,0.3,1.2,1,0.2,0.75,2000,0.3,0.1,1500,1.3531118288673607,0.36,0.1707142857142857,1400,600,700,700
cp_cox_split_support_fit,CP + Cox (Split Support/Fit),0.9083333333333333,1.2002588332523239,0.07596961223375572,s004,19,20300431,base,Base Weibull PH,3,0.3,1.2,1,0.2,0.75,2000,0.3,0.1,1500,1.3531118288673607,0.36,0.1707142857142857,1400,600,700,700
cp_cox_full,CP + Cox,0.8616666666666667,1.1912660530543262,0.10189929191544728,s004,20,20300432,base,Base Weibull PH,3,0.3,1.2,1,0.2,0.75,2000,0.3,0.1,1500,1.403875937725209,0.36,0.15714285714285714,1400,600,700,700
cp_cox_split_support_fit,CP + Cox (Split Support/Fit),0.8866666666666667,1.2223889590346673,0.09926196463834426,s004,20,20300432,base,Base Weibull PH,3,0.3,1.2,1,0.2,0.75,2000,0.3,0.1,1500,1.403875937725209,0.36,0.15714285714285714,1400,600,700,700
cp_cox_full,CP + Cox,0.91,1.272108686014599,0.0665004980812849,s004,21,20300433,base,Base Weibull PH,3,0.3,1.2,1,0.2,0.75,2000,0.3,0.1,1500,1.4325435560806008,0.3514285714285714,0.16714285714285715,1400,600,700,700
cp_cox_split_support_fit,CP + Cox (Split Support/Fit),0.8916666666666667,1.2527741285862595,0.06908892223691426,s004,21,20300433,base,Base Weibull PH,3,0.3,1.2,1,0.2,0.75,2000,0.3,0.1,1500,1.4325435560806008,0.3514285714285714,0.16714285714285715,1400,600,700,700
cp_cox_full,CP + Cox,0.92,1.1938513872548078,0.08073979011797235,s004,22,20300434,base,Base Weibull PH,3,0.3,1.2,1,0.2,0.75,2000,0.3,0.1,1500,1.3478732452465279,0.3692857142857143,0.1692857142857143,1400,600,700,700
cp_cox_split_support_fit,CP + Cox (Split Support/Fit),0.925,1.2003203979207395,0.07306162279094261,s004,22,20300434,base,Base Weibull PH,3,0.3,1.2,1,0.2,0.75,2000,0.3,0.1,1500,1.3478732452465279,0.3692857142857143,0.1692857142857143,1400,600,700,700
cp_cox_full,CP + Cox,0.895,1.1959641860179788,0.08523733704823576,s004,23,20300435,base,Base Weibull PH,3,0.3,1.2,1,0.2,0.75,2000,0.3,0.1,1500,1.3516262370831367,0.3757142857142857,0.18071428571428572,1400,600,700,700
cp_cox_split_support_fit,CP + Cox (Split Support/Fit),0.8966666666666666,1.1890606776179717,0.08841128665693744,s004,23,20300435,base,Base Weibull PH,3,0.3,1.2,1,0.2,0.75,2000,0.3,0.1,1500,1.3516262370831367,0.3757142857142857,0.18071428571428572,1400,600,700,700
cp_cox_full,CP + Cox,0.8916666666666667,1.1909019237059977,0.0909558132482182,s004,24,20300436,base,Base Weibull PH,3,0.3,1.2,1,0.2,0.75,2000,0.3,0.1,1500,1.3812988137666862,0.3707142857142857,0.1692857142857143,1400,600,700,700
cp_cox_split_support_fit,CP + Cox (Split Support/Fit),0.89,1.1908187165150639,0.09298005987060683,s004,24,20300436,base,Base Weibull PH,3,0.3,1.2,1,0.2,0.75,2000,0.3,0.1,1500,1.3812988137666862,0.3707142857142857,0.1692857142857143,1400,600,700,700
cp_cox_full,CP + Cox,0.895,1.1932708997451968,0.06350829787943611,s004,25,20300437,base,Base Weibull PH,3,0.3,1.2,1,0.2,0.75,2000,0.3,0.1,1500,1.3500102449462945,0.36428571428571427,0.16285714285714287,1400,600,700,700
cp_cox_split_support_fit,CP + Cox (Split Support/Fit),0.9033333333333333,1.2068480234863226,0.05585705915037484,s004,25,20300437,base,Base Weibull PH,3,0.3,1.2,1,0.2,0.75,2000,0.3,0.1,1500,1.3500102449462945,0.36428571428571427,0.16285714285714287,1400,600,700,700
cp_cox_full,CP + Cox,0.9266666666666666,1.2403880673770897,0.07156687455798245,s004,26,20300438,base,Base Weibull PH,3,0.3,1.2,1,0.2,0.75,2000,0.3,0.1,1500,1.4065583084411093,0.3607142857142857,0.14785714285714285,1400,600,700,700
cp_cox_split_support_fit,CP + Cox (Split Support/Fit),0.9316666666666666,1.2568865742150366,0.06143660012742806,s004,26,20300438,base,Base Weibull PH,3,0.3,1.2,1,0.2,0.75,2000,0.3,0.1,1500,1.4065583084411093,0.3607142857142857,0.14785714285714285,1400,600,700,700
cp_cox_full,CP + Cox,0.8866666666666667,1.1574074626093545,0.06801958429931507,s004,27,20300439,base,Base Weibull PH,3,0.3,1.2,1,0.2,0.75,2000,0.3,0.1,1500,1.3152667176728596,0.36642857142857144,0.16642857142857143,1400,600,700,700
cp_cox_split_support_fit,CP + Cox (Split Support/Fit),0.8733333333333333,1.1348051501783034,0.08974489477102571,s004,27,20300439,base,Base Weibull PH,3,0.3,1.2,1,0.2,0.75,2000,0.3,0.1,1500,1.3152667176728596,0.36642857142857144,0.16642857142857143,1400,600,700,700
cp_cox_full,CP + Cox,0.9016666666666666,1.1846253858337916,0.08092631837125017,s004,28,20300440,base,Base Weibull PH,3,0.3,1.2,1,0.2,0.75,2000,0.3,0.1,1500,1.3681565539090625,0.37214285714285716,0.16785714285714284,1400,600,700,700
cp_cox_split_support_fit,CP + Cox (Split Support/Fit),0.8966666666666666,1.169738103853894,0.09225631215581517,s004,28,20300440,base,Base Weibull PH,3,0.3,1.2,1,0.2,0.75,2000,0.3,0.1,1500,1.3681565539090625,0.37214285714285716,0.16785714285714284,1400,600,700,700
cp_cox_full,CP + Cox,0.8933333333333333,1.1684906597904288,0.0669546284690033,s004,29,20300441,base,Base Weibull PH,3,0.3,1.2,1,0.2,0.75,2000,0.3,0.1,1500,1.3347942439098697,0.36214285714285716,0.16214285714285714,1400,600,700,700
cp_cox_split_support_fit,CP + Cox (Split Support/Fit),0.9016666666666666,1.1769691465648857,0.061618326624178224,s004,29,20300441,base,Base Weibull PH,3,0.3,1.2,1,0.2,0.75,2000,0.3,0.1,1500,1.3347942439098697,0.36214285714285716,0.16214285714285714,1400,600,700,700
cp_cox_full,CP + Cox,0.895,1.2101266349076854,0.09465674781773806,s004,30,20300442,base,Base Weibull PH,3,0.3,1.2,1,0.2,0.75,2000,0.3,0.1,1500,1.390917109492069,0.3657142857142857,0.17214285714285715,1400,600,700,700
cp_cox_split_support_fit,CP + Cox (Split Support/Fit),0.8516666666666667,1.1418523997460155,0.13869076747580308,s004,30,20300442,base,Base Weibull PH,3,0.3,1.2,1,0.2,0.75,2000,0.3,0.1,1500,1.390917109492069,0.3657142857142857,0.17214285714285715,1400,600,700,700
cp_cox_full,CP + Cox,0.9166666666666666,2.2364694025346967,0.06551528520738145,s005,1,20310413,base,Base Weibull PH,3,0.3,1.2,1,0.2,0.9,2000,0.3,0.1,1500,2.3798811158538054,0.24071428571428571,0.06,1400,600,700,700
cp_cox_split_support_fit,CP + Cox (Split Support/Fit),0.9116666666666666,2.232317616862818,0.07502270458163852,s005,1,20310413,base,Base Weibull PH,3,0.3,1.2,1,0.2,0.9,2000,0.3,0.1,1500,2.3798811158538054,0.24071428571428571,0.06,1400,600,700,700
cp_cox_full,CP + Cox,0.87,2.1183914913876287,0.08234862621349213,s005,2,20310414,base,Base Weibull PH,3,0.3,1.2,1,0.2,0.9,2000,0.3,0.1,1500,2.2932723657875758,0.2757142857142857,0.062142857142857146,1400,600,700,700
cp_cox_split_support_fit,CP + Cox (Split Support/Fit),0.8583333333333333,2.100864127901197,0.0999044117397715,s005,2,20310414,base,Base Weibull PH,3,0.3,1.2,1,0.2,0.9,2000,0.3,0.1,1500,2.2932723657875758,0.2757142857142857,0.062142857142857146,1400,600,700,700
cp_cox_full,CP + Cox,0.89,1.95762346942795,0.062276376544857556,s005,3,20310415,base,Base Weibull PH,3,0.3,1.2,1,0.2,0.9,2000,0.3,0.1,1500,2.109032397703024,0.25642857142857145,0.05142857142857143,1400,600,700,700
cp_cox_split_support_fit,CP + Cox (Split Support/Fit),0.875,1.9289518528870044,0.07387619309533913,s005,3,20310415,base,Base Weibull PH,3,0.3,1.2,1,0.2,0.9,2000,0.3,0.1,1500,2.109032397703024,0.25642857142857145,0.05142857142857143,1400,600,700,700
cp_cox_full,CP + Cox,0.8833333333333333,2.2693358147379232,0.07061719203353939,s005,4,20310416,base,Base Weibull PH,3,0.3,1.2,1,0.2,0.9,2000,0.3,0.1,1500,2.426349961818907,0.24071428571428571,0.06571428571428571,1400,600,700,700
cp_cox_split_support_fit,CP + Cox (Split Support/Fit),0.8833333333333333,2.270721278625847,0.0643404975454336,s005,4,20310416,base,Base Weibull PH,3,0.3,1.2,1,0.2,0.9,2000,0.3,0.1,1500,2.426349961818907,0.24071428571428571,0.06571428571428571,1400,600,700,700
cp_cox_full,CP + Cox,0.8866666666666667,2.143789346033865,0.09609154856598957,s005,5,20310417,base,Base Weibull PH,3,0.3,1.2,1,0.2,0.9,2000,0.3,0.1,1500,2.3284679391673357,0.25,0.05857142857142857,1400,600,700,700
cp_cox_split_support_fit,CP + Cox (Split Support/Fit),0.9033333333333333,2.1650538637949097,0.08070769294620483,s005,5,20310417,base,Base Weibull PH,3,0.3,1.2,1,0.2,0.9,2000,0.3,0.1,1500,2.3284679391673357,0.25,0.05857142857142857,1400,600,700,700
cp_cox_full,CP + Cox,0.89,2.027998351088197,0.07337607945669565,s005,6,20310418,base,Base Weibull PH,3,0.3,1.2,1,0.2,0.9,2000,0.3,0.1,1500,2.1788722534112757,0.23785714285714285,0.045,1400,600,700,700
cp_cox_split_support_fit,CP + Cox (Split Support/Fit),0.8916666666666667,2.0208872652223744,0.08644665697363108,s005,6,20310418,base,Base Weibull PH,3,0.3,1.2,1,0.2,0.9,2000,0.3,0.1,1500,2.1788722534112757,0.23785714285714285,0.045,1400,600,700,700
cp_cox_full,CP + Cox,0.9333333333333333,2.1138076964946153,0.05786181049831748,s005,7,20310419,base,Base Weibull PH,3,0.3,1.2,1,0.2,0.9,2000,0.3,0.1,1500,2.2452028477923807,0.245,0.047142857142857146,1400,600,700,700
cp_cox_split_support_fit,CP + Cox (Split Support/Fit),0.8883333333333333,2.044915356337445,0.0905569543848737,s005,7,20310419,base,Base Weibull PH,3,0.3,1.2,1,0.2,0.9,2000,0.3,0.1,1500,2.2452028477923807,0.245,0.047142857142857146,1400,600,700,700
cp_cox_full,CP + Cox,0.9316666666666666,1.9641537809624134,0.06863675887397584,s005,8,20310420,base,Base Weibull PH,3,0.3,1.2,1,0.2,0.9,2000,0.3,0.1,1500,2.1286009631725675,0.25142857142857145,0.054285714285714284,1400,600,700,700
cp_cox_split_support_fit,CP + Cox (Split Support/Fit),0.9283333333333333,1.9697837623511145,0.058544675182773065,s005,8,20310420,base,Base Weibull PH,3,0.3,1.2,1,0.2,0.9,2000,0.3,0.1,1500,2.1286009631725675,0.25142857142857145,0.054285714285714284,1400,600,700,700
cp_cox_full,CP + Cox,0.8733333333333333,2.1343332591953423,0.07947507001592713,s005,9,20310421,base,Base Weibull PH,3,0.3,1.2,1,0.2,0.9,2000,0.3,0.1,1500,2.320835338134813,0.2542857142857143,0.047857142857142855,1400,600,700,700
cp_cox_split_support_fit,CP + Cox (Split Support/Fit),0.9066666666666666,2.180421683877097,0.06230401946134438,s005,9,20310421,base,Base Weibull PH,3,0.3,1.2,1,0.2,0.9,2000,0.3,0.1,1500,2.320835338134813,0.2542857142857143,0.047857142857142855,1400,600,700,700
cp_cox_full,CP + Cox,0.9116666666666666,2.0784162141301343,0.07952432332084573,s005,10,20310422,base,Base Weibull PH,3,0.3,1.2,1,0.2,0.9,2000,0.3,0.1,1500,2.2540654282682664,0.24214285714285713,0.060714285714285714,1400,600,700,700
cp_cox_split_support_fit,CP + Cox (Split Support/Fit),0.9216666666666666,2.09684792545463,0.07767717175697082,s005,10,20310422,base,Base Weibull PH,3,0.3,1.2,1,0.2,0.9,2000,0.3,0.1,1500,2.2540654282682664,0.24214285714285713,0.060714285714285714,1400,600,700,700
cp_cox_full,CP + Cox,0.8783333333333333,2.066258648385173,0.09090912411689175,s005,11,20310423,base,Base Weibull PH,3,0.3,1.2,1,0.2,0.9,2000,0.3,0.1,1500,2.2620657266512576,0.2392857142857143,0.055714285714285716,1400,600,700,700
cp_cox_split_support_fit,CP + Cox (Split Support/Fit),0.8933333333333333,2.084892688215547,0.08313676390391195,s005,11,20310423,base,Base Weibull PH,3,0.3,1.2,1,0.2,0.9,2000,0.3,0.1,1500,2.2620657266512576,0.2392857142857143,0.055714285714285716,1400,600,700,700
cp_cox_full,CP + Cox,0.915,2.212380621463675,0.0786879662562088,s005,12,20310424,base,Base Weibull PH,3,0.3,1.2,1,0.2,0.9,2000,0.3,0.1,1500,2.3950386734085116,0.2507142857142857,0.05928571428571429,1400,600,700,700
cp_cox_split_support_fit,CP + Cox (Split Support/Fit),0.9233333333333333,2.231582126870802,0.07374944903481813,s005,12,20310424,base,Base Weibull PH,3,0.3,1.2,1,0.2,0.9,2000,0.3,0.1,1500,2.3950386734085116,0.2507142857142857,0.05928571428571429,1400,600,700,700
cp_cox_full,CP + Cox,0.9083333333333333,2.092287879592811,0.06549303262485029,s005,13,20310425,base,Base Weibull PH,3,0.3,1.2,1,0.2,0.9,2000,0.3,0.1,1500,2.2556280638314394,0.25642857142857145,0.055,1400,600,700,700
cp_cox_split_support_fit,CP + Cox (Split Support/Fit),0.9066666666666666,2.093108171879272,0.06313394447845082,s005,13,20310425,base,Base Weibull PH,3,0.3,1.2,1,0.2,0.9,2000,0.3,0.1,1500,2.2556280638314394,0.25642857142857145,0.055,1400,600,700,700
cp_cox_full,CP + Cox,0.8733333333333333,2.1869610537029742,0.0942378647987394,s005,14,20310426,base,Base Weibull PH,3,0.3,1.2,1,0.2,0.9,2000,0.3,0.1,1500,2.377024343943752,0.285,0.04857142857142857,1400,600,700,700
cp_cox_split_support_fit,CP + Cox (Split Support/Fit),0.8983333333333333,2.2260774138555672,0.06387801432712277,s005,14,20310426,base,Base Weibull PH,3,0.3,1.2,1,0.2,0.9,2000,0.3,0.1,1500,2.377024343943752,0.285,0.04857142857142857,1400,600,700,700
cp_cox_full,CP + Cox,0.93,2.156340740190819,0.0791580542217035,s005,15,20310427,base,Base Weibull PH,3,0.3,1.2,1,0.2,0.9,2000,0.3,0.1,1500,2.307689452495774,0.2664285714285714,0.056428571428571425,1400,600,700,700
cp_cox_split_support_fit,CP + Cox (Split Support/Fit),0.925,2.1584935294123877,0.06800039936766081,s005,15,20310427,base,Base Weibull PH,3,0.3,1.2,1,0.2,0.9,2000,0.3,0.1,1500,2.307689452495774,0.2664285714285714,0.056428571428571425,1400,600,700,700
cp_cox_full,CP + Cox,0.8666666666666667,2.0337508243999918,0.10654428956997027,s005,16,20310428,base,Base Weibull PH,3,0.3,1.2,1,0.2,0.9,2000,0.3,0.1,1500,2.2409016343622676,0.2742857142857143,0.054285714285714284,1400,600,700,700
cp_cox_split_support_fit,CP + Cox (Split Support/Fit),0.925,2.0927118224154575,0.0817438095531751,s005,16,20310428,base,Base Weibull PH,3,0.3,1.2,1,0.2,0.9,2000,0.3,0.1,1500,2.2409016343622676,0.2742857142857143,0.054285714285714284,1400,600,700,700
cp_cox_full,CP + Cox,0.8916666666666667,2.093336488673075,0.07672316110481744,s005,17,20310429,base,Base Weibull PH,3,0.3,1.2,1,0.2,0.9,2000,0.3,0.1,1500,2.25544145339791,0.25357142857142856,0.04928571428571429,1400,600,700,700
cp_cox_split_support_fit,CP + Cox (Split Support/Fit),0.9033333333333333,2.11018413212368,0.08260208440246822,s005,17,20310429,base,Base Weibull PH,3,0.3,1.2,1,0.2,0.9,2000,0.3,0.1,1500,2.25544145339791,0.25357142857142856,0.04928571428571429,1400,600,700,700
cp_cox_full,CP + Cox,0.9016666666666666,2.110239448296418,0.06529148421452703,s005,18,20310430,base,Base Weibull PH,3,0.3,1.2,1,0.2,0.9,2000,0.3,0.1,1500,2.2732621697129107,0.26142857142857145,0.05785714285714286,1400,600,700,700
cp_cox_split_support_fit,CP + Cox (Split Support/Fit),0.8833333333333333,2.0871079934775962,0.08423493274388007,s005,18,20310430,base,Base Weibull PH,3,0.3,1.2,1,0.2,0.9,2000,0.3,0.1,1500,2.2732621697129107,0.26142857142857145,0.05785714285714286,1400,600,700,700
cp_cox_full,CP + Cox,0.89,2.1056297848058967,0.07905021624657582,s005,19,20310431,base,Base Weibull PH,3,0.3,1.2,1,0.2,0.9,2000,0.3,0.1,1500,2.299150342493739,0.25214285714285717,0.05,1400,600,700,700
cp_cox_split_support_fit,CP + Cox (Split Support/Fit),0.9083333333333333,2.138295359635299,0.06299747354066167,s005,19,20310431,base,Base Weibull PH,3,0.3,1.2,1,0.2,0.9,2000,0.3,0.1,1500,2.299150342493739,0.25214285714285717,0.05,1400,600,700,700
cp_cox_full,CP + Cox,0.8983333333333333,2.2264304789794602,0.0710968428274335,s005,20,20310432,base,Base Weibull PH,3,0.3,1.2,1,0.2,0.9,2000,0.3,0.1,1500,2.411317072369328,0.25642857142857145,0.05714285714285714,1400,600,700,700
cp_cox_split_support_fit,CP + Cox (Split Support/Fit),0.8983333333333333,2.2184787505893713,0.08382559955999803,s005,20,20310432,base,Base Weibull PH,3,0.3,1.2,1,0.2,0.9,2000,0.3,0.1,1500,2.411317072369328,0.25642857142857145,0.05714285714285714,1400,600,700,700
cp_cox_full,CP + Cox,0.915,2.0858915718690088,0.07627448982483408,s005,21,20310433,base,Base Weibull PH,3,0.3,1.2,1,0.2,0.9,2000,0.3,0.1,1500,2.237742622757502,0.25,0.05357142857142857,1400,600,700,700
cp_cox_split_support_fit,CP + Cox (Split Support/Fit),0.9166666666666666,2.091741234395073,0.07657493416163313,s005,21,20310433,base,Base Weibull PH,3,0.3,1.2,1,0.2,0.9,2000,0.3,0.1,1500,2.237742622757502,0.25,0.05357142857142857,1400,600,700,700
cp_cox_full,CP + Cox,0.9166666666666666,2.1857117535278334,0.09627976497638645,s005,22,20310434,base,Base Weibull PH,3,0.3,1.2,1,0.2,0.9,2000,0.3,0.1,1500,2.3673166752223125,0.23857142857142857,0.055714285714285716,1400,600,700,700
cp_cox_split_support_fit,CP + Cox (Split Support/Fit),0.9216666666666666,2.1984714335761137,0.10970702945564842,s005,22,20310434,base,Base Weibull PH,3,0.3,1.2,1,0.2,0.9,2000,0.3,0.1,1500,2.3673166752223125,0.23857142857142857,0.055714285714285716,1400,600,700,700
cp_cox_full,CP + Cox,0.8783333333333333,2.086821431831927,0.09670661526425058,s005,23,20310435,base,Base Weibull PH,3,0.3,1.2,1,0.2,0.9,2000,0.3,0.1,1500,2.268781423543622,0.2557142857142857,0.060714285714285714,1400,600,700,700
cp_cox_split_support_fit,CP + Cox (Split Support/Fit),0.8816666666666667,2.0963890585719485,0.10479267579930068,s005,23,20310435,base,Base Weibull PH,3,0.3,1.2,1,0.2,0.9,2000,0.3,0.1,1500,2.268781423543622,0.2557142857142857,0.060714285714285714,1400,600,700,700
cp_cox_full,CP + Cox,0.8983333333333333,2.1101469944747997,0.07087719931799442,s005,24,20310436,base,Base Weibull PH,3,0.3,1.2,1,0.2,0.9,2000,0.3,0.1,1500,2.261585004819394,0.2692857142857143,0.06928571428571428,1400,600,700,700
cp_cox_split_support_fit,CP + Cox (Split Support/Fit),0.89,2.0985223512954327,0.08158237750539643,s005,24,20310436,base,Base Weibull PH,3,0.3,1.2,1,0.2,0.9,2000,0.3,0.1,1500,2.261585004819394,0.2692857142857143,0.06928571428571428,1400,600,700,700
cp_cox_full,CP + Cox,0.8866666666666667,2.138240452866648,0.0887431729631786,s005,25,20310437,base,Base Weibull PH,3,0.3,1.2,1,0.2,0.9,2000,0.3,0.1,1500,2.3162796502703427,0.26857142857142857,0.054285714285714284,1400,600,700,700
cp_cox_split_support_fit,CP + Cox (Split Support/Fit),0.8866666666666667,2.1417106735750875,0.0826767971741337,s005,25,20310437,base,Base Weibull PH,3,0.3,1.2,1,0.2,0.9,2000,0.3,0.1,1500,2.3162796502703427,0.26857142857142857,0.054285714285714284,1400,600,700,700
cp_cox_full,CP + Cox,0.915,2.0523640268122874,0.09523686669257313,s005,26,20310438,base,Base Weibull PH,3,0.3,1.2,1,0.2,0.9,2000,0.3,0.1,1500,2.233517825079547,0.24571428571428572,0.062142857142857146,1400,600,700,700
cp_cox_split_support_fit,CP + Cox (Split Support/Fit),0.9283333333333333,2.074064299358809,0.08549007709446756,s005,26,20310438,base,Base Weibull PH,3,0.3,1.2,1,0.2,0.9,2000,0.3,0.1,1500,2.233517825079547,0.24571428571428572,0.062142857142857146,1400,600,700,700
cp_cox_full,CP + Cox,0.8966666666666666,2.148374725903743,0.07596295894601587,s005,27,20310439,base,Base Weibull PH,3,0.3,1.2,1,0.2,0.9,2000,0.3,0.1,1500,2.317515552333505,0.26357142857142857,0.055714285714285716,1400,600,700,700
cp_cox_split_support_fit,CP + Cox (Split Support/Fit),0.8983333333333333,2.1553967759422106,0.07004819614116937,s005,27,20310439,base,Base Weibull PH,3,0.3,1.2,1,0.2,0.9,2000,0.3,0.1,1500,2.317515552333505,0.26357142857142857,0.055714285714285716,1400,600,700,700
cp_cox_full,CP + Cox,0.9183333333333333,2.0584864546095534,0.0734847488816782,s005,28,20310440,base,Base Weibull PH,3,0.3,1.2,1,0.2,0.9,2000,0.3,0.1,1500,2.221969562898768,0.27071428571428574,0.062142857142857146,1400,600,700,700
cp_cox_split_support_fit,CP + Cox (Split Support/Fit),0.915,2.0478648185222004,0.07489157117747848,s005,28,20310440,base,Base Weibull PH,3,0.3,1.2,1,0.2,0.9,2000,0.3,0.1,1500,2.221969562898768,0.27071428571428574,0.062142857142857146,1400,600,700,700
cp_cox_full,CP + Cox,0.8866666666666667,2.1030928265105837,0.07552196151679638,s005,29,20310441,base,Base Weibull PH,3,0.3,1.2,1,0.2,0.9,2000,0.3,0.1,1500,2.2750752802343888,0.255,0.05285714285714286,1400,600,700,700
cp_cox_split_support_fit,CP + Cox (Split Support/Fit),0.8883333333333333,2.1037814945344566,0.06792727488052445,s005,29,20310441,base,Base Weibull PH,3,0.3,1.2,1,0.2,0.9,2000,0.3,0.1,1500,2.2750752802343888,0.255,0.05285714285714286,1400,600,700,700
cp_cox_full,CP + Cox,0.89,2.2057502852515976,0.08032742171709133,s005,30,20310442,base,Base Weibull PH,3,0.3,1.2,1,0.2,0.9,2000,0.3,0.1,1500,2.374563715658145,0.2571428571428571,0.054285714285714284,1400,600,700,700
cp_cox_split_support_fit,CP + Cox (Split Support/Fit),0.9116666666666666,2.231926809534513,0.06637865840963365,s005,30,20310442,base,Base Weibull PH,3,0.3,1.2,1,0.2,0.9,2000,0.3,0.1,1500,2.374563715658145,0.2571428571428571,0.054285714285714284,1400,600,700,700
cp_cox_full,CP + Cox,0.8783333333333333,3.5696282514988797,0.08746746679783698,s006,1,20320413,base,Base Weibull PH,3,0.3,1.2,1,0.2,0.97,2000,0.3,0.1,1500,3.7477626124319268,0.2257142857142857,0.011428571428571429,1400,600,700,700
cp_cox_split_support_fit,CP + Cox (Split Support/Fit),0.8666666666666667,3.5383689595357133,0.10646035448067286,s006,1,20320413,base,Base Weibull PH,3,0.3,1.2,1,0.2,0.97,2000,0.3,0.1,1500,3.7477626124319268,0.2257142857142857,0.011428571428571429,1400,600,700,700
cp_cox_full,CP + Cox,0.8883333333333333,3.264121532406468,0.08046422865621083,s006,2,20320414,base,Base Weibull PH,3,0.3,1.2,1,0.2,0.97,2000,0.3,0.1,1500,3.4602241302323202,0.19785714285714287,0.01,1400,600,700,700
cp_cox_split_support_fit,CP + Cox (Split Support/Fit),0.8833333333333333,3.254287643629851,0.09510678624654438,s006,2,20320414,base,Base Weibull PH,3,0.3,1.2,1,0.2,0.97,2000,0.3,0.1,1500,3.4602241302323202,0.19785714285714287,0.01,1400,600,700,700
cp_cox_full,CP + Cox,0.9066666666666666,3.511867436726892,0.08413577192687094,s006,3,20320415,base,Base Weibull PH,3,0.3,1.2,1,0.2,0.97,2000,0.3,0.1,1500,3.6913306060697493,0.23142857142857143,0.012857142857142857,1400,600,700,700
cp_cox_split_support_fit,CP + Cox (Split Support/Fit),0.9033333333333333,3.5083690656848225,0.08463393263561117,s006,3,20320415,base,Base Weibull PH,3,0.3,1.2,1,0.2,0.97,2000,0.3,0.1,1500,3.6913306060697493,0.23142857142857143,0.012857142857142857,1400,600,700,700
cp_cox_full,CP + Cox,0.885,3.4340520164765187,0.06910265709946059,s006,4,20320416,base,Base Weibull PH,3,0.3,1.2,1,0.2,0.97,2000,0.3,0.1,1500,3.5936757225409384,0.19714285714285715,0.014285714285714285,1400,600,700,700
cp_cox_split_support_fit,CP + Cox (Split Support/Fit),0.8883333333333333,3.4423160879644588,0.06252667293253047,s006,4,20320416,base,Base Weibull PH,3,0.3,1.2,1,0.2,0.97,2000,0.3,0.1,1500,3.5936757225409384,0.19714285714285715,0.014285714285714285,1400,600,700,700
cp_cox_full,CP + Cox,0.9183333333333333,3.835539326742461,0.09283920649939423,s006,5,20320417,base,Base Weibull PH,3,0.3,1.2,1,0.2,0.97,2000,0.3,0.1,1500,4.0138067291819874,0.21857142857142858,0.009285714285714286,1400,600,700,700
cp_cox_split_support_fit,CP + Cox (Split Support/Fit),0.9183333333333333,3.8399954107979304,0.08694074366137455,s006,5,20320417,base,Base Weibull PH,3,0.3,1.2,1,0.2,0.97,2000,0.3,0.1,1500,4.0138067291819874,0.21857142857142858,0.009285714285714286,1400,600,700,700
cp_cox_full,CP + Cox,0.9033333333333333,3.528632638990629,0.08199015906000312,s006,6,20320418,base,Base Weibull PH,3,0.3,1.2,1,0.2,0.97,2000,0.3,0.1,1500,3.6964494423636687,0.23714285714285716,0.012857142857142857,1400,600,700,700
cp_cox_split_support_fit,CP + Cox (Split Support/Fit),0.94,3.5831417891494683,0.05686386514231616,s006,6,20320418,base,Base Weibull PH,3,0.3,1.2,1,0.2,0.97,2000,0.3,0.1,1500,3.6964494423636687,0.23714285714285716,0.012857142857142857,1400,600,700,700
cp_cox_full,CP + Cox,0.8583333333333333,3.434587658504429,0.08145759196823175,s006,7,20320419,base,Base Weibull PH,3,0.3,1.2,1,0.2,0.97,2000,0.3,0.1,1500,3.6147040058461917,0.20214285714285715,0.012857142857142857,1400,600,700,700
cp_cox_split_support_fit,CP + Cox (Split Support/Fit),0.8433333333333334,3.40341516309062,0.10530028003135994,s006,7,20320419,base,Base Weibull PH,3,0.3,1.2,1,0.2,0.97,2000,0.3,0.1,1500,3.6147040058461917,0.20214285714285715,0.012857142857142857,1400,600,700,700
cp_cox_full,CP + Cox,0.88,3.449039195588616,0.068599898169166,s006,8,20320420,base,Base Weibull PH,3,0.3,1.2,1,0.2,0.97,2000,0.3,0.1,1500,3.613329985584065,0.2257142857142857,0.012142857142857143,1400,600,700,700
cp_cox_split_support_fit,CP + Cox (Split Support/Fit),0.9,3.470710187197553,0.058753236384818094,s006,8,20320420,base,Base Weibull PH,3,0.3,1.2,1,0.2,0.97,2000,0.3,0.1,1500,3.613329985584065,0.2257142857142857,0.012142857142857143,1400,600,700,700
cp_cox_full,CP + Cox,0.9,3.769699509151554,0.07823785857203194,s006,9,20320421,base,Base Weibull PH,3,0.3,1.2,1,0.2,0.97,2000,0.3,0.1,1500,3.9423868306848635,0.21714285714285714,0.012142857142857143,1400,600,700,700
cp_cox_split_support_fit,CP + Cox (Split Support/Fit),0.875,3.7337826893967825,0.08579574800301489,s006,9,20320421,base,Base Weibull PH,3,0.3,1.2,1,0.2,0.97,2000,0.3,0.1,1500,3.9423868306848635,0.21714285714285714,0.012142857142857143,1400,600,700,700
cp_cox_full,CP + Cox,0.885,3.3995872734985784,0.0789455692418462,s006,10,20320422,base,Base Weibull PH,3,0.3,1.2,1,0.2,0.97,2000,0.3,0.1,1500,3.5773749937889052,0.20857142857142857,0.009285714285714286,1400,600,700,700
cp_cox_split_support_fit,CP + Cox (Split Support/Fit),0.8833333333333333,3.4034945201979814,0.07818547426912335,s006,10,20320422,base,Base Weibull PH,3,0.3,1.2,1,0.2,0.97,2000,0.3,0.1,1500,3.5773749937889052,0.20857142857142857,0.009285714285714286,1400,600,700,700
cp_cox_full,CP + Cox,0.9333333333333333,3.4484493150805178,0.0741040032588254,s006,11,20320423,base,Base Weibull PH,3,0.3,1.2,1,0.2,0.97,2000,0.3,0.1,1500,3.600181573406726,0.22,0.016428571428571428,1400,600,700,700
cp_cox_split_support_fit,CP + Cox (Split Support/Fit),0.9266666666666666,3.4389674002125075,0.07387960750470943,s006,11,20320423,base,Base Weibull PH,3,0.3,1.2,1,0.2,0.97,2000,0.3,0.1,1500,3.600181573406726,0.22,0.016428571428571428,1400,600,700,700
cp_cox_full,CP + Cox,0.925,3.6242913376182955,0.0813061167904965,s006,12,20320424,base,Base Weibull PH,3,0.3,1.2,1,0.2,0.97,2000,0.3,0.1,1500,3.7781555264189395,0.20857142857142857,0.010714285714285714,1400,600,700,700
cp_cox_split_support_fit,CP + Cox (Split Support/Fit),0.9216666666666666,3.6353269651735203,0.06312940125123645,s006,12,20320424,base,Base Weibull PH,3,0.3,1.2,1,0.2,0.97,2000,0.3,0.1,1500,3.7781555264189395,0.20857142857142857,0.010714285714285714,1400,600,700,700
cp_cox_full,CP + Cox,0.9033333333333333,3.565481541148947,0.06282707668488499,s006,13,20320425,base,Base Weibull PH,3,0.3,1.2,1,0.2,0.97,2000,0.3,0.1,1500,3.724664614329118,0.21642857142857144,0.010714285714285714,1400,600,700,700
cp_cox_split_support_fit,CP + Cox (Split Support/Fit),0.8716666666666667,3.537968108123841,0.07755643513712428,s006,13,20320425,base,Base Weibull PH,3,0.3,1.2,1,0.2,0.97,2000,0.3,0.1,1500,3.724664614329118,0.21642857142857144,0.010714285714285714,1400,600,700,700
cp_cox_full,CP + Cox,0.91,3.5114660588696864,0.09442264760206423,s006,14,20320426,base,Base Weibull PH,3,0.3,1.2,1,0.2,0.97,2000,0.3,0.1,1500,3.70946483263504,0.2092857142857143,0.010714285714285714,1400,600,700,700
cp_cox_split_support_fit,CP + Cox (Split Support/Fit),0.915,3.5250195238060265,0.0877380211305227,s006,14,20320426,base,Base Weibull PH,3,0.3,1.2,1,0.2,0.97,2000,0.3,0.1,1500,3.70946483263504,0.2092857142857143,0.010714285714285714,1400,600,700,700
cp_cox_full,CP + Cox,0.8866666666666667,3.476194278548846,0.071022973457102,s006,15,20320427,base,Base Weibull PH,3,0.3,1.2,1,0.2,0.97,2000,0.3,0.1,1500,3.630079242307526,0.22071428571428572,0.013571428571428571,1400,600,700,700
cp_cox_split_support_fit,CP + Cox (Split Support/Fit),0.8983333333333333,3.4898681680007178,0.06163377814509094,s006,15,20320427,base,Base Weibull PH,3,0.3,1.2,1,0.2,0.97,2000,0.3,0.1,1500,3.630079242307526,0.22071428571428572,0.013571428571428571,1400,600,700,700
cp_cox_full,CP + Cox,0.9116666666666666,3.483200620360199,0.07904903404480598,s006,16,20320428,base,Base Weibull PH,3,0.3,1.2,1,0.2,0.97,2000,0.3,0.1,1500,3.6511766935379986,0.2042857142857143,0.012142857142857143,1400,600,700,700
cp_cox_split_support_fit,CP + Cox (Split Support/Fit),0.9266666666666666,3.5083216778114457,0.06486340161832924,s006,16,20320428,base,Base Weibull PH,3,0.3,1.2,1,0.2,0.97,2000,0.3,0.1,1500,3.6511766935379986,0.2042857142857143,0.012142857142857143,1400,600,700,700
cp_cox_full,CP + Cox,0.91,3.6399283675051324,0.06756384336084278,s006,17,20320429,base,Base Weibull PH,3,0.3,1.2,1,0.2,0.97,2000,0.3,0.1,1500,3.8074544897032325,0.20142857142857143,0.009285714285714286,1400,600,700,700
cp_cox_split_support_fit,CP + Cox (Split Support/Fit),0.91,3.641471760091103,0.07827378500664169,s006,17,20320429,base,Base Weibull PH,3,0.3,1.2,1,0.2,0.97,2000,0.3,0.1,1500,3.8074544897032325,0.20142857142857143,0.009285714285714286,1400,600,700,700
cp_cox_full,CP + Cox,0.9216666666666666,3.590462450842654,0.06739405368317364,s006,18,20320430,base,Base Weibull PH,3,0.3,1.2,1,0.2,0.97,2000,0.3,0.1,1500,3.7624080837503793,0.21142857142857144,0.011428571428571429,1400,600,700,700
cp_cox_split_support_fit,CP + Cox (Split Support/Fit),0.9133333333333333,3.584102697663571,0.06620072227538189,s006,18,20320430,base,Base Weibull PH,3,0.3,1.2,1,0.2,0.97,2000,0.3,0.1,1500,3.7624080837503793,0.21142857142857144,0.011428571428571429,1400,600,700,700
cp_cox_full,CP + Cox,0.9,3.405803493832867,0.0717351503575447,s006,19,20320431,base,Base Weibull PH,3,0.3,1.2,1,0.2,0.97,2000,0.3,0.1,1500,3.5721330929655024,0.2042857142857143,0.015714285714285715,1400,600,700,700
cp_cox_split_support_fit,CP + Cox (Split Support/Fit),0.8916666666666667,3.379118270426767,0.09017941013824349,s006,19,20320431,base,Base Weibull PH,3,0.3,1.2,1,0.2,0.97,2000,0.3,0.1,1500,3.5721330929655024,0.2042857142857143,0.015714285714285715,1400,600,700,700
cp_cox_full,CP + Cox,0.8833333333333333,3.3217978560077706,0.057728732748430885,s006,20,20320432,base,Base Weibull PH,3,0.3,1.2,1,0.2,0.97,2000,0.3,0.1,1500,3.4682594184117357,0.2257142857142857,0.015714285714285715,1400,600,700,700
cp_cox_split_support_fit,CP + Cox (Split Support/Fit),0.865,3.293818392812895,0.07659177136469117,s006,20,20320432,base,Base Weibull PH,3,0.3,1.2,1,0.2,0.97,2000,0.3,0.1,1500,3.4682594184117357,0.2257142857142857,0.015714285714285715,1400,600,700,700
cp_cox_full,CP + Cox,0.8916666666666667,3.296674042784379,0.08593428701399368,s006,21,20320433,base,Base Weibull PH,3,0.3,1.2,1,0.2,0.97,2000,0.3,0.1,1500,3.48247451274068,0.20785714285714285,0.012142857142857143,1400,600,700,700
cp_cox_split_support_fit,CP + Cox (Split Support/Fit),0.9016666666666666,3.315679111382679,0.07979272131943892,s006,21,20320433,base,Base Weibull PH,3,0.3,1.2,1,0.2,0.97,2000,0.3,0.1,1500,3.48247451274068,0.20785714285714285,0.012142857142857143,1400,600,700,700
cp_cox_full,CP + Cox,0.8983333333333333,3.6181122467289173,0.08944486862608059,s006,22,20320434,base,Base Weibull PH,3,0.3,1.2,1,0.2,0.97,2000,0.3,0.1,1500,3.801477593765423,0.21285714285714286,0.01,1400,600,700,700
cp_cox_split_support_fit,CP + Cox (Split Support/Fit),0.905,3.6287075319277777,0.08433647165897358,s006,22,20320434,base,Base Weibull PH,3,0.3,1.2,1,0.2,0.97,2000,0.3,0.1,1500,3.801477593765423,0.21285714285714286,0.01,1400,600,700,700
cp_cox_full,CP + Cox,0.8916666666666667,3.314305026930707,0.08117124554830442,s006,23,20320435,base,Base Weibull PH,3,0.3,1.2,1,0.2,0.97,2000,0.3,0.1,1500,3.4915039517754383,0.21,0.016428571428571428,1400,600,700,700
cp_cox_split_support_fit,CP + Cox (Split Support/Fit),0.9,3.3254700876077132,0.07763875997847926,s006,23,20320435,base,Base Weibull PH,3,0.3,1.2,1,0.2,0.97,2000,0.3,0.1,1500,3.4915039517754383,0.21,0.016428571428571428,1400,600,700,700
cp_cox_full,CP + Cox,0.8933333333333333,3.4857923204207424,0.07900326264852024,s006,24,20320436,base,Base Weibull PH,3,0.3,1.2,1,0.2,0.97,2000,0.3,0.1,1500,3.664965878848771,0.20214285714285715,0.013571428571428571,1400,600,700,700
cp_cox_split_support_fit,CP + Cox (Split Support/Fit),0.89,3.4884807638258226,0.07116852804076428,s006,24,20320436,base,Base Weibull PH,3,0.3,1.2,1,0.2,0.97,2000,0.3,0.1,1500,3.664965878848771,0.20214285714285715,0.013571428571428571,1400,600,700,700
cp_cox_full,CP + Cox,0.895,3.382277257517102,0.08884513274557011,s006,25,20320437,base,Base Weibull PH,3,0.3,1.2,1,0.2,0.97,2000,0.3,0.1,1500,3.5684917526848845,0.21214285714285713,0.007857142857142858,1400,600,700,700
cp_cox_split_support_fit,CP + Cox (Split Support/Fit),0.8833333333333333,3.3444695047252617,0.11795572383611787,s006,25,20320437,base,Base Weibull PH,3,0.3,1.2,1,0.2,0.97,2000,0.3,0.1,1500,3.5684917526848845,0.21214285714285713,0.007857142857142858,1400,600,700,700
cp_cox_full,CP + Cox,0.895,3.3387453683986807,0.08716840382355398,s006,26,20320438,base,Base Weibull PH,3,0.3,1.2,1,0.2,0.97,2000,0.3,0.1,1500,3.5187339886694287,0.23214285714285715,0.010714285714285714,1400,600,700,700
cp_cox_split_support_fit,CP + Cox (Split Support/Fit),0.87,3.314346525027709,0.09248537226246598,s006,26,20320438,base,Base Weibull PH,3,0.3,1.2,1,0.2,0.97,2000,0.3,0.1,1500,3.5187339886694287,0.23214285714285715,0.010714285714285714,1400,600,700,700
cp_cox_full,CP + Cox,0.905,3.255700580743696,0.0674811845200388,s006,27,20320439,base,Base Weibull PH,3,0.3,1.2,1,0.2,0.97,2000,0.3,0.1,1500,3.4141248620801754,0.20785714285714285,0.015,1400,600,700,700
cp_cox_split_support_fit,CP + Cox (Split Support/Fit),0.9033333333333333,3.2525029271084165,0.061106368748813505,s006,27,20320439,base,Base Weibull PH,3,0.3,1.2,1,0.2,0.97,2000,0.3,0.1,1500,3.4141248620801754,0.20785714285714285,0.015,1400,600,700,700
cp_cox_full,CP + Cox,0.915,3.4781899165802224,0.06475811403893474,s006,28,20320440,base,Base Weibull PH,3,0.3,1.2,1,0.2,0.97,2000,0.3,0.1,1500,3.6377406551501754,0.21142857142857144,0.01,1400,600,700,700
cp_cox_split_support_fit,CP + Cox (Split Support/Fit),0.915,3.484978149237061,0.058950523155217774,s006,28,20320440,base,Base Weibull PH,3,0.3,1.2,1,0.2,0.97,2000,0.3,0.1,1500,3.6377406551501754,0.21142857142857144,0.01,1400,600,700,700
cp_cox_full,CP + Cox,0.8716666666666667,3.418725691897571,0.08650254036313333,s006,29,20320441,base,Base Weibull PH,3,0.3,1.2,1,0.2,0.97,2000,0.3,0.1,1500,3.619576356825464,0.21928571428571428,0.012857142857142857,1400,600,700,700
cp_cox_split_support_fit,CP + Cox (Split Support/Fit),0.8916666666666667,3.43707525325477,0.09322152102890552,s006,29,20320441,base,Base Weibull PH,3,0.3,1.2,1,0.2,0.97,2000,0.3,0.1,1500,3.619576356825464,0.21928571428571428,0.012857142857142857,1400,600,700,700
cp_cox_full,CP + Cox,0.915,3.267600049164667,0.07565712524786387,s006,30,20320442,base,Base Weibull PH,3,0.3,1.2,1,0.2,0.97,2000,0.3,0.1,1500,3.4232999530366004,0.2057142857142857,0.009285714285714286,1400,600,700,700
cp_cox_split_support_fit,CP + Cox (Split Support/Fit),0.9216666666666666,3.2872923061478905,0.06883756774274302,s006,30,20320442,base,Base Weibull PH,3,0.3,1.2,1,0.2,0.97,2000,0.3,0.1,1500,3.4232999530366004,0.2057142857142857,0.009285714285714286,1400,600,700,700
cp_cox_full,CP + Cox,0.9316666666666666,1.2452728456323698,0.08519607791524002,s007,1,20330413,base,Base Weibull PH,3,0.3,1.2,1,0.35,0.75,2000,0.3,0.1,1500,1.402391314292906,0.435,0.10928571428571429,1400,600,700,700
cp_cox_split_support_fit,CP + Cox (Split Support/Fit),0.9433333333333334,1.264493988747152,0.07855041884952148,s007,1,20330413,base,Base Weibull PH,3,0.3,1.2,1,0.35,0.75,2000,0.3,0.1,1500,1.402391314292906,0.435,0.10928571428571429,1400,600,700,700
cp_cox_full,CP + Cox,0.8883333333333333,1.159704986729424,0.05515825837475586,s007,2,20330414,base,Base Weibull PH,3,0.3,1.2,1,0.35,0.75,2000,0.3,0.1,1500,1.3211041811166357,0.4542857142857143,0.105,1400,600,700,700
cp_cox_split_support_fit,CP + Cox (Split Support/Fit),0.8916666666666667,1.1669310866229583,0.054189030076201294,s007,2,20330414,base,Base Weibull PH,3,0.3,1.2,1,0.35,0.75,2000,0.3,0.1,1500,1.3211041811166357,0.4542857142857143,0.105,1400,600,700,700
cp_cox_full,CP + Cox,0.8833333333333333,1.1563099110184418,0.059559575725907005,s007,3,20330415,base,Base Weibull PH,3,0.3,1.2,1,0.35,0.75,2000,0.3,0.1,1500,1.313033919266598,0.45,0.10928571428571429,1400,600,700,700
cp_cox_split_support_fit,CP + Cox (Split Support/Fit),0.8633333333333333,1.12093346516681,0.07594182629162222,s007,3,20330415,base,Base Weibull PH,3,0.3,1.2,1,0.35,0.75,2000,0.3,0.1,1500,1.313033919266598,0.45,0.10928571428571429,1400,600,700,700
cp_cox_full,CP + Cox,0.87,1.183248478042418,0.09400532557567279,s007,4,20330416,base,Base Weibull PH,3,0.3,1.2,1,0.35,0.75,2000,0.3,0.1,1500,1.3896296405725632,0.44857142857142857,0.10071428571428571,1400,600,700,700
cp_cox_split_support_fit,CP + Cox (Split Support/Fit),0.8783333333333333,1.1936353972110314,0.09044028377769452,s007,4,20330416,base,Base Weibull PH,3,0.3,1.2,1,0.35,0.75,2000,0.3,0.1,1500,1.3896296405725632,0.44857142857142857,0.10071428571428571,1400,600,700,700
cp_cox_full,CP + Cox,0.87,1.1093052365084317,0.0738963609572522,s007,5,20330417,base,Base Weibull PH,3,0.3,1.2,1,0.35,0.75,2000,0.3,0.1,1500,1.3070932551742576,0.46714285714285714,0.11142857142857143,1400,600,700,700
cp_cox_split_support_fit,CP + Cox (Split Support/Fit),0.875,1.123399370442127,0.07070741495098753,s007,5,20330417,base,Base Weibull PH,3,0.3,1.2,1,0.35,0.75,2000,0.3,0.1,1500,1.3070932551742576,0.46714285714285714,0.11142857142857143,1400,600,700,700
cp_cox_full,CP + Cox,0.885,1.231746069635166,0.0867483823955291,s007,6,20330418,base,Base Weibull PH,3,0.3,1.2,1,0.35,0.75,2000,0.3,0.1,1500,1.4165500426254762,0.4592857142857143,0.13428571428571429,1400,600,700,700
cp_cox_split_support_fit,CP + Cox (Split Support/Fit),0.8966666666666666,1.2494818564387307,0.08287133635146564,s007,6,20330418,base,Base Weibull PH,3,0.3,1.2,1,0.35,0.75,2000,0.3,0.1,1500,1.4165500426254762,0.4592857142857143,0.13428571428571429,1400,600,700,700
cp_cox_full,CP + Cox,0.905,1.2008819538075854,0.07277473636888795,s007,7,20330419,base,Base Weibull PH,3,0.3,1.2,1,0.35,0.75,2000,0.3,0.1,1500,1.3678390763522734,0.4442857142857143,0.11357142857142857,1400,600,700,700
cp_cox_split_support_fit,CP + Cox (Split Support/Fit),0.8933333333333333,1.1821423471814358,0.07712740216223847,s007,7,20330419,base,Base Weibull PH,3,0.3,1.2,1,0.35,0.75,2000,0.3,0.1,1500,1.3678390763522734,0.4442857142857143,0.11357142857142857,1400,600,700,700
cp_cox_full,CP + Cox,0.8866666666666667,1.2604543619912043,0.08928844749258032,s007,8,20330420,base,Base Weibull PH,3,0.3,1.2,1,0.35,0.75,2000,0.3,0.1,1500,1.4403401487567098,0.4657142857142857,0.105,1400,600,700,700
cp_cox_split_support_fit,CP + Cox (Split Support/Fit),0.8883333333333333,1.2681526461375932,0.08695368177392575,s007,8,20330420,base,Base Weibull PH,3,0.3,1.2,1,0.35,0.75,2000,0.3,0.1,1500,1.4403401487567098,0.4657142857142857,0.105,1400,600,700,700
cp_cox_full,CP + Cox,0.8866666666666667,1.1847716062991955,0.07047057724469426,s007,9,20330421,base,Base Weibull PH,3,0.3,1.2,1,0.35,0.75,2000,0.3,0.1,1500,1.3639826405899467,0.465,0.10357142857142858,1400,600,700,700
cp_cox_split_support_fit,CP + Cox (Split Support/Fit),0.9183333333333333,1.2180794769888272,0.06316338624917141,s007,9,20330421,base,Base Weibull PH,3,0.3,1.2,1,0.35,0.75,2000,0.3,0.1,1500,1.3639826405899467,0.465,0.10357142857142858,1400,600,700,700
cp_cox_full,CP + Cox,0.905,1.1722496954008217,0.07045825955070191,s007,10,20330422,base,Base Weibull PH,3,0.3,1.2,1,0.35,0.75,2000,0.3,0.1,1500,1.3222801301951388,0.47214285714285714,0.10142857142857142,1400,600,700,700
cp_cox_split_support_fit,CP + Cox (Split Support/Fit),0.9133333333333333,1.1818750020874664,0.06215326644343551,s007,10,20330422,base,Base Weibull PH,3,0.3,1.2,1,0.35,0.75,2000,0.3,0.1,1500,1.3222801301951388,0.47214285714285714,0.10142857142857142,1400,600,700,700
cp_cox_full,CP + Cox,0.92,1.2246821312589709,0.06457919778144737,s007,11,20330423,base,Base Weibull PH,3,0.3,1.2,1,0.35,0.75,2000,0.3,0.1,1500,1.376924216707267,0.45,0.09928571428571428,1400,600,700,700
cp_cox_split_support_fit,CP + Cox (Split Support/Fit),0.9116666666666666,1.2031577535852525,0.08251347750424921,s007,11,20330423,base,Base Weibull PH,3,0.3,1.2,1,0.35,0.75,2000,0.3,0.1,1500,1.376924216707267,0.45,0.09928571428571428,1400,600,700,700
cp_cox_full,CP + Cox,0.915,1.214812515738757,0.08317883165059854,s007,12,20330424,base,Base Weibull PH,3,0.3,1.2,1,0.35,0.75,2000,0.3,0.1,1500,1.3805385849953558,0.45,0.09785714285714285,1400,600,700,700
cp_cox_split_support_fit,CP + Cox (Split Support/Fit),0.9216666666666666,1.2307085219505054,0.08398589035913774,s007,12,20330424,base,Base Weibull PH,3,0.3,1.2,1,0.35,0.75,2000,0.3,0.1,1500,1.3805385849953558,0.45,0.09785714285714285,1400,600,700,700
cp_cox_full,CP + Cox,0.87,1.156901949601545,0.07793398109633538,s007,13,20330425,base,Base Weibull PH,3,0.3,1.2,1,0.35,0.75,2000,0.3,0.1,1500,1.3390550174127898,0.4635714285714286,0.10785714285714286,1400,600,700,700
cp_cox_split_support_fit,CP + Cox (Split Support/Fit),0.855,1.1431648879643397,0.07893414986178207,s007,13,20330425,base,Base Weibull PH,3,0.3,1.2,1,0.35,0.75,2000,0.3,0.1,1500,1.3390550174127898,0.4635714285714286,0.10785714285714286,1400,600,700,700
cp_cox_full,CP + Cox,0.8983333333333333,1.2381406670330541,0.08961403332890192,s007,14,20330426,base,Base Weibull PH,3,0.3,1.2,1,0.35,0.75,2000,0.3,0.1,1500,1.4159663940470024,0.4328571428571429,0.11714285714285715,1400,600,700,700
cp_cox_split_support_fit,CP + Cox (Split Support/Fit),0.89,1.2238361127031754,0.11365732351069253,s007,14,20330426,base,Base Weibull PH,3,0.3,1.2,1,0.35,0.75,2000,0.3,0.1,1500,1.4159663940470024,0.4328571428571429,0.11714285714285715,1400,600,700,700
cp_cox_full,CP + Cox,0.8683333333333333,1.1230514500585247,0.07968441877830361,s007,15,20330427,base,Base Weibull PH,3,0.3,1.2,1,0.35,0.75,2000,0.3,0.1,1500,1.3135191394525165,0.4471428571428571,0.10071428571428571,1400,600,700,700
cp_cox_split_support_fit,CP + Cox (Split Support/Fit),0.8866666666666667,1.1597185435477986,0.06754195463994458,s007,15,20330427,base,Base Weibull PH,3,0.3,1.2,1,0.35,0.75,2000,0.3,0.1,1500,1.3135191394525165,0.4471428571428571,0.10071428571428571,1400,600,700,700
cp_cox_full,CP + Cox,0.925,1.19721722734173,0.08269023762049961,s007,16,20330428,base,Base Weibull PH,3,0.3,1.2,1,0.35,0.75,2000,0.3,0.1,1500,1.364849091174594,0.45785714285714285,0.11071428571428571,1400,600,700,700
cp_cox_split_support_fit,CP + Cox (Split Support/Fit),0.92,1.1852475424856326,0.0963673525701579,s007,16,20330428,base,Base Weibull PH,3,0.3,1.2,1,0.35,0.75,2000,0.3,0.1,1500,1.364849091174594,0.45785714285714285,0.11071428571428571,1400,600,700,700
cp_cox_full,CP + Cox,0.9116666666666666,1.2408970966823376,0.07052148384015347,s007,17,20330429,base,Base Weibull PH,3,0.3,1.2,1,0.35,0.75,2000,0.3,0.1,1500,1.3902177987419129,0.45,0.11285714285714285,1400,600,700,700
cp_cox_split_support_fit,CP + Cox (Split Support/Fit),0.91,1.2351145047323302,0.07585520905057833,s007,17,20330429,base,Base Weibull PH,3,0.3,1.2,1,0.35,0.75,2000,0.3,0.1,1500,1.3902177987419129,0.45,0.11285714285714285,1400,600,700,700
cp_cox_full,CP + Cox,0.9183333333333333,1.2038136098335754,0.07689846365402511,s007,18,20330430,base,Base Weibull PH,3,0.3,1.2,1,0.35,0.75,2000,0.3,0.1,1500,1.3664463458095684,0.4357142857142857,0.09714285714285714,1400,600,700,700
cp_cox_split_support_fit,CP + Cox (Split Support/Fit),0.9366666666666666,1.2345508351497152,0.06336372699507574,s007,18,20330430,base,Base Weibull PH,3,0.3,1.2,1,0.35,0.75,2000,0.3,0.1,1500,1.3664463458095684,0.4357142857142857,0.09714285714285714,1400,600,700,700
cp_cox_full,CP + Cox,0.9083333333333333,1.2260637050465506,0.093746217811224275,s007,19,20330431,base,Base Weibull PH,3,0.3,1.2,1,0.35,0.75,2000,0.3,0.1,1500,1.407327580808879,0.4635714285714286,0.11428571428571428,1400,600,700,700
cp_cox_split_support_fit,CP + Cox (Split Support/Fit),0.9083333333333333,1.2315489832919695,0.11007195175458491,s007,19,20330431,base,Base Weibull PH,3,0.3,1.2,1,0.35,0.75,2000,0.3,0.1,1500,1.407327580808879,0.4635714285714286,0.11428571428571428,1400,600,700,700
cp_cox_full,CP + Cox,0.8766666666666667,1.1479801155922245,0.09563470145504403,s007,20,20330432,base,Base Weibull PH,3,0.3,1.2,1,0.35,0.75,2000,0.3,0.1,1500,1.343382402045641,0.47,0.09214285714285714,1400,600,700,700
cp_cox_split_support_fit,CP + Cox (Split Support/Fit),0.8816666666666667,1.1598185028743333,0.087377695350267,s007,20,20330432,base,Base Weibull PH,3,0.3,1.2,1,0.35,0.75,2000,0.3,0.1,1500,1.343382402045641,0.47,0.09214285714285714,1400,600,700,700
cp_cox_full,CP + Cox,0.915,1.2289536569078263,0.07041853545696546,s007,21,20330433,base,Base Weibull PH,3,0.3,1.2,1,0.35,0.75,2000,0.3,0.1,1500,1.379307528652513,0.44285714285714284,0.10642857142857143,1400,600,700,700
cp_cox_split_support_fit,CP + Cox (Split Support/Fit),0.91,1.223803155011606,0.07153441715310621,s007,21,20330433,base,Base Weibull PH,3,0.3,1.2,1,0.35,0.75,2000,0.3,0.1,1500,1.379307528652513,0.44285714285714284,0.10642857142857143,1400,600,700,700
cp_cox_full,CP + Cox,0.9116666666666666,1.2554227086363117,0.08034696156393047,s007,22,20330434,base,Base Weibull PH,3,0.3,1.2,1,0.35,0.75,2000,0.3,0.1,1500,1.41424635445529,0.4421428571428571,0.10642857142857143,1400,600,700,700
cp_cox_split_support_fit,CP + Cox (Split Support/Fit),0.9266666666666666,1.2751781397851054,0.06512673366972546,s007,22,20330434,base,Base Weibull PH,3,0.3,1.2,1,0.35,0.75,2000,0.3,0.1,1500,1.41424635445529,0.4421428571428571,0.10642857142857143,1400,600,700,700
cp_cox_full,CP + Cox,0.9166666666666666,1.1556235472812646,0.08383093339084736,s007,23,20330435,base,Base Weibull PH,3,0.3,1.2,1,0.35,0.75,2000,0.3,0.1,1500,1.3258221399536023,0.45785714285714285,0.10428571428571429,1400,600,700,700
cp_cox_split_support_fit,CP + Cox (Split Support/Fit),0.945,1.1870179112838892,0.07864768694626367,s007,23,20330435,base,Base Weibull PH,3,0.3,1.2,1,0.35,0.75,2000,0.3,0.1,1500,1.3258221399536023,0.45785714285714285,0.10428571428571429,1400,600,700,700
cp_cox_full,CP + Cox,0.8766666666666667,1.2318991044218732,0.06569067607148188,s007,24,20330436,base,Base Weibull PH,3,0.3,1.2,1,0.35,0.75,2000,0.3,0.1,1500,1.3898844692179222,0.45714285714285713,0.12071428571428572,1400,600,700,700
cp_cox_split_support_fit,CP + Cox (Split Support/Fit),0.8883333333333333,1.2425258548183395,0.059605746411286596,s007,24,20330436,base,Base Weibull PH,3,0.3,1.2,1,0.35,0.75,2000,0.3,0.1,1500,1.3898844692179222,0.45714285714285713,0.12071428571428572,1400,600,700,700
cp_cox_full,CP + Cox,0.8783333333333333,1.2156710763316498,0.09461678237975286,s007,25,20330437,base,Base Weibull PH,3,0.3,1.2,1,0.35,0.75,2000,0.3,0.1,1500,1.4052622574217186,0.46214285714285713,0.105,1400,600,700,700
cp_cox_split_support_fit,CP + Cox (Split Support/Fit),0.905,1.2460201708888095,0.08322717969993708,s007,25,20330437,base,Base Weibull PH,3,0.3,1.2,1,0.35,0.75,2000,0.3,0.1,1500,1.4052622574217186,0.46214285714285713,0.105,1400,600,700,700
cp_cox_full,CP + Cox,0.9033333333333333,1.1757149216374712,0.07706383454894962,s007,26,20330438,base,Base Weibull PH,3,0.3,1.2,1,0.35,0.75,2000,0.3,0.1,1500,1.3436495709424576,0.4471428571428571,0.11142857142857143,1400,600,700,700
cp_cox_split_support_fit,CP + Cox (Split Support/Fit),0.9066666666666666,1.1829450673837594,0.08081729602190356,s007,26,20330438,base,Base Weibull PH,3,0.3,1.2,1,0.35,0.75,2000,0.3,0.1,1500,1.3436495709424576,0.4471428571428571,0.11142857142857143,1400,600,700,700
cp_cox_full,CP + Cox,0.895,1.2182203461446854,0.07564411111409988,s007,27,20330439,base,Base Weibull PH,3,0.3,1.2,1,0.35,0.75,2000,0.3,0.1,1500,1.4039478984852576,0.4564285714285714,0.11428571428571428,1400,600,700,700
cp_cox_split_support_fit,CP + Cox (Split Support/Fit),0.8866666666666667,1.21265608485666,0.072283893690476,s007,27,20330439,base,Base Weibull PH,3,0.3,1.2,1,0.35,0.75,2000,0.3,0.1,1500,1.4039478984852576,0.4564285714285714,0.11428571428571428,1400,600,700,700
cp_cox_full,CP + Cox,0.9266666666666666,1.141826641918862,0.062183162624717105,s007,28,20330440,base,Base Weibull PH,3,0.3,1.2,1,0.35,0.75,2000,0.3,0.1,1500,1.2802924896607673,0.45357142857142857,0.1,1400,600,700,700
cp_cox_split_support_fit,CP + Cox (Split Support/Fit),0.9283333333333333,1.1413978667195352,0.06926038954549364,s007,28,20330440,base,Base Weibull PH,3,0.3,1.2,1,0.35,0.75,2000,0.3,0.1,1500,1.2802924896607673,0.45357142857142857,0.1,1400,600,700,700
cp_cox_full,CP + Cox,0.9283333333333333,1.3043875257553175,0.0774117433601622,s007,29,20330441,base,Base Weibull PH,3,0.3,1.2,1,0.35,0.75,2000,0.3,0.1,1500,1.4641508481407906,0.4542857142857143,0.09428571428571429,1400,600,700,700
cp_cox_split_support_fit,CP + Cox (Split Support/Fit),0.9133333333333333,1.2868980791083193,0.08834061649932308,s007,29,20330441,base,Base Weibull PH,3,0.3,1.2,1,0.35,0.75,2000,0.3,0.1,1500,1.4641508481407906,0.4542857142857143,0.09428571428571429,1400,600,700,700
cp_cox_full,CP + Cox,0.925,1.1993754058306498,0.060181976459135686,s007,30,20330442,base,Base Weibull PH,3,0.3,1.2,1,0.35,0.75,2000,0.3,0.1,1500,1.3406619733935223,0.4585714285714286,0.10214285714285715,1400,600,700,700
cp_cox_split_support_fit,CP + Cox (Split Support/Fit),0.9233333333333333,1.2018637061809758,0.05794841715536676,s007,30,20330442,base,Base Weibull PH,3,0.3,1.2,1,0.35,0.75,2000,0.3,0.1,1500,1.3406619733935223,0.4585714285714286,0.10214285714285715,1400,600,700,700
cp_cox_full,CP + Cox,0.8866666666666667,2.1060807899020824,0.0715959151631088,s008,1,20340413,base,Base Weibull PH,3,0.3,1.2,1,0.35,0.9,2000,0.3,0.1,1500,2.2955748850090174,0.36642857142857144,0.027142857142857142,1400,600,700,700
cp_cox_split_support_fit,CP + Cox (Split Support/Fit),0.9033333333333333,2.130528527458409,0.06792101746122155,s008,1,20340413,base,Base Weibull PH,3,0.3,1.2,1,0.35,0.9,2000,0.3,0.1,1500,2.2955748850090174,0.36642857142857144,0.027142857142857142,1400,600,700,700
cp_cox_full,CP + Cox,0.91,2.1197357773933363,0.0971552198190355,s008,2,20340414,base,Base Weibull PH,3,0.3,1.2,1,0.35,0.9,2000,0.3,0.1,1500,2.2816899733790046,0.37714285714285717,0.030714285714285715,1400,600,700,700
cp_cox_split_support_fit,CP + Cox (Split Support/Fit),0.895,2.087013328610128,0.11523349343414784,s008,2,20340414,base,Base Weibull PH,3,0.3,1.2,1,0.35,0.9,2000,0.3,0.1,1500,2.2816899733790046,0.37714285714285717,0.030714285714285715,1400,600,700,700
cp_cox_full,CP + Cox,0.8816666666666667,2.069673934315989,0.08201527795926165,s008,3,20340415,base,Base Weibull PH,3,0.3,1.2,1,0.35,0.9,2000,0.3,0.1,1500,2.2514666448063396,0.38,0.022857142857142857,1400,600,700,700
cp_cox_split_support_fit,CP + Cox (Split Support/Fit),0.91,2.1043254496677877,0.06409249001163006,s008,3,20340415,base,Base Weibull PH,3,0.3,1.2,1,0.35,0.9,2000,0.3,0.1,1500,2.2514666448063396,0.38,0.022857142857142857,1400,600,700,700
cp_cox_full,CP + Cox,0.8883333333333333,2.0497913080435177,0.08476376422432384,s008,4,20340416,base,Base Weibull PH,3,0.3,1.2,1,0.35,0.9,2000,0.3,0.1,1500,2.233437884381536,0.395,0.02642857142857143,1400,600,700,700
cp_cox_split_support_fit,CP + Cox (Split Support/Fit),0.91,2.0692311728946846,0.08019716821759502,s008,4,20340416,base,Base Weibull PH,3,0.3,1.2,1,0.35,0.9,2000,0.3,0.1,1500,2.233437884381536,0.395,0.02642857142857143,1400,600,700,700
cp_cox_full,CP + Cox,0.8733333333333333,2.064279627027552,0.08458938515961432,s008,5,20340417,base,Base Weibull PH,3,0.3,1.2,1,0.35,0.9,2000,0.3,0.1,1500,2.246157803845538,0.38785714285714284,0.029285714285714286,1400,600,700,700
cp_cox_split_support_fit,CP + Cox (Split Support/Fit),0.8883333333333333,2.081331573048471,0.07950338585328481,s008,5,20340417,base,Base Weibull PH,3,0.3,1.2,1,0.35,0.9,2000,0.3,0.1,1500,2.246157803845538,0.38785714285714284,0.029285714285714286,1400,600,700,700
cp_cox_full,CP + Cox,0.91,2.068531062552487,0.07013432920886653,s008,6,20340418,base,Base Weibull PH,3,0.3,1.2,1,0.35,0.9,2000,0.3,0.1,1500,2.2231518664261505,0.38857142857142857,0.030714285714285715,1400,600,700,700
cp_cox_split_support_fit,CP + Cox (Split Support/Fit),0.8966666666666666,2.05629269213827,0.06430812488632599,s008,6,20340418,base,Base Weibull PH,3,0.3,1.2,1,0.35,0.9,2000,0.3,0.1,1500,2.2231518664261505,0.38857142857142857,0.030714285714285715,1400,600,700,700
cp_cox_full,CP + Cox,0.8933333333333333,2.155488439105156,0.07990943114558086,s008,7,20340419,base,Base Weibull PH,3,0.3,1.2,1,0.35,0.9,2000,0.3,0.1,1500,2.3352261418327105,0.385,0.030714285714285715,1400,600,700,700
cp_cox_split_support_fit,CP + Cox (Split Support/Fit),0.8916666666666667,2.155949751784891,0.08126295419349641,s008,7,20340419,base,Base Weibull PH,3,0.3,1.2,1,0.35,0.9,2000,0.3,0.1,1500,2.3352261418327105,0.385,0.030714285714285715,1400,600,700,700
cp_cox_full,CP + Cox,0.8616666666666667,2.113435586719457,0.09070701087749822,s008,8,20340420,base,Base Weibull PH,3,0.3,1.2,1,0.35,0.9,2000,0.3,0.1,1500,2.327787908182064,0.3821428571428571,0.025,1400,600,700,700
cp_cox_split_support_fit,CP + Cox (Split Support/Fit),0.8866666666666667,2.1534732202175233,0.06661014032350152,s008,8,20340420,base,Base Weibull PH,3,0.3,1.2,1,0.35,0.9,2000,0.3,0.1,1500,2.327787908182064,0.3821428571428571,0.025,1400,600,700,700
cp_cox_full,CP + Cox,0.9016666666666666,2.226544476073164,0.06212310515332202,s008,9,20340421,base,Base Weibull PH,3,0.3,1.2,1,0.35,0.9,2000,0.3,0.1,1500,2.3753672130645884,0.37285714285714283,0.025,1400,600,700,700
cp_cox_split_support_fit,CP + Cox (Split Support/Fit),0.89,2.208467480804345,0.05934028132425679,s008,9,20340421,base,Base Weibull PH,3,0.3,1.2,1,0.35,0.9,2000,0.3,0.1,1500,2.3753672130645884,0.37285714285714283,0.025,1400,600,700,700
cp_cox_full,CP + Cox,0.905,2.2015802724770284,0.08160970112812611,s008,10,20340422,base,Base Weibull PH,3,0.3,1.2,1,0.35,0.9,2000,0.3,0.1,1500,2.3776489195535917,0.38142857142857145,0.030714285714285715,1400,600,700,700
cp_cox_split_support_fit,CP + Cox (Split Support/Fit),0.8916666666666667,2.1793983288609993,0.08823086994656902,s008,10,20340422,base,Base Weibull PH,3,0.3,1.2,1,0.35,0.9,2000,0.3,0.1,1500,2.3776489195535917,0.38142857142857145,0.030714285714285715,1400,600,700,700
cp_cox_full,CP + Cox,0.895,2.076170818741216,0.08060774346483719,s008,11,20340423,base,Base Weibull PH,3,0.3,1.2,1,0.35,0.9,2000,0.3,0.1,1500,2.2544009048706513,0.39071428571428574,0.03428571428571429,1400,600,700,700
cp_cox_split_support_fit,CP + Cox (Split Support/Fit),0.875,2.049118081503497,0.08782948425337747,s008,11,20340423,base,Base Weibull PH,3,0.3,1.2,1,0.35,0.9,2000,0.3,0.1,1500,2.2544009048706513,0.39071428571428574,0.03428571428571429,1400,600,700,700
cp_cox_full,CP + Cox,0.8966666666666666,2.1327659262685272,0.08921239046773687,s008,12,20340424,base,Base Weibull PH,3,0.3,1.2,1,0.35,0.9,2000,0.3,0.1,1500,2.300856021382817,0.37285714285714283,0.03142857142857143,1400,600,700,700
cp_cox_split_support_fit,CP + Cox (Split Support/Fit),0.9083333333333333,2.1489990326593293,0.09022712881705378,s008,12,20340424,base,Base Weibull PH,3,0.3,1.2,1,0.35,0.9,2000,0.3,0.1,1500,2.300856021382817,0.37285714285714283,0.03142857142857143,1400,600,700,700
cp_cox_full,CP + Cox,0.9116666666666666,2.2002298700245113,0.06592928030256102,s008,13,20340425,base,Base Weibull PH,3,0.3,1.2,1,0.35,0.9,2000,0.3,0.1,1500,2.3475190459302646,0.36714285714285716,0.025714285714285714,1400,600,700,700
cp_cox_split_support_fit,CP + Cox (Split Support/Fit),0.8966666666666666,2.1697422150441477,0.0791546785814897,s008,13,20340425,base,Base Weibull PH,3,0.3,1.2,1,0.35,0.9,2000,0.3,0.1,1500,2.3475190459302646,0.36714285714285716,0.025714285714285714,1400,600,700,700
cp_cox_full,CP + Cox,0.9083333333333333,2.0318754559416883,0.06871554198343185,s008,14,20340426,base,Base Weibull PH,3,0.3,1.2,1,0.35,0.9,2000,0.3,0.1,1500,2.1950872236839025,0.37285714285714283,0.025714285714285714,1400,600,700,700
cp_cox_split_support_fit,CP + Cox (Split Support/Fit),0.8983333333333333,2.0163623081523894,0.07887750712771266,s008,14,20340426,base,Base Weibull PH,3,0.3,1.2,1,0.35,0.9,2000,0.3,0.1,1500,2.1950872236839025,0.37285714285714283,0.025714285714285714,1400,600,700,700
cp_cox_full,CP + Cox,0.8733333333333333,2.2155181617212505,0.08106375073733503,s008,15,20340427,base,Base Weibull PH,3,0.3,1.2,1,0.35,0.9,2000,0.3,0.1,1500,2.416247545798342,0.37714285714285717,0.025,1400,600,700,700
cp_cox_split_support_fit,CP + Cox (Split Support/Fit),0.8733333333333333,2.2205420042166915,0.0724941241674738,s008,15,20340427,base,Base Weibull PH,3,0.3,1.2,1,0.35,0.9,2000,0.3,0.1,1500,2.416247545798342,0.37714285714285717,0.025,1400,600,700,700
cp_cox_full,CP + Cox,0.9083333333333333,2.22521800002425,0.07753832993143528,s008,16,20340428,base,Base Weibull PH,3,0.3,1.2,1,0.35,0.9,2000,0.3,0.1,1500,2.379883553172042,0.36857142857142855,0.029285714285714286,1400,600,700,700
cp_cox_split_support_fit,CP + Cox (Split Support/Fit),0.9083333333333333,2.224069620466925,0.08259078878835643,s008,16,20340428,base,Base Weibull PH,3,0.3,1.2,1,0.35,0.9,2000,0.3,0.1,1500,2.379883553172042,0.36857142857142855,0.029285714285714286,1400,600,700,700
cp_cox_full,CP + Cox,0.8766666666666667,2.1898706613584498,0.09546575438204279,s008,17,20340429,base,Base Weibull PH,3,0.3,1.2,1,0.35,0.9,2000,0.3,0.1,1500,2.3829137704821672,0.3807142857142857,0.023571428571428573,1400,600,700,700
cp_cox_split_support_fit,CP + Cox (Split Support/Fit),0.87,2.17781886734995,0.09771034107137896,s008,17,20340429,base,Base Weibull PH,3,0.3,1.2,1,0.35,0.9,2000,0.3,0.1,1500,2.3829137704821672,0.3807142857142857,0.023571428571428573,1400,600,700,700
cp_cox_full,CP + Cox,0.925,2.0989291843078832,0.06847055959704415,s008,18,20340430,base,Base Weibull PH,3,0.3,1.2,1,0.35,0.9,2000,0.3,0.1,1500,2.2673131767092265,0.38857142857142857,0.029285714285714286,1400,600,700,700
cp_cox_split_support_fit,CP + Cox (Split Support/Fit),0.9166666666666666,2.0872798925481413,0.06618670306695805,s008,18,20340430,base,Base Weibull PH,3,0.3,1.2,1,0.35,0.9,2000,0.3,0.1,1500,2.2673131767092265,0.38857142857142857,0.029285714285714286,1400,600,700,700
cp_cox_full,CP + Cox,0.915,2.174612569917374,0.08652530357840164,s008,19,20340431,base,Base Weibull PH,3,0.3,1.2,1,0.35,0.9,2000,0.3,0.1,1500,2.3541452300338275,0.38357142857142856,0.03,1400,600,700,700
cp_cox_split_support_fit,CP + Cox (Split Support/Fit),0.9216666666666666,2.188749332810156,0.07461173003733852,s008,19,20340431,base,Base Weibull PH,3,0.3,1.2,1,0.35,0.9,2000,0.3,0.1,1500,2.3541452300338275,0.38357142857142856,0.03,1400,600,700,700
cp_cox_full,CP + Cox,0.8666666666666667,2.0444633472763987,0.0878163297775982,s008,20,20340432,base,Base Weibull PH,3,0.3,1.2,1,0.35,0.9,2000,0.3,0.1,1500,2.242821372744907,0.37285714285714283,0.04071428571428572,1400,600,700,700
cp_cox_split_support_fit,CP + Cox (Split Support/Fit),0.8933333333333333,2.077021831087999,0.08306433146355456,s008,20,20340432,base,Base Weibull PH,3,0.3,1.2,1,0.35,0.9,2000,0.3,0.1,1500,2.242821372744907,0.37285714285714283,0.04071428571428572,1400,600,700,700
cp_cox_full,CP + Cox,0.9066666666666666,2.1342492579205588,0.06156029960373264,s008,21,20340433,base,Base Weibull PH,3,0.3,1.2,1,0.35,0.9,2000,0.3,0.1,1500,2.2873497009571175,0.40285714285714286,0.032857142857142856,1400,600,700,700
cp_cox_split_support_fit,CP + Cox (Split Support/Fit),0.905,2.1335620971772187,0.06349518172384633,s008,21,20340433,base,Base Weibull PH,3,0.3,1.2,1,0.35,0.9,2000,0.3,0.1,1500,2.2873497009571175,0.40285714285714286,0.032857142857142856,1400,600,700,700
cp_cox_full,CP + Cox,0.9233333333333333,2.0314495509360455,0.05647023114059373,s008,22,20340434,base,Base Weibull PH,3,0.3,1.2,1,0.35,0.9,2000,0.3,0.1,1500,2.176870001868463,0.36857142857142855,0.03428571428571429,1400,600,700,700
cp_cox_split_support_fit,CP + Cox (Split Support/Fit),0.9333333333333333,2.03539036371131,0.06299970632825547,s008,22,20340434,base,Base Weibull PH,3,0.3,1.2,1,0.35,0.9,2000,0.3,0.1,1500,2.176870001868463,0.36857142857142855,0.03428571428571429,1400,600,700,700
cp_cox_full,CP + Cox,0.875,2.083951234702524,0.09343838441243903,s008,23,20340435,base,Base Weibull PH,3,0.3,1.2,1,0.35,0.9,2000,0.3,0.1,1500,2.2655562636920834,0.40285714285714286,0.03357142857142857,1400,600,700,700
cp_cox_split_support_fit,CP + Cox (Split Support/Fit),0.9016666666666666,2.1280384708999893,0.06241465722674073,s008,23,20340435,base,Base Weibull PH,3,0.3,1.2,1,0.35,0.9,2000,0.3,0.1,1500,2.2655562636920834,0.40285714285714286,0.03357142857142857,1400,600,700,700
cp_cox_full,CP + Cox,0.8833333333333333,2.192851796409928,0.06969350913149855,s008,24,20340436,base,Base Weibull PH,3,0.3,1.2,1,0.35,0.9,2000,0.3,0.1,1500,2.3559512524570696,0.34714285714285714,0.023571428571428573,1400,600,700,700
cp_cox_split_support_fit,CP + Cox (Split Support/Fit),0.8866666666666667,2.198564441234075,0.06702638430874992,s008,24,20340436,base,Base Weibull PH,3,0.3,1.2,1,0.35,0.9,2000,0.3,0.1,1500,2.3559512524570696,0.34714285714285714,0.023571428571428573,1400,600,700,700
cp_cox_full,CP + Cox,0.925,2.038307419991399,0.07032179374786675,s008,25,20340437,base,Base Weibull PH,3,0.3,1.2,1,0.35,0.9,2000,0.3,0.1,1500,2.1924638741174345,0.37,0.027142857142857142,1400,600,700,700
cp_cox_split_support_fit,CP + Cox (Split Support/Fit),0.9216666666666666,2.0321749257717654,0.06872358194501954,s008,25,20340437,base,Base Weibull PH,3,0.3,1.2,1,0.35,0.9,2000,0.3,0.1,1500,2.1924638741174345,0.37,0.027142857142857142,1400,600,700,700
cp_cox_full,CP + Cox,0.8716666666666667,2.0938778808057203,0.09850778613312541,s008,26,20340438,base,Base Weibull PH,3,0.3,1.2,1,0.35,0.9,2000,0.3,0.1,1500,2.301860905808422,0.37857142857142856,0.03,1400,600,700,700
cp_cox_split_support_fit,CP + Cox (Split Support/Fit),0.875,2.1018210437403075,0.09075253870634395,s008,26,20340438,base,Base Weibull PH,3,0.3,1.2,1,0.35,0.9,2000,0.3,0.1,1500,2.301860905808422,0.37857142857142856,0.03,1400,600,700,700
cp_cox_full,CP + Cox,0.905,2.2243338794575833,0.07777504229539386,s008,27,20340439,base,Base Weibull PH,3,0.3,1.2,1,0.35,0.9,2000,0.3,0.1,1500,2.3874134383757957,0.4014285714285714,0.02142857142857143,1400,600,700,700
cp_cox_split_support_fit,CP + Cox (Split Support/Fit),0.8933333333333333,2.210159484775087,0.08090205584608369,s008,27,20340439,base,Base Weibull PH,3,0.3,1.2,1,0.35,0.9,2000,0.3,0.1,1500,2.3874134383757957,0.4014285714285714,0.02142857142857143,1400,600,700,700
cp_cox_full,CP + Cox,0.8716666666666667,2.0946473575180677,0.0710865427903495,s008,28,20340440,base,Base Weibull PH,3,0.3,1.2,1,0.35,0.9,2000,0.3,0.1,1500,2.262378229427673,0.38571428571428573,0.025,1400,600,700,700
cp_cox_split_support_fit,CP + Cox (Split Support/Fit),0.8783333333333333,2.100488275829386,0.071510071120017,s008,28,20340440,base,Base Weibull PH,3,0.3,1.2,1,0.35,0.9,2000,0.3,0.1,1500,2.262378229427673,0.38571428571428573,0.025,1400,600,700,700
cp_cox_full,CP + Cox,0.9083333333333333,2.0695697420768644,0.06656202414361478,s008,29,20340441,base,Base Weibull PH,3,0.3,1.2,1,0.35,0.9,2000,0.3,0.1,1500,2.2252779302440975,0.38142857142857145,0.03142857142857143,1400,600,700,700
cp_cox_split_support_fit,CP + Cox (Split Support/Fit),0.9116666666666666,2.0712053464522207,0.0677693928990206,s008,29,20340441,base,Base Weibull PH,3,0.3,1.2,1,0.35,0.9,2000,0.3,0.1,1500,2.2252779302440975,0.38142857142857145,0.03142857142857143,1400,600,700,700
cp_cox_full,CP + Cox,0.91,2.048896862496452,0.07552075229395686,s008,30,20340442,base,Base Weibull PH,3,0.3,1.2,1,0.35,0.9,2000,0.3,0.1,1500,2.1981174612554977,0.38642857142857145,0.02642857142857143,1400,600,700,700
cp_cox_split_support_fit,CP + Cox (Split Support/Fit),0.8933333333333333,2.026990087564001,0.0776462668600394,s008,30,20340442,base,Base Weibull PH,3,0.3,1.2,1,0.35,0.9,2000,0.3,0.1,1500,2.1981174612554977,0.38642857142857145,0.02642857142857143,1400,600,700,700
cp_cox_full,CP + Cox,0.9066666666666666,3.7824904712279475,0.08007676091487563,s009,1,20350413,base,Base Weibull PH,3,0.3,1.2,1,0.35,0.97,2000,0.3,0.1,1500,3.95011680560258,0.35285714285714287,0.0035714285714285713,1400,600,700,700
cp_cox_split_support_fit,CP + Cox (Split Support/Fit),0.9016666666666666,3.7719003908625655,0.09406791817073487,s009,1,20350413,base,Base Weibull PH,3,0.3,1.2,1,0.35,0.97,2000,0.3,0.1,1500,3.95011680560258,0.35285714285714287,0.0035714285714285713,1400,600,700,700
cp_cox_full,CP + Cox,0.915,3.4724095362933314,0.06681623882084736,s009,2,20350414,base,Base Weibull PH,3,0.3,1.2,1,0.35,0.97,2000,0.3,0.1,1500,3.630357616128984,0.36357142857142855,0.005,1400,600,700,700
cp_cox_split_support_fit,CP + Cox (Split Support/Fit),0.9083333333333333,3.4623709154539584,0.06873738819704485,s009,2,20350414,base,Base Weibull PH,3,0.3,1.2,1,0.35,0.97,2000,0.3,0.1,1500,3.630357616128984,0.36357142857142855,0.005,1400,600,700,700
cp_cox_full,CP + Cox,0.88,3.53891941515701,0.07320829642581957,s009,3,20350415,base,Base Weibull PH,3,0.3,1.2,1,0.35,0.97,2000,0.3,0.1,1500,3.702268491884756,0.36,0.007142857142857143,1400,600,700,700
cp_cox_split_support_fit,CP + Cox (Split Support/Fit),0.8966666666666666,3.5613527774424343,0.060389053488121854,s009,3,20350415,base,Base Weibull PH,3,0.3,1.2,1,0.35,0.97,2000,0.3,0.1,1500,3.702268491884756,0.36,0.007142857142857143,1400,600,700,700
cp_cox_full,CP + Cox,0.8916666666666667,3.494031582639193,0.07624900885730437,s009,4,20350416,base,Base Weibull PH,3,0.3,1.2,1,0.35,0.97,2000,0.3,0.1,1500,3.672569213129243,0.34714285714285714,0.005,1400,600,700,700
cp_cox_split_support_fit,CP + Cox (Split Support/Fit),0.9,3.5050862050233396,0.07500271028553879,s009,4,20350416,base,Base Weibull PH,3,0.3,1.2,1,0.35,0.97,2000,0.3,0.1,1500,3.672569213129243,0.34714285714285714,0.005,1400,600,700,700
cp_cox_full,CP + Cox,0.8916666666666667,3.4746237720856543,0.08019825664525615,s009,5,20350417,base,Base Weibull PH,3,0.3,1.2,1,0.35,0.97,2000,0.3,0.1,1500,3.6564718022411262,0.3414285714285714,0.0035714285714285713,1400,600,700,700
cp_cox_split_support_fit,CP + Cox (Split Support/Fit),0.9016666666666666,3.485765714930203,0.08229883536330795,s009,5,20350417,base,Base Weibull PH,3,0.3,1.2,1,0.35,0.97,2000,0.3,0.1,1500,3.6564718022411262,0.3414285714285714,0.0035714285714285713,1400,600,700,700
cp_cox_full,CP + Cox,0.895,3.471800333678911,0.08260617531795449,s009,6,20350418,base,Base Weibull PH,3,0.3,1.2,1,0.35,0.97,2000,0.3,0.1,1500,3.6635612795991634,0.345,0.002142857142857143,1400,600,700,700
cp_cox_split_support_fit,CP + Cox (Split Support/Fit),0.885,3.450970124165933,0.09456312333841908,s009,6,20350418,base,Base Weibull PH,3,0.3,1.2,1,0.35,0.97,2000,0.3,0.1,1500,3.6635612795991634,0.345,0.002142857142857143,1400,600,700,700
cp_cox_full,CP + Cox,0.8933333333333333,3.4474650471891986,0.07261354199037377,s009,7,20350419,base,Base Weibull PH,3,0.3,1.2,1,0.35,0.97,2000,0.3,0.1,1500,3.6208442281539033,0.3292857142857143,0.002857142857142857,1400,600,700,700
cp_cox_split_support_fit,CP + Cox (Split Support/Fit),0.9066666666666666,3.468580291575765,0.07031236912541332,s009,7,20350419,base,Base Weibull PH,3,0.3,1.2,1,0.35,0.97,2000,0.3,0.1,1500,3.6208442281539033,0.3292857142857143,0.002857142857142857,1400,600,700,700
cp_cox_full,CP + Cox,0.8683333333333333,3.5048965880859373,0.07861889854922562,s009,8,20350420,base,Base Weibull PH,3,0.3,1.2,1,0.35,0.97,2000,0.3,0.1,1500,3.680810028786741,0.36,0.0014285714285714286,1400,600,700,700
cp_cox_split_support_fit,CP + Cox (Split Support/Fit),0.89,3.5244450796580606,0.06669915144131211,s009,8,20350420,base,Base Weibull PH,3,0.3,1.2,1,0.35,0.97,2000,0.3,0.1,1500,3.680810028786741,0.36,0.0014285714285714286,1400,600,700,700
cp_cox_full,CP + Cox,0.9233333333333333,3.6453194238724036,0.06461363513025424,s009,9,20350421,base,Base Weibull PH,3,0.3,1.2,1,0.35,0.97,2000,0.3,0.1,1500,3.795126181248864,0.3464285714285714,0.005714285714285714,1400,600,700,700
cp_cox_split_support_fit,CP + Cox (Split Support/Fit),0.9183333333333333,3.642248640969047,0.0514153571293819,s009,9,20350421,base,Base Weibull PH,3,0.3,1.2,1,0.35,0.97,2000,0.3,0.1,1500,3.795126181248864,0.3464285714285714,0.005714285714285714,1400,600,700,700
cp_cox_full,CP + Cox,0.905,3.457816232348901,0.07580769737647586,s009,10,20350422,base,Base Weibull PH,3,0.3,1.2,1,0.35,0.97,2000,0.3,0.1,1500,3.6166369276509474,0.3457142857142857,0.005,1400,600,700,700
cp_cox_split_support_fit,CP + Cox (Split Support/Fit),0.9066666666666666,3.4613518754233343,0.07256715801830747,s009,10,20350422,base,Base Weibull PH,3,0.3,1.2,1,0.35,0.97,2000,0.3,0.1,1500,3.6166369276509474,0.3457142857142857,0.005,1400,600,700,700
cp_cox_full,CP + Cox,0.8883333333333333,3.168270883361049,0.09395044228737995,s009,11,20350423,base,Base Weibull PH,3,0.3,1.2,1,0.35,0.97,2000,0.3,0.1,1500,3.366417045653553,0.33071428571428574,0.002142857142857143,1400,600,700,700
cp_cox_split_support_fit,CP + Cox (Split Support/Fit),0.9166666666666666,3.2010821748855194,0.0895170918775892,s009,11,20350423,base,Base Weibull PH,3,0.3,1.2,1,0.35,0.97,2000,0.3,0.1,1500,3.366417045653553,0.33071428571428574,0.002142857142857143,1400,600,700,700
cp_cox_full,CP + Cox,0.8666666666666667,3.560445196940122,0.08678395473097265,s009,12,20350424,base,Base Weibull PH,3,0.3,1.2,1,0.35,0.97,2000,0.3,0.1,1500,3.737840179110961,0.3535714285714286,0.004285714285714286,1400,600,700,700
cp_cox_split_support_fit,CP + Cox (Split Support/Fit),0.8766666666666667,3.566174057912218,0.08807757649184067,s009,12,20350424,base,Base Weibull PH,3,0.3,1.2,1,0.35,0.97,2000,0.3,0.1,1500,3.737840179110961,0.3535714285714286,0.004285714285714286,1400,600,700,700
cp_cox_full,CP + Cox,0.8833333333333333,3.5563361665812145,0.0808642338864143,s009,13,20350425,base,Base Weibull PH,3,0.3,1.2,1,0.35,0.97,2000,0.3,0.1,1500,3.724368518081077,0.35285714285714287,0.0035714285714285713,1400,600,700,700
cp_cox_split_support_fit,CP + Cox (Split Support/Fit),0.89,3.5647689953097577,0.07398531230000621,s009,13,20350425,base,Base Weibull PH,3,0.3,1.2,1,0.35,0.97,2000,0.3,0.1,1500,3.724368518081077,0.35285714285714287,0.0035714285714285713,1400,600,700,700
cp_cox_full,CP + Cox,0.88,3.799930755629943,0.09599732705695604,s009,14,20350426,base,Base Weibull PH,3,0.3,1.2,1,0.35,0.97,2000,0.3,0.1,1500,3.9899499806211676,0.3557142857142857,0.002142857142857143,1400,600,700,700
cp_cox_split_support_fit,CP + Cox (Split Support/Fit),0.89,3.822530241413765,0.07889869515382456,s009,14,20350426,base,Base Weibull PH,3,0.3,1.2,1,0.35,0.97,2000,0.3,0.1,1500,3.9899499806211676,0.3557142857142857,0.002142857142857143,1400,600,700,700
cp_cox_full,CP + Cox,0.93,3.737746065282614,0.053427212819786705,s009,15,20350427,base,Base Weibull PH,3,0.3,1.2,1,0.35,0.97,2000,0.3,0.1,1500,3.869853944658139,0.3557142857142857,0.005,1400,600,700,700
cp_cox_split_support_fit,CP + Cox (Split Support/Fit),0.9183333333333333,3.7008135389448804,0.06775538933213818,s009,15,20350427,base,Base Weibull PH,3,0.3,1.2,1,0.35,0.97,2000,0.3,0.1,1500,3.869853944658139,0.3557142857142857,0.005,1400,600,700,700
cp_cox_full,CP + Cox,0.8883333333333333,3.836441019361859,0.06851175074255123,s009,16,20350428,base,Base Weibull PH,3,0.3,1.2,1,0.35,0.97,2000,0.3,0.1,1500,3.996758999463732,0.3707142857142857,0.005,1400,600,700,700
cp_cox_split_support_fit,CP + Cox (Split Support/Fit),0.8966666666666666,3.843613446473439,0.06196553015173393,s009,16,20350428,base,Base Weibull PH,3,0.3,1.2,1,0.35,0.97,2000,0.3,0.1,1500,3.996758999463732,0.3707142857142857,0.005,1400,600,700,700
cp_cox_full,CP + Cox,0.9066666666666666,3.471088924342109,0.08602222443364647,s009,17,20350429,base,Base Weibull PH,3,0.3,1.2,1,0.35,0.97,2000,0.3,0.1,1500,3.646559072809831,0.3157142857142857,0.0064285714285714285,1400,600,700,700
cp_cox_split_support_fit,CP + Cox (Split Support/Fit),0.9266666666666666,3.4933085615979413,0.07566914739048171,s009,17,20350429,base,Base Weibull PH,3,0.3,1.2,1,0.35,0.97,2000,0.3,0.1,1500,3.646559072809831,0.3157142857142857,0.0064285714285714285,1400,600,700,700
cp_cox_full,CP + Cox,0.8866666666666667,3.244742785621025,0.056271583977905035,s009,18,20350430,base,Base Weibull PH,3,0.3,1.2,1,0.35,0.97,2000,0.3,0.1,1500,3.3996047718513176,0.34214285714285714,0.005,1400,600,700,700
cp_cox_split_support_fit,CP + Cox (Split Support/Fit),0.8866666666666667,3.242317030106062,0.07054342154758161,s009,18,20350430,base,Base Weibull PH,3,0.3,1.2,1,0.35,0.97,2000,0.3,0.1,1500,3.3996047718513176,0.34214285714285714,0.005,1400,600,700,700
cp_cox_full,CP + Cox,0.8666666666666667,3.2456774234619883,0.09612785727614419,s009,19,20350431,base,Base Weibull PH,3,0.3,1.2,1,0.35,0.97,2000,0.3,0.1,1500,3.4377479169401113,0.38,7.142857142857143e-4,1400,600,700,700
cp_cox_split_support_fit,CP + Cox (Split Support/Fit),0.865,3.2395559888421954,0.09899600579767771,s009,19,20350431,base,Base Weibull PH,3,0.3,1.2,1,0.35,0.97,2000,0.3,0.1,1500,3.4377479169401113,0.38,7.142857142857143e-4,1400,600,700,700
cp_cox_full,CP + Cox,0.885,3.276563495250351,0.09722248400658925,s009,20,20350432,base,Base Weibull PH,3,0.3,1.2,1,0.35,0.97,2000,0.3,0.1,1500,3.4712450598417695,0.3628571428571429,0.005714285714285714,1400,600,700,700
cp_cox_split_support_fit,CP + Cox (Split Support/Fit),0.9083333333333333,3.3034547071062983,0.07242386441358634,s009,20,20350432,base,Base Weibull PH,3,0.3,1.2,1,0.35,0.97,2000,0.3,0.1,1500,3.4712450598417695,0.3628571428571429,0.005714285714285714,1400,600,700,700
cp_cox_full,CP + Cox,0.8916666666666667,3.4710924556843334,0.10194813360605724,s009,21,20350433,base,Base Weibull PH,3,0.3,1.2,1,0.35,0.97,2000,0.3,0.1,1500,3.6674091013129773,0.355,0.005714285714285714,1400,600,700,700
cp_cox_split_support_fit,CP + Cox (Split Support/Fit),0.8883333333333333,3.4824366444906594,0.0868443011005994,s009,21,20350433,base,Base Weibull PH,3,0.3,1.2,1,0.35,0.97,2000,0.3,0.1,1500,3.6674091013129773,0.355,0.005714285714285714,1400,600,700,700
cp_cox_full,CP + Cox,0.8883333333333333,3.366555699659277,0.07900803851246209,s009,22,20350434,base,Base Weibull PH,3,0.3,1.2,1,0.35,0.97,2000,0.3,0.1,1500,3.5478233106744153,0.3585714285714286,0.0064285714285714285,1400,600,700,700
cp_cox_split_support_fit,CP + Cox (Split Support/Fit),0.9016666666666666,3.398454504814397,0.0605177839214746,s009,22,20350434,base,Base Weibull PH,3,0.3,1.2,1,0.35,0.97,2000,0.3,0.1,1500,3.5478233106744153,0.3585714285714286,0.0064285714285714285,1400,600,700,700
cp_cox_full,CP + Cox,0.92,3.4165234314192086,0.07181610701847863,s009,23,20350435,base,Base Weibull PH,3,0.3,1.2,1,0.35,0.97,2000,0.3,0.1,1500,3.566469703237465,0.3435714285714286,0.005714285714285714,1400,600,700,700
cp_cox_split_support_fit,CP + Cox (Split Support/Fit),0.9116666666666666,3.405756693245842,0.0664721482757628,s009,23,20350435,base,Base Weibull PH,3,0.3,1.2,1,0.35,0.97,2000,0.3,0.1,1500,3.566469703237465,0.3435714285714286,0.005714285714285714,1400,600,700,700
cp_cox_full,CP + Cox,0.8933333333333333,3.3981197338852356,0.08395889031473139,s009,24,20350436,base,Base Weibull PH,3,0.3,1.2,1,0.35,0.97,2000,0.3,0.1,1500,3.57379606255474,0.36857142857142855,0.004285714285714286,1400,600,700,700
cp_cox_split_support_fit,CP + Cox (Split Support/Fit),0.8866666666666667,3.390550272745416,0.0904840279318115,s009,24,20350436,base,Base Weibull PH,3,0.3,1.2,1,0.35,0.97,2000,0.3,0.1,1500,3.57379606255474,0.36857142857142855,0.004285714285714286,1400,600,700,700
cp_cox_full,CP + Cox,0.9233333333333333,3.680413715189518,0.06561173696323788,s009,25,20350437,base,Base Weibull PH,3,0.3,1.2,1,0.35,0.97,2000,0.3,0.1,1500,3.8265848756605805,0.32785714285714285,0.005,1400,600,700,700
cp_cox_split_support_fit,CP + Cox (Split Support/Fit),0.905,3.653737241809505,0.08800426034771726,s009,25,20350437,base,Base Weibull PH,3,0.3,1.2,1,0.35,0.97,2000,0.3,0.1,1500,3.8265848756605805,0.32785714285714285,0.005,1400,600,700,700
cp_cox_full,CP + Cox,0.9033333333333333,3.3305867813650436,0.07457137915926743,s009,26,20350438,base,Base Weibull PH,3,0.3,1.2,1,0.35,0.97,2000,0.3,0.1,1500,3.5082812469632314,0.37857142857142856,0.005714285714285714,1400,600,700,700
cp_cox_split_support_fit,CP + Cox (Split Support/Fit),0.8966666666666666,3.327177395514066,0.0810002831507682,s009,26,20350438,base,Base Weibull PH,3,0.3,1.2,1,0.35,0.97,2000,0.3,0.1,1500,3.5082812469632314,0.37857142857142856,0.005714285714285714,1400,600,700,700
cp_cox_full,CP + Cox,0.9083333333333333,3.457699818442312,0.09015158678800012,s009,27,20350439,base,Base Weibull PH,3,0.3,1.2,1,0.35,0.97,2000,0.3,0.1,1500,3.6179261472497672,0.3707142857142857,0.005714285714285714,1400,600,700,700
cp_cox_split_support_fit,CP + Cox (Split Support/Fit),0.9166666666666666,3.463175485896636,0.09223860455700547,s009,27,20350439,base,Base Weibull PH,3,0.3,1.2,1,0.35,0.97,2000,0.3,0.1,1500,3.6179261472497672,0.3707142857142857,0.005714285714285714,1400,600,700,700
cp_cox_full,CP + Cox,0.92,3.7221117930011047,0.07515188671934064,s009,28,20350440,base,Base Weibull PH,3,0.3,1.2,1,0.35,0.97,2000,0.3,0.1,1500,3.8713880197860235,0.31785714285714284,0.007857142857142858,1400,600,700,700
cp_cox_split_support_fit,CP + Cox (Split Support/Fit),0.9016666666666666,3.6916156370458713,0.08687778903045824,s009,28,20350440,base,Base Weibull PH,3,0.3,1.2,1,0.35,0.97,2000,0.3,0.1,1500,3.8713880197860235,0.31785714285714284,0.007857142857142858,1400,600,700,700
cp_cox_full,CP + Cox,0.9116666666666666,3.517749182541491,0.07529194867510786,s009,29,20350441,base,Base Weibull PH,3,0.3,1.2,1,0.35,0.97,2000,0.3,0.1,1500,3.6706592510777343,0.38,0.005,1400,600,700,700
cp_cox_split_support_fit,CP + Cox (Split Support/Fit),0.9033333333333333,3.5056032141153888,0.08204817356080792,s009,29,20350441,base,Base Weibull PH,3,0.3,1.2,1,0.35,0.97,2000,0.3,0.1,1500,3.6706592510777343,0.38,0.005,1400,600,700,700
cp_cox_full,CP + Cox,0.8783333333333333,3.3461682426432406,0.07763768614698334,s009,30,20350442,base,Base Weibull PH,3,0.3,1.2,1,0.35,0.97,2000,0.3,0.1,1500,3.5190328758180573,0.3364285714285714,0.007142857142857143,1400,600,700,700
cp_cox_split_support_fit,CP + Cox (Split Support/Fit),0.92,3.3974514441762773,0.047515203145429355,s009,30,20350442,base,Base Weibull PH,3,0.3,1.2,1,0.35,0.97,2000,0.3,0.1,1500,3.5190328758180573,0.3364285714285714,0.007142857142857143,1400,600,700,700
cp_cox_full,CP + Cox,0.91,1.2620179859559624,0.19417965621024838,s010,1,20360413,high_dim,Higher covariate dimension,9,0.3,1.2,1,0.1,0.75,2000,0.3,0.1,1500,1.4736824048744617,0.30428571428571427,0.20285714285714285,1400,600,700,700
cp_cox_split_support_fit,CP + Cox (Split Support/Fit),0.9183333333333333,1.2903805481173152,0.1508715758412835,s010,1,20360413,high_dim,Higher covariate dimension,9,0.3,1.2,1,0.1,0.75,2000,0.3,0.1,1500,1.4736824048744617,0.30428571428571427,0.20285714285714285,1400,600,700,700
cp_cox_full,CP + Cox,0.8933333333333333,1.352804271962155,0.19915578772552223,s010,2,20360414,high_dim,Higher covariate dimension,9,0.3,1.2,1,0.1,0.75,2000,0.3,0.1,1500,1.5667392250561716,0.31357142857142856,0.2007142857142857,1400,600,700,700
cp_cox_split_support_fit,CP + Cox (Split Support/Fit),0.8866666666666667,1.3408415207868454,0.20880056128662766,s010,2,20360414,high_dim,Higher covariate dimension,9,0.3,1.2,1,0.1,0.75,2000,0.3,0.1,1500,1.5667392250561716,0.31357142857142856,0.2007142857142857,1400,600,700,700
cp_cox_full,CP + Cox,0.875,1.291451799472398,0.15540504523087567,s010,3,20360415,high_dim,Higher covariate dimension,9,0.3,1.2,1,0.1,0.75,2000,0.3,0.1,1500,1.5007545793016708,0.30714285714285716,0.21142857142857144,1400,600,700,700
cp_cox_split_support_fit,CP + Cox (Split Support/Fit),0.8766666666666667,1.2822350473899147,0.18259599279771674,s010,3,20360415,high_dim,Higher covariate dimension,9,0.3,1.2,1,0.1,0.75,2000,0.3,0.1,1500,1.5007545793016708,0.30714285714285716,0.21142857142857144,1400,600,700,700
cp_cox_full,CP + Cox,0.8666666666666667,1.2888041744869623,0.19154664820725925,s010,4,20360416,high_dim,Higher covariate dimension,9,0.3,1.2,1,0.1,0.75,2000,0.3,0.1,1500,1.5199555800484401,0.30142857142857143,0.20142857142857143,1400,600,700,700
cp_cox_split_support_fit,CP + Cox (Split Support/Fit),0.89,1.3108573322269368,0.17955166015250146,s010,4,20360416,high_dim,Higher covariate dimension,9,0.3,1.2,1,0.1,0.75,2000,0.3,0.1,1500,1.5199555800484401,0.30142857142857143,0.20142857142857143,1400,600,700,700
cp_cox_full,CP + Cox,0.8983333333333333,1.3139095970244867,0.20322976986919242,s010,5,20360417,high_dim,Higher covariate dimension,9,0.3,1.2,1,0.1,0.75,2000,0.3,0.1,1500,1.5222049237946922,0.29285714285714287,0.2057142857142857,1400,600,700,700
cp_cox_split_support_fit,CP + Cox (Split Support/Fit),0.8966666666666666,1.30932926976188,0.2079297730363414,s010,5,20360417,high_dim,Higher covariate dimension,9,0.3,1.2,1,0.1,0.75,2000,0.3,0.1,1500,1.5222049237946922,0.29285714285714287,0.2057142857142857,1400,600,700,700
cp_cox_full,CP + Cox,0.9033333333333333,1.2995660697807705,0.19865220748989268,s010,6,20360418,high_dim,Higher covariate dimension,9,0.3,1.2,1,0.1,0.75,2000,0.3,0.1,1500,1.5137679396775292,0.2892857142857143,0.19785714285714287,1400,600,700,700
cp_cox_split_support_fit,CP + Cox (Split Support/Fit),0.8883333333333333,1.280454375610309,0.2113700250977463,s010,6,20360418,high_dim,Higher covariate dimension,9,0.3,1.2,1,0.1,0.75,2000,0.3,0.1,1500,1.5137679396775292,0.2892857142857143,0.19785714285714287,1400,600,700,700
cp_cox_full,CP + Cox,0.8916666666666667,1.3405321444071114,0.2243759500048871,s010,7,20360419,high_dim,Higher covariate dimension,9,0.3,1.2,1,0.1,0.75,2000,0.3,0.1,1500,1.578206563655301,0.2764285714285714,0.19214285714285714,1400,600,700,700
cp_cox_split_support_fit,CP + Cox (Split Support/Fit),0.895,1.351204440800769,0.22129881372669932,s010,7,20360419,high_dim,Higher covariate dimension,9,0.3,1.2,1,0.1,0.75,2000,0.3,0.1,1500,1.578206563655301,0.2764285714285714,0.19214285714285714,1400,600,700,700
cp_cox_full,CP + Cox,0.885,1.2779306263411856,0.178035558826883,s010,8,20360420,high_dim,Higher covariate dimension,9,0.3,1.2,1,0.1,0.75,2000,0.3,0.1,1500,1.477914961409329,0.3057142857142857,0.20357142857142857,1400,600,700,700
cp_cox_split_support_fit,CP + Cox (Split Support/Fit),0.8883333333333333,1.2691349460577468,0.18340214025930965,s010,8,20360420,high_dim,Higher covariate dimension,9,0.3,1.2,1,0.1,0.75,2000,0.3,0.1,1500,1.477914961409329,0.3057142857142857,0.20357142857142857,1400,600,700,700
cp_cox_full,CP + Cox,0.8716666666666667,1.2564284691448842,0.20552630767852392,s010,9,20360421,high_dim,Higher covariate dimension,9,0.3,1.2,1,0.1,0.75,2000,0.3,0.1,1500,1.5005438023719917,0.3057142857142857,0.19857142857142857,1400,600,700,700
cp_cox_split_support_fit,CP + Cox (Split Support/Fit),0.8916666666666667,1.2866205162341529,0.19229354292989423,s010,9,20360421,high_dim,Higher covariate dimension,9,0.3,1.2,1,0.1,0.75,2000,0.3,0.1,1500,1.5005438023719917,0.3057142857142857,0.19857142857142857,1400,600,700,700
cp_cox_full,CP + Cox,0.9066666666666666,1.3525274263201377,0.17616888408827586,s010,10,20360422,high_dim,Higher covariate dimension,9,0.3,1.2,1,0.1,0.75,2000,0.3,0.1,1500,1.5513621102834405,0.29928571428571427,0.19428571428571428,1400,600,700,700
cp_cox_split_support_fit,CP + Cox (Split Support/Fit),0.8833333333333333,1.3304396344640532,0.20042913877742002,s010,10,20360422,high_dim,Higher covariate dimension,9,0.3,1.2,1,0.1,0.75,2000,0.3,0.1,1500,1.5513621102834405,0.29928571428571427,0.19428571428571428,1400,600,700,700
cp_cox_full,CP + Cox,0.9033333333333333,1.1994271288165916,0.1691321874127173,s010,11,20360423,high_dim,Higher covariate dimension,9,0.3,1.2,1,0.1,0.75,2000,0.3,0.1,1500,1.4039149409335776,0.305,0.19714285714285715,1400,600,700,700
cp_cox_split_support_fit,CP + Cox (Split Support/Fit),0.8816666666666667,1.1768101925891683,0.1875554385227414,s010,11,20360423,high_dim,Higher covariate dimension,9,0.3,1.2,1,0.1,0.75,2000,0.3,0.1,1500,1.4039149409335776,0.305,0.19714285714285715,1400,600,700,700
cp_cox_full,CP + Cox,0.8983333333333333,1.3313219618890053,0.18038870837811294,s010,12,20360424,high_dim,Higher covariate dimension,9,0.3,1.2,1,0.1,0.75,2000,0.3,0.1,1500,1.5612450860766753,0.2985714285714286,0.2,1400,600,700,700
cp_cox_split_support_fit,CP + Cox (Split Support/Fit),0.9133333333333333,1.3534572757038874,0.16623119462326583,s010,12,20360424,high_dim,Higher covariate dimension,9,0.3,1.2,1,0.1,0.75,2000,0.3,0.1,1500,1.5612450860766753,0.2985714285714286,0.2,1400,600,700,700
cp_cox_full,CP + Cox,0.9,1.3101195259519294,0.16269370612738568,s010,13,20360425,high_dim,Higher covariate dimension,9,0.3,1.2,1,0.1,0.75,2000,0.3,0.1,1500,1.5123235456400743,0.3028571428571429,0.195,1400,600,700,700
cp_cox_split_support_fit,CP + Cox (Split Support/Fit),0.9183333333333333,1.3213135699862228,0.17067903067357829,s010,13,20360425,high_dim,Higher covariate dimension,9,0.3,1.2,1,0.1,0.75,2000,0.3,0.1,1500,1.5123235456400743,0.3028571428571429,0.195,1400,600,700,700
cp_cox_full,CP + Cox,0.8966666666666666,1.3552038948715752,0.15636781068438044,s010,14,20360426,high_dim,Higher covariate dimension,9,0.3,1.2,1,0.1,0.75,2000,0.3,0.1,1500,1.5461541854931533,0.3171428571428571,0.21142857142857144,1400,600,700,700
cp_cox_split_support_fit,CP + Cox (Split Support/Fit),0.8966666666666666,1.3531004632660428,0.1535818972838024,s010,14,20360426,high_dim,Higher covariate dimension,9,0.3,1.2,1,0.1,0.75,2000,0.3,0.1,1500,1.5461541854931533,0.3171428571428571,0.21142857142857144,1400,600,700,700
cp_cox_full,CP + Cox,0.905,1.2777594544399724,0.1866431389209211,s010,15,20360427,high_dim,Higher covariate dimension,9,0.3,1.2,1,0.1,0.75,2000,0.3,0.1,1500,1.501000326416354,0.29214285714285715,0.215,1400,600,700,700
cp_cox_split_support_fit,CP + Cox (Split Support/Fit),0.9033333333333333,1.2901726031975786,0.15632081342747556,s010,15,20360427,high_dim,Higher covariate dimension,9,0.3,1.2,1,0.1,0.75,2000,0.3,0.1,1500,1.501000326416354,0.29214285714285715,0.215,1400,600,700,700
cp_cox_full,CP + Cox,0.8833333333333333,1.2753912205140965,0.17835699616123443,s010,16,20360428,high_dim,Higher covariate dimension,9,0.3,1.2,1,0.1,0.75,2000,0.3,0.1,1500,1.5031441621861354,0.29285714285714287,0.19285714285714287,1400,600,700,700
cp_cox_split_support_fit,CP + Cox (Split Support/Fit),0.8916666666666667,1.268275675201603,0.20945735446802832,s010,16,20360428,high_dim,Higher covariate dimension,9,0.3,1.2,1,0.1,0.75,2000,0.3,0.1,1500,1.5031441621861354,0.29285714285714287,0.19285714285714287,1400,600,700,700
cp_cox_full,CP + Cox,0.89,1.348580960061293,0.18940414200558478,s010,17,20360429,high_dim,Higher covariate dimension,9,0.3,1.2,1,0.1,0.75,2000,0.3,0.1,1500,1.5687117450449604,0.30714285714285716,0.19071428571428573,1400,600,700,700
cp_cox_split_support_fit,CP + Cox (Split Support/Fit),0.895,1.3583613706220246,0.19731802978403074,s010,17,20360429,high_dim,Higher covariate dimension,9,0.3,1.2,1,0.1,0.75,2000,0.3,0.1,1500,1.5687117450449604,0.30714285714285716,0.19071428571428573,1400,600,700,700
cp_cox_full,CP + Cox,0.8983333333333333,1.2952143028718288,0.18447355546613017,s010,18,20360430,high_dim,Higher covariate dimension,9,0.3,1.2,1,0.1,0.75,2000,0.3,0.1,1500,1.5058655197396489,0.295,0.20214285714285715,1400,600,700,700
cp_cox_split_support_fit,CP + Cox (Split Support/Fit),0.915,1.322063225300067,0.16686330676087366,s010,18,20360430,high_dim,Higher covariate dimension,9,0.3,1.2,1,0.1,0.75,2000,0.3,0.1,1500,1.5058655197396489,0.295,0.20214285714285715,1400,600,700,700
cp_cox_full,CP + Cox,0.9133333333333333,1.271165387774184,0.17303127317373607,s010,19,20360431,high_dim,Higher covariate dimension,9,0.3,1.2,1,0.1,0.75,2000,0.3,0.1,1500,1.4477160930351751,0.3142857142857143,0.205,1400,600,700,700
cp_cox_split_support_fit,CP + Cox (Split Support/Fit),0.925,1.3012526696189795,0.126460057103505,s010,19,20360431,high_dim,Higher covariate dimension,9,0.3,1.2,1,0.1,0.75,2000,0.3,0.1,1500,1.4477160930351751,0.3142857142857143,0.205,1400,600,700,700
cp_cox_full,CP + Cox,0.9133333333333333,1.3724170849042463,0.15718228965386116,s010,20,20360432,high_dim,Higher covariate dimension,9,0.3,1.2,1,0.1,0.75,2000,0.3,0.1,1500,1.5483854901073866,0.3057142857142857,0.19857142857142857,1400,600,700,700
cp_cox_split_support_fit,CP + Cox (Split Support/Fit),0.9116666666666666,1.3595010391154796,0.17249469501852732,s010,20,20360432,high_dim,Higher covariate dimension,9,0.3,1.2,1,0.1,0.75,2000,0.3,0.1,1500,1.5483854901073866,0.3057142857142857,0.19857142857142857,1400,600,700,700
cp_cox_full,CP + Cox,0.8683333333333333,1.2554314162591007,0.15488254402389892,s010,21,20360433,high_dim,Higher covariate dimension,9,0.3,1.2,1,0.1,0.75,2000,0.3,0.1,1500,1.4701488161716798,0.3028571428571429,0.2042857142857143,1400,600,700,700
cp_cox_split_support_fit,CP + Cox (Split Support/Fit),0.8833333333333333,1.2907724656577524,0.13511237518826874,s010,21,20360433,high_dim,Higher covariate dimension,9,0.3,1.2,1,0.1,0.75,2000,0.3,0.1,1500,1.4701488161716798,0.3028571428571429,0.2042857142857143,1400,600,700,700
cp_cox_full,CP + Cox,0.935,1.2716152672014158,0.14368354093516011,s010,22,20360434,high_dim,Higher covariate dimension,9,0.3,1.2,1,0.1,0.75,2000,0.3,0.1,1500,1.4383748865512713,0.2935714285714286,0.20142857142857143,1400,600,700,700
cp_cox_split_support_fit,CP + Cox (Split Support/Fit),0.9233333333333333,1.2636545685442753,0.13331319377014814,s010,22,20360434,high_dim,Higher covariate dimension,9,0.3,1.2,1,0.1,0.75,2000,0.3,0.1,1500,1.4383748865512713,0.2935714285714286,0.20142857142857143,1400,600,700,700
cp_cox_full,CP + Cox,0.9016666666666666,1.2774857125290928,0.16109464816563374,s010,23,20360435,high_dim,Higher covariate dimension,9,0.3,1.2,1,0.1,0.75,2000,0.3,0.1,1500,1.4783253520018214,0.3057142857142857,0.20142857142857143,1400,600,700,700
cp_cox_split_support_fit,CP + Cox (Split Support/Fit),0.8966666666666666,1.2686211257222995,0.16283298553919212,s010,23,20360435,high_dim,Higher covariate dimension,9,0.3,1.2,1,0.1,0.75,2000,0.3,0.1,1500,1.4783253520018214,0.3057142857142857,0.20142857142857143,1400,600,700,700
cp_cox_full,CP + Cox,0.9133333333333333,1.3464133479204383,0.15414606887079807,s010,24,20360436,high_dim,Higher covariate dimension,9,0.3,1.2,1,0.1,0.75,2000,0.3,0.1,1500,1.5199482242370999,0.3314285714285714,0.21357142857142858,1400,600,700,700
cp_cox_split_support_fit,CP + Cox (Split Support/Fit),0.9116666666666666,1.3454191075567419,0.14210003668147855,s010,24,20360436,high_dim,Higher covariate dimension,9,0.3,1.2,1,0.1,0.75,2000,0.3,0.1,1500,1.5199482242370999,0.3314285714285714,0.21357142857142858,1400,600,700,700
cp_cox_full,CP + Cox,0.9166666666666666,1.3775083613670207,0.13183240643432137,s010,25,20360437,high_dim,Higher covariate dimension,9,0.3,1.2,1,0.1,0.75,2000,0.3,0.1,1500,1.5598496005681048,0.29642857142857143,0.19785714285714287,1400,600,700,700
cp_cox_split_support_fit,CP + Cox (Split Support/Fit),0.91,1.3592565071838372,0.14666212944352233,s010,25,20360437,high_dim,Higher covariate dimension,9,0.3,1.2,1,0.1,0.75,2000,0.3,0.1,1500,1.5598496005681048,0.29642857142857143,0.19785714285714287,1400,600,700,700
cp_cox_full,CP + Cox,0.925,1.3209707306035567,0.1438020491789463,s010,26,20360438,high_dim,Higher covariate dimension,9,0.3,1.2,1,0.1,0.75,2000,0.3,0.1,1500,1.4919057720027369,0.3107142857142857,0.20785714285714285,1400,600,700,700
cp_cox_split_support_fit,CP + Cox (Split Support/Fit),0.92,1.3248530873253417,0.12941455857223605,s010,26,20360438,high_dim,Higher covariate dimension,9,0.3,1.2,1,0.1,0.75,2000,0.3,0.1,1500,1.4919057720027369,0.3107142857142857,0.20785714285714285,1400,600,700,700
cp_cox_full,CP + Cox,0.9266666666666666,1.3749615238352706,0.1544272214544228,s010,27,20360439,high_dim,Higher covariate dimension,9,0.3,1.2,1,0.1,0.75,2000,0.3,0.1,1500,1.560692546199425,0.28714285714285714,0.20285714285714285,1400,600,700,700
cp_cox_split_support_fit,CP + Cox (Split Support/Fit),0.9166666666666666,1.3651582286326955,0.1498440921172814,s010,27,20360439,high_dim,Higher covariate dimension,9,0.3,1.2,1,0.1,0.75,2000,0.3,0.1,1500,1.560692546199425,0.28714285714285714,0.20285714285714285,1400,600,700,700
cp_cox_full,CP + Cox,0.8866666666666667,1.3565028721671628,0.18016396895247336,s010,28,20360440,high_dim,Higher covariate dimension,9,0.3,1.2,1,0.1,0.75,2000,0.3,0.1,1500,1.5541924896581394,0.3092857142857143,0.21071428571428572,1400,600,700,700
cp_cox_split_support_fit,CP + Cox (Split Support/Fit),0.8616666666666667,1.3148814644857891,0.21626984570967347,s010,28,20360440,high_dim,Higher covariate dimension,9,0.3,1.2,1,0.1,0.75,2000,0.3,0.1,1500,1.5541924896581394,0.3092857142857143,0.21071428571428572,1400,600,700,700
cp_cox_full,CP + Cox,0.9166666666666666,1.3937129123567904,0.15708086348426759,s010,29,20360441,high_dim,Higher covariate dimension,9,0.3,1.2,1,0.1,0.75,2000,0.3,0.1,1500,1.5864194633180695,0.305,0.20142857142857143,1400,600,700,700
cp_cox_split_support_fit,CP + Cox (Split Support/Fit),0.91,1.3875721948514441,0.1590952166169034,s010,29,20360441,high_dim,Higher covariate dimension,9,0.3,1.2,1,0.1,0.75,2000,0.3,0.1,1500,1.5864194633180695,0.305,0.20142857142857143,1400,600,700,700
cp_cox_full,CP + Cox,0.885,1.3525174774341804,0.16047452653172847,s010,30,20360442,high_dim,Higher covariate dimension,9,0.3,1.2,1,0.1,0.75,2000,0.3,0.1,1500,1.5724433294232811,0.3007142857142857,0.19214285714285714,1400,600,700,700
cp_cox_split_support_fit,CP + Cox (Split Support/Fit),0.8633333333333333,1.3199049259494025,0.17570789162011533,s010,30,20360442,high_dim,Higher covariate dimension,9,0.3,1.2,1,0.1,0.75,2000,0.3,0.1,1500,1.5724433294232811,0.3007142857142857,0.19214285714285714,1400,600,700,700
cp_cox_full,CP + Cox,0.9,2.6694439745619234,0.20591344493963157,s011,1,20370413,high_dim,Higher covariate dimension,9,0.3,1.2,1,0.1,0.9,2000,0.3,0.1,1500,2.879735925532271,0.165,0.085,1400,600,700,700
cp_cox_split_support_fit,CP + Cox (Split Support/Fit),0.9116666666666666,2.6909919968995775,0.17645721280030302,s011,1,20370413,high_dim,Higher covariate dimension,9,0.3,1.2,1,0.1,0.9,2000,0.3,0.1,1500,2.879735925532271,0.165,0.085,1400,600,700,700
cp_cox_full,CP + Cox,0.8683333333333333,2.6662051388692674,0.18014052201343922,s011,2,20370414,high_dim,Higher covariate dimension,9,0.3,1.2,1,0.1,0.9,2000,0.3,0.1,1500,2.9012627765541397,0.1692857142857143,0.07142857142857142,1400,600,700,700
cp_cox_split_support_fit,CP + Cox (Split Support/Fit),0.8966666666666666,2.696039369265951,0.1765875755263741,s011,2,20370414,high_dim,Higher covariate dimension,9,0.3,1.2,1,0.1,0.9,2000,0.3,0.1,1500,2.9012627765541397,0.1692857142857143,0.07142857142857142,1400,600,700,700
cp_cox_full,CP + Cox,0.9033333333333333,2.6916504732918876,0.18703156923131203,s011,3,20370415,high_dim,Higher covariate dimension,9,0.3,1.2,1,0.1,0.9,2000,0.3,0.1,1500,2.888744880226907,0.18,0.075,1400,600,700,700
cp_cox_split_support_fit,CP + Cox (Split Support/Fit),0.9183333333333333,2.68804030566318,0.20758561369528422,s011,3,20370415,high_dim,Higher covariate dimension,9,0.3,1.2,1,0.1,0.9,2000,0.3,0.1,1500,2.888744880226907,0.18,0.075,1400,600,700,700
cp_cox_full,CP + Cox,0.8966666666666666,2.6748386076364907,0.1561947888420492,s011,4,20370416,high_dim,Higher covariate dimension,9,0.3,1.2,1,0.1,0.9,2000,0.3,0.1,1500,2.869150965733208,0.16857142857142857,0.07714285714285714,1400,600,700,700
cp_cox_split_support_fit,CP + Cox (Split Support/Fit),0.8966666666666666,2.683653394048404,0.13977582179345532,s011,4,20370416,high_dim,Higher covariate dimension,9,0.3,1.2,1,0.1,0.9,2000,0.3,0.1,1500,2.869150965733208,0.16857142857142857,0.07714285714285714,1400,600,700,700
cp_cox_full,CP + Cox,0.89,2.7788618835301633,0.1623784371695055,s011,5,20370417,high_dim,Higher covariate dimension,9,0.3,1.2,1,0.1,0.9,2000,0.3,0.1,1500,2.9891520431981595,0.18142857142857144,0.07071428571428572,1400,600,700,700
cp_cox_split_support_fit,CP + Cox (Split Support/Fit),0.8983333333333333,2.79325230393364,0.14982234703719058,s011,5,20370417,high_dim,Higher covariate dimension,9,0.3,1.2,1,0.1,0.9,2000,0.3,0.1,1500,2.9891520431981595,0.18142857142857144,0.07071428571428572,1400,600,700,700
cp_cox_full,CP + Cox,0.8833333333333333,2.9020924323177844,0.16737807487426926,s011,6,20370418,high_dim,Higher covariate dimension,9,0.3,1.2,1,0.1,0.9,2000,0.3,0.1,1500,3.1112122315484236,0.18285714285714286,0.07928571428571428,1400,600,700,700
cp_cox_split_support_fit,CP + Cox (Split Support/Fit),0.9016666666666666,2.943027614197476,0.13359620972366507,s011,6,20370418,high_dim,Higher covariate dimension,9,0.3,1.2,1,0.1,0.9,2000,0.3,0.1,1500,3.1112122315484236,0.18285714285714286,0.07928571428571428,1400,600,700,700
cp_cox_full,CP + Cox,0.86,2.6491116949524955,0.23159094298405528,s011,7,20370419,high_dim,Higher covariate dimension,9,0.3,1.2,1,0.1,0.9,2000,0.3,0.1,1500,2.914513875815931,0.15714285714285714,0.062142857142857146,1400,600,700,700
cp_cox_split_support_fit,CP + Cox (Split Support/Fit),0.865,2.662378471767112,0.21511383633885806,s011,7,20370419,high_dim,Higher covariate dimension,9,0.3,1.2,1,0.1,0.9,2000,0.3,0.1,1500,2.914513875815931,0.15714285714285714,0.062142857142857146,1400,600,700,700
cp_cox_full,CP + Cox,0.9,2.566569823276715,0.12592406629462047,s011,8,20370420,high_dim,Higher covariate dimension,9,0.3,1.2,1,0.1,0.9,2000,0.3,0.1,1500,2.7421011751008897,0.17357142857142857,0.07,1400,600,700,700
cp_cox_split_support_fit,CP + Cox (Split Support/Fit),0.8816666666666667,2.5487287013503757,0.14286949700603643,s011,8,20370420,high_dim,Higher covariate dimension,9,0.3,1.2,1,0.1,0.9,2000,0.3,0.1,1500,2.7421011751008897,0.17357142857142857,0.07,1400,600,700,700
cp_cox_full,CP + Cox,0.8833333333333333,2.6890934515617966,0.20673990652233779,s011,9,20370421,high_dim,Higher covariate dimension,9,0.3,1.2,1,0.1,0.9,2000,0.3,0.1,1500,2.932576462625964,0.185,0.08071428571428571,1400,600,700,700
cp_cox_split_support_fit,CP + Cox (Split Support/Fit),0.8783333333333333,2.671856218001902,0.23817803244150487,s011,9,20370421,high_dim,Higher covariate dimension,9,0.3,1.2,1,0.1,0.9,2000,0.3,0.1,1500,2.932576462625964,0.185,0.08071428571428571,1400,600,700,700
cp_cox_full,CP + Cox,0.9166666666666666,2.726025941293792,0.1539355514991558,s011,10,20370422,high_dim,Higher covariate dimension,9,0.3,1.2,1,0.1,0.9,2000,0.3,0.1,1500,2.91996853855966,0.16642857142857143,0.06571428571428571,1400,600,700,700
cp_cox_split_support_fit,CP + Cox (Split Support/Fit),0.8833333333333333,2.661110792265606,0.2293073364083581,s011,10,20370422,high_dim,Higher covariate dimension,9,0.3,1.2,1,0.1,0.9,2000,0.3,0.1,1500,2.91996853855966,0.16642857142857143,0.06571428571428571,1400,600,700,700
cp_cox_full,CP + Cox,0.9016666666666666,2.7469750742801664,0.18080784678162717,s011,11,20370423,high_dim,Higher covariate dimension,9,0.3,1.2,1,0.1,0.9,2000,0.3,0.1,1500,2.9351744460486615,0.17142857142857143,0.06714285714285714,1400,600,700,700
cp_cox_split_support_fit,CP + Cox (Split Support/Fit),0.915,2.7590838571948426,0.17857285059569294,s011,11,20370423,high_dim,Higher covariate dimension,9,0.3,1.2,1,0.1,0.9,2000,0.3,0.1,1500,2.9351744460486615,0.17142857142857143,0.06714285714285714,1400,600,700,700
cp_cox_full,CP + Cox,0.8766666666666667,2.7129757336923794,0.18505534749368438,s011,12,20370424,high_dim,Higher covariate dimension,9,0.3,1.2,1,0.1,0.9,2000,0.3,0.1,1500,2.9129572879579504,0.17857142857142858,0.07214285714285715,1400,600,700,700
cp_cox_split_support_fit,CP + Cox (Split Support/Fit),0.865,2.6926623281788,0.19988493781443908,s011,12,20370424,high_dim,Higher covariate dimension,9,0.3,1.2,1,0.1,0.9,2000,0.3,0.1,1500,2.9129572879579504,0.17857142857142858,0.07214285714285715,1400,600,700,700
cp_cox_full,CP + Cox,0.915,2.6721106363537235,0.12530445560113226,s011,13,20370425,high_dim,Higher covariate dimension,9,0.3,1.2,1,0.1,0.9,2000,0.3,0.1,1500,2.843648391645273,0.17857142857142858,0.07214285714285715,1400,600,700,700
cp_cox_split_support_fit,CP + Cox (Split Support/Fit),0.9133333333333333,2.6596693461148253,0.1388130562548116,s011,13,20370425,high_dim,Higher covariate dimension,9,0.3,1.2,1,0.1,0.9,2000,0.3,0.1,1500,2.843648391645273,0.17857142857142858,0.07214285714285715,1400,600,700,700
cp_cox_full,CP + Cox,0.9016666666666666,2.5515347840894966,0.1803933336795575,s011,14,20370426,high_dim,Higher covariate dimension,9,0.3,1.2,1,0.1,0.9,2000,0.3,0.1,1500,2.7655945305851297,0.16142857142857142,0.06857142857142857,1400,600,700,700
cp_cox_split_support_fit,CP + Cox (Split Support/Fit),0.9033333333333333,2.5709124202752673,0.1627163734295883,s011,14,20370426,high_dim,Higher covariate dimension,9,0.3,1.2,1,0.1,0.9,2000,0.3,0.1,1500,2.7655945305851297,0.16142857142857142,0.06857142857142857,1400,600,700,700
cp_cox_full,CP + Cox,0.915,2.9538493817965805,0.17770673097274256,s011,15,20370427,high_dim,Higher covariate dimension,9,0.3,1.2,1,0.1,0.9,2000,0.3,0.1,1500,3.142343566984796,0.16428571428571428,0.06571428571428571,1400,600,700,700
cp_cox_split_support_fit,CP + Cox (Split Support/Fit),0.9033333333333333,2.9281243704100923,0.21551487525225282,s011,15,20370427,high_dim,Higher covariate dimension,9,0.3,1.2,1,0.1,0.9,2000,0.3,0.1,1500,3.142343566984796,0.16428571428571428,0.06571428571428571,1400,600,700,700
cp_cox_full,CP + Cox,0.905,2.757187884311018,0.18095812760631852,s011,16,20370428,high_dim,Higher covariate dimension,9,0.3,1.2,1,0.1,0.9,2000,0.3,0.1,1500,2.967162773703305,0.15571428571428572,0.06857142857142857,1400,600,700,700
cp_cox_split_support_fit,CP + Cox (Split Support/Fit),0.905,2.73859142268536,0.21056185813990194,s011,16,20370428,high_dim,Higher covariate dimension,9,0.3,1.2,1,0.1,0.9,2000,0.3,0.1,1500,2.967162773703305,0.15571428571428572,0.06857142857142857,1400,600,700,700
cp_cox_full,CP + Cox,0.9166666666666666,2.65622644003169,0.15452490487631101,s011,17,20370429,high_dim,Higher covariate dimension,9,0.3,1.2,1,0.1,0.9,2000,0.3,0.1,1500,2.8405637076539154,0.18357142857142858,0.07785714285714286,1400,600,700,700
cp_cox_split_support_fit,CP + Cox (Split Support/Fit),0.895,2.615775291406737,0.21709516434129408,s011,17,20370429,high_dim,Higher covariate dimension,9,0.3,1.2,1,0.1,0.9,2000,0.3,0.1,1500,2.8405637076539154,0.18357142857142858,0.07785714285714286,1400,600,700,700
cp_cox_full,CP + Cox,0.8816666666666667,2.5499755885305295,0.17945438865342664,s011,18,20370430,high_dim,Higher covariate dimension,9,0.3,1.2,1,0.1,0.9,2000,0.3,0.1,1500,2.7616230581703283,0.1657142857142857,0.07571428571428572,1400,600,700,700
cp_cox_split_support_fit,CP + Cox (Split Support/Fit),0.89,2.5736201401333396,0.16373186670452197,s011,18,20370430,high_dim,Higher covariate dimension,9,0.3,1.2,1,0.1,0.9,2000,0.3,0.1,1500,2.7616230581703283,0.1657142857142857,0.07571428571428572,1400,600,700,700
cp_cox_full,CP + Cox,0.8983333333333333,2.700203087748052,0.17563149434247252,s011,19,20370431,high_dim,Higher covariate dimension,9,0.3,1.2,1,0.1,0.9,2000,0.3,0.1,1500,2.9019331560386004,0.19071428571428573,0.07714285714285714,1400,600,700,700
cp_cox_split_support_fit,CP + Cox (Split Support/Fit),0.8933333333333333,2.699383124226586,0.17490362905736523,s011,19,20370431,high_dim,Higher covariate dimension,9,0.3,1.2,1,0.1,0.9,2000,0.3,0.1,1500,2.9019331560386004,0.19071428571428573,0.07714285714285714,1400,600,700,700
cp_cox_full,CP + Cox,0.8933333333333333,2.741556928948782,0.16049752901305697,s011,20,20370432,high_dim,Higher covariate dimension,9,0.3,1.2,1,0.1,0.9,2000,0.3,0.1,1500,2.9361347387398617,0.18785714285714286,0.07857142857142857,1400,600,700,700
cp_cox_split_support_fit,CP + Cox (Split Support/Fit),0.9083333333333333,2.7679480362615023,0.14736118994448433,s011,20,20370432,high_dim,Higher covariate dimension,9,0.3,1.2,1,0.1,0.9,2000,0.3,0.1,1500,2.9361347387398617,0.18785714285714286,0.07857142857142857,1400,600,700,700
cp_cox_full,CP + Cox,0.9083333333333333,2.703364303277611,0.14802444825720593,s011,21,20370433,high_dim,Higher covariate dimension,9,0.3,1.2,1,0.1,0.9,2000,0.3,0.1,1500,2.8942048919117003,0.16857142857142857,0.07285714285714286,1400,600,700,700
cp_cox_split_support_fit,CP + Cox (Split Support/Fit),0.8983333333333333,2.700561683266195,0.15191961198664275,s011,21,20370433,high_dim,Higher covariate dimension,9,0.3,1.2,1,0.1,0.9,2000,0.3,0.1,1500,2.8942048919117003,0.16857142857142857,0.07285714285714286,1400,600,700,700
cp_cox_full,CP + Cox,0.8833333333333333,2.6240527882747178,0.1855069428904471,s011,22,20370434,high_dim,Higher covariate dimension,9,0.3,1.2,1,0.1,0.9,2000,0.3,0.1,1500,2.837298042009215,0.175,0.07142857142857142,1400,600,700,700
cp_cox_split_support_fit,CP + Cox (Split Support/Fit),0.9,2.6524032446689914,0.1585740985472432,s011,22,20370434,high_dim,Higher covariate dimension,9,0.3,1.2,1,0.1,0.9,2000,0.3,0.1,1500,2.837298042009215,0.175,0.07142857142857142,1400,600,700,700
cp_cox_full,CP + Cox,0.9266666666666666,2.7012851702667247,0.14250884772287684,s011,23,20370435,high_dim,Higher covariate dimension,9,0.3,1.2,1,0.1,0.9,2000,0.3,0.1,1500,2.8713508194298605,0.18,0.06857142857142857,1400,600,700,700
cp_cox_split_support_fit,CP + Cox (Split Support/Fit),0.9116666666666666,2.654507538846191,0.19093636181946508,s011,23,20370435,high_dim,Higher covariate dimension,9,0.3,1.2,1,0.1,0.9,2000,0.3,0.1,1500,2.8713508194298605,0.18,0.06857142857142857,1400,600,700,700
cp_cox_full,CP + Cox,0.9033333333333333,2.695880409564572,0.18257971481729623,s011,24,20370436,high_dim,Higher covariate dimension,9,0.3,1.2,1,0.1,0.9,2000,0.3,0.1,1500,2.895975934573607,0.16857142857142857,0.07,1400,600,700,700
cp_cox_split_support_fit,CP + Cox (Split Support/Fit),0.8966666666666666,2.6797483821707107,0.18895338383982416,s011,24,20370436,high_dim,Higher covariate dimension,9,0.3,1.2,1,0.1,0.9,2000,0.3,0.1,1500,2.895975934573607,0.16857142857142857,0.07,1400,600,700,700
cp_cox_full,CP + Cox,0.8666666666666667,2.715155812486489,0.210717806887035,s011,25,20370437,high_dim,Higher covariate dimension,9,0.3,1.2,1,0.1,0.9,2000,0.3,0.1,1500,2.9530629630927616,0.18,0.07642857142857143,1400,600,700,700
cp_cox_split_support_fit,CP + Cox (Split Support/Fit),0.8716666666666667,2.7378647630618667,0.18456444278464057,s011,25,20370437,high_dim,Higher covariate dimension,9,0.3,1.2,1,0.1,0.9,2000,0.3,0.1,1500,2.9530629630927616,0.18,0.07642857142857143,1400,600,700,700
cp_cox_full,CP + Cox,0.88,2.6845253751872513,0.1696205667712263,s011,26,20370438,high_dim,Higher covariate dimension,9,0.3,1.2,1,0.1,0.9,2000,0.3,0.1,1500,2.8813091946857075,0.1707142857142857,0.07357142857142857,1400,600,700,700
cp_cox_split_support_fit,CP + Cox (Split Support/Fit),0.9066666666666666,2.723685227292179,0.13912395755923518,s011,26,20370438,high_dim,Higher covariate dimension,9,0.3,1.2,1,0.1,0.9,2000,0.3,0.1,1500,2.8813091946857075,0.1707142857142857,0.07357142857142857,1400,600,700,700
cp_cox_full,CP + Cox,0.8933333333333333,2.5308165673733685,0.16479093942519135,s011,27,20370439,high_dim,Higher covariate dimension,9,0.3,1.2,1,0.1,0.9,2000,0.3,0.1,1500,2.740389683717485,0.17285714285714285,0.07857142857142857,1400,600,700,700
cp_cox_split_support_fit,CP + Cox (Split Support/Fit),0.8666666666666667,2.483462814417652,0.22096621170457487,s011,27,20370439,high_dim,Higher covariate dimension,9,0.3,1.2,1,0.1,0.9,2000,0.3,0.1,1500,2.740389683717485,0.17285714285714285,0.07857142857142857,1400,600,700,700
cp_cox_full,CP + Cox,0.9033333333333333,3.038900851666596,0.1812280736891906,s011,28,20370440,high_dim,Higher covariate dimension,9,0.3,1.2,1,0.1,0.9,2000,0.3,0.1,1500,3.2296667553883505,0.175,0.07857142857142857,1400,600,700,700
cp_cox_split_support_fit,CP + Cox (Split Support/Fit),0.89,3.01177523850049,0.23078127892641354,s011,28,20370440,high_dim,Higher covariate dimension,9,0.3,1.2,1,0.1,0.9,2000,0.3,0.1,1500,3.2296667553883505,0.175,0.07857142857142857,1400,600,700,700
cp_cox_full,CP + Cox,0.9066666666666666,2.7514352948503773,0.18681868212209257,s011,29,20370441,high_dim,Higher covariate dimension,9,0.3,1.2,1,0.1,0.9,2000,0.3,0.1,1500,2.9377291305433397,0.165,0.07928571428571428,1400,600,700,700
cp_cox_split_support_fit,CP + Cox (Split Support/Fit),0.8883333333333333,2.7200478977384086,0.2133198231400718,s011,29,20370441,high_dim,Higher covariate dimension,9,0.3,1.2,1,0.1,0.9,2000,0.3,0.1,1500,2.9377291305433397,0.165,0.07928571428571428,1400,600,700,700
cp_cox_full,CP + Cox,0.8966666666666666,2.6562736305598773,0.21215175924083698,s011,30,20370442,high_dim,Higher covariate dimension,9,0.3,1.2,1,0.1,0.9,2000,0.3,0.1,1500,2.8824590635607135,0.1692857142857143,0.075,1400,600,700,700
cp_cox_split_support_fit,CP + Cox (Split Support/Fit),0.8966666666666666,2.661274964130036,0.22042629756212326,s011,30,20370442,high_dim,Higher covariate dimension,9,0.3,1.2,1,0.1,0.9,2000,0.3,0.1,1500,2.8824590635607135,0.1692857142857143,0.075,1400,600,700,700
cp_cox_full,CP + Cox,0.8816666666666667,5.05230706216709,0.19546439751058392,s012,1,20380413,high_dim,Higher covariate dimension,9,0.3,1.2,1,0.1,0.97,2000,0.3,0.1,1500,5.271752293488557,0.10357142857142858,0.012857142857142857,1400,600,700,700
cp_cox_split_support_fit,CP + Cox (Split Support/Fit),0.885,5.035729512092715,0.23436661326626648,s012,1,20380413,high_dim,Higher covariate dimension,9,0.3,1.2,1,0.1,0.97,2000,0.3,0.1,1500,5.271752293488557,0.10357142857142858,0.012857142857142857,1400,600,700,700
cp_cox_full,CP + Cox,0.915,5.0594971246461276,0.15416288669495817,s012,2,20380414,high_dim,Higher covariate dimension,9,0.3,1.2,1,0.1,0.97,2000,0.3,0.1,1500,5.256042653550095,0.12571428571428572,0.020714285714285713,1400,600,700,700
cp_cox_split_support_fit,CP + Cox (Split Support/Fit),0.9066666666666666,5.0337508935598425,0.18581388372590327,s012,2,20380414,high_dim,Higher covariate dimension,9,0.3,1.2,1,0.1,0.97,2000,0.3,0.1,1500,5.256042653550095,0.12571428571428572,0.020714285714285713,1400,600,700,700
cp_cox_full,CP + Cox,0.89,4.76605786550479,0.28367073965653516,s012,3,20380415,high_dim,Higher covariate dimension,9,0.3,1.2,1,0.1,0.97,2000,0.3,0.1,1500,5.006616115574292,0.13857142857142857,0.016428571428571428,1400,600,700,700
cp_cox_split_support_fit,CP + Cox (Split Support/Fit),0.9216666666666666,4.82036812100444,0.2203660402365849,s012,3,20380415,high_dim,Higher covariate dimension,9,0.3,1.2,1,0.1,0.97,2000,0.3,0.1,1500,5.006616115574292,0.13857142857142857,0.016428571428571428,1400,600,700,700
cp_cox_full,CP + Cox,0.8966666666666666,5.791202098870096,0.2381507724783422,s012,4,20380416,high_dim,Higher covariate dimension,9,0.3,1.2,1,0.1,0.97,2000,0.3,0.1,1500,6.026084515570964,0.11857142857142858,0.017142857142857144,1400,600,700,700
cp_cox_split_support_fit,CP + Cox (Split Support/Fit),0.905,5.794130748809529,0.24893345826412328,s012,4,20380416,high_dim,Higher covariate dimension,9,0.3,1.2,1,0.1,0.97,2000,0.3,0.1,1500,6.026084515570964,0.11857142857142858,0.017142857142857144,1400,600,700,700
cp_cox_full,CP + Cox,0.9016666666666666,5.661443691010608,0.2159087118895865,s012,5,20380417,high_dim,Higher covariate dimension,9,0.3,1.2,1,0.1,0.97,2000,0.3,0.1,1500,5.878846539260823,0.11071428571428571,0.011428571428571429,1400,600,700,700
cp_cox_split_support_fit,CP + Cox (Split Support/Fit),0.9083333333333333,5.65180763151505,0.22828501270399795,s012,5,20380417,high_dim,Higher covariate dimension,9,0.3,1.2,1,0.1,0.97,2000,0.3,0.1,1500,5.878846539260823,0.11071428571428571,0.011428571428571429,1400,600,700,700
cp_cox_full,CP + Cox,0.885,5.5366942044782546,0.21062910617222605,s012,6,20380418,high_dim,Higher covariate dimension,9,0.3,1.2,1,0.1,0.97,2000,0.3,0.1,1500,5.757529064682971,0.1392857142857143,0.011428571428571429,1400,600,700,700
cp_cox_split_support_fit,CP + Cox (Split Support/Fit),0.8883333333333333,5.560375263007755,0.18111789629939032,s012,6,20380418,high_dim,Higher covariate dimension,9,0.3,1.2,1,0.1,0.97,2000,0.3,0.1,1500,5.757529064682971,0.1392857142857143,0.011428571428571429,1400,600,700,700
cp_cox_full,CP + Cox,0.9133333333333333,5.109127397783078,0.18342366711326827,s012,7,20380419,high_dim,Higher covariate dimension,9,0.3,1.2,1,0.1,0.97,2000,0.3,0.1,1500,5.323010313104441,0.11571428571428571,0.017857142857142856,1400,600,700,700
cp_cox_split_support_fit,CP + Cox (Split Support/Fit),0.9233333333333333,5.12005190309134,0.17461558222073717,s012,7,20380419,high_dim,Higher covariate dimension,9,0.3,1.2,1,0.1,0.97,2000,0.3,0.1,1500,5.323010313104441,0.11571428571428571,0.017857142857142856,1400,600,700,700
cp_cox_full,CP + Cox,0.8983333333333333,5.274330599563212,0.20029213235591584,s012,8,20380420,high_dim,Higher covariate dimension,9,0.3,1.2,1,0.1,0.97,2000,0.3,0.1,1500,5.490187045479734,0.125,0.02,1400,600,700,700
cp_cox_split_support_fit,CP + Cox (Split Support/Fit),0.885,5.23704837221525,0.24367540618142086,s012,8,20380420,high_dim,Higher covariate dimension,9,0.3,1.2,1,0.1,0.97,2000,0.3,0.1,1500,5.490187045479734,0.125,0.02,1400,600,700,700
cp_cox_full,CP + Cox,0.8533333333333334,4.687540944437537,0.22219007541647545,s012,9,20380421,high_dim,Higher covariate dimension,9,0.3,1.2,1,0.1,0.97,2000,0.3,0.1,1500,4.954656512268475,0.11142857142857143,0.022857142857142857,1400,600,700,700
cp_cox_split_support_fit,CP + Cox (Split Support/Fit),0.8783333333333333,4.733407744767975,0.18074498602145933,s012,9,20380421,high_dim,Higher covariate dimension,9,0.3,1.2,1,0.1,0.97,2000,0.3,0.1,1500,4.954656512268475,0.11142857142857143,0.022857142857142857,1400,600,700,700
cp_cox_full,CP + Cox,0.9083333333333333,5.341752598124302,0.16686463877369223,s012,10,20380422,high_dim,Higher covariate dimension,9,0.3,1.2,1,0.1,0.97,2000,0.3,0.1,1500,5.53707817706797,0.10714285714285714,0.02,1400,600,700,700
cp_cox_split_support_fit,CP + Cox (Split Support/Fit),0.9083333333333333,5.335796689420291,0.18206813986494944,s012,10,20380422,high_dim,Higher covariate dimension,9,0.3,1.2,1,0.1,0.97,2000,0.3,0.1,1500,5.53707817706797,0.10714285714285714,0.02,1400,600,700,700
cp_cox_full,CP + Cox,0.94,5.134413382353061,0.16386107296435887,s012,11,20380423,high_dim,Higher covariate dimension,9,0.3,1.2,1,0.1,0.97,2000,0.3,0.1,1500,5.318519272329301,0.11857142857142858,0.015,1400,600,700,700
cp_cox_split_support_fit,CP + Cox (Split Support/Fit),0.925,5.090304646521152,0.22549468810658096,s012,11,20380423,high_dim,Higher covariate dimension,9,0.3,1.2,1,0.1,0.97,2000,0.3,0.1,1500,5.318519272329301,0.11857142857142858,0.015,1400,600,700,700
cp_cox_full,CP + Cox,0.8833333333333333,4.764655780183265,0.15211674899095942,s012,12,20380424,high_dim,Higher covariate dimension,9,0.3,1.2,1,0.1,0.97,2000,0.3,0.1,1500,4.968252132065838,0.11928571428571429,0.017857142857142856,1400,600,700,700
cp_cox_split_support_fit,CP + Cox (Split Support/Fit),0.89,4.75315041567403,0.17331282631974576,s012,12,20380424,high_dim,Higher covariate dimension,9,0.3,1.2,1,0.1,0.97,2000,0.3,0.1,1500,4.968252132065838,0.11928571428571429,0.017857142857142856,1400,600,700,700
cp_cox_full,CP + Cox,0.92,4.941401125097664,0.16110013390923647,s012,13,20380425,high_dim,Higher covariate dimension,9,0.3,1.2,1,0.1,0.97,2000,0.3,0.1,1500,5.144787381646635,0.11571428571428571,0.02,1400,600,700,700
cp_cox_split_support_fit,CP + Cox (Split Support/Fit),0.945,4.99523022347032,0.11279928004122555,s012,13,20380425,high_dim,Higher covariate dimension,9,0.3,1.2,1,0.1,0.97,2000,0.3,0.1,1500,5.144787381646635,0.11571428571428571,0.02,1400,600,700,700
cp_cox_full,CP + Cox,0.9016666666666666,5.535602841064292,0.14988136806292215,s012,14,20380426,high_dim,Higher covariate dimension,9,0.3,1.2,1,0.1,0.97,2000,0.3,0.1,1500,5.71910950336836,0.12285714285714286,0.02,1400,600,700,700
cp_cox_split_support_fit,CP + Cox (Split Support/Fit),0.8966666666666666,5.53138252373888,0.15379251319318377,s012,14,20380426,high_dim,Higher covariate dimension,9,0.3,1.2,1,0.1,0.97,2000,0.3,0.1,1500,5.71910950336836,0.12285714285714286,0.02,1400,600,700,700
cp_cox_full,CP + Cox,0.895,5.130013933149035,0.19736841958208012,s012,15,20380427,high_dim,Higher covariate dimension,9,0.3,1.2,1,0.1,0.97,2000,0.3,0.1,1500,5.362001244425151,0.11,0.014285714285714285,1400,600,700,700
cp_cox_split_support_fit,CP + Cox (Split Support/Fit),0.8966666666666666,5.1446451561263045,0.1807804692990344,s012,15,20380427,high_dim,Higher covariate dimension,9,0.3,1.2,1,0.1,0.97,2000,0.3,0.1,1500,5.362001244425151,0.11,0.014285714285714285,1400,600,700,700
cp_cox_full,CP + Cox,0.8783333333333333,4.847209566471727,0.15795907132808587,s012,16,20380428,high_dim,Higher covariate dimension,9,0.3,1.2,1,0.1,0.97,2000,0.3,0.1,1500,5.031280425735619,0.115,0.017857142857142856,1400,600,700,700
cp_cox_split_support_fit,CP + Cox (Split Support/Fit),0.8683333333333333,4.826365294110789,0.17864024848475132,s012,16,20380428,high_dim,Higher covariate dimension,9,0.3,1.2,1,0.1,0.97,2000,0.3,0.1,1500,5.031280425735619,0.115,0.017857142857142856,1400,600,700,700
cp_cox_full,CP + Cox,0.8733333333333333,5.045256678559574,0.1974277078104501,s012,17,20380429,high_dim,Higher covariate dimension,9,0.3,1.2,1,0.1,0.97,2000,0.3,0.1,1500,5.268860630230481,0.11357142857142857,0.018571428571428572,1400,600,700,700
cp_cox_split_support_fit,CP + Cox (Split Support/Fit),0.8933333333333333,5.066638017730663,0.18528856730000742,s012,17,20380429,high_dim,Higher covariate dimension,9,0.3,1.2,1,0.1,0.97,2000,0.3,0.1,1500,5.268860630230481,0.11357142857142857,0.018571428571428572,1400,600,700,700
cp_cox_full,CP + Cox,0.8666666666666667,5.5683108430123305,0.28047784603916337,s012,18,20380430,high_dim,Higher covariate dimension,9,0.3,1.2,1,0.1,0.97,2000,0.3,0.1,1500,5.803353089431926,0.10714285714285714,0.014285714285714285,1400,600,700,700
cp_cox_split_support_fit,CP + Cox (Split Support/Fit),0.9016666666666666,5.629894796949568,0.18173831263727253,s012,18,20380430,high_dim,Higher covariate dimension,9,0.3,1.2,1,0.1,0.97,2000,0.3,0.1,1500,5.803353089431926,0.10714285714285714,0.014285714285714285,1400,600,700,700
cp_cox_full,CP + Cox,0.9166666666666666,4.7570959775861015,0.154768717757475,s012,19,20380431,high_dim,Higher covariate dimension,9,0.3,1.2,1,0.1,0.97,2000,0.3,0.1,1500,4.9479254663785674,0.11714285714285715,0.017142857142857144,1400,600,700,700
cp_cox_split_support_fit,CP + Cox (Split Support/Fit),0.915,4.7641995695316295,0.14396951604182975,s012,19,20380431,high_dim,Higher covariate dimension,9,0.3,1.2,1,0.1,0.97,2000,0.3,0.1,1500,4.9479254663785674,0.11714285714285715,0.017142857142857144,1400,600,700,700
cp_cox_full,CP + Cox,0.9166666666666666,5.016251333979665,0.15036373693853303,s012,20,20380432,high_dim,Higher covariate dimension,9,0.3,1.2,1,0.1,0.97,2000,0.3,0.1,1500,5.186567811576206,0.12928571428571428,0.020714285714285713,1400,600,700,700
cp_cox_split_support_fit,CP + Cox (Split Support/Fit),0.8966666666666666,4.97239796652027,0.19754118598114012,s012,20,20380432,high_dim,Higher covariate dimension,9,0.3,1.2,1,0.1,0.97,2000,0.3,0.1,1500,5.186567811576206,0.12928571428571428,0.020714285714285713,1400,600,700,700
cp_cox_full,CP + Cox,0.865,5.024546346631901,0.2437916375231956,s012,21,20380433,high_dim,Higher covariate dimension,9,0.3,1.2,1,0.1,0.97,2000,0.3,0.1,1500,5.2636866206092385,0.12642857142857142,0.019285714285714285,1400,600,700,700
cp_cox_split_support_fit,CP + Cox (Split Support/Fit),0.8966666666666666,5.075827237494275,0.19698211491169207,s012,21,20380433,high_dim,Higher covariate dimension,9,0.3,1.2,1,0.1,0.97,2000,0.3,0.1,1500,5.2636866206092385,0.12642857142857142,0.019285714285714285,1400,600,700,700
cp_cox_full,CP + Cox,0.9083333333333333,5.087777990971946,0.16372443466140058,s012,22,20380434,high_dim,Higher covariate dimension,9,0.3,1.2,1,0.1,0.97,2000,0.3,0.1,1500,5.294577735970837,0.12357142857142857,0.017857142857142856,1400,600,700,700
cp_cox_split_support_fit,CP + Cox (Split Support/Fit),0.905,5.084508038127099,0.16671765920006565,s012,22,20380434,high_dim,Higher covariate dimension,9,0.3,1.2,1,0.1,0.97,2000,0.3,0.1,1500,5.294577735970837,0.12357142857142857,0.017857142857142856,1400,600,700,700
cp_cox_full,CP + Cox,0.9166666666666666,4.584839606857992,0.14347695346804662,s012,23,20380435,high_dim,Higher covariate dimension,9,0.3,1.2,1,0.1,0.97,2000,0.3,0.1,1500,4.77953050728445,0.11214285714285714,0.018571428571428572,1400,600,700,700
cp_cox_split_support_fit,CP + Cox (Split Support/Fit),0.92,4.594024303987877,0.13413857629973178,s012,23,20380435,high_dim,Higher covariate dimension,9,0.3,1.2,1,0.1,0.97,2000,0.3,0.1,1500,4.77953050728445,0.11214285714285714,0.018571428571428572,1400,600,700,700
cp_cox_full,CP + Cox,0.8966666666666666,5.365168611816722,0.1727974552036652,s012,24,20380436,high_dim,Higher covariate dimension,9,0.3,1.2,1,0.1,0.97,2000,0.3,0.1,1500,5.575500498435544,0.10714285714285714,0.020714285714285713,1400,600,700,700
cp_cox_split_support_fit,CP + Cox (Split Support/Fit),0.8783333333333333,5.329979128852331,0.20300527614829084,s012,24,20380436,high_dim,Higher covariate dimension,9,0.3,1.2,1,0.1,0.97,2000,0.3,0.1,1500,5.575500498435544,0.10714285714285714,0.020714285714285713,1400,600,700,700
cp_cox_full,CP + Cox,0.8833333333333333,5.373255539921861,0.18224067193437407,s012,25,20380437,high_dim,Higher covariate dimension,9,0.3,1.2,1,0.1,0.97,2000,0.3,0.1,1500,5.58104509826427,0.12571428571428572,0.014285714285714285,1400,600,700,700
cp_cox_split_support_fit,CP + Cox (Split Support/Fit),0.9066666666666666,5.392567401875239,0.17786168789466436,s012,25,20380437,high_dim,Higher covariate dimension,9,0.3,1.2,1,0.1,0.97,2000,0.3,0.1,1500,5.58104509826427,0.12571428571428572,0.014285714285714285,1400,600,700,700
cp_cox_full,CP + Cox,0.885,5.782878631584499,0.2055538078881641,s012,26,20380438,high_dim,Higher covariate dimension,9,0.3,1.2,1,0.1,0.97,2000,0.3,0.1,1500,5.9923961325105735,0.12214285714285714,0.017142857142857144,1400,600,700,700
cp_cox_split_support_fit,CP + Cox (Split Support/Fit),0.875,5.757164375402955,0.23803533345926586,s012,26,20380438,high_dim,Higher covariate dimension,9,0.3,1.2,1,0.1,0.97,2000,0.3,0.1,1500,5.9923961325105735,0.12214285714285714,0.017142857142857144,1400,600,700,700
cp_cox_full,CP + Cox,0.8866666666666667,5.004130303018889,0.16594606418056185,s012,27,20380439,high_dim,Higher covariate dimension,9,0.3,1.2,1,0.1,0.97,2000,0.3,0.1,1500,5.199061131083354,0.11857142857142858,0.017857142857142856,1400,600,700,700
cp_cox_split_support_fit,CP + Cox (Split Support/Fit),0.8916666666666667,5.004998364947538,0.15204926534066712,s012,27,20380439,high_dim,Higher covariate dimension,9,0.3,1.2,1,0.1,0.97,2000,0.3,0.1,1500,5.199061131083354,0.11857142857142858,0.017857142857142856,1400,600,700,700
cp_cox_full,CP + Cox,0.8983333333333333,5.790247401457435,0.17671651436529592,s012,28,20380440,high_dim,Higher covariate dimension,9,0.3,1.2,1,0.1,0.97,2000,0.3,0.1,1500,5.9951768139848785,0.11428571428571428,0.017142857142857144,1400,600,700,700
cp_cox_split_support_fit,CP + Cox (Split Support/Fit),0.8783333333333333,5.762709502979973,0.2056267703785487,s012,28,20380440,high_dim,Higher covariate dimension,9,0.3,1.2,1,0.1,0.97,2000,0.3,0.1,1500,5.9951768139848785,0.11428571428571428,0.017142857142857144,1400,600,700,700
cp_cox_full,CP + Cox,0.8816666666666667,5.396815232618416,0.16015199789742163,s012,29,20380441,high_dim,Higher covariate dimension,9,0.3,1.2,1,0.1,0.97,2000,0.3,0.1,1500,5.600723193910021,0.12714285714285714,0.015714285714285715,1400,600,700,700
cp_cox_split_support_fit,CP + Cox (Split Support/Fit),0.8783333333333333,5.383276066111151,0.18198744725592567,s012,29,20380441,high_dim,Higher covariate dimension,9,0.3,1.2,1,0.1,0.97,2000,0.3,0.1,1500,5.600723193910021,0.12714285714285714,0.015714285714285715,1400,600,700,700
cp_cox_full,CP + Cox,0.8433333333333334,5.242431377251062,0.18125040808375487,s012,30,20380442,high_dim,Higher covariate dimension,9,0.3,1.2,1,0.1,0.97,2000,0.3,0.1,1500,5.471276442476029,0.12785714285714286,0.014285714285714285,1400,600,700,700
cp_cox_split_support_fit,CP + Cox (Split Support/Fit),0.84,5.231736607540414,0.18591327433975272,s012,30,20380442,high_dim,Higher covariate dimension,9,0.3,1.2,1,0.1,0.97,2000,0.3,0.1,1500,5.471276442476029,0.12785714285714286,0.014285714285714285,1400,600,700,700
cp_cox_full,CP + Cox,0.92,1.3027570644085187,0.16900747667937918,s013,1,20390413,high_dim,Higher covariate dimension,9,0.3,1.2,1,0.2,0.75,2000,0.3,0.1,1500,1.5012807381833186,0.35642857142857143,0.16357142857142856,1400,600,700,700
cp_cox_split_support_fit,CP + Cox (Split Support/Fit),0.9333333333333333,1.3252384713327594,0.15449614230129446,s013,1,20390413,high_dim,Higher covariate dimension,9,0.3,1.2,1,0.2,0.75,2000,0.3,0.1,1500,1.5012807381833186,0.35642857142857143,0.16357142857142856,1400,600,700,700
cp_cox_full,CP + Cox,0.9083333333333333,1.259954292219218,0.15318924054891989,s013,2,20390414,high_dim,Higher covariate dimension,9,0.3,1.2,1,0.2,0.75,2000,0.3,0.1,1500,1.457492376278445,0.36142857142857143,0.16714285714285715,1400,600,700,700
cp_cox_split_support_fit,CP + Cox (Split Support/Fit),0.91,1.2553776676467012,0.15307684370839886,s013,2,20390414,high_dim,Higher covariate dimension,9,0.3,1.2,1,0.2,0.75,2000,0.3,0.1,1500,1.457492376278445,0.36142857142857143,0.16714285714285715,1400,600,700,700
cp_cox_full,CP + Cox,0.9033333333333333,1.2546582754550293,0.1731778258267744,s013,3,20390415,high_dim,Higher covariate dimension,9,0.3,1.2,1,0.2,0.75,2000,0.3,0.1,1500,1.455604022987351,0.34,0.14785714285714285,1400,600,700,700
cp_cox_split_support_fit,CP + Cox (Split Support/Fit),0.9033333333333333,1.2608794985556215,0.16165424598747277,s013,3,20390415,high_dim,Higher covariate dimension,9,0.3,1.2,1,0.2,0.75,2000,0.3,0.1,1500,1.455604022987351,0.34,0.14785714285714285,1400,600,700,700
cp_cox_full,CP + Cox,0.8966666666666666,1.3085996116852077,0.18962641672533415,s013,4,20390416,high_dim,Higher covariate dimension,9,0.3,1.2,1,0.2,0.75,2000,0.3,0.1,1500,1.5323321267290244,0.3492857142857143,0.17,1400,600,700,700
cp_cox_split_support_fit,CP + Cox (Split Support/Fit),0.91,1.3192431530845787,0.18933509304976465,s013,4,20390416,high_dim,Higher covariate dimension,9,0.3,1.2,1,0.2,0.75,2000,0.3,0.1,1500,1.5323321267290244,0.3492857142857143,0.17,1400,600,700,700
cp_cox_full,CP + Cox,0.89,1.3127924444915564,0.1737594152200383,s013,5,20390417,high_dim,Higher covariate dimension,9,0.3,1.2,1,0.2,0.75,2000,0.3,0.1,1500,1.521724073248175,0.37,0.16214285714285714,1400,600,700,700
cp_cox_split_support_fit,CP + Cox (Split Support/Fit),0.8933333333333333,1.3171822971810891,0.17865381013170856,s013,5,20390417,high_dim,Higher covariate dimension,9,0.3,1.2,1,0.2,0.75,2000,0.3,0.1,1500,1.521724073248175,0.37,0.16214285714285714,1400,600,700,700
cp_cox_full,CP + Cox,0.8716666666666667,1.349050901888289,0.14096620994526587,s013,6,20390418,high_dim,Higher covariate dimension,9,0.3,1.2,1,0.2,0.75,2000,0.3,0.1,1500,1.5479413803807338,0.36,0.15,1400,600,700,700
cp_cox_split_support_fit,CP + Cox (Split Support/Fit),0.8533333333333334,1.3055629965559143,0.19249180705106061,s013,6,20390418,high_dim,Higher covariate dimension,9,0.3,1.2,1,0.2,0.75,2000,0.3,0.1,1500,1.5479413803807338,0.36,0.15,1400,600,700,700
cp_cox_full,CP + Cox,0.9166666666666666,1.2884647609832889,0.14055350777588746,s013,7,20390419,high_dim,Higher covariate dimension,9,0.3,1.2,1,0.2,0.75,2000,0.3,0.1,1500,1.4547321028340234,0.37714285714285717,0.155,1400,600,700,700
cp_cox_split_support_fit,CP + Cox (Split Support/Fit),0.9016666666666666,1.2616442766984797,0.15270227899197902,s013,7,20390419,high_dim,Higher covariate dimension,9,0.3,1.2,1,0.2,0.75,2000,0.3,0.1,1500,1.4547321028340234,0.37714285714285717,0.155,1400,600,700,700
cp_cox_full,CP + Cox,0.9283333333333333,1.3631493530316645,0.1937687777161177,s013,8,20390420,high_dim,Higher covariate dimension,9,0.3,1.2,1,0.2,0.75,2000,0.3,0.1,1500,1.5693880079003324,0.37285714285714283,0.16642857142857143,1400,600,700,700
cp_cox_split_support_fit,CP + Cox (Split Support/Fit),0.9083333333333333,1.3396226878331277,0.2071575055338168,s013,8,20390420,high_dim,Higher covariate dimension,9,0.3,1.2,1,0.2,0.75,2000,0.3,0.1,1500,1.5693880079003324,0.37285714285714283,0.16642857142857143,1400,600,700,700
cp_cox_full,CP + Cox,0.9266666666666666,1.3422371205074848,0.17346190101249692,s013,9,20390421,high_dim,Higher covariate dimension,9,0.3,1.2,1,0.2,0.75,2000,0.3,0.1,1500,1.5422375577343925,0.3578571428571429,0.16285714285714287,1400,600,700,700
cp_cox_split_support_fit,CP + Cox (Split Support/Fit),0.9216666666666666,1.3400231044792168,0.16971872565866714,s013,9,20390421,high_dim,Higher covariate dimension,9,0.3,1.2,1,0.2,0.75,2000,0.3,0.1,1500,1.5422375577343925,0.3578571428571429,0.16285714285714287,1400,600,700,700
cp_cox_full,CP + Cox,0.9266666666666666,1.336991573673297,0.13670600070735198,s013,10,20390422,high_dim,Higher covariate dimension,9,0.3,1.2,1,0.2,0.75,2000,0.3,0.1,1500,1.5182689162700123,0.3485714285714286,0.16071428571428573,1400,600,700,700
cp_cox_split_support_fit,CP + Cox (Split Support/Fit),0.93,1.341358726573581,0.12507129764845268,s013,10,20390422,high_dim,Higher covariate dimension,9,0.3,1.2,1,0.2,0.75,2000,0.3,0.1,1500,1.5182689162700123,0.3485714285714286,0.16071428571428573,1400,600,700,700
cp_cox_full,CP + Cox,0.8966666666666666,1.3086044042770313,0.1662369296709787,s013,11,20390423,high_dim,Higher covariate dimension,9,0.3,1.2,1,0.2,0.75,2000,0.3,0.1,1500,1.498499901987687,0.36357142857142855,0.16428571428571428,1400,600,700,700
cp_cox_split_support_fit,CP + Cox (Split Support/Fit),0.8916666666666667,1.2960054810301571,0.17905277222958196,s013,11,20390423,high_dim,Higher covariate dimension,9,0.3,1.2,1,0.2,0.75,2000,0.3,0.1,1500,1.498499901987687,0.36357142857142855,0.16428571428571428,1400,600,700,700
cp_cox_full,CP + Cox,0.8716666666666667,1.2549640754254525,0.21160665810499524,s013,12,20390424,high_dim,Higher covariate dimension,9,0.3,1.2,1,0.2,0.75,2000,0.3,0.1,1500,1.494056137308129,0.37142857142857144,0.15714285714285714,1400,600,700,700
cp_cox_split_support_fit,CP + Cox (Split Support/Fit),0.8866666666666667,1.2732723853885788,0.2079275423525142,s013,12,20390424,high_dim,Higher covariate dimension,9,0.3,1.2,1,0.2,0.75,2000,0.3,0.1,1500,1.494056137308129,0.37142857142857144,0.15714285714285714,1400,600,700,700
cp_cox_full,CP + Cox,0.9133333333333333,1.27855214618957,0.16509749757077483,s013,13,20390425,high_dim,Higher covariate dimension,9,0.3,1.2,1,0.2,0.75,2000,0.3,0.1,1500,1.4793437726035341,0.35714285714285715,0.16142857142857142,1400,600,700,700
cp_cox_split_support_fit,CP + Cox (Split Support/Fit),0.92,1.2905262746668626,0.1551026274093155,s013,13,20390425,high_dim,Higher covariate dimension,9,0.3,1.2,1,0.2,0.75,2000,0.3,0.1,1500,1.4793437726035341,0.35714285714285715,0.16142857142857142,1400,600,700,700
cp_cox_full,CP + Cox,0.9116666666666666,1.3537911089788268,0.18721456064174657,s013,14,20390426,high_dim,Higher covariate dimension,9,0.3,1.2,1,0.2,0.75,2000,0.3,0.1,1500,1.5634754775680326,0.35642857142857143,0.15142857142857144,1400,600,700,700
cp_cox_split_support_fit,CP + Cox (Split Support/Fit),0.8933333333333333,1.334548558984709,0.20376389580244586,s013,14,20390426,high_dim,Higher covariate dimension,9,0.3,1.2,1,0.2,0.75,2000,0.3,0.1,1500,1.5634754775680326,0.35642857142857143,0.15142857142857144,1400,600,700,700
cp_cox_full,CP + Cox,0.9016666666666666,1.2102256753678238,0.16314105850353328,s013,15,20390427,high_dim,Higher covariate dimension,9,0.3,1.2,1,0.2,0.75,2000,0.3,0.1,1500,1.4140277095025882,0.3628571428571429,0.15857142857142856,1400,600,700,700
cp_cox_split_support_fit,CP + Cox (Split Support/Fit),0.905,1.2237825697792548,0.14534365612899713,s013,15,20390427,high_dim,Higher covariate dimension,9,0.3,1.2,1,0.2,0.75,2000,0.3,0.1,1500,1.4140277095025882,0.3628571428571429,0.15857142857142856,1400,600,700,700
cp_cox_full,CP + Cox,0.8983333333333333,1.2939683348553144,0.1660659919744677,s013,16,20390428,high_dim,Higher covariate dimension,9,0.3,1.2,1,0.2,0.75,2000,0.3,0.1,1500,1.504008055783581,0.35928571428571426,0.1657142857142857,1400,600,700,700
cp_cox_split_support_fit,CP + Cox (Split Support/Fit),0.9066666666666666,1.3082336365084228,0.14978352039533738,s013,16,20390428,high_dim,Higher covariate dimension,9,0.3,1.2,1,0.2,0.75,2000,0.3,0.1,1500,1.504008055783581,0.35928571428571426,0.1657142857142857,1400,600,700,700
cp_cox_full,CP + Cox,0.9133333333333333,1.3187310799077383,0.21187806570107784,s013,17,20390429,high_dim,Higher covariate dimension,9,0.3,1.2,1,0.2,0.75,2000,0.3,0.1,1500,1.5241465443200404,0.3578571428571429,0.16285714285714287,1400,600,700,700
cp_cox_split_support_fit,CP + Cox (Split Support/Fit),0.93,1.3470708889502818,0.1917703720102721,s013,17,20390429,high_dim,Higher covariate dimension,9,0.3,1.2,1,0.2,0.75,2000,0.3,0.1,1500,1.5241465443200404,0.3578571428571429,0.16285714285714287,1400,600,700,700
cp_cox_full,CP + Cox,0.9066666666666666,1.274494795187095,0.18509087661013052,s013,18,20390430,high_dim,Higher covariate dimension,9,0.3,1.2,1,0.2,0.75,2000,0.3,0.1,1500,1.477481196555435,0.36714285714285716,0.17714285714285713,1400,600,700,700
cp_cox_split_support_fit,CP + Cox (Split Support/Fit),0.8816666666666667,1.2458308481458942,0.1873394461071859,s013,18,20390430,high_dim,Higher covariate dimension,9,0.3,1.2,1,0.2,0.75,2000,0.3,0.1,1500,1.477481196555435,0.36714285714285716,0.17714285714285713,1400,600,700,700
cp_cox_full,CP + Cox,0.8716666666666667,1.2058400262069626,0.18672714191398104,s013,19,20390431,high_dim,Higher covariate dimension,9,0.3,1.2,1,0.2,0.75,2000,0.3,0.1,1500,1.4209591208043384,0.37,0.16428571428571428,1400,600,700,700
cp_cox_split_support_fit,CP + Cox (Split Support/Fit),0.8666666666666667,1.1956129631193682,0.18533060054131525,s013,19,20390431,high_dim,Higher covariate dimension,9,0.3,1.2,1,0.2,0.75,2000,0.3,0.1,1500,1.4209591208043384,0.37,0.16428571428571428,1400,600,700,700
cp_cox_full,CP + Cox,0.91,1.3289898349709957,0.16367528630658593,s013,20,20390432,high_dim,Higher covariate dimension,9,0.3,1.2,1,0.2,0.75,2000,0.3,0.1,1500,1.5140031866070458,0.3464285714285714,0.14142857142857143,1400,600,700,700
cp_cox_split_support_fit,CP + Cox (Split Support/Fit),0.91,1.3294532465022404,0.15830758309700851,s013,20,20390432,high_dim,Higher covariate dimension,9,0.3,1.2,1,0.2,0.75,2000,0.3,0.1,1500,1.5140031866070458,0.3464285714285714,0.14142857142857143,1400,600,700,700
cp_cox_full,CP + Cox,0.8983333333333333,1.2603801182857237,0.18961951922726164,s013,21,20390433,high_dim,Higher covariate dimension,9,0.3,1.2,1,0.2,0.75,2000,0.3,0.1,1500,1.472199237040928,0.3514285714285714,0.15214285714285714,1400,600,700,700
cp_cox_split_support_fit,CP + Cox (Split Support/Fit),0.91,1.2790407412042513,0.18023017237569436,s013,21,20390433,high_dim,Higher covariate dimension,9,0.3,1.2,1,0.2,0.75,2000,0.3,0.1,1500,1.472199237040928,0.3514285714285714,0.15214285714285714,1400,600,700,700
cp_cox_full,CP + Cox,0.91,1.2962193168592857,0.19369779164117173,s013,22,20390434,high_dim,Higher covariate dimension,9,0.3,1.2,1,0.2,0.75,2000,0.3,0.1,1500,1.5045991462349453,0.37,0.16642857142857143,1400,600,700,700
cp_cox_split_support_fit,CP + Cox (Split Support/Fit),0.8933333333333333,1.255218449135691,0.23846347099986645,s013,22,20390434,high_dim,Higher covariate dimension,9,0.3,1.2,1,0.2,0.75,2000,0.3,0.1,1500,1.5045991462349453,0.37,0.16642857142857143,1400,600,700,700
cp_cox_full,CP + Cox,0.9083333333333333,1.2105236948584184,0.15420656565638036,s013,23,20390435,high_dim,Higher covariate dimension,9,0.3,1.2,1,0.2,0.75,2000,0.3,0.1,1500,1.396479606655803,0.3442857142857143,0.155,1400,600,700,700
cp_cox_split_support_fit,CP + Cox (Split Support/Fit),0.91,1.2012447235437196,0.15856456456953413,s013,23,20390435,high_dim,Higher covariate dimension,9,0.3,1.2,1,0.2,0.75,2000,0.3,0.1,1500,1.396479606655803,0.3442857142857143,0.155,1400,600,700,700
cp_cox_full,CP + Cox,0.9,1.3786458696190524,0.18286436120917648,s013,24,20390436,high_dim,Higher covariate dimension,9,0.3,1.2,1,0.2,0.75,2000,0.3,0.1,1500,1.5843505720147673,0.35,0.165,1400,600,700,700
cp_cox_split_support_fit,CP + Cox (Split Support/Fit),0.8983333333333333,1.3672081409785095,0.2048477854453845,s013,24,20390436,high_dim,Higher covariate dimension,9,0.3,1.2,1,0.2,0.75,2000,0.3,0.1,1500,1.5843505720147673,0.35,0.165,1400,600,700,700
cp_cox_full,CP + Cox,0.9133333333333333,1.3313201757947914,0.19436804422272008,s013,25,20390437,high_dim,Higher covariate dimension,9,0.3,1.2,1,0.2,0.75,2000,0.3,0.1,1500,1.5273264869237826,0.35428571428571426,0.16285714285714287,1400,600,700,700
cp_cox_split_support_fit,CP + Cox (Split Support/Fit),0.885,1.2929891672409402,0.20782444207342413,s013,25,20390437,high_dim,Higher covariate dimension,9,0.3,1.2,1,0.2,0.75,2000,0.3,0.1,1500,1.5273264869237826,0.35428571428571426,0.16285714285714287,1400,600,700,700
cp_cox_full,CP + Cox,0.9183333333333333,1.3446325593042867,0.15550623422172702,s013,26,20390438,high_dim,Higher covariate dimension,9,0.3,1.2,1,0.2,0.75,2000,0.3,0.1,1500,1.5235933756203863,0.36428571428571427,0.16357142857142856,1400,600,700,700
cp_cox_split_support_fit,CP + Cox (Split Support/Fit),0.91,1.3395285007939157,0.14483635262206448,s013,26,20390438,high_dim,Higher covariate dimension,9,0.3,1.2,1,0.2,0.75,2000,0.3,0.1,1500,1.5235933756203863,0.36428571428571427,0.16357142857142856,1400,600,700,700
cp_cox_full,CP + Cox,0.9083333333333333,1.3463824760443603,0.17161210921974995,s013,27,20390439,high_dim,Higher covariate dimension,9,0.3,1.2,1,0.2,0.75,2000,0.3,0.1,1500,1.5516667073452737,0.3557142857142857,0.16357142857142856,1400,600,700,700
cp_cox_split_support_fit,CP + Cox (Split Support/Fit),0.9066666666666666,1.3373530293670663,0.18018284612681465,s013,27,20390439,high_dim,Higher covariate dimension,9,0.3,1.2,1,0.2,0.75,2000,0.3,0.1,1500,1.5516667073452737,0.3557142857142857,0.16357142857142856,1400,600,700,700
cp_cox_full,CP + Cox,0.9166666666666666,1.3505962937813245,0.19538619831182497,s013,28,20390440,high_dim,Higher covariate dimension,9,0.3,1.2,1,0.2,0.75,2000,0.3,0.1,1500,1.5440263728814152,0.36714285714285716,0.16428571428571428,1400,600,700,700
cp_cox_split_support_fit,CP + Cox (Split Support/Fit),0.9116666666666666,1.3509425779153266,0.18590612371050624,s013,28,20390440,high_dim,Higher covariate dimension,9,0.3,1.2,1,0.2,0.75,2000,0.3,0.1,1500,1.5440263728814152,0.36714285714285716,0.16428571428571428,1400,600,700,700
cp_cox_full,CP + Cox,0.88,1.4255460494881618,0.1926626868261098,s013,29,20390441,high_dim,Higher covariate dimension,9,0.3,1.2,1,0.2,0.75,2000,0.3,0.1,1500,1.6329106908264648,0.375,0.1692857142857143,1400,600,700,700
cp_cox_split_support_fit,CP + Cox (Split Support/Fit),0.8616666666666667,1.3955155596946829,0.22188870408551292,s013,29,20390441,high_dim,Higher covariate dimension,9,0.3,1.2,1,0.2,0.75,2000,0.3,0.1,1500,1.6329106908264648,0.375,0.1692857142857143,1400,600,700,700
cp_cox_full,CP + Cox,0.9283333333333333,1.354072626957837,0.17391984568067162,s013,30,20390442,high_dim,Higher covariate dimension,9,0.3,1.2,1,0.2,0.75,2000,0.3,0.1,1500,1.5372231450496794,0.35714285714285715,0.16142857142857142,1400,600,700,700
cp_cox_split_support_fit,CP + Cox (Split Support/Fit),0.9166666666666666,1.326522725981116,0.20819964424118906,s013,30,20390442,high_dim,Higher covariate dimension,9,0.3,1.2,1,0.2,0.75,2000,0.3,0.1,1500,1.5372231450496794,0.35714285714285715,0.16142857142857142,1400,600,700,700
cp_cox_full,CP + Cox,0.895,2.7018051010471473,0.17290346325903277,s014,1,20400413,high_dim,Higher covariate dimension,9,0.3,1.2,1,0.2,0.9,2000,0.3,0.1,1500,2.890810629633167,0.25142857142857145,0.045,1400,600,700,700
cp_cox_split_support_fit,CP + Cox (Split Support/Fit),0.895,2.69579514934654,0.16784394966803212,s014,1,20400413,high_dim,Higher covariate dimension,9,0.3,1.2,1,0.2,0.9,2000,0.3,0.1,1500,2.890810629633167,0.25142857142857145,0.045,1400,600,700,700
cp_cox_full,CP + Cox,0.9033333333333333,2.7845536623414144,0.22109883659557683,s014,2,20400414,high_dim,Higher covariate dimension,9,0.3,1.2,1,0.2,0.9,2000,0.3,0.1,1500,3.014188275747817,0.25785714285714284,0.047142857142857146,1400,600,700,700
cp_cox_split_support_fit,CP + Cox (Split Support/Fit),0.915,2.814198498475649,0.18170297851532966,s014,2,20400414,high_dim,Higher covariate dimension,9,0.3,1.2,1,0.2,0.9,2000,0.3,0.1,1500,3.014188275747817,0.25785714285714284,0.047142857142857146,1400,600,700,700
cp_cox_full,CP + Cox,0.8883333333333333,2.802970466076505,0.22429204850398368,s014,3,20400415,high_dim,Higher covariate dimension,9,0.3,1.2,1,0.2,0.9,2000,0.3,0.1,1500,3.0524589038610546,0.2392857142857143,0.05071428571428571,1400,600,700,700
cp_cox_split_support_fit,CP + Cox (Split Support/Fit),0.9016666666666666,2.841022294658792,0.1942497573425644,s014,3,20400415,high_dim,Higher covariate dimension,9,0.3,1.2,1,0.2,0.9,2000,0.3,0.1,1500,3.0524589038610546,0.2392857142857143,0.05071428571428571,1400,600,700,700
cp_cox_full,CP + Cox,0.8866666666666667,2.478525447051835,0.21957210424829435,s014,4,20400416,high_dim,Higher covariate dimension,9,0.3,1.2,1,0.2,0.9,2000,0.3,0.1,1500,2.681648557077606,0.24857142857142858,0.05857142857142857,1400,600,700,700
cp_cox_split_support_fit,CP + Cox (Split Support/Fit),0.9016666666666666,2.5041027396027036,0.192601784031731,s014,4,20400416,high_dim,Higher covariate dimension,9,0.3,1.2,1,0.2,0.9,2000,0.3,0.1,1500,2.681648557077606,0.24857142857142858,0.05857142857142857,1400,600,700,700
cp_cox_full,CP + Cox,0.9116666666666666,2.7070228139497585,0.16480741797125092,s014,5,20400417,high_dim,Higher covariate dimension,9,0.3,1.2,1,0.2,0.9,2000,0.3,0.1,1500,2.898057177095958,0.24857142857142858,0.05142857142857143,1400,600,700,700
cp_cox_split_support_fit,CP + Cox (Split Support/Fit),0.9166666666666666,2.713592503603344,0.15234462538903615,s014,5,20400417,high_dim,Higher covariate dimension,9,0.3,1.2,1,0.2,0.9,2000,0.3,0.1,1500,2.898057177095958,0.24857142857142858,0.05142857142857143,1400,600,700,700
cp_cox_full,CP + Cox,0.8933333333333333,2.470731666217634,0.16781841289552138,s014,6,20400418,high_dim,Higher covariate dimension,9,0.3,1.2,1,0.2,0.9,2000,0.3,0.1,1500,2.669658711085532,0.2621428571428571,0.04642857142857143,1400,600,700,700
cp_cox_split_support_fit,CP + Cox (Split Support/Fit),0.8983333333333333,2.4990445044642646,0.13368701452940462,s014,6,20400418,high_dim,Higher covariate dimension,9,0.3,1.2,1,0.2,0.9,2000,0.3,0.1,1500,2.669658711085532,0.2621428571428571,0.04642857142857143,1400,600,700,700
cp_cox_full,CP + Cox,0.89,2.8850591642679593,0.1857789797009399,s014,7,20400419,high_dim,Higher covariate dimension,9,0.3,1.2,1,0.2,0.9,2000,0.3,0.1,1500,3.0765926754985347,0.26,0.04857142857142857,1400,600,700,700
cp_cox_split_support_fit,CP + Cox (Split Support/Fit),0.8883333333333333,2.8741548532203343,0.2025702558575114,s014,7,20400419,high_dim,Higher covariate dimension,9,0.3,1.2,1,0.2,0.9,2000,0.3,0.1,1500,3.0765926754985347,0.26,0.04857142857142857,1400,600,700,700
cp_cox_full,CP + Cox,0.9083333333333333,2.7624314551366336,0.17790310571722448,s014,8,20400420,high_dim,Higher covariate dimension,9,0.3,1.2,1,0.2,0.9,2000,0.3,0.1,1500,2.975297121339165,0.23,0.056428571428571425,1400,600,700,700
cp_cox_split_support_fit,CP + Cox (Split Support/Fit),0.9266666666666666,2.800815909960079,0.14399840035934947,s014,8,20400420,high_dim,Higher covariate dimension,9,0.3,1.2,1,0.2,0.9,2000,0.3,0.1,1500,2.975297121339165,0.23,0.056428571428571425,1400,600,700,700
cp_cox_full,CP + Cox,0.9083333333333333,2.724660752449547,0.1522395309439203,s014,9,20400421,high_dim,Higher covariate dimension,9,0.3,1.2,1,0.2,0.9,2000,0.3,0.1,1500,2.9027060663177364,0.24857142857142858,0.055714285714285716,1400,600,700,700
cp_cox_split_support_fit,CP + Cox (Split Support/Fit),0.89,2.672791324339252,0.21710149346085533,s014,9,20400421,high_dim,Higher covariate dimension,9,0.3,1.2,1,0.2,0.9,2000,0.3,0.1,1500,2.9027060663177364,0.24857142857142858,0.055714285714285716,1400,600,700,700
cp_cox_full,CP + Cox,0.88,2.4750858615490015,0.19932717323885324,s014,10,20400422,high_dim,Higher covariate dimension,9,0.3,1.2,1,0.2,0.9,2000,0.3,0.1,1500,2.6955438211001557,0.24,0.045714285714285714,1400,600,700,700
cp_cox_split_support_fit,CP + Cox (Split Support/Fit),0.8883333333333333,2.4852626985724955,0.18942672853708376,s014,10,20400422,high_dim,Higher covariate dimension,9,0.3,1.2,1,0.2,0.9,2000,0.3,0.1,1500,2.6955438211001557,0.24,0.045714285714285714,1400,600,700,700
cp_cox_full,CP + Cox,0.9016666666666666,3.0785684500525328,0.15777827271997905,s014,11,20400423,high_dim,Higher covariate dimension,9,0.3,1.2,1,0.2,0.9,2000,0.3,0.1,1500,3.2570733499735876,0.24857142857142858,0.04285714285714286,1400,600,700,700
cp_cox_split_support_fit,CP + Cox (Split Support/Fit),0.9116666666666666,3.102052563472201,0.1344197897876627,s014,11,20400423,high_dim,Higher covariate dimension,9,0.3,1.2,1,0.2,0.9,2000,0.3,0.1,1500,3.2570733499735876,0.24857142857142858,0.04285714285714286,1400,600,700,700
cp_cox_full,CP + Cox,0.8816666666666667,2.7841321163204342,0.17944071914630388,s014,12,20400424,high_dim,Higher covariate dimension,9,0.3,1.2,1,0.2,0.9,2000,0.3,0.1,1500,3.0120165577418607,0.24928571428571428,0.04214285714285714,1400,600,700,700
cp_cox_split_support_fit,CP + Cox (Split Support/Fit),0.885,2.783526266731847,0.18874628750674016,s014,12,20400424,high_dim,Higher covariate dimension,9,0.3,1.2,1,0.2,0.9,2000,0.3,0.1,1500,3.0120165577418607,0.24928571428571428,0.04214285714285714,1400,600,700,700
cp_cox_full,CP + Cox,0.9033333333333333,2.655376881548707,0.15650984176662328,s014,13,20400425,high_dim,Higher covariate dimension,9,0.3,1.2,1,0.2,0.9,2000,0.3,0.1,1500,2.836299034621819,0.2571428571428571,0.04428571428571428,1400,600,700,700
cp_cox_split_support_fit,CP + Cox (Split Support/Fit),0.9083333333333333,2.6550263224031143,0.1652512805245862,s014,13,20400425,high_dim,Higher covariate dimension,9,0.3,1.2,1,0.2,0.9,2000,0.3,0.1,1500,2.836299034621819,0.2571428571428571,0.04428571428571428,1400,600,700,700
cp_cox_full,CP + Cox,0.8933333333333333,2.7051206683938114,0.17043207036173635,s014,14,20400426,high_dim,Higher covariate dimension,9,0.3,1.2,1,0.2,0.9,2000,0.3,0.1,1500,2.891134181470056,0.24357142857142858,0.04071428571428572,1400,600,700,700
cp_cox_split_support_fit,CP + Cox (Split Support/Fit),0.8733333333333333,2.6737852460810005,0.19809224807204726,s014,14,20400426,high_dim,Higher covariate dimension,9,0.3,1.2,1,0.2,0.9,2000,0.3,0.1,1500,2.891134181470056,0.24357142857142858,0.04071428571428572,1400,600,700,700
cp_cox_full,CP + Cox,0.895,2.653046779418023,0.18403439006661335,s014,15,20400427,high_dim,Higher covariate dimension,9,0.3,1.2,1,0.2,0.9,2000,0.3,0.1,1500,2.876484514080494,0.24214285714285713,0.04357142857142857,1400,600,700,700
cp_cox_split_support_fit,CP + Cox (Split Support/Fit),0.8983333333333333,2.654985228032479,0.18378399441857438,s014,15,20400427,high_dim,Higher covariate dimension,9,0.3,1.2,1,0.2,0.9,2000,0.3,0.1,1500,2.876484514080494,0.24214285714285713,0.04357142857142857,1400,600,700,700
cp_cox_full,CP + Cox,0.905,2.700968357101004,0.19882051610278687,s014,16,20400428,high_dim,Higher covariate dimension,9,0.3,1.2,1,0.2,0.9,2000,0.3,0.1,1500,2.921227579064456,0.26,0.047857142857142855,1400,600,700,700
cp_cox_split_support_fit,CP + Cox (Split Support/Fit),0.9,2.6698191806065195,0.25039865205407286,s014,16,20400428,high_dim,Higher covariate dimension,9,0.3,1.2,1,0.2,0.9,2000,0.3,0.1,1500,2.921227579064456,0.26,0.047857142857142855,1400,600,700,700
cp_cox_full,CP + Cox,0.8666666666666667,2.6141653460081624,0.16917931067805267,s014,17,20400429,high_dim,Higher covariate dimension,9,0.3,1.2,1,0.2,0.9,2000,0.3,0.1,1500,2.835936205913402,0.23857142857142857,0.05071428571428571,1400,600,700,700
cp_cox_split_support_fit,CP + Cox (Split Support/Fit),0.8683333333333333,2.624559319849117,0.15081681938911976,s014,17,20400429,high_dim,Higher covariate dimension,9,0.3,1.2,1,0.2,0.9,2000,0.3,0.1,1500,2.835936205913402,0.23857142857142857,0.05071428571428571,1400,600,700,700
cp_cox_full,CP + Cox,0.92,2.7177511978550886,0.13906120364519625,s014,18,20400430,high_dim,Higher covariate dimension,9,0.3,1.2,1,0.2,0.9,2000,0.3,0.1,1500,2.878317452970643,0.23142857142857143,0.04,1400,600,700,700
cp_cox_split_support_fit,CP + Cox (Split Support/Fit),0.9083333333333333,2.687261089246124,0.1642344621027737,s014,18,20400430,high_dim,Higher covariate dimension,9,0.3,1.2,1,0.2,0.9,2000,0.3,0.1,1500,2.878317452970643,0.23142857142857143,0.04,1400,600,700,700
cp_cox_full,CP + Cox,0.91,2.715497621221995,0.17542007694151182,s014,19,20400431,high_dim,Higher covariate dimension,9,0.3,1.2,1,0.2,0.9,2000,0.3,0.1,1500,2.9146577768815876,0.25,0.05714285714285714,1400,600,700,700
cp_cox_split_support_fit,CP + Cox (Split Support/Fit),0.9,2.6923674715772523,0.20150878891857169,s014,19,20400431,high_dim,Higher covariate dimension,9,0.3,1.2,1,0.2,0.9,2000,0.3,0.1,1500,2.9146577768815876,0.25,0.05714285714285714,1400,600,700,700
cp_cox_full,CP + Cox,0.915,2.5487846481126972,0.14897813812953536,s014,20,20400432,high_dim,Higher covariate dimension,9,0.3,1.2,1,0.2,0.9,2000,0.3,0.1,1500,2.730720169305905,0.25,0.05285714285714286,1400,600,700,700
cp_cox_split_support_fit,CP + Cox (Split Support/Fit),0.9083333333333333,2.545959819624894,0.14211702351833821,s014,20,20400432,high_dim,Higher covariate dimension,9,0.3,1.2,1,0.2,0.9,2000,0.3,0.1,1500,2.730720169305905,0.25,0.05285714285714286,1400,600,700,700
cp_cox_full,CP + Cox,0.8966666666666666,2.419549791361446,0.1742639771581118,s014,21,20400433,high_dim,Higher covariate dimension,9,0.3,1.2,1,0.2,0.9,2000,0.3,0.1,1500,2.615248315439514,0.23285714285714285,0.055714285714285716,1400,600,700,700
cp_cox_split_support_fit,CP + Cox (Split Support/Fit),0.89,2.4104224734284587,0.1997564365898592,s014,21,20400433,high_dim,Higher covariate dimension,9,0.3,1.2,1,0.2,0.9,2000,0.3,0.1,1500,2.615248315439514,0.23285714285714285,0.055714285714285716,1400,600,700,700
cp_cox_full,CP + Cox,0.8966666666666666,2.6913202336223065,0.15823140686995216,s014,22,20400434,high_dim,Higher covariate dimension,9,0.3,1.2,1,0.2,0.9,2000,0.3,0.1,1500,2.8935342948316523,0.245,0.04642857142857143,1400,600,700,700
cp_cox_split_support_fit,CP + Cox (Split Support/Fit),0.8916666666666667,2.6775991042225615,0.17551260591220005,s014,22,20400434,high_dim,Higher covariate dimension,9,0.3,1.2,1,0.2,0.9,2000,0.3,0.1,1500,2.8935342948316523,0.245,0.04642857142857143,1400,600,700,700
cp_cox_full,CP + Cox,0.8816666666666667,2.7059244708418366,0.18326598766129862,s014,23,20400435,high_dim,Higher covariate dimension,9,0.3,1.2,1,0.2,0.9,2000,0.3,0.1,1500,2.912662954197502,0.25142857142857145,0.04357142857142857,1400,600,700,700
cp_cox_split_support_fit,CP + Cox (Split Support/Fit),0.8933333333333333,2.739528414180989,0.14917728150927692,s014,23,20400435,high_dim,Higher covariate dimension,9,0.3,1.2,1,0.2,0.9,2000,0.3,0.1,1500,2.912662954197502,0.25142857142857145,0.04357142857142857,1400,600,700,700
cp_cox_full,CP + Cox,0.915,2.870934807201481,0.1647802148728638,s014,24,20400436,high_dim,Higher covariate dimension,9,0.3,1.2,1,0.2,0.9,2000,0.3,0.1,1500,3.0772813601717863,0.235,0.04857142857142857,1400,600,700,700
cp_cox_split_support_fit,CP + Cox (Split Support/Fit),0.885,2.818288167103025,0.21714803996071158,s014,24,20400436,high_dim,Higher covariate dimension,9,0.3,1.2,1,0.2,0.9,2000,0.3,0.1,1500,3.0772813601717863,0.235,0.04857142857142857,1400,600,700,700
cp_cox_full,CP + Cox,0.8783333333333333,2.6830898724379946,0.22743688708348242,s014,25,20400437,high_dim,Higher covariate dimension,9,0.3,1.2,1,0.2,0.9,2000,0.3,0.1,1500,2.9465169914141995,0.24,0.05,1400,600,700,700
cp_cox_split_support_fit,CP + Cox (Split Support/Fit),0.895,2.718784226004684,0.19665392753701522,s014,25,20400437,high_dim,Higher covariate dimension,9,0.3,1.2,1,0.2,0.9,2000,0.3,0.1,1500,2.9465169914141995,0.24,0.05,1400,600,700,700
cp_cox_full,CP + Cox,0.8966666666666666,2.704771480169402,0.16325422064545353,s014,26,20400438,high_dim,Higher covariate dimension,9,0.3,1.2,1,0.2,0.9,2000,0.3,0.1,1500,2.8873069967928275,0.23857142857142857,0.056428571428571425,1400,600,700,700
cp_cox_split_support_fit,CP + Cox (Split Support/Fit),0.895,2.6938005596684462,0.19092903637271993,s014,26,20400438,high_dim,Higher covariate dimension,9,0.3,1.2,1,0.2,0.9,2000,0.3,0.1,1500,2.8873069967928275,0.23857142857142857,0.056428571428571425,1400,600,700,700
cp_cox_full,CP + Cox,0.8916666666666667,2.690049373386979,0.17580307298719086,s014,27,20400439,high_dim,Higher covariate dimension,9,0.3,1.2,1,0.2,0.9,2000,0.3,0.1,1500,2.9283993265825936,0.24642857142857144,0.04428571428571428,1400,600,700,700
cp_cox_split_support_fit,CP + Cox (Split Support/Fit),0.9033333333333333,2.708770260188812,0.17146099853428248,s014,27,20400439,high_dim,Higher covariate dimension,9,0.3,1.2,1,0.2,0.9,2000,0.3,0.1,1500,2.9283993265825936,0.24642857142857144,0.04428571428571428,1400,600,700,700
cp_cox_full,CP + Cox,0.92,2.7810656001628535,0.14561645647790505,s014,28,20400440,high_dim,Higher covariate dimension,9,0.3,1.2,1,0.2,0.9,2000,0.3,0.1,1500,2.9553781901107476,0.25142857142857145,0.045714285714285714,1400,600,700,700
cp_cox_split_support_fit,CP + Cox (Split Support/Fit),0.92,2.7595389831170527,0.16248715847647147,s014,28,20400440,high_dim,Higher covariate dimension,9,0.3,1.2,1,0.2,0.9,2000,0.3,0.1,1500,2.9553781901107476,0.25142857142857145,0.045714285714285714,1400,600,700,700
cp_cox_full,CP + Cox,0.8916666666666667,2.683997005100994,0.19320719299367012,s014,29,20400441,high_dim,Higher covariate dimension,9,0.3,1.2,1,0.2,0.9,2000,0.3,0.1,1500,2.910605141906209,0.25857142857142856,0.04928571428571429,1400,600,700,700
cp_cox_split_support_fit,CP + Cox (Split Support/Fit),0.9,2.712119920548462,0.15939659240820833,s014,29,20400441,high_dim,Higher covariate dimension,9,0.3,1.2,1,0.2,0.9,2000,0.3,0.1,1500,2.910605141906209,0.25857142857142856,0.04928571428571429,1400,600,700,700
cp_cox_full,CP + Cox,0.87,2.7495969865086693,0.18373119556816297,s014,30,20400442,high_dim,Higher covariate dimension,9,0.3,1.2,1,0.2,0.9,2000,0.3,0.1,1500,2.9719726434414944,0.26,0.039285714285714285,1400,600,700,700
cp_cox_split_support_fit,CP + Cox (Split Support/Fit),0.8816666666666667,2.7677993937891525,0.17545454798993734,s014,30,20400442,high_dim,Higher covariate dimension,9,0.3,1.2,1,0.2,0.9,2000,0.3,0.1,1500,2.9719726434414944,0.26,0.039285714285714285,1400,600,700,700
cp_cox_full,CP + Cox,0.8883333333333333,4.733410554160874,0.176391979153475,s015,1,20410413,high_dim,Higher covariate dimension,9,0.3,1.2,1,0.2,0.97,2000,0.3,0.1,1500,4.9441372323748185,0.18928571428571428,0.0064285714285714285,1400,600,700,700
cp_cox_split_support_fit,CP + Cox (Split Support/Fit),0.895,4.742932973147345,0.17096460476570657,s015,1,20410413,high_dim,Higher covariate dimension,9,0.3,1.2,1,0.2,0.97,2000,0.3,0.1,1500,4.9441372323748185,0.18928571428571428,0.0064285714285714285,1400,600,700,700
cp_cox_full,CP + Cox,0.865,5.290530800647692,0.21780257822553045,s015,2,20410414,high_dim,Higher covariate dimension,9,0.3,1.2,1,0.2,0.97,2000,0.3,0.1,1500,5.5327769215516955,0.21214285714285713,0.012857142857142857,1400,600,700,700
cp_cox_split_support_fit,CP + Cox (Split Support/Fit),0.8966666666666666,5.327376856085117,0.1972972575992442,s015,2,20410414,high_dim,Higher covariate dimension,9,0.3,1.2,1,0.2,0.97,2000,0.3,0.1,1500,5.5327769215516955,0.21214285714285713,0.012857142857142857,1400,600,700,700
cp_cox_full,CP + Cox,0.9,5.191415698709193,0.16238186818509479,s015,3,20410415,high_dim,Higher covariate dimension,9,0.3,1.2,1,0.2,0.97,2000,0.3,0.1,1500,5.391653797309119,0.21571428571428572,0.008571428571428572,1400,600,700,700
cp_cox_split_support_fit,CP + Cox (Split Support/Fit),0.9083333333333333,5.2228467693267495,0.13356914059129202,s015,3,20410415,high_dim,Higher covariate dimension,9,0.3,1.2,1,0.2,0.97,2000,0.3,0.1,1500,5.391653797309119,0.21571428571428572,0.008571428571428572,1400,600,700,700
cp_cox_full,CP + Cox,0.9016666666666666,5.9331597503696605,0.199174556697462,s015,4,20410416,high_dim,Higher covariate dimension,9,0.3,1.2,1,0.2,0.97,2000,0.3,0.1,1500,6.173900531328064,0.20785714285714285,0.007857142857142858,1400,600,700,700
cp_cox_split_support_fit,CP + Cox (Split Support/Fit),0.9416666666666667,5.999748839700007,0.14691877852654617,s015,4,20410416,high_dim,Higher covariate dimension,9,0.3,1.2,1,0.2,0.97,2000,0.3,0.1,1500,6.173900531328064,0.20785714285714285,0.007857142857142858,1400,600,700,700
cp_cox_full,CP + Cox,0.9116666666666666,5.302956164194896,0.18374316178608824,s015,5,20410417,high_dim,Higher covariate dimension,9,0.3,1.2,1,0.2,0.97,2000,0.3,0.1,1500,5.526300244793387,0.21785714285714286,0.005714285714285714,1400,600,700,700
cp_cox_split_support_fit,CP + Cox (Split Support/Fit),0.925,5.33455866755601,0.15132279788719893,s015,5,20410417,high_dim,Higher covariate dimension,9,0.3,1.2,1,0.2,0.97,2000,0.3,0.1,1500,5.526300244793387,0.21785714285714286,0.005714285714285714,1400,600,700,700
cp_cox_full,CP + Cox,0.885,5.528916829931961,0.148332987569583,s015,6,20410418,high_dim,Higher covariate dimension,9,0.3,1.2,1,0.2,0.97,2000,0.3,0.1,1500,5.7155274752582885,0.22214285714285714,0.009285714285714286,1400,600,700,700
cp_cox_split_support_fit,CP + Cox (Split Support/Fit),0.8766666666666667,5.512347188982607,0.17527902902579828,s015,6,20410418,high_dim,Higher covariate dimension,9,0.3,1.2,1,0.2,0.97,2000,0.3,0.1,1500,5.7155274752582885,0.22214285714285714,0.009285714285714286,1400,600,700,700
cp_cox_full,CP + Cox,0.9066666666666666,4.960625358802885,0.17858011114154873,s015,7,20410419,high_dim,Higher covariate dimension,9,0.3,1.2,1,0.2,0.97,2000,0.3,0.1,1500,5.192178361746429,0.19071428571428573,0.012142857142857143,1400,600,700,700
cp_cox_split_support_fit,CP + Cox (Split Support/Fit),0.9166666666666666,4.987825265160469,0.1597132067589085,s015,7,20410419,high_dim,Higher covariate dimension,9,0.3,1.2,1,0.2,0.97,2000,0.3,0.1,1500,5.192178361746429,0.19071428571428573,0.012142857142857143,1400,600,700,700
cp_cox_full,CP + Cox,0.8683333333333333,4.738441958564305,0.2242105979694177,s015,8,20410420,high_dim,Higher covariate dimension,9,0.3,1.2,1,0.2,0.97,2000,0.3,0.1,1500,4.9743277733274285,0.23285714285714285,0.009285714285714286,1400,600,700,700
cp_cox_split_support_fit,CP + Cox (Split Support/Fit),0.89,4.7831970844022536,0.17118089626756616,s015,8,20410420,high_dim,Higher covariate dimension,9,0.3,1.2,1,0.2,0.97,2000,0.3,0.1,1500,4.9743277733274285,0.23285714285714285,0.009285714285714286,1400,600,700,700
cp_cox_full,CP + Cox,0.91,4.9204693654295255,0.1998572753691404,s015,9,20410421,high_dim,Higher covariate dimension,9,0.3,1.2,1,0.2,0.97,2000,0.3,0.1,1500,5.121494144762436,0.20785714285714285,0.009285714285714286,1400,600,700,700
cp_cox_split_support_fit,CP + Cox (Split Support/Fit),0.905,4.921491860637107,0.19616316820649043,s015,9,20410421,high_dim,Higher covariate dimension,9,0.3,1.2,1,0.2,0.97,2000,0.3,0.1,1500,5.121494144762436,0.20785714285714285,0.009285714285714286,1400,600,700,700
cp_cox_full,CP + Cox,0.93,4.803500871831407,0.1571697995192924,s015,10,20410422,high_dim,Higher covariate dimension,9,0.3,1.2,1,0.2,0.97,2000,0.3,0.1,1500,4.987033979949599,0.2042857142857143,0.011428571428571429,1400,600,700,700
cp_cox_split_support_fit,CP + Cox (Split Support/Fit),0.91,4.744088643471529,0.24369038679502816,s015,10,20410422,high_dim,Higher covariate dimension,9,0.3,1.2,1,0.2,0.97,2000,0.3,0.1,1500,4.987033979949599,0.2042857142857143,0.011428571428571429,1400,600,700,700
cp_cox_full,CP + Cox,0.92,4.783826329388785,0.16526662819172927,s015,11,20410423,high_dim,Higher covariate dimension,9,0.3,1.2,1,0.2,0.97,2000,0.3,0.1,1500,4.983591587592249,0.195,0.010714285714285714,1400,600,700,700
cp_cox_split_support_fit,CP + Cox (Split Support/Fit),0.89,4.726954260399384,0.2349807101921858,s015,11,20410423,high_dim,Higher covariate dimension,9,0.3,1.2,1,0.2,0.97,2000,0.3,0.1,1500,4.983591587592249,0.195,0.010714285714285714,1400,600,700,700
cp_cox_full,CP + Cox,0.915,4.8606515866830025,0.16080508152360803,s015,12,20410424,high_dim,Higher covariate dimension,9,0.3,1.2,1,0.2,0.97,2000,0.3,0.1,1500,5.039989131546132,0.19642857142857142,0.012142857142857143,1400,600,700,700
cp_cox_split_support_fit,CP + Cox (Split Support/Fit),0.8966666666666666,4.828165407836959,0.17557045271743948,s015,12,20410424,high_dim,Higher covariate dimension,9,0.3,1.2,1,0.2,0.97,2000,0.3,0.1,1500,5.039989131546132,0.19642857142857142,0.012142857142857143,1400,600,700,700
cp_cox_full,CP + Cox,0.9316666666666666,5.142829830389598,0.15213128613580387,s015,13,20410425,high_dim,Higher covariate dimension,9,0.3,1.2,1,0.2,0.97,2000,0.3,0.1,1500,5.308765792769912,0.19428571428571428,0.01,1400,600,700,700
cp_cox_split_support_fit,CP + Cox (Split Support/Fit),0.8966666666666666,5.105152251733028,0.18277970896567472,s015,13,20410425,high_dim,Higher covariate dimension,9,0.3,1.2,1,0.2,0.97,2000,0.3,0.1,1500,5.308765792769912,0.19428571428571428,0.01,1400,600,700,700
cp_cox_full,CP + Cox,0.8983333333333333,5.127852759439053,0.14928702291317433,s015,14,20410426,high_dim,Higher covariate dimension,9,0.3,1.2,1,0.2,0.97,2000,0.3,0.1,1500,5.305719173645359,0.22285714285714286,0.010714285714285714,1400,600,700,700
cp_cox_split_support_fit,CP + Cox (Split Support/Fit),0.91,5.151358493434841,0.12825609041955607,s015,14,20410426,high_dim,Higher covariate dimension,9,0.3,1.2,1,0.2,0.97,2000,0.3,0.1,1500,5.305719173645359,0.22285714285714286,0.010714285714285714,1400,600,700,700
cp_cox_full,CP + Cox,0.895,4.760899988801205,0.18789458976633927,s015,15,20410427,high_dim,Higher covariate dimension,9,0.3,1.2,1,0.2,0.97,2000,0.3,0.1,1500,4.970118178820762,0.21142857142857144,0.012142857142857143,1400,600,700,700
cp_cox_split_support_fit,CP + Cox (Split Support/Fit),0.8966666666666666,4.761229524837263,0.18857791200814297,s015,15,20410427,high_dim,Higher covariate dimension,9,0.3,1.2,1,0.2,0.97,2000,0.3,0.1,1500,4.970118178820762,0.21142857142857144,0.012142857142857143,1400,600,700,700
cp_cox_full,CP + Cox,0.9166666666666666,5.3202896656380405,0.1478904287321608,s015,16,20410428,high_dim,Higher covariate dimension,9,0.3,1.2,1,0.2,0.97,2000,0.3,0.1,1500,5.517828401684569,0.20285714285714285,0.011428571428571429,1400,600,700,700
cp_cox_split_support_fit,CP + Cox (Split Support/Fit),0.925,5.334098885088177,0.12779791104331537,s015,16,20410428,high_dim,Higher covariate dimension,9,0.3,1.2,1,0.2,0.97,2000,0.3,0.1,1500,5.517828401684569,0.20285714285714285,0.011428571428571429,1400,600,700,700
cp_cox_full,CP + Cox,0.8833333333333333,5.00899548828016,0.19012916064403848,s015,17,20410429,high_dim,Higher covariate dimension,9,0.3,1.2,1,0.2,0.97,2000,0.3,0.1,1500,5.228672360118728,0.2057142857142857,0.01,1400,600,700,700
cp_cox_split_support_fit,CP + Cox (Split Support/Fit),0.9066666666666666,5.03545224481747,0.18740942941214284,s015,17,20410429,high_dim,Higher covariate dimension,9,0.3,1.2,1,0.2,0.97,2000,0.3,0.1,1500,5.228672360118728,0.2057142857142857,0.01,1400,600,700,700
cp_cox_full,CP + Cox,0.9066666666666666,5.348972989956777,0.163711355217174,s015,18,20410430,high_dim,Higher covariate dimension,9,0.3,1.2,1,0.2,0.97,2000,0.3,0.1,1500,5.545737594447499,0.21214285714285713,0.009285714285714286,1400,600,700,700
cp_cox_split_support_fit,CP + Cox (Split Support/Fit),0.8966666666666666,5.326996825852986,0.18305424139136992,s015,18,20410430,high_dim,Higher covariate dimension,9,0.3,1.2,1,0.2,0.97,2000,0.3,0.1,1500,5.545737594447499,0.21214285714285713,0.009285714285714286,1400,600,700,700
cp_cox_full,CP + Cox,0.8983333333333333,5.5031912752663255,0.2260242748878279,s015,19,20410431,high_dim,Higher covariate dimension,9,0.3,1.2,1,0.2,0.97,2000,0.3,0.1,1500,5.730767670528826,0.22142857142857142,0.008571428571428572,1400,600,700,700
cp_cox_split_support_fit,CP + Cox (Split Support/Fit),0.9183333333333333,5.548005212486363,0.17875403165783146,s015,19,20410431,high_dim,Higher covariate dimension,9,0.3,1.2,1,0.2,0.97,2000,0.3,0.1,1500,5.730767670528826,0.22142857142857142,0.008571428571428572,1400,600,700,700
cp_cox_full,CP + Cox,0.93,4.930440646993527,0.11874807502758093,s015,20,20410432,high_dim,Higher covariate dimension,9,0.3,1.2,1,0.2,0.97,2000,0.3,0.1,1500,5.08242967767642,0.22785714285714287,0.0064285714285714285,1400,600,700,700
cp_cox_split_support_fit,CP + Cox (Split Support/Fit),0.9266666666666666,4.912991983081026,0.1418167135132964,s015,20,20410432,high_dim,Higher covariate dimension,9,0.3,1.2,1,0.2,0.97,2000,0.3,0.1,1500,5.08242967767642,0.22785714285714287,0.0064285714285714285,1400,600,700,700
cp_cox_full,CP + Cox,0.8933333333333333,5.010121341776517,0.1857570738689338,s015,21,20410433,high_dim,Higher covariate dimension,9,0.3,1.2,1,0.2,0.97,2000,0.3,0.1,1500,5.231745468522441,0.20357142857142857,0.007857142857142858,1400,600,700,700
cp_cox_split_support_fit,CP + Cox (Split Support/Fit),0.9,5.0203167659539405,0.17977642489103687,s015,21,20410433,high_dim,Higher covariate dimension,9,0.3,1.2,1,0.2,0.97,2000,0.3,0.1,1500,5.231745468522441,0.20357142857142857,0.007857142857142858,1400,600,700,700
cp_cox_full,CP + Cox,0.8983333333333333,5.327803776607822,0.17140128350707245,s015,22,20410434,high_dim,Higher covariate dimension,9,0.3,1.2,1,0.2,0.97,2000,0.3,0.1,1500,5.537092128001854,0.20642857142857143,0.005714285714285714,1400,600,700,700
cp_cox_split_support_fit,CP + Cox (Split Support/Fit),0.9016666666666666,5.325806084477723,0.1754288477237749,s015,22,20410434,high_dim,Higher covariate dimension,9,0.3,1.2,1,0.2,0.97,2000,0.3,0.1,1500,5.537092128001854,0.20642857142857143,0.005714285714285714,1400,600,700,700
cp_cox_full,CP + Cox,0.8933333333333333,5.335645674407541,0.22053918850136264,s015,23,20410435,high_dim,Higher covariate dimension,9,0.3,1.2,1,0.2,0.97,2000,0.3,0.1,1500,5.562478307943572,0.2057142857142857,0.011428571428571429,1400,600,700,700
cp_cox_split_support_fit,CP + Cox (Split Support/Fit),0.8866666666666667,5.332351257600199,0.23337247109509487,s015,23,20410435,high_dim,Higher covariate dimension,9,0.3,1.2,1,0.2,0.97,2000,0.3,0.1,1500,5.562478307943572,0.2057142857142857,0.011428571428571429,1400,600,700,700
cp_cox_full,CP + Cox,0.91,5.981294454386129,0.17798162656731759,s015,24,20410436,high_dim,Higher covariate dimension,9,0.3,1.2,1,0.2,0.97,2000,0.3,0.1,1500,6.1886834724187505,0.20714285714285716,0.008571428571428572,1400,600,700,700
cp_cox_split_support_fit,CP + Cox (Split Support/Fit),0.9016666666666666,5.965772293249285,0.20704528575579545,s015,24,20410436,high_dim,Higher covariate dimension,9,0.3,1.2,1,0.2,0.97,2000,0.3,0.1,1500,6.1886834724187505,0.20714285714285716,0.008571428571428572,1400,600,700,700
cp_cox_full,CP + Cox,0.885,5.35967761322204,0.22287688062753225,s015,25,20410437,high_dim,Higher covariate dimension,9,0.3,1.2,1,0.2,0.97,2000,0.3,0.1,1500,5.601717620429119,0.2007142857142857,0.010714285714285714,1400,600,700,700
cp_cox_split_support_fit,CP + Cox (Split Support/Fit),0.8966666666666666,5.38089274541103,0.19675483494368376,s015,25,20410437,high_dim,Higher covariate dimension,9,0.3,1.2,1,0.2,0.97,2000,0.3,0.1,1500,5.601717620429119,0.2007142857142857,0.010714285714285714,1400,600,700,700
cp_cox_full,CP + Cox,0.8783333333333333,5.297387349111367,0.18548340797765817,s015,26,20410438,high_dim,Higher covariate dimension,9,0.3,1.2,1,0.2,0.97,2000,0.3,0.1,1500,5.518489350263684,0.20642857142857143,0.010714285714285714,1400,600,700,700
cp_cox_split_support_fit,CP + Cox (Split Support/Fit),0.8933333333333333,5.350513543303692,0.12164627415622262,s015,26,20410438,high_dim,Higher covariate dimension,9,0.3,1.2,1,0.2,0.97,2000,0.3,0.1,1500,5.518489350263684,0.20642857142857143,0.010714285714285714,1400,600,700,700
cp_cox_full,CP + Cox,0.895,4.90217544269019,0.1920562979407942,s015,27,20410439,high_dim,Higher covariate dimension,9,0.3,1.2,1,0.2,0.97,2000,0.3,0.1,1500,5.124266919718965,0.20214285714285715,0.01,1400,600,700,700
cp_cox_split_support_fit,CP + Cox (Split Support/Fit),0.91,4.918147347756556,0.18741547788101132,s015,27,20410439,high_dim,Higher covariate dimension,9,0.3,1.2,1,0.2,0.97,2000,0.3,0.1,1500,5.124266919718965,0.20214285714285715,0.01,1400,600,700,700
cp_cox_full,CP + Cox,0.8916666666666667,4.715970976661652,0.20510106975393663,s015,28,20410440,high_dim,Higher covariate dimension,9,0.3,1.2,1,0.2,0.97,2000,0.3,0.1,1500,4.945583054855213,0.2092857142857143,0.008571428571428572,1400,600,700,700
cp_cox_split_support_fit,CP + Cox (Split Support/Fit),0.8716666666666667,4.681275664087442,0.2332905952701733,s015,28,20410440,high_dim,Higher covariate dimension,9,0.3,1.2,1,0.2,0.97,2000,0.3,0.1,1500,4.945583054855213,0.2092857142857143,0.008571428571428572,1400,600,700,700
cp_cox_full,CP + Cox,0.905,5.403932107730758,0.20945346499431997,s015,29,20410441,high_dim,Higher covariate dimension,9,0.3,1.2,1,0.2,0.97,2000,0.3,0.1,1500,5.610111715328411,0.2,0.005,1400,600,700,700
cp_cox_split_support_fit,CP + Cox (Split Support/Fit),0.9,5.388098179587205,0.23208256871010927,s015,29,20410441,high_dim,Higher covariate dimension,9,0.3,1.2,1,0.2,0.97,2000,0.3,0.1,1500,5.610111715328411,0.2,0.005,1400,600,700,700
cp_cox_full,CP + Cox,0.9233333333333333,5.132520430337409,0.1534696149197864,s015,30,20410442,high_dim,Higher covariate dimension,9,0.3,1.2,1,0.2,0.97,2000,0.3,0.1,1500,5.328509875676543,0.22785714285714287,0.009285714285714286,1400,600,700,700
cp_cox_split_support_fit,CP + Cox (Split Support/Fit),0.91,5.110945130084061,0.17782870003283488,s015,30,20410442,high_dim,Higher covariate dimension,9,0.3,1.2,1,0.2,0.97,2000,0.3,0.1,1500,5.328509875676543,0.22785714285714287,0.009285714285714286,1400,600,700,700
cp_cox_full,CP + Cox,0.87,1.3688658717966524,0.18459224901251775,s016,1,20420413,high_dim,Higher covariate dimension,9,0.3,1.2,1,0.35,0.75,2000,0.3,0.1,1500,1.5968076402442684,0.4392857142857143,0.1,1400,600,700,700
cp_cox_split_support_fit,CP + Cox (Split Support/Fit),0.8716666666666667,1.375558746417017,0.18928860544557222,s016,1,20420413,high_dim,Higher covariate dimension,9,0.3,1.2,1,0.35,0.75,2000,0.3,0.1,1500,1.5968076402442684,0.4392857142857143,0.1,1400,600,700,700
cp_cox_full,CP + Cox,0.9083333333333333,1.3732920085373121,0.16326065429467437,s016,2,20420414,high_dim,Higher covariate dimension,9,0.3,1.2,1,0.35,0.75,2000,0.3,0.1,1500,1.573522856563097,0.4492857142857143,0.10214285714285715,1400,600,700,700
cp_cox_split_support_fit,CP + Cox (Split Support/Fit),0.91,1.38954951254081,0.14082508944644598,s016,2,20420414,high_dim,Higher covariate dimension,9,0.3,1.2,1,0.35,0.75,2000,0.3,0.1,1500,1.573522856563097,0.4492857142857143,0.10214285714285715,1400,600,700,700
cp_cox_full,CP + Cox,0.885,1.2502190191418994,0.21426334372502656,s016,3,20420415,high_dim,Higher covariate dimension,9,0.3,1.2,1,0.35,0.75,2000,0.3,0.1,1500,1.482167505778984,0.44642857142857145,0.09357142857142857,1400,600,700,700
cp_cox_split_support_fit,CP + Cox (Split Support/Fit),0.8916666666666667,1.248566536774361,0.21885107901193093,s016,3,20420415,high_dim,Higher covariate dimension,9,0.3,1.2,1,0.35,0.75,2000,0.3,0.1,1500,1.482167505778984,0.44642857142857145,0.09357142857142857,1400,600,700,700
cp_cox_full,CP + Cox,0.915,1.2679611903740307,0.16756365628300762,s016,4,20420416,high_dim,Higher covariate dimension,9,0.3,1.2,1,0.35,0.75,2000,0.3,0.1,1500,1.4746846455035716,0.44642857142857145,0.095,1400,600,700,700
cp_cox_split_support_fit,CP + Cox (Split Support/Fit),0.915,1.2778814364457627,0.15970074593636213,s016,4,20420416,high_dim,Higher covariate dimension,9,0.3,1.2,1,0.35,0.75,2000,0.3,0.1,1500,1.4746846455035716,0.44642857142857145,0.095,1400,600,700,700
cp_cox_full,CP + Cox,0.915,1.226459566474416,0.17441958924924503,s016,5,20420417,high_dim,Higher covariate dimension,9,0.3,1.2,1,0.35,0.75,2000,0.3,0.1,1500,1.4315410793720358,0.44571428571428573,0.10642857142857143,1400,600,700,700
cp_cox_split_support_fit,CP + Cox (Split Support/Fit),0.9116666666666666,1.2241745713856862,0.17156766388205985,s016,5,20420417,high_dim,Higher covariate dimension,9,0.3,1.2,1,0.35,0.75,2000,0.3,0.1,1500,1.4315410793720358,0.44571428571428573,0.10642857142857143,1400,600,700,700
cp_cox_full,CP + Cox,0.9133333333333333,1.3566666463869108,0.14750451295712624,s016,6,20420418,high_dim,Higher covariate dimension,9,0.3,1.2,1,0.35,0.75,2000,0.3,0.1,1500,1.53348996916397,0.4521428571428571,0.095,1400,600,700,700
cp_cox_split_support_fit,CP + Cox (Split Support/Fit),0.9316666666666666,1.3840970085691209,0.13022962117650966,s016,6,20420418,high_dim,Higher covariate dimension,9,0.3,1.2,1,0.35,0.75,2000,0.3,0.1,1500,1.53348996916397,0.4521428571428571,0.095,1400,600,700,700
cp_cox_full,CP + Cox,0.885,1.3369374837495436,0.15900886110016807,s016,7,20420419,high_dim,Higher covariate dimension,9,0.3,1.2,1,0.35,0.75,2000,0.3,0.1,1500,1.5309574948493023,0.44285714285714284,0.09714285714285714,1400,600,700,700
cp_cox_split_support_fit,CP + Cox (Split Support/Fit),0.8766666666666667,1.3287217373459381,0.15638419434266013,s016,7,20420419,high_dim,Higher covariate dimension,9,0.3,1.2,1,0.35,0.75,2000,0.3,0.1,1500,1.5309574948493023,0.44285714285714284,0.09714285714285714,1400,600,700,700
cp_cox_full,CP + Cox,0.9033333333333333,1.2944435559061052,0.20658864581617897,s016,8,20420420,high_dim,Higher covariate dimension,9,0.3,1.2,1,0.35,0.75,2000,0.3,0.1,1500,1.5308987769838731,0.43857142857142856,0.10357142857142858,1400,600,700,700
cp_cox_split_support_fit,CP + Cox (Split Support/Fit),0.9066666666666666,1.309080716461816,0.19528010595648604,s016,8,20420420,high_dim,Higher covariate dimension,9,0.3,1.2,1,0.35,0.75,2000,0.3,0.1,1500,1.5308987769838731,0.43857142857142856,0.10357142857142858,1400,600,700,700
cp_cox_full,CP + Cox,0.8866666666666667,1.3589523573163147,0.23214906310723152,s016,9,20420421,high_dim,Higher covariate dimension,9,0.3,1.2,1,0.35,0.75,2000,0.3,0.1,1500,1.6114478260645724,0.4357142857142857,0.10285714285714286,1400,600,700,700
cp_cox_split_support_fit,CP + Cox (Split Support/Fit),0.8816666666666667,1.3442806188829928,0.2457824670901929,s016,9,20420421,high_dim,Higher covariate dimension,9,0.3,1.2,1,0.35,0.75,2000,0.3,0.1,1500,1.6114478260645724,0.4357142857142857,0.10285714285714286,1400,600,700,700
cp_cox_full,CP + Cox,0.865,1.2488652214464036,0.1809934832497682,s016,10,20420422,high_dim,Higher covariate dimension,9,0.3,1.2,1,0.35,0.75,2000,0.3,0.1,1500,1.466242330435774,0.4592857142857143,0.11642857142857142,1400,600,700,700
cp_cox_split_support_fit,CP + Cox (Split Support/Fit),0.8766666666666667,1.264836607893476,0.1727208744528704,s016,10,20420422,high_dim,Higher covariate dimension,9,0.3,1.2,1,0.35,0.75,2000,0.3,0.1,1500,1.466242330435774,0.4592857142857143,0.11642857142857142,1400,600,700,700
cp_cox_full,CP + Cox,0.8983333333333333,1.3016594165260025,0.1917958247613108,s016,11,20420423,high_dim,Higher covariate dimension,9,0.3,1.2,1,0.35,0.75,2000,0.3,0.1,1500,1.5067980612309468,0.445,0.11357142857142857,1400,600,700,700
cp_cox_split_support_fit,CP + Cox (Split Support/Fit),0.8916666666666667,1.284343322202757,0.2119753950497164,s016,11,20420423,high_dim,Higher covariate dimension,9,0.3,1.2,1,0.35,0.75,2000,0.3,0.1,1500,1.5067980612309468,0.445,0.11357142857142857,1400,600,700,700
cp_cox_full,CP + Cox,0.905,1.250858977269679,0.15616371056229666,s016,12,20420424,high_dim,Higher covariate dimension,9,0.3,1.2,1,0.35,0.75,2000,0.3,0.1,1500,1.4457607981462357,0.4471428571428571,0.08642857142857142,1400,600,700,700
cp_cox_split_support_fit,CP + Cox (Split Support/Fit),0.9166666666666666,1.287844821238439,0.11241752864857465,s016,12,20420424,high_dim,Higher covariate dimension,9,0.3,1.2,1,0.35,0.75,2000,0.3,0.1,1500,1.4457607981462357,0.4471428571428571,0.08642857142857142,1400,600,700,700
cp_cox_full,CP + Cox,0.8866666666666667,1.2482838657298587,0.19583282586527304,s016,13,20420425,high_dim,Higher covariate dimension,9,0.3,1.2,1,0.35,0.75,2000,0.3,0.1,1500,1.4744715228845555,0.4664285714285714,0.09214285714285714,1400,600,700,700
cp_cox_split_support_fit,CP + Cox (Split Support/Fit),0.8916666666666667,1.247604741609524,0.18214799080176988,s016,13,20420425,high_dim,Higher covariate dimension,9,0.3,1.2,1,0.35,0.75,2000,0.3,0.1,1500,1.4744715228845555,0.4664285714285714,0.09214285714285714,1400,600,700,700
cp_cox_full,CP + Cox,0.905,1.3472022045470482,0.17531065874510607,s016,14,20420426,high_dim,Higher covariate dimension,9,0.3,1.2,1,0.35,0.75,2000,0.3,0.1,1500,1.539667689235792,0.4514285714285714,0.10071428571428571,1400,600,700,700
cp_cox_split_support_fit,CP + Cox (Split Support/Fit),0.9016666666666666,1.330382923160406,0.19834460577722468,s016,14,20420426,high_dim,Higher covariate dimension,9,0.3,1.2,1,0.35,0.75,2000,0.3,0.1,1500,1.539667689235792,0.4514285714285714,0.10071428571428571,1400,600,700,700
cp_cox_full,CP + Cox,0.8633333333333333,1.1873728372723424,0.18616566520462643,s016,15,20420427,high_dim,Higher covariate dimension,9,0.3,1.2,1,0.35,0.75,2000,0.3,0.1,1500,1.4176095170218936,0.4521428571428571,0.105,1400,600,700,700
cp_cox_split_support_fit,CP + Cox (Split Support/Fit),0.9083333333333333,1.2501152653696515,0.15593305826744547,s016,15,20420427,high_dim,Higher covariate dimension,9,0.3,1.2,1,0.35,0.75,2000,0.3,0.1,1500,1.4176095170218936,0.4521428571428571,0.105,1400,600,700,700
cp_cox_full,CP + Cox,0.9216666666666666,1.3060328764097127,0.13901121677726397,s016,16,20420428,high_dim,Higher covariate dimension,9,0.3,1.2,1,0.35,0.75,2000,0.3,0.1,1500,1.4850585313512215,0.4635714285714286,0.10785714285714286,1400,600,700,700
cp_cox_split_support_fit,CP + Cox (Split Support/Fit),0.9283333333333333,1.324838997565689,0.12272487932454015,s016,16,20420428,high_dim,Higher covariate dimension,9,0.3,1.2,1,0.35,0.75,2000,0.3,0.1,1500,1.4850585313512215,0.4635714285714286,0.10785714285714286,1400,600,700,700
cp_cox_full,CP + Cox,0.87,1.3358168381160156,0.16933581823994776,s016,17,20420429,high_dim,Higher covariate dimension,9,0.3,1.2,1,0.35,0.75,2000,0.3,0.1,1500,1.5604121039182477,0.455,0.09142857142857143,1400,600,700,700
cp_cox_split_support_fit,CP + Cox (Split Support/Fit),0.89,1.363562298877136,0.159053302684967,s016,17,20420429,high_dim,Higher covariate dimension,9,0.3,1.2,1,0.35,0.75,2000,0.3,0.1,1500,1.5604121039182477,0.455,0.09142857142857143,1400,600,700,700
cp_cox_full,CP + Cox,0.9,1.311127779862411,0.16785173598055203,s016,18,20420430,high_dim,Higher covariate dimension,9,0.3,1.2,1,0.35,0.75,2000,0.3,0.1,1500,1.5172076737228961,0.44,0.08642857142857142,1400,600,700,700
cp_cox_split_support_fit,CP + Cox (Split Support/Fit),0.9333333333333333,1.3820540938013972,0.1299494262666116,s016,18,20420430,high_dim,Higher covariate dimension,9,0.3,1.2,1,0.35,0.75,2000,0.3,0.1,1500,1.5172076737228961,0.44,0.08642857142857142,1400,600,700,700
cp_cox_full,CP + Cox,0.8716666666666667,1.3486990505137104,0.17191870414100388,s016,19,20420431,high_dim,Higher covariate dimension,9,0.3,1.2,1,0.35,0.75,2000,0.3,0.1,1500,1.5634330224391628,0.4564285714285714,0.08785714285714286,1400,600,700,700
cp_cox_split_support_fit,CP + Cox (Split Support/Fit),0.8733333333333333,1.3396008331715812,0.18049028757385904,s016,19,20420431,high_dim,Higher covariate dimension,9,0.3,1.2,1,0.35,0.75,2000,0.3,0.1,1500,1.5634330224391628,0.4564285714285714,0.08785714285714286,1400,600,700,700
cp_cox_full,CP + Cox,0.9333333333333333,1.4224806691041827,0.18904773470634925,s016,20,20420432,high_dim,Higher covariate dimension,9,0.3,1.2,1,0.35,0.75,2000,0.3,0.1,1500,1.6275745481571398,0.43714285714285717,0.095,1400,600,700,700
cp_cox_split_support_fit,CP + Cox (Split Support/Fit),0.93,1.4106858994535703,0.20321936696576345,s016,20,20420432,high_dim,Higher covariate dimension,9,0.3,1.2,1,0.35,0.75,2000,0.3,0.1,1500,1.6275745481571398,0.43714285714285717,0.095,1400,600,700,700
cp_cox_full,CP + Cox,0.915,1.3549703098275871,0.17628821724571664,s016,21,20420433,high_dim,Higher covariate dimension,9,0.3,1.2,1,0.35,0.75,2000,0.3,0.1,1500,1.5621293729387522,0.465,0.08571428571428572,1400,600,700,700
cp_cox_split_support_fit,CP + Cox (Split Support/Fit),0.905,1.3535097861286753,0.16881326022212975,s016,21,20420433,high_dim,Higher covariate dimension,9,0.3,1.2,1,0.35,0.75,2000,0.3,0.1,1500,1.5621293729387522,0.465,0.08571428571428572,1400,600,700,700
cp_cox_full,CP + Cox,0.9016666666666666,1.3200456747485803,0.18505653445087894,s016,22,20420434,high_dim,Higher covariate dimension,9,0.3,1.2,1,0.35,0.75,2000,0.3,0.1,1500,1.5413658615683608,0.45,0.10357142857142858,1400,600,700,700
cp_cox_split_support_fit,CP + Cox (Split Support/Fit),0.92,1.3538261409226884,0.16310763396846667,s016,22,20420434,high_dim,Higher covariate dimension,9,0.3,1.2,1,0.35,0.75,2000,0.3,0.1,1500,1.5413658615683608,0.45,0.10357142857142858,1400,600,700,700
cp_cox_full,CP + Cox,0.9066666666666666,1.4058853236689286,0.17171797602398095,s016,23,20420435,high_dim,Higher covariate dimension,9,0.3,1.2,1,0.35,0.75,2000,0.3,0.1,1500,1.5977091558962282,0.44785714285714284,0.10428571428571429,1400,600,700,700
cp_cox_split_support_fit,CP + Cox (Split Support/Fit),0.905,1.402447457007188,0.17086063136763666,s016,23,20420435,high_dim,Higher covariate dimension,9,0.3,1.2,1,0.35,0.75,2000,0.3,0.1,1500,1.5977091558962282,0.44785714285714284,0.10428571428571429,1400,600,700,700
cp_cox_full,CP + Cox,0.8883333333333333,1.3170238577917481,0.22862803105132778,s016,24,20420436,high_dim,Higher covariate dimension,9,0.3,1.2,1,0.35,0.75,2000,0.3,0.1,1500,1.5621311328626772,0.44571428571428573,0.09571428571428571,1400,600,700,700
cp_cox_split_support_fit,CP + Cox (Split Support/Fit),0.8916666666666667,1.3148014735252629,0.24864541114301908,s016,24,20420436,high_dim,Higher covariate dimension,9,0.3,1.2,1,0.35,0.75,2000,0.3,0.1,1500,1.5621311328626772,0.44571428571428573,0.09571428571428571,1400,600,700,700
cp_cox_full,CP + Cox,0.8983333333333333,1.3685091461847283,0.2045299947836019,s016,25,20420437,high_dim,Higher covariate dimension,9,0.3,1.2,1,0.35,0.75,2000,0.3,0.1,1500,1.5982154918934206,0.44571428571428573,0.10285714285714286,1400,600,700,700
cp_cox_split_support_fit,CP + Cox (Split Support/Fit),0.8933333333333333,1.370198353826312,0.19780001488734505,s016,25,20420437,high_dim,Higher covariate dimension,9,0.3,1.2,1,0.35,0.75,2000,0.3,0.1,1500,1.5982154918934206,0.44571428571428573,0.10285714285714286,1400,600,700,700
cp_cox_full,CP + Cox,0.9116666666666666,1.3081286402195786,0.13839018401240682,s016,26,20420438,high_dim,Higher covariate dimension,9,0.3,1.2,1,0.35,0.75,2000,0.3,0.1,1500,1.4880058986717661,0.4392857142857143,0.10428571428571429,1400,600,700,700
cp_cox_split_support_fit,CP + Cox (Split Support/Fit),0.9183333333333333,1.3199945748528477,0.13190895387454488,s016,26,20420438,high_dim,Higher covariate dimension,9,0.3,1.2,1,0.35,0.75,2000,0.3,0.1,1500,1.4880058986717661,0.4392857142857143,0.10428571428571429,1400,600,700,700
cp_cox_full,CP + Cox,0.895,1.3472309415255388,0.18555440116855,s016,27,20420439,high_dim,Higher covariate dimension,9,0.3,1.2,1,0.35,0.75,2000,0.3,0.1,1500,1.565834588699893,0.4542857142857143,0.09928571428571428,1400,600,700,700
cp_cox_split_support_fit,CP + Cox (Split Support/Fit),0.9066666666666666,1.3718168916980606,0.1754747722781075,s016,27,20420439,high_dim,Higher covariate dimension,9,0.3,1.2,1,0.35,0.75,2000,0.3,0.1,1500,1.565834588699893,0.4542857142857143,0.09928571428571428,1400,600,700,700
cp_cox_full,CP + Cox,0.8816666666666667,1.214631887758419,0.15991407234553026,s016,28,20420440,high_dim,Higher covariate dimension,9,0.3,1.2,1,0.35,0.75,2000,0.3,0.1,1500,1.411348141694673,0.47,0.09642857142857143,1400,600,700,700
cp_cox_split_support_fit,CP + Cox (Split Support/Fit),0.8666666666666667,1.2064006769989164,0.15692464068474124,s016,28,20420440,high_dim,Higher covariate dimension,9,0.3,1.2,1,0.35,0.75,2000,0.3,0.1,1500,1.411348141694673,0.47,0.09642857142857143,1400,600,700,700
cp_cox_full,CP + Cox,0.9016666666666666,1.2665681023351383,0.14986626050281002,s016,29,20420441,high_dim,Higher covariate dimension,9,0.3,1.2,1,0.35,0.75,2000,0.3,0.1,1500,1.4685690252119037,0.4542857142857143,0.10785714285714286,1400,600,700,700
cp_cox_split_support_fit,CP + Cox (Split Support/Fit),0.9,1.2617366375391155,0.14917605233388223,s016,29,20420441,high_dim,Higher covariate dimension,9,0.3,1.2,1,0.35,0.75,2000,0.3,0.1,1500,1.4685690252119037,0.4542857142857143,0.10785714285714286,1400,600,700,700
cp_cox_full,CP + Cox,0.8933333333333333,1.409143112434906,0.19282046872241096,s016,30,20420442,high_dim,Higher covariate dimension,9,0.3,1.2,1,0.35,0.75,2000,0.3,0.1,1500,1.6253939369017258,0.45357142857142857,0.07571428571428572,1400,600,700,700
cp_cox_split_support_fit,CP + Cox (Split Support/Fit),0.9016666666666666,1.425515305531618,0.19219243874773945,s016,30,20420442,high_dim,Higher covariate dimension,9,0.3,1.2,1,0.35,0.75,2000,0.3,0.1,1500,1.6253939369017258,0.45357142857142857,0.07571428571428572,1400,600,700,700
cp_cox_full,CP + Cox,0.89,2.4796431027891237,0.157483177757047,s017,1,20430413,high_dim,Higher covariate dimension,9,0.3,1.2,1,0.35,0.9,2000,0.3,0.1,1500,2.6740502382499773,0.395,0.02857142857142857,1400,600,700,700
cp_cox_split_support_fit,CP + Cox (Split Support/Fit),0.9016666666666666,2.483847586316237,0.15391637869713715,s017,1,20430413,high_dim,Higher covariate dimension,9,0.3,1.2,1,0.35,0.9,2000,0.3,0.1,1500,2.6740502382499773,0.395,0.02857142857142857,1400,600,700,700
cp_cox_full,CP + Cox,0.9033333333333333,2.691208980977776,0.19650171595700164,s017,2,20430414,high_dim,Higher covariate dimension,9,0.3,1.2,1,0.35,0.9,2000,0.3,0.1,1500,2.9109614055858892,0.37714285714285717,0.025,1400,600,700,700
cp_cox_split_support_fit,CP + Cox (Split Support/Fit),0.915,2.71423591818252,0.18523600962991388,s017,2,20430414,high_dim,Higher covariate dimension,9,0.3,1.2,1,0.35,0.9,2000,0.3,0.1,1500,2.9109614055858892,0.37714285714285717,0.025,1400,600,700,700
cp_cox_full,CP + Cox,0.8733333333333333,2.8067218892244163,0.18953597292070293,s017,3,20430415,high_dim,Higher covariate dimension,9,0.3,1.2,1,0.35,0.9,2000,0.3,0.1,1500,3.0334842403711426,0.37642857142857145,0.020714285714285713,1400,600,700,700
cp_cox_split_support_fit,CP + Cox (Split Support/Fit),0.8933333333333333,2.838441593256961,0.1658149226764177,s017,3,20430415,high_dim,Higher covariate dimension,9,0.3,1.2,1,0.35,0.9,2000,0.3,0.1,1500,3.0334842403711426,0.37642857142857145,0.020714285714285713,1400,600,700,700
cp_cox_full,CP + Cox,0.9116666666666666,2.7254877278146283,0.17203108175099283,s017,4,20430416,high_dim,Higher covariate dimension,9,0.3,1.2,1,0.35,0.9,2000,0.3,0.1,1500,2.922420786453001,0.3628571428571429,0.02,1400,600,700,700
cp_cox_split_support_fit,CP + Cox (Split Support/Fit),0.9066666666666666,2.71848944775425,0.1708406084893978,s017,4,20430416,high_dim,Higher covariate dimension,9,0.3,1.2,1,0.35,0.9,2000,0.3,0.1,1500,2.922420786453001,0.3628571428571429,0.02,1400,600,700,700
cp_cox_full,CP + Cox,0.855,2.704667908999835,0.1715867648413958,s017,5,20430417,high_dim,Higher covariate dimension,9,0.3,1.2,1,0.35,0.9,2000,0.3,0.1,1500,2.9388644010052216,0.3628571428571429,0.02,1400,600,700,700
cp_cox_split_support_fit,CP + Cox (Split Support/Fit),0.8633333333333333,2.7336880318040477,0.1403034462022665,s017,5,20430417,high_dim,Higher covariate dimension,9,0.3,1.2,1,0.35,0.9,2000,0.3,0.1,1500,2.9388644010052216,0.3628571428571429,0.02,1400,600,700,700
cp_cox_full,CP + Cox,0.92,2.645906100850432,0.17161628589676722,s017,6,20430418,high_dim,Higher covariate dimension,9,0.3,1.2,1,0.35,0.9,2000,0.3,0.1,1500,2.8207116701541697,0.37142857142857144,0.022857142857142857,1400,600,700,700
cp_cox_split_support_fit,CP + Cox (Split Support/Fit),0.915,2.646176268493463,0.17108872226298824,s017,6,20430418,high_dim,Higher covariate dimension,9,0.3,1.2,1,0.35,0.9,2000,0.3,0.1,1500,2.8207116701541697,0.37142857142857144,0.022857142857142857,1400,600,700,700
cp_cox_full,CP + Cox,0.915,2.8621215389000194,0.2018495136518852,s017,7,20430419,high_dim,Higher covariate dimension,9,0.3,1.2,1,0.35,0.9,2000,0.3,0.1,1500,3.0805934768445837,0.37285714285714283,0.018571428571428572,1400,600,700,700
cp_cox_split_support_fit,CP + Cox (Split Support/Fit),0.9066666666666666,2.851454451114555,0.20950130192749694,s017,7,20430419,high_dim,Higher covariate dimension,9,0.3,1.2,1,0.35,0.9,2000,0.3,0.1,1500,3.0805934768445837,0.37285714285714283,0.018571428571428572,1400,600,700,700
cp_cox_full,CP + Cox,0.9333333333333333,2.7020506425190787,0.15237847817712236,s017,8,20430420,high_dim,Higher covariate dimension,9,0.3,1.2,1,0.35,0.9,2000,0.3,0.1,1500,2.875841658868792,0.37142857142857144,0.02214285714285714,1400,600,700,700
cp_cox_split_support_fit,CP + Cox (Split Support/Fit),0.9266666666666666,2.6887741689814173,0.16466496952845125,s017,8,20430420,high_dim,Higher covariate dimension,9,0.3,1.2,1,0.35,0.9,2000,0.3,0.1,1500,2.875841658868792,0.37142857142857144,0.02214285714285714,1400,600,700,700
cp_cox_full,CP + Cox,0.915,2.6265221505524314,0.17113859669950252,s017,9,20430421,high_dim,Higher covariate dimension,9,0.3,1.2,1,0.35,0.9,2000,0.3,0.1,1500,2.818170669157632,0.38642857142857145,0.017857142857142856,1400,600,700,700
cp_cox_split_support_fit,CP + Cox (Split Support/Fit),0.9216666666666666,2.6451485806733945,0.16715402850734742,s017,9,20430421,high_dim,Higher covariate dimension,9,0.3,1.2,1,0.35,0.9,2000,0.3,0.1,1500,2.818170669157632,0.38642857142857145,0.017857142857142856,1400,600,700,700
cp_cox_full,CP + Cox,0.88,2.8654017174020363,0.18628885751990432,s017,10,20430422,high_dim,Higher covariate dimension,9,0.3,1.2,1,0.35,0.9,2000,0.3,0.1,1500,3.0840425715461657,0.3678571428571429,0.017142857142857144,1400,600,700,700
cp_cox_split_support_fit,CP + Cox (Split Support/Fit),0.885,2.870236099450576,0.19446303496879186,s017,10,20430422,high_dim,Higher covariate dimension,9,0.3,1.2,1,0.35,0.9,2000,0.3,0.1,1500,3.0840425715461657,0.3678571428571429,0.017142857142857144,1400,600,700,700
cp_cox_full,CP + Cox,0.925,2.6904350007831197,0.14986560493253925,s017,11,20430423,high_dim,Higher covariate dimension,9,0.3,1.2,1,0.35,0.9,2000,0.3,0.1,1500,2.875234533569256,0.36857142857142855,0.020714285714285713,1400,600,700,700
cp_cox_split_support_fit,CP + Cox (Split Support/Fit),0.91,2.665736471470348,0.1697653265332126,s017,11,20430423,high_dim,Higher covariate dimension,9,0.3,1.2,1,0.35,0.9,2000,0.3,0.1,1500,2.875234533569256,0.36857142857142855,0.020714285714285713,1400,600,700,700
cp_cox_full,CP + Cox,0.9283333333333333,2.72658805973214,0.22118476158341827,s017,12,20430424,high_dim,Higher covariate dimension,9,0.3,1.2,1,0.35,0.9,2000,0.3,0.1,1500,2.9488877495507784,0.34714285714285714,0.015,1400,600,700,700
cp_cox_split_support_fit,CP + Cox (Split Support/Fit),0.93,2.728488283491335,0.22466559156700647,s017,12,20430424,high_dim,Higher covariate dimension,9,0.3,1.2,1,0.35,0.9,2000,0.3,0.1,1500,2.9488877495507784,0.34714285714285714,0.015,1400,600,700,700
cp_cox_full,CP + Cox,0.91,2.7913757115291746,0.17089981619738553,s017,13,20430425,high_dim,Higher covariate dimension,9,0.3,1.2,1,0.35,0.9,2000,0.3,0.1,1500,2.9834619527078554,0.37642857142857145,0.020714285714285713,1400,600,700,700
cp_cox_split_support_fit,CP + Cox (Split Support/Fit),0.8633333333333333,2.722296379538633,0.25844304946160507,s017,13,20430425,high_dim,Higher covariate dimension,9,0.3,1.2,1,0.35,0.9,2000,0.3,0.1,1500,2.9834619527078554,0.37642857142857145,0.020714285714285713,1400,600,700,700
cp_cox_full,CP + Cox,0.9,2.6712582673106637,0.1703966330659359,s017,14,20430426,high_dim,Higher covariate dimension,9,0.3,1.2,1,0.35,0.9,2000,0.3,0.1,1500,2.8622793807730376,0.3871428571428571,0.02642857142857143,1400,600,700,700
cp_cox_split_support_fit,CP + Cox (Split Support/Fit),0.9183333333333333,2.683116522346296,0.17010955027742494,s017,14,20430426,high_dim,Higher covariate dimension,9,0.3,1.2,1,0.35,0.9,2000,0.3,0.1,1500,2.8622793807730376,0.3871428571428571,0.02642857142857143,1400,600,700,700
cp_cox_full,CP + Cox,0.9016666666666666,2.7203810222739024,0.18987528287689256,s017,15,20430427,high_dim,Higher covariate dimension,9,0.3,1.2,1,0.35,0.9,2000,0.3,0.1,1500,2.925382290517856,0.3742857142857143,0.02642857142857143,1400,600,700,700
cp_cox_split_support_fit,CP + Cox (Split Support/Fit),0.8816666666666667,2.68749793514886,0.23459772302169515,s017,15,20430427,high_dim,Higher covariate dimension,9,0.3,1.2,1,0.35,0.9,2000,0.3,0.1,1500,2.925382290517856,0.3742857142857143,0.02642857142857143,1400,600,700,700
cp_cox_full,CP + Cox,0.9283333333333333,2.850861886005821,0.1386725771830431,s017,16,20430428,high_dim,Higher covariate dimension,9,0.3,1.2,1,0.35,0.9,2000,0.3,0.1,1500,3.016487397466819,0.3657142857142857,0.02214285714285714,1400,600,700,700
cp_cox_split_support_fit,CP + Cox (Split Support/Fit),0.9116666666666666,2.836243024895048,0.15005001467886628,s017,16,20430428,high_dim,Higher covariate dimension,9,0.3,1.2,1,0.35,0.9,2000,0.3,0.1,1500,3.016487397466819,0.3657142857142857,0.02214285714285714,1400,600,700,700
cp_cox_full,CP + Cox,0.9083333333333333,2.6721248944120393,0.19010944570791977,s017,17,20430429,high_dim,Higher covariate dimension,9,0.3,1.2,1,0.35,0.9,2000,0.3,0.1,1500,2.892439001017845,0.3585714285714286,0.02,1400,600,700,700
cp_cox_split_support_fit,CP + Cox (Split Support/Fit),0.905,2.651433903812409,0.21644715741469148,s017,17,20430429,high_dim,Higher covariate dimension,9,0.3,1.2,1,0.35,0.9,2000,0.3,0.1,1500,2.892439001017845,0.3585714285714286,0.02,1400,600,700,700
cp_cox_full,CP + Cox,0.9033333333333333,2.8033286839281844,0.1549539892955386,s017,18,20430430,high_dim,Higher covariate dimension,9,0.3,1.2,1,0.35,0.9,2000,0.3,0.1,1500,2.988775254631189,0.37785714285714284,0.02,1400,600,700,700
cp_cox_split_support_fit,CP + Cox (Split Support/Fit),0.9083333333333333,2.818538378548953,0.14298175312796413,s017,18,20430430,high_dim,Higher covariate dimension,9,0.3,1.2,1,0.35,0.9,2000,0.3,0.1,1500,2.988775254631189,0.37785714285714284,0.02,1400,600,700,700
cp_cox_full,CP + Cox,0.9083333333333333,2.712619711512955,0.18028087615206279,s017,19,20430431,high_dim,Higher covariate dimension,9,0.3,1.2,1,0.35,0.9,2000,0.3,0.1,1500,2.9215671895065065,0.37,0.022857142857142857,1400,600,700,700
cp_cox_split_support_fit,CP + Cox (Split Support/Fit),0.9033333333333333,2.7086425863992427,0.18176943139296345,s017,19,20430431,high_dim,Higher covariate dimension,9,0.3,1.2,1,0.35,0.9,2000,0.3,0.1,1500,2.9215671895065065,0.37,0.022857142857142857,1400,600,700,700
cp_cox_full,CP + Cox,0.895,2.6087495222183525,0.1961182719697958,s017,20,20430432,high_dim,Higher covariate dimension,9,0.3,1.2,1,0.35,0.9,2000,0.3,0.1,1500,2.8469819147852573,0.37785714285714284,0.025714285714285714,1400,600,700,700
cp_cox_split_support_fit,CP + Cox (Split Support/Fit),0.9,2.6288496775330215,0.18447083664062427,s017,20,20430432,high_dim,Higher covariate dimension,9,0.3,1.2,1,0.35,0.9,2000,0.3,0.1,1500,2.8469819147852573,0.37785714285714284,0.025714285714285714,1400,600,700,700
cp_cox_full,CP + Cox,0.9133333333333333,2.7972570112678476,0.16946835704461033,s017,21,20430433,high_dim,Higher covariate dimension,9,0.3,1.2,1,0.35,0.9,2000,0.3,0.1,1500,2.997181198569158,0.3892857142857143,0.025714285714285714,1400,600,700,700
cp_cox_split_support_fit,CP + Cox (Split Support/Fit),0.9,2.7710126662165853,0.19906732702447022,s017,21,20430433,high_dim,Higher covariate dimension,9,0.3,1.2,1,0.35,0.9,2000,0.3,0.1,1500,2.997181198569158,0.3892857142857143,0.025714285714285714,1400,600,700,700
cp_cox_full,CP + Cox,0.8983333333333333,2.7612877355498604,0.1798327737056033,s017,22,20430434,high_dim,Higher covariate dimension,9,0.3,1.2,1,0.35,0.9,2000,0.3,0.1,1500,2.9842192142328736,0.35,0.024285714285714285,1400,600,700,700
cp_cox_split_support_fit,CP + Cox (Split Support/Fit),0.9283333333333333,2.790040664191711,0.18464109165182896,s017,22,20430434,high_dim,Higher covariate dimension,9,0.3,1.2,1,0.35,0.9,2000,0.3,0.1,1500,2.9842192142328736,0.35,0.024285714285714285,1400,600,700,700
cp_cox_full,CP + Cox,0.9016666666666666,2.577462339917741,0.12297330853826668,s017,23,20430435,high_dim,Higher covariate dimension,9,0.3,1.2,1,0.35,0.9,2000,0.3,0.1,1500,2.7508363081269622,0.3871428571428571,0.015714285714285715,1400,600,700,700
cp_cox_split_support_fit,CP + Cox (Split Support/Fit),0.895,2.567651075189887,0.13720639648631885,s017,23,20430435,high_dim,Higher covariate dimension,9,0.3,1.2,1,0.35,0.9,2000,0.3,0.1,1500,2.7508363081269622,0.3871428571428571,0.015714285714285715,1400,600,700,700
cp_cox_full,CP + Cox,0.915,2.6208646328555023,0.20733985445899056,s017,24,20430436,high_dim,Higher covariate dimension,9,0.3,1.2,1,0.35,0.9,2000,0.3,0.1,1500,2.8324681863925765,0.34214285714285714,0.024285714285714285,1400,600,700,700
cp_cox_split_support_fit,CP + Cox (Split Support/Fit),0.9283333333333333,2.641208795260174,0.18902236949080498,s017,24,20430436,high_dim,Higher covariate dimension,9,0.3,1.2,1,0.35,0.9,2000,0.3,0.1,1500,2.8324681863925765,0.34214285714285714,0.024285714285714285,1400,600,700,700
cp_cox_full,CP + Cox,0.8883333333333333,2.6974977035342063,0.15879318426911976,s017,25,20430437,high_dim,Higher covariate dimension,9,0.3,1.2,1,0.35,0.9,2000,0.3,0.1,1500,2.8890314964086996,0.3678571428571429,0.017857142857142856,1400,600,700,700
cp_cox_split_support_fit,CP + Cox (Split Support/Fit),0.8866666666666667,2.6963183384180884,0.15885535098603573,s017,25,20430437,high_dim,Higher covariate dimension,9,0.3,1.2,1,0.35,0.9,2000,0.3,0.1,1500,2.8890314964086996,0.3678571428571429,0.017857142857142856,1400,600,700,700
cp_cox_full,CP + Cox,0.8833333333333333,2.643282140822607,0.1769368690680803,s017,26,20430438,high_dim,Higher covariate dimension,9,0.3,1.2,1,0.35,0.9,2000,0.3,0.1,1500,2.8501278164617596,0.3792857142857143,0.02,1400,600,700,700
cp_cox_split_support_fit,CP + Cox (Split Support/Fit),0.8816666666666667,2.64715669813851,0.15209783426260703,s017,26,20430438,high_dim,Higher covariate dimension,9,0.3,1.2,1,0.35,0.9,2000,0.3,0.1,1500,2.8501278164617596,0.3792857142857143,0.02,1400,600,700,700
cp_cox_full,CP + Cox,0.9083333333333333,2.631592542901515,0.17041004197914408,s017,27,20430439,high_dim,Higher covariate dimension,9,0.3,1.2,1,0.35,0.9,2000,0.3,0.1,1500,2.832106314654042,0.36857142857142855,0.020714285714285713,1400,600,700,700
cp_cox_split_support_fit,CP + Cox (Split Support/Fit),0.9083333333333333,2.639878027510617,0.15442588913396343,s017,27,20430439,high_dim,Higher covariate dimension,9,0.3,1.2,1,0.35,0.9,2000,0.3,0.1,1500,2.832106314654042,0.36857142857142855,0.020714285714285713,1400,600,700,700
cp_cox_full,CP + Cox,0.8966666666666666,2.675755704692366,0.20965356963918713,s017,28,20430440,high_dim,Higher covariate dimension,9,0.3,1.2,1,0.35,0.9,2000,0.3,0.1,1500,2.9007666112456216,0.36714285714285716,0.019285714285714285,1400,600,700,700
cp_cox_split_support_fit,CP + Cox (Split Support/Fit),0.9116666666666666,2.7090222750907476,0.17592946127742215,s017,28,20430440,high_dim,Higher covariate dimension,9,0.3,1.2,1,0.35,0.9,2000,0.3,0.1,1500,2.9007666112456216,0.36714285714285716,0.019285714285714285,1400,600,700,700
cp_cox_full,CP + Cox,0.8566666666666667,2.6206011225588,0.21038890694738957,s017,29,20430441,high_dim,Higher covariate dimension,9,0.3,1.2,1,0.35,0.9,2000,0.3,0.1,1500,2.8497768533015644,0.3707142857142857,0.024285714285714285,1400,600,700,700
cp_cox_split_support_fit,CP + Cox (Split Support/Fit),0.8666666666666667,2.6405960346313133,0.190533113949225,s017,29,20430441,high_dim,Higher covariate dimension,9,0.3,1.2,1,0.35,0.9,2000,0.3,0.1,1500,2.8497768533015644,0.3707142857142857,0.024285714285714285,1400,600,700,700
cp_cox_full,CP + Cox,0.91,2.7578894299860464,0.1731259474226002,s017,30,20430442,high_dim,Higher covariate dimension,9,0.3,1.2,1,0.35,0.9,2000,0.3,0.1,1500,2.9559636759100787,0.3535714285714286,0.02142857142857143,1400,600,700,700
cp_cox_split_support_fit,CP + Cox (Split Support/Fit),0.9166666666666666,2.7700568600904156,0.15684973242985042,s017,30,20430442,high_dim,Higher covariate dimension,9,0.3,1.2,1,0.35,0.9,2000,0.3,0.1,1500,2.9559636759100787,0.3535714285714286,0.02142857142857143,1400,600,700,700
cp_cox_full,CP + Cox,0.8883333333333333,5.134239307966647,0.26397780819439004,s018,1,20440413,high_dim,Higher covariate dimension,9,0.3,1.2,1,0.35,0.97,2000,0.3,0.1,1500,5.3766103035058626,0.35214285714285715,0.0035714285714285713,1400,600,700,700
cp_cox_split_support_fit,CP + Cox (Split Support/Fit),0.9083333333333333,5.185368313630458,0.20348720076572538,s018,1,20440413,high_dim,Higher covariate dimension,9,0.3,1.2,1,0.35,0.97,2000,0.3,0.1,1500,5.3766103035058626,0.35214285714285715,0.0035714285714285713,1400,600,700,700
cp_cox_full,CP + Cox,0.905,5.09163465395765,0.20532485399408773,s018,2,20440414,high_dim,Higher covariate dimension,9,0.3,1.2,1,0.35,0.97,2000,0.3,0.1,1500,5.330092196784047,0.3585714285714286,0.002857142857142857,1400,600,700,700
cp_cox_split_support_fit,CP + Cox (Split Support/Fit),0.9116666666666666,5.130079616512503,0.1523380098849231,s018,2,20440414,high_dim,Higher covariate dimension,9,0.3,1.2,1,0.35,0.97,2000,0.3,0.1,1500,5.330092196784047,0.3585714285714286,0.002857142857142857,1400,600,700,700
cp_cox_full,CP + Cox,0.8983333333333333,4.880178695358504,0.18264325713043858,s018,3,20440415,high_dim,Higher covariate dimension,9,0.3,1.2,1,0.35,0.97,2000,0.3,0.1,1500,5.102668797168922,0.3364285714285714,0.0014285714285714286,1400,600,700,700
cp_cox_split_support_fit,CP + Cox (Split Support/Fit),0.8833333333333333,4.848844338628162,0.20754010816871377,s018,3,20440415,high_dim,Higher covariate dimension,9,0.3,1.2,1,0.35,0.97,2000,0.3,0.1,1500,5.102668797168922,0.3364285714285714,0.0014285714285714286,1400,600,700,700
cp_cox_full,CP + Cox,0.89,5.19359081080812,0.22856463568980226,s018,4,20440416,high_dim,Higher covariate dimension,9,0.3,1.2,1,0.35,0.97,2000,0.3,0.1,1500,5.408450660623978,0.35285714285714287,7.142857142857143e-4,1400,600,700,700
cp_cox_split_support_fit,CP + Cox (Split Support/Fit),0.89,5.176954763313243,0.2669405387788621,s018,4,20440416,high_dim,Higher covariate dimension,9,0.3,1.2,1,0.35,0.97,2000,0.3,0.1,1500,5.408450660623978,0.35285714285714287,7.142857142857143e-4,1400,600,700,700
cp_cox_full,CP + Cox,0.905,5.2219771690874595,0.1862724580487641,s018,5,20440417,high_dim,Higher covariate dimension,9,0.3,1.2,1,0.35,0.97,2000,0.3,0.1,1500,5.432726767425899,0.35642857142857143,7.142857142857143e-4,1400,600,700,700
cp_cox_split_support_fit,CP + Cox (Split Support/Fit),0.92,5.230131754616221,0.1813557086780087,s018,5,20440417,high_dim,Higher covariate dimension,9,0.3,1.2,1,0.35,0.97,2000,0.3,0.1,1500,5.432726767425899,0.35642857142857143,7.142857142857143e-4,1400,600,700,700
cp_cox_full,CP + Cox,0.9083333333333333,4.988344749239434,0.18994476163065172,s018,6,20440418,high_dim,Higher covariate dimension,9,0.3,1.2,1,0.35,0.97,2000,0.3,0.1,1500,5.1823066507349385,0.3492857142857143,0.0014285714285714286,1400,600,700,700
cp_cox_split_support_fit,CP + Cox (Split Support/Fit),0.8983333333333333,4.979742492171595,0.21154171889244086,s018,6,20440418,high_dim,Higher covariate dimension,9,0.3,1.2,1,0.35,0.97,2000,0.3,0.1,1500,5.1823066507349385,0.3492857142857143,0.0014285714285714286,1400,600,700,700
cp_cox_full,CP + Cox,0.8883333333333333,5.09278160893397,0.16943820774169596,s018,7,20440419,high_dim,Higher covariate dimension,9,0.3,1.2,1,0.35,0.97,2000,0.3,0.1,1500,5.2922707123205575,0.3678571428571429,0,1400,600,700,700
cp_cox_split_support_fit,CP + Cox (Split Support/Fit),0.8983333333333333,5.10655563083868,0.1609463248574719,s018,7,20440419,high_dim,Higher covariate dimension,9,0.3,1.2,1,0.35,0.97,2000,0.3,0.1,1500,5.2922707123205575,0.3678571428571429,0,1400,600,700,700
cp_cox_full,CP + Cox,0.91,5.627762894404784,0.16544519216757822,s018,8,20440420,high_dim,Higher covariate dimension,9,0.3,1.2,1,0.35,0.97,2000,0.3,0.1,1500,5.818612822641795,0.34285714285714286,7.142857142857143e-4,1400,600,700,700
cp_cox_split_support_fit,CP + Cox (Split Support/Fit),0.9016666666666666,5.603879056990784,0.20124654748959397,s018,8,20440420,high_dim,Higher covariate dimension,9,0.3,1.2,1,0.35,0.97,2000,0.3,0.1,1500,5.818612822641795,0.34285714285714286,7.142857142857143e-4,1400,600,700,700
cp_cox_full,CP + Cox,0.8966666666666666,4.749367467763777,0.16608634856155846,s018,9,20440421,high_dim,Higher covariate dimension,9,0.3,1.2,1,0.35,0.97,2000,0.3,0.1,1500,4.9472926020083525,0.36214285714285716,7.142857142857143e-4,1400,600,700,700
cp_cox_split_support_fit,CP + Cox (Split Support/Fit),0.9083333333333333,4.78138015272956,0.12823507295620862,s018,9,20440421,high_dim,Higher covariate dimension,9,0.3,1.2,1,0.35,0.97,2000,0.3,0.1,1500,4.9472926020083525,0.36214285714285716,7.142857142857143e-4,1400,600,700,700
cp_cox_full,CP + Cox,0.9133333333333333,4.6963083321421175,0.18552153388869905,s018,10,20440422,high_dim,Higher covariate dimension,9,0.3,1.2,1,0.35,0.97,2000,0.3,0.1,1500,4.9049816868520235,0.32071428571428573,0.002857142857142857,1400,600,700,700
cp_cox_split_support_fit,CP + Cox (Split Support/Fit),0.925,4.716740284618533,0.15871490808935537,s018,10,20440422,high_dim,Higher covariate dimension,9,0.3,1.2,1,0.35,0.97,2000,0.3,0.1,1500,4.9049816868520235,0.32071428571428573,0.002857142857142857,1400,600,700,700
cp_cox_full,CP + Cox,0.915,5.396916352310968,0.1791062903394011,s018,11,20440423,high_dim,Higher covariate dimension,9,0.3,1.2,1,0.35,0.97,2000,0.3,0.1,1500,5.587784103176057,0.3242857142857143,7.142857142857143e-4,1400,600,700,700
cp_cox_split_support_fit,CP + Cox (Split Support/Fit),0.895,5.371118567343009,0.20088987437375944,s018,11,20440423,high_dim,Higher covariate dimension,9,0.3,1.2,1,0.35,0.97,2000,0.3,0.1,1500,5.587784103176057,0.3242857142857143,7.142857142857143e-4,1400,600,700,700
cp_cox_full,CP + Cox,0.9183333333333333,5.634400254663931,0.22890352124469185,s018,12,20440424,high_dim,Higher covariate dimension,9,0.3,1.2,1,0.35,0.97,2000,0.3,0.1,1500,5.86725567778698,0.3364285714285714,7.142857142857143e-4,1400,600,700,700
cp_cox_split_support_fit,CP + Cox (Split Support/Fit),0.9183333333333333,5.637488840725529,0.21287954731073674,s018,12,20440424,high_dim,Higher covariate dimension,9,0.3,1.2,1,0.35,0.97,2000,0.3,0.1,1500,5.86725567778698,0.3364285714285714,7.142857142857143e-4,1400,600,700,700
cp_cox_full,CP + Cox,0.8866666666666667,5.1649667396307155,0.1491854579831654,s018,13,20440425,high_dim,Higher covariate dimension,9,0.3,1.2,1,0.35,0.97,2000,0.3,0.1,1500,5.363587206446443,0.3392857142857143,7.142857142857143e-4,1400,600,700,700
cp_cox_split_support_fit,CP + Cox (Split Support/Fit),0.8866666666666667,5.178039307004376,0.12299781707317846,s018,13,20440425,high_dim,Higher covariate dimension,9,0.3,1.2,1,0.35,0.97,2000,0.3,0.1,1500,5.363587206446443,0.3392857142857143,7.142857142857143e-4,1400,600,700,700
cp_cox_full,CP + Cox,0.915,5.09110395907614,0.16342775259854853,s018,14,20440426,high_dim,Higher covariate dimension,9,0.3,1.2,1,0.35,0.97,2000,0.3,0.1,1500,5.2802189378017195,0.35428571428571426,0.0014285714285714286,1400,600,700,700
cp_cox_split_support_fit,CP + Cox (Split Support/Fit),0.9283333333333333,5.118317104139839,0.14003844012218322,s018,14,20440426,high_dim,Higher covariate dimension,9,0.3,1.2,1,0.35,0.97,2000,0.3,0.1,1500,5.2802189378017195,0.35428571428571426,0.0014285714285714286,1400,600,700,700
cp_cox_full,CP + Cox,0.915,5.104809680403643,0.1520880423001508,s018,15,20440427,high_dim,Higher covariate dimension,9,0.3,1.2,1,0.35,0.97,2000,0.3,0.1,1500,5.276537575880386,0.3607142857142857,0.002857142857142857,1400,600,700,700
cp_cox_split_support_fit,CP + Cox (Split Support/Fit),0.9266666666666666,5.133942381475382,0.12329291956625436,s018,15,20440427,high_dim,Higher covariate dimension,9,0.3,1.2,1,0.35,0.97,2000,0.3,0.1,1500,5.276537575880386,0.3607142857142857,0.002857142857142857,1400,600,700,700
cp_cox_full,CP + Cox,0.885,4.984180260670049,0.18422662834104592,s018,16,20440428,high_dim,Higher covariate dimension,9,0.3,1.2,1,0.35,0.97,2000,0.3,0.1,1500,5.220040707294054,0.36357142857142855,0.0014285714285714286,1400,600,700,700
cp_cox_split_support_fit,CP + Cox (Split Support/Fit),0.8983333333333333,5.003480527534094,0.19055276183879905,s018,16,20440428,high_dim,Higher covariate dimension,9,0.3,1.2,1,0.35,0.97,2000,0.3,0.1,1500,5.220040707294054,0.36357142857142855,0.0014285714285714286,1400,600,700,700
cp_cox_full,CP + Cox,0.8766666666666667,5.607290850554837,0.18908046988304206,s018,17,20440429,high_dim,Higher covariate dimension,9,0.3,1.2,1,0.35,0.97,2000,0.3,0.1,1500,5.824096754374139,0.36,7.142857142857143e-4,1400,600,700,700
cp_cox_split_support_fit,CP + Cox (Split Support/Fit),0.89,5.6191920636629336,0.19252599498117967,s018,17,20440429,high_dim,Higher covariate dimension,9,0.3,1.2,1,0.35,0.97,2000,0.3,0.1,1500,5.824096754374139,0.36,7.142857142857143e-4,1400,600,700,700
cp_cox_full,CP + Cox,0.8733333333333333,5.8321447126617265,0.21211538383750939,s018,18,20440430,high_dim,Higher covariate dimension,9,0.3,1.2,1,0.35,0.97,2000,0.3,0.1,1500,6.067705256017152,0.37214285714285716,7.142857142857143e-4,1400,600,700,700
cp_cox_split_support_fit,CP + Cox (Split Support/Fit),0.8683333333333333,5.8158954301498,0.23803567876504197,s018,18,20440430,high_dim,Higher covariate dimension,9,0.3,1.2,1,0.35,0.97,2000,0.3,0.1,1500,6.067705256017152,0.37214285714285716,7.142857142857143e-4,1400,600,700,700
cp_cox_full,CP + Cox,0.8733333333333333,5.544004803013089,0.18396103123784271,s018,19,20440431,high_dim,Higher covariate dimension,9,0.3,1.2,1,0.35,0.97,2000,0.3,0.1,1500,5.752054647183737,0.37642857142857145,0.002857142857142857,1400,600,700,700
cp_cox_split_support_fit,CP + Cox (Split Support/Fit),0.845,5.494901290877794,0.23536006756276606,s018,19,20440431,high_dim,Higher covariate dimension,9,0.3,1.2,1,0.35,0.97,2000,0.3,0.1,1500,5.752054647183737,0.37642857142857145,0.002857142857142857,1400,600,700,700
cp_cox_full,CP + Cox,0.895,5.1124003307602095,0.17472523824082264,s018,20,20440432,high_dim,Higher covariate dimension,9,0.3,1.2,1,0.35,0.97,2000,0.3,0.1,1500,5.30650702716122,0.3557142857142857,0.0035714285714285713,1400,600,700,700
cp_cox_split_support_fit,CP + Cox (Split Support/Fit),0.8983333333333333,5.1190755718094705,0.15909002657736376,s018,20,20440432,high_dim,Higher covariate dimension,9,0.3,1.2,1,0.35,0.97,2000,0.3,0.1,1500,5.30650702716122,0.3557142857142857,0.0035714285714285713,1400,600,700,700
cp_cox_full,CP + Cox,0.8616666666666667,5.1509839161818904,0.20829683485293962,s018,21,20440433,high_dim,Higher covariate dimension,9,0.3,1.2,1,0.35,0.97,2000,0.3,0.1,1500,5.382772503786936,0.37,0.002142857142857143,1400,600,700,700
cp_cox_split_support_fit,CP + Cox (Split Support/Fit),0.875,5.172979353857621,0.1822917070122028,s018,21,20440433,high_dim,Higher covariate dimension,9,0.3,1.2,1,0.35,0.97,2000,0.3,0.1,1500,5.382772503786936,0.37,0.002142857142857143,1400,600,700,700
cp_cox_full,CP + Cox,0.9233333333333333,5.254640641796353,0.20820314180683397,s018,22,20440434,high_dim,Higher covariate dimension,9,0.3,1.2,1,0.35,0.97,2000,0.3,0.1,1500,5.4583309341968285,0.3492857142857143,0.002142857142857143,1400,600,700,700
cp_cox_split_support_fit,CP + Cox (Split Support/Fit),0.925,5.2544012802104785,0.22641850623128573,s018,22,20440434,high_dim,Higher covariate dimension,9,0.3,1.2,1,0.35,0.97,2000,0.3,0.1,1500,5.4583309341968285,0.3492857142857143,0.002142857142857143,1400,600,700,700
cp_cox_full,CP + Cox,0.8883333333333333,5.642185935020434,0.21054344961110896,s018,23,20440435,high_dim,Higher covariate dimension,9,0.3,1.2,1,0.35,0.97,2000,0.3,0.1,1500,5.8740441251723485,0.3707142857142857,0.0014285714285714286,1400,600,700,700
cp_cox_split_support_fit,CP + Cox (Split Support/Fit),0.9,5.663453478277133,0.18464868706340384,s018,23,20440435,high_dim,Higher covariate dimension,9,0.3,1.2,1,0.35,0.97,2000,0.3,0.1,1500,5.8740441251723485,0.3707142857142857,0.0014285714285714286,1400,600,700,700
cp_cox_full,CP + Cox,0.8783333333333333,5.445008770310705,0.20547184858203538,s018,24,20440436,high_dim,Higher covariate dimension,9,0.3,1.2,1,0.35,0.97,2000,0.3,0.1,1500,5.666063643557323,0.335,0.004285714285714286,1400,600,700,700
cp_cox_split_support_fit,CP + Cox (Split Support/Fit),0.8833333333333333,5.432950688130598,0.23117099615655803,s018,24,20440436,high_dim,Higher covariate dimension,9,0.3,1.2,1,0.35,0.97,2000,0.3,0.1,1500,5.666063643557323,0.335,0.004285714285714286,1400,600,700,700
cp_cox_full,CP + Cox,0.8866666666666667,4.94863698346967,0.19452313304110963,s018,25,20440437,high_dim,Higher covariate dimension,9,0.3,1.2,1,0.35,0.97,2000,0.3,0.1,1500,5.182684642296065,0.36,0.0014285714285714286,1400,600,700,700
cp_cox_split_support_fit,CP + Cox (Split Support/Fit),0.8883333333333333,4.952970352284544,0.1876999678748018,s018,25,20440437,high_dim,Higher covariate dimension,9,0.3,1.2,1,0.35,0.97,2000,0.3,0.1,1500,5.182684642296065,0.36,0.0014285714285714286,1400,600,700,700
cp_cox_full,CP + Cox,0.925,4.598925691016399,0.15250629388728318,s018,26,20440438,high_dim,Higher covariate dimension,9,0.3,1.2,1,0.35,0.97,2000,0.3,0.1,1500,4.781795321488414,0.345,0,1400,600,700,700
cp_cox_split_support_fit,CP + Cox (Split Support/Fit),0.93,4.6118141300999165,0.1417174849389827,s018,26,20440438,high_dim,Higher covariate dimension,9,0.3,1.2,1,0.35,0.97,2000,0.3,0.1,1500,4.781795321488414,0.345,0,1400,600,700,700
cp_cox_full,CP + Cox,0.9116666666666666,5.214367743242852,0.15735018012709642,s018,27,20440439,high_dim,Higher covariate dimension,9,0.3,1.2,1,0.35,0.97,2000,0.3,0.1,1500,5.4079623040584615,0.3492857142857143,0.002142857142857143,1400,600,700,700
cp_cox_split_support_fit,CP + Cox (Split Support/Fit),0.9166666666666666,5.227289994064091,0.13538189499855274,s018,27,20440439,high_dim,Higher covariate dimension,9,0.3,1.2,1,0.35,0.97,2000,0.3,0.1,1500,5.4079623040584615,0.3492857142857143,0.002142857142857143,1400,600,700,700
cp_cox_full,CP + Cox,0.9,5.395580541118343,0.1756638502477477,s018,28,20440440,high_dim,Higher covariate dimension,9,0.3,1.2,1,0.35,0.97,2000,0.3,0.1,1500,5.607426420331909,0.3492857142857143,0.0035714285714285713,1400,600,700,700
cp_cox_split_support_fit,CP + Cox (Split Support/Fit),0.91,5.412680850095021,0.14450010067701788,s018,28,20440440,high_dim,Higher covariate dimension,9,0.3,1.2,1,0.35,0.97,2000,0.3,0.1,1500,5.607426420331909,0.3492857142857143,0.0035714285714285713,1400,600,700,700
cp_cox_full,CP + Cox,0.8833333333333333,5.06844117275797,0.25249569584554576,s018,29,20440441,high_dim,Higher covariate dimension,9,0.3,1.2,1,0.35,0.97,2000,0.3,0.1,1500,5.3030926247620735,0.3678571428571429,0.002857142857142857,1400,600,700,700
cp_cox_split_support_fit,CP + Cox (Split Support/Fit),0.9016666666666666,5.099721074742635,0.20401181245159605,s018,29,20440441,high_dim,Higher covariate dimension,9,0.3,1.2,1,0.35,0.97,2000,0.3,0.1,1500,5.3030926247620735,0.3678571428571429,0.002857142857142857,1400,600,700,700
cp_cox_full,CP + Cox,0.8933333333333333,5.003022693784036,0.30515664097185796,s018,30,20440442,high_dim,Higher covariate dimension,9,0.3,1.2,1,0.35,0.97,2000,0.3,0.1,1500,5.241786480173009,0.34714285714285714,0.002857142857142857,1400,600,700,700
cp_cox_split_support_fit,CP + Cox (Split Support/Fit),0.9083333333333333,5.012744036623858,0.3248196000427149,s018,30,20440442,high_dim,Higher covariate dimension,9,0.3,1.2,1,0.35,0.97,2000,0.3,0.1,1500,5.241786480173009,0.34714285714285714,0.002857142857142857,1400,600,700,700
cp_cox_full,CP + Cox,0.8883333333333333,0.9049439778754297,0.09277326388184001,s019,1,20450413,high_shape,Higher Weibull shape,3,0.3,1.8,1,0.1,0.75,2000,0.3,0.1,1500,1.2236980125202226,0.31142857142857144,0.21,1400,600,700,700
cp_cox_split_support_fit,CP + Cox (Split Support/Fit),0.8833333333333333,0.9048250221782439,0.08611236886214663,s019,1,20450413,high_shape,Higher Weibull shape,3,0.3,1.8,1,0.1,0.75,2000,0.3,0.1,1500,1.2236980125202226,0.31142857142857144,0.21,1400,600,700,700
cp_cox_full,CP + Cox,0.8866666666666667,0.9594941557742579,0.09344214926597406,s019,2,20450414,high_shape,Higher Weibull shape,3,0.3,1.8,1,0.1,0.75,2000,0.3,0.1,1500,1.243092747847442,0.30642857142857144,0.21428571428571427,1400,600,700,700
cp_cox_split_support_fit,CP + Cox (Split Support/Fit),0.875,0.9274124567642879,0.12152181028084043,s019,2,20450414,high_shape,Higher Weibull shape,3,0.3,1.8,1,0.1,0.75,2000,0.3,0.1,1500,1.243092747847442,0.30642857142857144,0.21428571428571427,1400,600,700,700
cp_cox_full,CP + Cox,0.9033333333333333,0.9289586970369503,0.09986578728997868,s019,3,20450415,high_shape,Higher Weibull shape,3,0.3,1.8,1,0.1,0.75,2000,0.3,0.1,1500,1.212427241640058,0.30714285714285716,0.20857142857142857,1400,600,700,700
cp_cox_split_support_fit,CP + Cox (Split Support/Fit),0.8883333333333333,0.8980704898251364,0.11106561042441979,s019,3,20450415,high_shape,Higher Weibull shape,3,0.3,1.8,1,0.1,0.75,2000,0.3,0.1,1500,1.212427241640058,0.30714285714285716,0.20857142857142857,1400,600,700,700
cp_cox_full,CP + Cox,0.905,0.9403736218371386,0.09913347993029316,s019,4,20450416,high_shape,Higher Weibull shape,3,0.3,1.8,1,0.1,0.75,2000,0.3,0.1,1500,1.2396101365142917,0.31,0.2057142857142857,1400,600,700,700
cp_cox_split_support_fit,CP + Cox (Split Support/Fit),0.92,0.9577949175898552,0.10233553453405285,s019,4,20450416,high_shape,Higher Weibull shape,3,0.3,1.8,1,0.1,0.75,2000,0.3,0.1,1500,1.2396101365142917,0.31,0.2057142857142857,1400,600,700,700
cp_cox_full,CP + Cox,0.895,0.9507913159510502,0.0888704086837603,s019,5,20450417,high_shape,Higher Weibull shape,3,0.3,1.8,1,0.1,0.75,2000,0.3,0.1,1500,1.2615648095593368,0.33,0.21571428571428572,1400,600,700,700
cp_cox_split_support_fit,CP + Cox (Split Support/Fit),0.9083333333333333,0.9802804598904303,0.06375475084912367,s019,5,20450417,high_shape,Higher Weibull shape,3,0.3,1.8,1,0.1,0.75,2000,0.3,0.1,1500,1.2615648095593368,0.33,0.21571428571428572,1400,600,700,700
cp_cox_full,CP + Cox,0.9083333333333333,0.8620456922248672,0.09147124382034076,s019,6,20450418,high_shape,Higher Weibull shape,3,0.3,1.8,1,0.1,0.75,2000,0.3,0.1,1500,1.1782545006810243,0.3107142857142857,0.22142857142857142,1400,600,700,700
cp_cox_split_support_fit,CP + Cox (Split Support/Fit),0.9116666666666666,0.8740474349078978,0.07862711764488352,s019,6,20450418,high_shape,Higher Weibull shape,3,0.3,1.8,1,0.1,0.75,2000,0.3,0.1,1500,1.1782545006810243,0.3107142857142857,0.22142857142857142,1400,600,700,700
cp_cox_full,CP + Cox,0.8933333333333333,0.9365499626159136,0.10161898666106435,s019,7,20450419,high_shape,Higher Weibull shape,3,0.3,1.8,1,0.1,0.75,2000,0.3,0.1,1500,1.2609273517778736,0.30857142857142855,0.21428571428571427,1400,600,700,700
cp_cox_split_support_fit,CP + Cox (Split Support/Fit),0.8933333333333333,0.9447154312310093,0.09766904518924824,s019,7,20450419,high_shape,Higher Weibull shape,3,0.3,1.8,1,0.1,0.75,2000,0.3,0.1,1500,1.2609273517778736,0.30857142857142855,0.21428571428571427,1400,600,700,700
cp_cox_full,CP + Cox,0.9033333333333333,0.9805328320639605,0.07270224287001541,s019,8,20450420,high_shape,Higher Weibull shape,3,0.3,1.8,1,0.1,0.75,2000,0.3,0.1,1500,1.2593101594023293,0.31142857142857144,0.19857142857142857,1400,600,700,700
cp_cox_split_support_fit,CP + Cox (Split Support/Fit),0.8966666666666666,0.9714740721306774,0.08358984007642682,s019,8,20450420,high_shape,Higher Weibull shape,3,0.3,1.8,1,0.1,0.75,2000,0.3,0.1,1500,1.2593101594023293,0.31142857142857144,0.19857142857142857,1400,600,700,700
cp_cox_full,CP + Cox,0.8816666666666667,0.9407015444333484,0.09631953079022572,s019,9,20450421,high_shape,Higher Weibull shape,3,0.3,1.8,1,0.1,0.75,2000,0.3,0.1,1500,1.2289507194665676,0.3078571428571429,0.20214285714285715,1400,600,700,700
cp_cox_split_support_fit,CP + Cox (Split Support/Fit),0.8783333333333333,0.9182618307984464,0.10864147082726114,s019,9,20450421,high_shape,Higher Weibull shape,3,0.3,1.8,1,0.1,0.75,2000,0.3,0.1,1500,1.2289507194665676,0.3078571428571429,0.20214285714285715,1400,600,700,700
cp_cox_full,CP + Cox,0.8983333333333333,0.8891910923689293,0.09799586755223849,s019,10,20450422,high_shape,Higher Weibull shape,3,0.3,1.8,1,0.1,0.75,2000,0.3,0.1,1500,1.1960146347529763,0.30428571428571427,0.2092857142857143,1400,600,700,700
cp_cox_split_support_fit,CP + Cox (Split Support/Fit),0.8866666666666667,0.858766355579998,0.10948022408956917,s019,10,20450422,high_shape,Higher Weibull shape,3,0.3,1.8,1,0.1,0.75,2000,0.3,0.1,1500,1.1960146347529763,0.30428571428571427,0.2092857142857143,1400,600,700,700
cp_cox_full,CP + Cox,0.8983333333333333,0.9255042199139897,0.07896344545213932,s019,11,20450423,high_shape,Higher Weibull shape,3,0.3,1.8,1,0.1,0.75,2000,0.3,0.1,1500,1.2104345462579893,0.31214285714285717,0.20214285714285715,1400,600,700,700
cp_cox_split_support_fit,CP + Cox (Split Support/Fit),0.885,0.9091089476912865,0.0793511012022045,s019,11,20450423,high_shape,Higher Weibull shape,3,0.3,1.8,1,0.1,0.75,2000,0.3,0.1,1500,1.2104345462579893,0.31214285714285717,0.20214285714285715,1400,600,700,700
cp_cox_full,CP + Cox,0.905,0.9193496832570961,0.09441296771271566,s019,12,20450424,high_shape,Higher Weibull shape,3,0.3,1.8,1,0.1,0.75,2000,0.3,0.1,1500,1.211732465530375,0.3171428571428571,0.22428571428571428,1400,600,700,700
cp_cox_split_support_fit,CP + Cox (Split Support/Fit),0.9016666666666666,0.9215482173401779,0.08574916955762633,s019,12,20450424,high_shape,Higher Weibull shape,3,0.3,1.8,1,0.1,0.75,2000,0.3,0.1,1500,1.211732465530375,0.3171428571428571,0.22428571428571428,1400,600,700,700
cp_cox_full,CP + Cox,0.8933333333333333,0.9384960813965838,0.08798514646170875,s019,13,20450425,high_shape,Higher Weibull shape,3,0.3,1.8,1,0.1,0.75,2000,0.3,0.1,1500,1.2313342317685754,0.315,0.21285714285714286,1400,600,700,700
cp_cox_split_support_fit,CP + Cox (Split Support/Fit),0.8816666666666667,0.9015695183316454,0.11086168753087784,s019,13,20450425,high_shape,Higher Weibull shape,3,0.3,1.8,1,0.1,0.75,2000,0.3,0.1,1500,1.2313342317685754,0.315,0.21285714285714286,1400,600,700,700
cp_cox_full,CP + Cox,0.8933333333333333,0.940111482150684,0.10527278229033162,s019,14,20450426,high_shape,Higher Weibull shape,3,0.3,1.8,1,0.1,0.75,2000,0.3,0.1,1500,1.243787360826035,0.32571428571428573,0.22357142857142856,1400,600,700,700
cp_cox_split_support_fit,CP + Cox (Split Support/Fit),0.8733333333333333,0.9230037441243912,0.10745664309139344,s019,14,20450426,high_shape,Higher Weibull shape,3,0.3,1.8,1,0.1,0.75,2000,0.3,0.1,1500,1.243787360826035,0.32571428571428573,0.22357142857142856,1400,600,700,700
cp_cox_full,CP + Cox,0.88,0.9313463970144814,0.07948611465933622,s019,15,20450427,high_shape,Higher Weibull shape,3,0.3,1.8,1,0.1,0.75,2000,0.3,0.1,1500,1.2345128209690446,0.31142857142857144,0.2092857142857143,1400,600,700,700
cp_cox_split_support_fit,CP + Cox (Split Support/Fit),0.8783333333333333,0.913980701674472,0.08445080525896233,s019,15,20450427,high_shape,Higher Weibull shape,3,0.3,1.8,1,0.1,0.75,2000,0.3,0.1,1500,1.2345128209690446,0.31142857142857144,0.2092857142857143,1400,600,700,700
cp_cox_full,CP + Cox,0.8366666666666667,0.9062766225921537,0.10283797377716228,s019,16,20450428,high_shape,Higher Weibull shape,3,0.3,1.8,1,0.1,0.75,2000,0.3,0.1,1500,1.250128496123508,0.32357142857142857,0.20857142857142857,1400,600,700,700
cp_cox_split_support_fit,CP + Cox (Split Support/Fit),0.8533333333333334,0.9323429646366364,0.08843952032521349,s019,16,20450428,high_shape,Higher Weibull shape,3,0.3,1.8,1,0.1,0.75,2000,0.3,0.1,1500,1.250128496123508,0.32357142857142857,0.20857142857142857,1400,600,700,700
cp_cox_full,CP + Cox,0.9,0.9294705795167879,0.09591436521565674,s019,17,20450429,high_shape,Higher Weibull shape,3,0.3,1.8,1,0.1,0.75,2000,0.3,0.1,1500,1.2232887624172348,0.3242857142857143,0.23142857142857143,1400,600,700,700
cp_cox_split_support_fit,CP + Cox (Split Support/Fit),0.9016666666666666,0.943157638391198,0.09343395166624771,s019,17,20450429,high_shape,Higher Weibull shape,3,0.3,1.8,1,0.1,0.75,2000,0.3,0.1,1500,1.2232887624172348,0.3242857142857143,0.23142857142857143,1400,600,700,700
cp_cox_full,CP + Cox,0.885,0.9033534313580127,0.08876615260676989,s019,18,20450430,high_shape,Higher Weibull shape,3,0.3,1.8,1,0.1,0.75,2000,0.3,0.1,1500,1.2331471676641579,0.315,0.21142857142857144,1400,600,700,700
cp_cox_split_support_fit,CP + Cox (Split Support/Fit),0.905,0.9466694885170276,0.07903688294338641,s019,18,20450430,high_shape,Higher Weibull shape,3,0.3,1.8,1,0.1,0.75,2000,0.3,0.1,1500,1.2331471676641579,0.315,0.21142857142857144,1400,600,700,700
cp_cox_full,CP + Cox,0.905,0.941834436741975,0.07187202130644485,s019,19,20450431,high_shape,Higher Weibull shape,3,0.3,1.8,1,0.1,0.75,2000,0.3,0.1,1500,1.2233733994121594,0.33,0.2092857142857143,1400,600,700,700
cp_cox_split_support_fit,CP + Cox (Split Support/Fit),0.9016666666666666,0.9331360082704474,0.07970873509836714,s019,19,20450431,high_shape,Higher Weibull shape,3,0.3,1.8,1,0.1,0.75,2000,0.3,0.1,1500,1.2233733994121594,0.33,0.2092857142857143,1400,600,700,700
cp_cox_full,CP + Cox,0.9083333333333333,0.9376895772112873,0.08815754256862898,s019,20,20450432,high_shape,Higher Weibull shape,3,0.3,1.8,1,0.1,0.75,2000,0.3,0.1,1500,1.2398604137095768,0.3242857142857143,0.205,1400,600,700,700
cp_cox_split_support_fit,CP + Cox (Split Support/Fit),0.9116666666666666,0.9430265249371473,0.08869588482356983,s019,20,20450432,high_shape,Higher Weibull shape,3,0.3,1.8,1,0.1,0.75,2000,0.3,0.1,1500,1.2398604137095768,0.3242857142857143,0.205,1400,600,700,700
cp_cox_full,CP + Cox,0.875,0.8756650004951059,0.111294496838209,s019,21,20450433,high_shape,Higher Weibull shape,3,0.3,1.8,1,0.1,0.75,2000,0.3,0.1,1500,1.19915344447809,0.3107142857142857,0.21571428571428572,1400,600,700,700
cp_cox_split_support_fit,CP + Cox (Split Support/Fit),0.8816666666666667,0.8874023928040576,0.11119453048683126,s019,21,20450433,high_shape,Higher Weibull shape,3,0.3,1.8,1,0.1,0.75,2000,0.3,0.1,1500,1.19915344447809,0.3107142857142857,0.21571428571428572,1400,600,700,700
cp_cox_full,CP + Cox,0.89,0.9556021237143902,0.08822760170379502,s019,22,20450434,high_shape,Higher Weibull shape,3,0.3,1.8,1,0.1,0.75,2000,0.3,0.1,1500,1.2612712767976826,0.32,0.20714285714285716,1400,600,700,700
cp_cox_split_support_fit,CP + Cox (Split Support/Fit),0.8866666666666667,0.9599141863415294,0.08887004912390038,s019,22,20450434,high_shape,Higher Weibull shape,3,0.3,1.8,1,0.1,0.75,2000,0.3,0.1,1500,1.2612712767976826,0.32,0.20714285714285716,1400,600,700,700
cp_cox_full,CP + Cox,0.9066666666666666,0.9783118722812926,0.06555154936637617,s019,23,20450435,high_shape,Higher Weibull shape,3,0.3,1.8,1,0.1,0.75,2000,0.3,0.1,1500,1.2566621864116985,0.2985714285714286,0.2057142857142857,1400,600,700,700
cp_cox_split_support_fit,CP + Cox (Split Support/Fit),0.905,0.9766812265443952,0.07077835392797205,s019,23,20450435,high_shape,Higher Weibull shape,3,0.3,1.8,1,0.1,0.75,2000,0.3,0.1,1500,1.2566621864116985,0.2985714285714286,0.2057142857142857,1400,600,700,700
cp_cox_full,CP + Cox,0.9166666666666666,0.9556823246033844,0.10556546278823895,s019,24,20450436,high_shape,Higher Weibull shape,3,0.3,1.8,1,0.1,0.75,2000,0.3,0.1,1500,1.2429729437048884,0.30857142857142855,0.20857142857142857,1400,600,700,700
cp_cox_split_support_fit,CP + Cox (Split Support/Fit),0.92,0.9637936402514962,0.10063167894578876,s019,24,20450436,high_shape,Higher Weibull shape,3,0.3,1.8,1,0.1,0.75,2000,0.3,0.1,1500,1.2429729437048884,0.30857142857142855,0.20857142857142857,1400,600,700,700
cp_cox_full,CP + Cox,0.9,0.9383978382864195,0.07972228023376952,s019,25,20450437,high_shape,Higher Weibull shape,3,0.3,1.8,1,0.1,0.75,2000,0.3,0.1,1500,1.226647055582865,0.30428571428571427,0.21285714285714286,1400,600,700,700
cp_cox_split_support_fit,CP + Cox (Split Support/Fit),0.9133333333333333,0.9631645692485529,0.0753442419987434,s019,25,20450437,high_shape,Higher Weibull shape,3,0.3,1.8,1,0.1,0.75,2000,0.3,0.1,1500,1.226647055582865,0.30428571428571427,0.21285714285714286,1400,600,700,700
cp_cox_full,CP + Cox,0.9033333333333333,0.9657694540138161,0.08515448275328015,s019,26,20450438,high_shape,Higher Weibull shape,3,0.3,1.8,1,0.1,0.75,2000,0.3,0.1,1500,1.2729916194486401,0.3078571428571429,0.21642857142857144,1400,600,700,700
cp_cox_split_support_fit,CP + Cox (Split Support/Fit),0.8833333333333333,0.9362748534379063,0.09545575064203364,s019,26,20450438,high_shape,Higher Weibull shape,3,0.3,1.8,1,0.1,0.75,2000,0.3,0.1,1500,1.2729916194486401,0.3078571428571429,0.21642857142857144,1400,600,700,700
cp_cox_full,CP + Cox,0.9016666666666666,0.9135606550665983,0.08505588378297531,s019,27,20450439,high_shape,Higher Weibull shape,3,0.3,1.8,1,0.1,0.75,2000,0.3,0.1,1500,1.2043096453912752,0.31142857142857144,0.22285714285714286,1400,600,700,700
cp_cox_split_support_fit,CP + Cox (Split Support/Fit),0.9083333333333333,0.9305222434280594,0.07727456426111091,s019,27,20450439,high_shape,Higher Weibull shape,3,0.3,1.8,1,0.1,0.75,2000,0.3,0.1,1500,1.2043096453912752,0.31142857142857144,0.22285714285714286,1400,600,700,700
cp_cox_full,CP + Cox,0.9033333333333333,0.9283476052320477,0.08877441128022437,s019,28,20450440,high_shape,Higher Weibull shape,3,0.3,1.8,1,0.1,0.75,2000,0.3,0.1,1500,1.2312917572547022,0.3171428571428571,0.21428571428571427,1400,600,700,700
cp_cox_split_support_fit,CP + Cox (Split Support/Fit),0.9066666666666666,0.936723890468484,0.09324070562148787,s019,28,20450440,high_shape,Higher Weibull shape,3,0.3,1.8,1,0.1,0.75,2000,0.3,0.1,1500,1.2312917572547022,0.3171428571428571,0.21428571428571427,1400,600,700,700
cp_cox_full,CP + Cox,0.85,0.925122694617887,0.10239069673597904,s019,29,20450441,high_shape,Higher Weibull shape,3,0.3,1.8,1,0.1,0.75,2000,0.3,0.1,1500,1.284460921128011,0.29714285714285715,0.205,1400,600,700,700
cp_cox_split_support_fit,CP + Cox (Split Support/Fit),0.895,0.9907735311810375,0.08532001325481534,s019,29,20450441,high_shape,Higher Weibull shape,3,0.3,1.8,1,0.1,0.75,2000,0.3,0.1,1500,1.284460921128011,0.29714285714285715,0.205,1400,600,700,700
cp_cox_full,CP + Cox,0.8983333333333333,0.981324533011088,0.09399316394428996,s019,30,20450442,high_shape,Higher Weibull shape,3,0.3,1.8,1,0.1,0.75,2000,0.3,0.1,1500,1.2840802146456591,0.30642857142857144,0.21357142857142858,1400,600,700,700
cp_cox_split_support_fit,CP + Cox (Split Support/Fit),0.8916666666666667,0.9714032420077925,0.08829663607094436,s019,30,20450442,high_shape,Higher Weibull shape,3,0.3,1.8,1,0.1,0.75,2000,0.3,0.1,1500,1.2840802146456591,0.30642857142857144,0.21357142857142858,1400,600,700,700
cp_cox_full,CP + Cox,0.91,1.4653687249644527,0.07865084610630008,s020,1,20460413,high_shape,Higher Weibull shape,3,0.3,1.8,1,0.1,0.9,2000,0.3,0.1,1500,1.7585171884283026,0.17,0.085,1400,600,700,700
cp_cox_split_support_fit,CP + Cox (Split Support/Fit),0.8966666666666666,1.4395425842416023,0.08448137017414081,s020,1,20460413,high_shape,Higher Weibull shape,3,0.3,1.8,1,0.1,0.9,2000,0.3,0.1,1500,1.7585171884283026,0.17,0.085,1400,600,700,700
cp_cox_full,CP + Cox,0.9066666666666666,1.496792498186216,0.08690411214695813,s020,2,20460414,high_shape,Higher Weibull shape,3,0.3,1.8,1,0.1,0.9,2000,0.3,0.1,1500,1.7838653896775503,0.19071428571428573,0.08857142857142856,1400,600,700,700
cp_cox_split_support_fit,CP + Cox (Split Support/Fit),0.9133333333333333,1.5037100671726793,0.08746033573905262,s020,2,20460414,high_shape,Higher Weibull shape,3,0.3,1.8,1,0.1,0.9,2000,0.3,0.1,1500,1.7838653896775503,0.19071428571428573,0.08857142857142856,1400,600,700,700
cp_cox_full,CP + Cox,0.9466666666666667,1.4612735756633344,0.09690913872998738,s020,3,20460415,high_shape,Higher Weibull shape,3,0.3,1.8,1,0.1,0.9,2000,0.3,0.1,1500,1.757632794352273,0.17357142857142857,0.07928571428571428,1400,600,700,700
cp_cox_split_support_fit,CP + Cox (Split Support/Fit),0.9133333333333333,1.4104821936950351,0.11848921263431578,s020,3,20460415,high_shape,Higher Weibull shape,3,0.3,1.8,1,0.1,0.9,2000,0.3,0.1,1500,1.757632794352273,0.17357142857142857,0.07928571428571428,1400,600,700,700
cp_cox_full,CP + Cox,0.9033333333333333,1.4595368219126,0.0636112484294595,s020,4,20460416,high_shape,Higher Weibull shape,3,0.3,1.8,1,0.1,0.9,2000,0.3,0.1,1500,1.7265137658325562,0.195,0.08714285714285715,1400,600,700,700
cp_cox_split_support_fit,CP + Cox (Split Support/Fit),0.9016666666666666,1.4566589312678433,0.06651631242543354,s020,4,20460416,high_shape,Higher Weibull shape,3,0.3,1.8,1,0.1,0.9,2000,0.3,0.1,1500,1.7265137658325562,0.195,0.08714285714285715,1400,600,700,700
cp_cox_full,CP + Cox,0.8933333333333333,1.4181737561782402,0.0898095532833237,s020,5,20460417,high_shape,Higher Weibull shape,3,0.3,1.8,1,0.1,0.9,2000,0.3,0.1,1500,1.7157967314914204,0.18357142857142858,0.08214285714285714,1400,600,700,700
cp_cox_split_support_fit,CP + Cox (Split Support/Fit),0.88,1.395589363989708,0.10351345389232929,s020,5,20460417,high_shape,Higher Weibull shape,3,0.3,1.8,1,0.1,0.9,2000,0.3,0.1,1500,1.7157967314914204,0.18357142857142858,0.08214285714285714,1400,600,700,700
cp_cox_full,CP + Cox,0.9083333333333333,1.5184703550865049,0.08835509985740915,s020,6,20460418,high_shape,Higher Weibull shape,3,0.3,1.8,1,0.1,0.9,2000,0.3,0.1,1500,1.8011952997933878,0.18642857142857142,0.08357142857142857,1400,600,700,700
cp_cox_split_support_fit,CP + Cox (Split Support/Fit),0.905,1.5121387099609331,0.09296584458087837,s020,6,20460418,high_shape,Higher Weibull shape,3,0.3,1.8,1,0.1,0.9,2000,0.3,0.1,1500,1.8011952997933878,0.18642857142857142,0.08357142857142857,1400,600,700,700
cp_cox_full,CP + Cox,0.9083333333333333,1.426940965844966,0.08408535625394212,s020,7,20460419,high_shape,Higher Weibull shape,3,0.3,1.8,1,0.1,0.9,2000,0.3,0.1,1500,1.7006897227598916,0.18928571428571428,0.08357142857142857,1400,600,700,700
cp_cox_split_support_fit,CP + Cox (Split Support/Fit),0.885,1.3741444294839296,0.1103846425516857,s020,7,20460419,high_shape,Higher Weibull shape,3,0.3,1.8,1,0.1,0.9,2000,0.3,0.1,1500,1.7006897227598916,0.18928571428571428,0.08357142857142857,1400,600,700,700
cp_cox_full,CP + Cox,0.915,1.4608318297730734,0.08676555460442706,s020,8,20460420,high_shape,Higher Weibull shape,3,0.3,1.8,1,0.1,0.9,2000,0.3,0.1,1500,1.770932970863817,0.18357142857142858,0.08357142857142857,1400,600,700,700
cp_cox_split_support_fit,CP + Cox (Split Support/Fit),0.9033333333333333,1.4429378271547513,0.09184021552432182,s020,8,20460420,high_shape,Higher Weibull shape,3,0.3,1.8,1,0.1,0.9,2000,0.3,0.1,1500,1.770932970863817,0.18357142857142858,0.08357142857142857,1400,600,700,700
cp_cox_full,CP + Cox,0.8766666666666667,1.4123842188056357,0.07803118653206598,s020,9,20460421,high_shape,Higher Weibull shape,3,0.3,1.8,1,0.1,0.9,2000,0.3,0.1,1500,1.7261530163017873,0.17857142857142858,0.07642857142857143,1400,600,700,700
cp_cox_split_support_fit,CP + Cox (Split Support/Fit),0.8533333333333334,1.389966440942154,0.0781623630489315,s020,9,20460421,high_shape,Higher Weibull shape,3,0.3,1.8,1,0.1,0.9,2000,0.3,0.1,1500,1.7261530163017873,0.17857142857142858,0.07642857142857143,1400,600,700,700
cp_cox_full,CP + Cox,0.8883333333333333,1.4664624530919332,0.08385478370700214,s020,10,20460422,high_shape,Higher Weibull shape,3,0.3,1.8,1,0.1,0.9,2000,0.3,0.1,1500,1.7700733313890855,0.2007142857142857,0.07714285714285714,1400,600,700,700
cp_cox_split_support_fit,CP + Cox (Split Support/Fit),0.8966666666666666,1.484876163069941,0.07709251154817971,s020,10,20460422,high_shape,Higher Weibull shape,3,0.3,1.8,1,0.1,0.9,2000,0.3,0.1,1500,1.7700733313890855,0.2007142857142857,0.07714285714285714,1400,600,700,700
cp_cox_full,CP + Cox,0.895,1.3875728755910395,0.10918431138739641,s020,11,20460423,high_shape,Higher Weibull shape,3,0.3,1.8,1,0.1,0.9,2000,0.3,0.1,1500,1.711300177428941,0.185,0.07714285714285714,1400,600,700,700
cp_cox_split_support_fit,CP + Cox (Split Support/Fit),0.9133333333333333,1.4276406136455497,0.08759498861284548,s020,11,20460423,high_shape,Higher Weibull shape,3,0.3,1.8,1,0.1,0.9,2000,0.3,0.1,1500,1.711300177428941,0.185,0.07714285714285714,1400,600,700,700
cp_cox_full,CP + Cox,0.905,1.5032336617717301,0.09411775745533496,s020,12,20460424,high_shape,Higher Weibull shape,3,0.3,1.8,1,0.1,0.9,2000,0.3,0.1,1500,1.797258514081144,0.18857142857142858,0.07642857142857143,1400,600,700,700
cp_cox_split_support_fit,CP + Cox (Split Support/Fit),0.8833333333333333,1.4699578339933368,0.10018034536565551,s020,12,20460424,high_shape,Higher Weibull shape,3,0.3,1.8,1,0.1,0.9,2000,0.3,0.1,1500,1.797258514081144,0.18857142857142858,0.07642857142857143,1400,600,700,700
cp_cox_full,CP + Cox,0.8833333333333333,1.5138117744709467,0.09276962540190085,s020,13,20460425,high_shape,Higher Weibull shape,3,0.3,1.8,1,0.1,0.9,2000,0.3,0.1,1500,1.812605783452761,0.18857142857142858,0.08214285714285714,1400,600,700,700
cp_cox_split_support_fit,CP + Cox (Split Support/Fit),0.885,1.5167170837797301,0.09993468354524276,s020,13,20460425,high_shape,Higher Weibull shape,3,0.3,1.8,1,0.1,0.9,2000,0.3,0.1,1500,1.812605783452761,0.18857142857142858,0.08214285714285714,1400,600,700,700
cp_cox_full,CP + Cox,0.9166666666666666,1.3825798408928665,0.07653940147440436,s020,14,20460426,high_shape,Higher Weibull shape,3,0.3,1.8,1,0.1,0.9,2000,0.3,0.1,1500,1.6723520323390266,0.19428571428571428,0.08357142857142857,1400,600,700,700
cp_cox_split_support_fit,CP + Cox (Split Support/Fit),0.9066666666666666,1.3694139792996107,0.07206371503473476,s020,14,20460426,high_shape,Higher Weibull shape,3,0.3,1.8,1,0.1,0.9,2000,0.3,0.1,1500,1.6723520323390266,0.19428571428571428,0.08357142857142857,1400,600,700,700
cp_cox_full,CP + Cox,0.8916666666666667,1.3911350214309648,0.11100092716862979,s020,15,20460427,high_shape,Higher Weibull shape,3,0.3,1.8,1,0.1,0.9,2000,0.3,0.1,1500,1.731621549250917,0.17785714285714285,0.07785714285714286,1400,600,700,700
cp_cox_split_support_fit,CP + Cox (Split Support/Fit),0.9066666666666666,1.4166112787505347,0.10223677082291747,s020,15,20460427,high_shape,Higher Weibull shape,3,0.3,1.8,1,0.1,0.9,2000,0.3,0.1,1500,1.731621549250917,0.17785714285714285,0.07785714285714286,1400,600,700,700
cp_cox_full,CP + Cox,0.875,1.3930152822194872,0.0915583817748877,s020,16,20460428,high_shape,Higher Weibull shape,3,0.3,1.8,1,0.1,0.9,2000,0.3,0.1,1500,1.7000414422796517,0.18071428571428572,0.07142857142857142,1400,600,700,700
cp_cox_split_support_fit,CP + Cox (Split Support/Fit),0.8783333333333333,1.3998825304256488,0.09400767054575067,s020,16,20460428,high_shape,Higher Weibull shape,3,0.3,1.8,1,0.1,0.9,2000,0.3,0.1,1500,1.7000414422796517,0.18071428571428572,0.07142857142857142,1400,600,700,700
cp_cox_full,CP + Cox,0.8716666666666667,1.4018760320156105,0.10822627394960449,s020,17,20460429,high_shape,Higher Weibull shape,3,0.3,1.8,1,0.1,0.9,2000,0.3,0.1,1500,1.7392935970470003,0.18642857142857142,0.07714285714285714,1400,600,700,700
cp_cox_split_support_fit,CP + Cox (Split Support/Fit),0.875,1.4179859353364233,0.09210150425506701,s020,17,20460429,high_shape,Higher Weibull shape,3,0.3,1.8,1,0.1,0.9,2000,0.3,0.1,1500,1.7392935970470003,0.18642857142857142,0.07714285714285714,1400,600,700,700
cp_cox_full,CP + Cox,0.88,1.4560271126161723,0.08773061385830805,s020,18,20460430,high_shape,Higher Weibull shape,3,0.3,1.8,1,0.1,0.9,2000,0.3,0.1,1500,1.7416873338692285,0.18928571428571428,0.08857142857142856,1400,600,700,700
cp_cox_split_support_fit,CP + Cox (Split Support/Fit),0.8766666666666667,1.456544125446843,0.08631353634927062,s020,18,20460430,high_shape,Higher Weibull shape,3,0.3,1.8,1,0.1,0.9,2000,0.3,0.1,1500,1.7416873338692285,0.18928571428571428,0.08857142857142856,1400,600,700,700
cp_cox_full,CP + Cox,0.895,1.4342542443307724,0.08608552143723698,s020,19,20460431,high_shape,Higher Weibull shape,3,0.3,1.8,1,0.1,0.9,2000,0.3,0.1,1500,1.7546365224241796,0.1707142857142857,0.075,1400,600,700,700
cp_cox_split_support_fit,CP + Cox (Split Support/Fit),0.8833333333333333,1.4144153271340527,0.09448868476516468,s020,19,20460431,high_shape,Higher Weibull shape,3,0.3,1.8,1,0.1,0.9,2000,0.3,0.1,1500,1.7546365224241796,0.1707142857142857,0.075,1400,600,700,700
cp_cox_full,CP + Cox,0.9033333333333333,1.460879714325985,0.07911496988094222,s020,20,20460432,high_shape,Higher Weibull shape,3,0.3,1.8,1,0.1,0.9,2000,0.3,0.1,1500,1.7468499061102005,0.1707142857142857,0.08357142857142857,1400,600,700,700
cp_cox_split_support_fit,CP + Cox (Split Support/Fit),0.885,1.4460455022613294,0.08882075100384139,s020,20,20460432,high_shape,Higher Weibull shape,3,0.3,1.8,1,0.1,0.9,2000,0.3,0.1,1500,1.7468499061102005,0.1707142857142857,0.08357142857142857,1400,600,700,700
cp_cox_full,CP + Cox,0.8916666666666667,1.4858090185443755,0.07574461066374402,s020,21,20460433,high_shape,Higher Weibull shape,3,0.3,1.8,1,0.1,0.9,2000,0.3,0.1,1500,1.7555756545520727,0.1657142857142857,0.07,1400,600,700,700
cp_cox_split_support_fit,CP + Cox (Split Support/Fit),0.8783333333333333,1.479498822641388,0.07072112557881115,s020,21,20460433,high_shape,Higher Weibull shape,3,0.3,1.8,1,0.1,0.9,2000,0.3,0.1,1500,1.7555756545520727,0.1657142857142857,0.07,1400,600,700,700
cp_cox_full,CP + Cox,0.9083333333333333,1.447771708413386,0.08170832201074475,s020,22,20460434,high_shape,Higher Weibull shape,3,0.3,1.8,1,0.1,0.9,2000,0.3,0.1,1500,1.7493210571286866,0.1757142857142857,0.07357142857142857,1400,600,700,700
cp_cox_split_support_fit,CP + Cox (Split Support/Fit),0.905,1.4316538016408753,0.09949589834323341,s020,22,20460434,high_shape,Higher Weibull shape,3,0.3,1.8,1,0.1,0.9,2000,0.3,0.1,1500,1.7493210571286866,0.1757142857142857,0.07357142857142857,1400,600,700,700
cp_cox_full,CP + Cox,0.9016666666666666,1.4255132039337037,0.08880503394996526,s020,23,20460435,high_shape,Higher Weibull shape,3,0.3,1.8,1,0.1,0.9,2000,0.3,0.1,1500,1.750757865181166,0.17214285714285715,0.08928571428571429,1400,600,700,700
cp_cox_split_support_fit,CP + Cox (Split Support/Fit),0.9,1.4202264806073215,0.09863436228578103,s020,23,20460435,high_shape,Higher Weibull shape,3,0.3,1.8,1,0.1,0.9,2000,0.3,0.1,1500,1.750757865181166,0.17214285714285715,0.08928571428571429,1400,600,700,700
cp_cox_full,CP + Cox,0.8833333333333333,1.5017783487437593,0.08447095352281034,s020,24,20460436,high_shape,Higher Weibull shape,3,0.3,1.8,1,0.1,0.9,2000,0.3,0.1,1500,1.80001954904842,0.17357142857142857,0.07642857142857143,1400,600,700,700
cp_cox_split_support_fit,CP + Cox (Split Support/Fit),0.8866666666666667,1.493136841877771,0.10235168599266593,s020,24,20460436,high_shape,Higher Weibull shape,3,0.3,1.8,1,0.1,0.9,2000,0.3,0.1,1500,1.80001954904842,0.17357142857142857,0.07642857142857143,1400,600,700,700
cp_cox_full,CP + Cox,0.9033333333333333,1.4562285982710779,0.11074749451790147,s020,25,20460437,high_shape,Higher Weibull shape,3,0.3,1.8,1,0.1,0.9,2000,0.3,0.1,1500,1.7754504154735877,0.17285714285714285,0.085,1400,600,700,700
cp_cox_split_support_fit,CP + Cox (Split Support/Fit),0.9166666666666666,1.473341463577087,0.12059945624985272,s020,25,20460437,high_shape,Higher Weibull shape,3,0.3,1.8,1,0.1,0.9,2000,0.3,0.1,1500,1.7754504154735877,0.17285714285714285,0.085,1400,600,700,700
cp_cox_full,CP + Cox,0.89,1.4833089036843623,0.07994080081423852,s020,26,20460438,high_shape,Higher Weibull shape,3,0.3,1.8,1,0.1,0.9,2000,0.3,0.1,1500,1.7762659784921175,0.18142857142857144,0.07857142857142857,1400,600,700,700
cp_cox_split_support_fit,CP + Cox (Split Support/Fit),0.8933333333333333,1.4857663439867361,0.08267336701948537,s020,26,20460438,high_shape,Higher Weibull shape,3,0.3,1.8,1,0.1,0.9,2000,0.3,0.1,1500,1.7762659784921175,0.18142857142857144,0.07857142857142857,1400,600,700,700
cp_cox_full,CP + Cox,0.9033333333333333,1.4884236175046897,0.09157990140395639,s020,27,20460439,high_shape,Higher Weibull shape,3,0.3,1.8,1,0.1,0.9,2000,0.3,0.1,1500,1.7995188731706255,0.18285714285714286,0.07714285714285714,1400,600,700,700
cp_cox_split_support_fit,CP + Cox (Split Support/Fit),0.9133333333333333,1.5145457296230995,0.08232458518826886,s020,27,20460439,high_shape,Higher Weibull shape,3,0.3,1.8,1,0.1,0.9,2000,0.3,0.1,1500,1.7995188731706255,0.18285714285714286,0.07714285714285714,1400,600,700,700
cp_cox_full,CP + Cox,0.8966666666666666,1.4931664461356882,0.09773037630398984,s020,28,20460440,high_shape,Higher Weibull shape,3,0.3,1.8,1,0.1,0.9,2000,0.3,0.1,1500,1.7985591289154663,0.18571428571428572,0.07785714285714286,1400,600,700,700
cp_cox_split_support_fit,CP + Cox (Split Support/Fit),0.89,1.4771699549866253,0.11150444569372456,s020,28,20460440,high_shape,Higher Weibull shape,3,0.3,1.8,1,0.1,0.9,2000,0.3,0.1,1500,1.7985591289154663,0.18571428571428572,0.07785714285714286,1400,600,700,700
cp_cox_full,CP + Cox,0.9066666666666666,1.5132539057070722,0.08424455796330162,s020,29,20460441,high_shape,Higher Weibull shape,3,0.3,1.8,1,0.1,0.9,2000,0.3,0.1,1500,1.7931322656130808,0.18214285714285713,0.07571428571428572,1400,600,700,700
cp_cox_split_support_fit,CP + Cox (Split Support/Fit),0.905,1.498910644714134,0.09656425289395672,s020,29,20460441,high_shape,Higher Weibull shape,3,0.3,1.8,1,0.1,0.9,2000,0.3,0.1,1500,1.7931322656130808,0.18214285714285713,0.07571428571428572,1400,600,700,700
cp_cox_full,CP + Cox,0.9066666666666666,1.4469251868738089,0.0696073324323946,s020,30,20460442,high_shape,Higher Weibull shape,3,0.3,1.8,1,0.1,0.9,2000,0.3,0.1,1500,1.7125829635699354,0.17714285714285713,0.07,1400,600,700,700
cp_cox_split_support_fit,CP + Cox (Split Support/Fit),0.905,1.4454594452344185,0.07932787547311113,s020,30,20460442,high_shape,Higher Weibull shape,3,0.3,1.8,1,0.1,0.9,2000,0.3,0.1,1500,1.7125829635699354,0.17714285714285713,0.07,1400,600,700,700
cp_cox_full,CP + Cox,0.8933333333333333,2.1022092143528877,0.09896057070810507,s021,1,20470413,high_shape,Higher Weibull shape,3,0.3,1.8,1,0.1,0.97,2000,0.3,0.1,1500,2.421822448911564,0.12285714285714286,0.024285714285714285,1400,600,700,700
cp_cox_split_support_fit,CP + Cox (Split Support/Fit),0.8983333333333333,2.118583286420788,0.09335818699869727,s021,1,20470413,high_shape,Higher Weibull shape,3,0.3,1.8,1,0.1,0.97,2000,0.3,0.1,1500,2.421822448911564,0.12285714285714286,0.024285714285714285,1400,600,700,700
cp_cox_full,CP + Cox,0.865,1.971959253390116,0.08641714821693544,s021,2,20470414,high_shape,Higher Weibull shape,3,0.3,1.8,1,0.1,0.97,2000,0.3,0.1,1500,2.3020579922268447,0.12214285714285714,0.025714285714285714,1400,600,700,700
cp_cox_split_support_fit,CP + Cox (Split Support/Fit),0.8383333333333334,1.935052346559203,0.09517654940988972,s021,2,20470414,high_shape,Higher Weibull shape,3,0.3,1.8,1,0.1,0.97,2000,0.3,0.1,1500,2.3020579922268447,0.12214285714285714,0.025714285714285714,1400,600,700,700
cp_cox_full,CP + Cox,0.9166666666666666,2.201307549783374,0.09093318795253262,s021,3,20470415,high_shape,Higher Weibull shape,3,0.3,1.8,1,0.1,0.97,2000,0.3,0.1,1500,2.4922225109564473,0.12285714285714286,0.024285714285714285,1400,600,700,700
cp_cox_split_support_fit,CP + Cox (Split Support/Fit),0.9116666666666666,2.1961277471290606,0.09063331487582076,s021,3,20470415,high_shape,Higher Weibull shape,3,0.3,1.8,1,0.1,0.97,2000,0.3,0.1,1500,2.4922225109564473,0.12285714285714286,0.024285714285714285,1400,600,700,700
cp_cox_full,CP + Cox,0.9066666666666666,2.0599522094452087,0.10211405579149459,s021,4,20470416,high_shape,Higher Weibull shape,3,0.3,1.8,1,0.1,0.97,2000,0.3,0.1,1500,2.350186489827243,0.12857142857142856,0.022857142857142857,1400,600,700,700
cp_cox_split_support_fit,CP + Cox (Split Support/Fit),0.91,2.068984982835964,0.09961791183096076,s021,4,20470416,high_shape,Higher Weibull shape,3,0.3,1.8,1,0.1,0.97,2000,0.3,0.1,1500,2.350186489827243,0.12857142857142856,0.022857142857142857,1400,600,700,700
cp_cox_full,CP + Cox,0.9033333333333333,2.1568767502531645,0.0892717368230131,s021,5,20470417,high_shape,Higher Weibull shape,3,0.3,1.8,1,0.1,0.97,2000,0.3,0.1,1500,2.434763706991829,0.13642857142857143,0.022857142857142857,1400,600,700,700
cp_cox_split_support_fit,CP + Cox (Split Support/Fit),0.9,2.1507068693166707,0.09685079527331963,s021,5,20470417,high_shape,Higher Weibull shape,3,0.3,1.8,1,0.1,0.97,2000,0.3,0.1,1500,2.434763706991829,0.13642857142857143,0.022857142857142857,1400,600,700,700
cp_cox_full,CP + Cox,0.8916666666666667,1.9955063629108376,0.08788679091154213,s021,6,20470418,high_shape,Higher Weibull shape,3,0.3,1.8,1,0.1,0.97,2000,0.3,0.1,1500,2.2904329086094006,0.12357142857142857,0.023571428571428573,1400,600,700,700
cp_cox_split_support_fit,CP + Cox (Split Support/Fit),0.8916666666666667,2.001029782624119,0.0937375120053368,s021,6,20470418,high_shape,Higher Weibull shape,3,0.3,1.8,1,0.1,0.97,2000,0.3,0.1,1500,2.2904329086094006,0.12357142857142857,0.023571428571428573,1400,600,700,700
cp_cox_full,CP + Cox,0.9133333333333333,2.025753200389616,0.08219462482032265,s021,7,20470419,high_shape,Higher Weibull shape,3,0.3,1.8,1,0.1,0.97,2000,0.3,0.1,1500,2.334020317897257,0.12714285714285714,0.023571428571428573,1400,600,700,700
cp_cox_split_support_fit,CP + Cox (Split Support/Fit),0.91,2.01949475292333,0.08225653051954625,s021,7,20470419,high_shape,Higher Weibull shape,3,0.3,1.8,1,0.1,0.97,2000,0.3,0.1,1500,2.334020317897257,0.12714285714285714,0.023571428571428573,1400,600,700,700
cp_cox_full,CP + Cox,0.915,2.0122350348336377,0.08088966142602816,s021,8,20470420,high_shape,Higher Weibull shape,3,0.3,1.8,1,0.1,0.97,2000,0.3,0.1,1500,2.2824089062732846,0.12142857142857143,0.02214285714285714,1400,600,700,700
cp_cox_split_support_fit,CP + Cox (Split Support/Fit),0.9083333333333333,1.9965431604320625,0.08697046204841301,s021,8,20470420,high_shape,Higher Weibull shape,3,0.3,1.8,1,0.1,0.97,2000,0.3,0.1,1500,2.2824089062732846,0.12142857142857143,0.02214285714285714,1400,600,700,700
cp_cox_full,CP + Cox,0.9033333333333333,1.9996544792576325,0.0983823939745291,s021,9,20470421,high_shape,Higher Weibull shape,3,0.3,1.8,1,0.1,0.97,2000,0.3,0.1,1500,2.2892485419851427,0.125,0.027857142857142858,1400,600,700,700
cp_cox_split_support_fit,CP + Cox (Split Support/Fit),0.9033333333333333,1.9913069626971203,0.10343792296535846,s021,9,20470421,high_shape,Higher Weibull shape,3,0.3,1.8,1,0.1,0.97,2000,0.3,0.1,1500,2.2892485419851427,0.125,0.027857142857142858,1400,600,700,700
cp_cox_full,CP + Cox,0.8883333333333333,2.131950534917738,0.09251216730125404,s021,10,20470422,high_shape,Higher Weibull shape,3,0.3,1.8,1,0.1,0.97,2000,0.3,0.1,1500,2.4642577622447432,0.13142857142857142,0.020714285714285713,1400,600,700,700
cp_cox_split_support_fit,CP + Cox (Split Support/Fit),0.8966666666666666,2.1490280514572673,0.07461668132371758,s021,10,20470422,high_shape,Higher Weibull shape,3,0.3,1.8,1,0.1,0.97,2000,0.3,0.1,1500,2.4642577622447432,0.13142857142857142,0.020714285714285713,1400,600,700,700
cp_cox_full,CP + Cox,0.9133333333333333,2.139366398219115,0.08650800050417118,s021,11,20470423,high_shape,Higher Weibull shape,3,0.3,1.8,1,0.1,0.97,2000,0.3,0.1,1500,2.4265474953291344,0.11357142857142857,0.02,1400,600,700,700
cp_cox_split_support_fit,CP + Cox (Split Support/Fit),0.9116666666666666,2.133058519477612,0.08684050558163922,s021,11,20470423,high_shape,Higher Weibull shape,3,0.3,1.8,1,0.1,0.97,2000,0.3,0.1,1500,2.4265474953291344,0.11357142857142857,0.02,1400,600,700,700
cp_cox_full,CP + Cox,0.9133333333333333,1.9771242326815721,0.08586098850794904,s021,12,20470424,high_shape,Higher Weibull shape,3,0.3,1.8,1,0.1,0.97,2000,0.3,0.1,1500,2.2597464215078236,0.12642857142857142,0.022857142857142857,1400,600,700,700
cp_cox_split_support_fit,CP + Cox (Split Support/Fit),0.91,1.9707518556534012,0.09560702516066472,s021,12,20470424,high_shape,Higher Weibull shape,3,0.3,1.8,1,0.1,0.97,2000,0.3,0.1,1500,2.2597464215078236,0.12642857142857142,0.022857142857142857,1400,600,700,700
cp_cox_full,CP + Cox,0.8916666666666667,1.9577286208007096,0.09026108863595367,s021,13,20470425,high_shape,Higher Weibull shape,3,0.3,1.8,1,0.1,0.97,2000,0.3,0.1,1500,2.2789964652635515,0.12928571428571428,0.027857142857142858,1400,600,700,700
cp_cox_split_support_fit,CP + Cox (Split Support/Fit),0.905,1.976174010967786,0.07566401117877054,s021,13,20470425,high_shape,Higher Weibull shape,3,0.3,1.8,1,0.1,0.97,2000,0.3,0.1,1500,2.2789964652635515,0.12928571428571428,0.027857142857142858,1400,600,700,700
cp_cox_full,CP + Cox,0.9133333333333333,1.9292381631092197,0.09013557140860119,s021,14,20470426,high_shape,Higher Weibull shape,3,0.3,1.8,1,0.1,0.97,2000,0.3,0.1,1500,2.2522442949700783,0.13285714285714287,0.02642857142857143,1400,600,700,700
cp_cox_split_support_fit,CP + Cox (Split Support/Fit),0.9233333333333333,1.9653435719005552,0.07042542377258387,s021,14,20470426,high_shape,Higher Weibull shape,3,0.3,1.8,1,0.1,0.97,2000,0.3,0.1,1500,2.2522442949700783,0.13285714285714287,0.02642857142857143,1400,600,700,700
cp_cox_full,CP + Cox,0.8966666666666666,2.192637548433645,0.07773064749370127,s021,15,20470427,high_shape,Higher Weibull shape,3,0.3,1.8,1,0.1,0.97,2000,0.3,0.1,1500,2.4934900686374437,0.12785714285714286,0.020714285714285713,1400,600,700,700
cp_cox_split_support_fit,CP + Cox (Split Support/Fit),0.8933333333333333,2.1909268097241656,0.07636158755383567,s021,15,20470427,high_shape,Higher Weibull shape,3,0.3,1.8,1,0.1,0.97,2000,0.3,0.1,1500,2.4934900686374437,0.12785714285714286,0.020714285714285713,1400,600,700,700
cp_cox_full,CP + Cox,0.9033333333333333,2.048473118069668,0.08883874387545869,s021,16,20470428,high_shape,Higher Weibull shape,3,0.3,1.8,1,0.1,0.97,2000,0.3,0.1,1500,2.329829744438499,0.13071428571428573,0.02142857142857143,1400,600,700,700
cp_cox_split_support_fit,CP + Cox (Split Support/Fit),0.9016666666666666,2.043271960943356,0.09321329502303388,s021,16,20470428,high_shape,Higher Weibull shape,3,0.3,1.8,1,0.1,0.97,2000,0.3,0.1,1500,2.329829744438499,0.13071428571428573,0.02142857142857143,1400,600,700,700
cp_cox_full,CP + Cox,0.905,2.023941695178543,0.09279832545977482,s021,17,20470429,high_shape,Higher Weibull shape,3,0.3,1.8,1,0.1,0.97,2000,0.3,0.1,1500,2.318056078280238,0.13142857142857142,0.022857142857142857,1400,600,700,700
cp_cox_split_support_fit,CP + Cox (Split Support/Fit),0.9133333333333333,2.032666504248941,0.09073049758658419,s021,17,20470429,high_shape,Higher Weibull shape,3,0.3,1.8,1,0.1,0.97,2000,0.3,0.1,1500,2.318056078280238,0.13142857142857142,0.022857142857142857,1400,600,700,700
cp_cox_full,CP + Cox,0.8783333333333333,2.0734594805235647,0.090585968641986,s021,18,20470430,high_shape,Higher Weibull shape,3,0.3,1.8,1,0.1,0.97,2000,0.3,0.1,1500,2.390400752059064,0.13142857142857142,0.020714285714285713,1400,600,700,700
cp_cox_split_support_fit,CP + Cox (Split Support/Fit),0.9216666666666666,2.1302738735725697,0.06887530538052494,s021,18,20470430,high_shape,Higher Weibull shape,3,0.3,1.8,1,0.1,0.97,2000,0.3,0.1,1500,2.390400752059064,0.13142857142857142,0.020714285714285713,1400,600,700,700
cp_cox_full,CP + Cox,0.925,2.0975173810265275,0.07081063090352467,s021,19,20470431,high_shape,Higher Weibull shape,3,0.3,1.8,1,0.1,0.97,2000,0.3,0.1,1500,2.3625533901800746,0.13642857142857143,0.02214285714285714,1400,600,700,700
cp_cox_split_support_fit,CP + Cox (Split Support/Fit),0.9166666666666666,2.085767455758847,0.08194337436742483,s021,19,20470431,high_shape,Higher Weibull shape,3,0.3,1.8,1,0.1,0.97,2000,0.3,0.1,1500,2.3625533901800746,0.13642857142857143,0.02214285714285714,1400,600,700,700
cp_cox_full,CP + Cox,0.9116666666666666,2.0403403628912584,0.06648754791481695,s021,20,20470432,high_shape,Higher Weibull shape,3,0.3,1.8,1,0.1,0.97,2000,0.3,0.1,1500,2.3178468622247625,0.12714285714285714,0.02142857142857143,1400,600,700,700
cp_cox_split_support_fit,CP + Cox (Split Support/Fit),0.905,2.0310603460690237,0.06711871182170617,s021,20,20470432,high_shape,Higher Weibull shape,3,0.3,1.8,1,0.1,0.97,2000,0.3,0.1,1500,2.3178468622247625,0.12714285714285714,0.02142857142857143,1400,600,700,700
cp_cox_full,CP + Cox,0.91,2.043851695309371,0.08068447436154186,s021,21,20470433,high_shape,Higher Weibull shape,3,0.3,1.8,1,0.1,0.97,2000,0.3,0.1,1500,2.342661726328151,0.13714285714285715,0.027142857142857142,1400,600,700,700
cp_cox_split_support_fit,CP + Cox (Split Support/Fit),0.9116666666666666,2.0456421532739895,0.08104797464706427,s021,21,20470433,high_shape,Higher Weibull shape,3,0.3,1.8,1,0.1,0.97,2000,0.3,0.1,1500,2.342661726328151,0.13714285714285715,0.027142857142857142,1400,600,700,700
cp_cox_full,CP + Cox,0.8583333333333333,2.0563410112592986,0.10387357427999522,s021,22,20470434,high_shape,Higher Weibull shape,3,0.3,1.8,1,0.1,0.97,2000,0.3,0.1,1500,2.3904413069270225,0.12357142857142857,0.02214285714285714,1400,600,700,700
cp_cox_split_support_fit,CP + Cox (Split Support/Fit),0.8783333333333333,2.083415269848269,0.08599346125850006,s021,22,20470434,high_shape,Higher Weibull shape,3,0.3,1.8,1,0.1,0.97,2000,0.3,0.1,1500,2.3904413069270225,0.12357142857142857,0.02214285714285714,1400,600,700,700
cp_cox_full,CP + Cox,0.91,2.0471862734785464,0.1058991450272292,s021,23,20470435,high_shape,Higher Weibull shape,3,0.3,1.8,1,0.1,0.97,2000,0.3,0.1,1500,2.3563244669359182,0.12357142857142857,0.017857142857142856,1400,600,700,700
cp_cox_split_support_fit,CP + Cox (Split Support/Fit),0.94,2.08058427472409,0.09750815178038219,s021,23,20470435,high_shape,Higher Weibull shape,3,0.3,1.8,1,0.1,0.97,2000,0.3,0.1,1500,2.3563244669359182,0.12357142857142857,0.017857142857142856,1400,600,700,700
cp_cox_full,CP + Cox,0.91,1.9957174053772195,0.07255471008970389,s021,24,20470436,high_shape,Higher Weibull shape,3,0.3,1.8,1,0.1,0.97,2000,0.3,0.1,1500,2.2798493422815316,0.12714285714285714,0.019285714285714285,1400,600,700,700
cp_cox_split_support_fit,CP + Cox (Split Support/Fit),0.9066666666666666,2.0046009279848724,0.06478975069979366,s021,24,20470436,high_shape,Higher Weibull shape,3,0.3,1.8,1,0.1,0.97,2000,0.3,0.1,1500,2.2798493422815316,0.12714285714285714,0.019285714285714285,1400,600,700,700
cp_cox_full,CP + Cox,0.89,2.1439631402613926,0.08837855023148831,s021,25,20470437,high_shape,Higher Weibull shape,3,0.3,1.8,1,0.1,0.97,2000,0.3,0.1,1500,2.453583944499667,0.12428571428571429,0.02214285714285714,1400,600,700,700
cp_cox_split_support_fit,CP + Cox (Split Support/Fit),0.875,2.1317324134654996,0.07447992993287902,s021,25,20470437,high_shape,Higher Weibull shape,3,0.3,1.8,1,0.1,0.97,2000,0.3,0.1,1500,2.453583944499667,0.12428571428571429,0.02214285714285714,1400,600,700,700
cp_cox_full,CP + Cox,0.9016666666666666,2.1058496758922156,0.07870764665065243,s021,26,20470438,high_shape,Higher Weibull shape,3,0.3,1.8,1,0.1,0.97,2000,0.3,0.1,1500,2.3873355515632166,0.13,0.023571428571428573,1400,600,700,700
cp_cox_split_support_fit,CP + Cox (Split Support/Fit),0.9116666666666666,2.114736608451339,0.07216687900703753,s021,26,20470438,high_shape,Higher Weibull shape,3,0.3,1.8,1,0.1,0.97,2000,0.3,0.1,1500,2.3873355515632166,0.13,0.023571428571428573,1400,600,700,700
cp_cox_full,CP + Cox,0.89,2.1706454060164955,0.09075027735032365,s021,27,20470439,high_shape,Higher Weibull shape,3,0.3,1.8,1,0.1,0.97,2000,0.3,0.1,1500,2.46600081391444,0.12428571428571429,0.022857142857142857,1400,600,700,700
cp_cox_split_support_fit,CP + Cox (Split Support/Fit),0.885,2.1618410608140906,0.08341029303472179,s021,27,20470439,high_shape,Higher Weibull shape,3,0.3,1.8,1,0.1,0.97,2000,0.3,0.1,1500,2.46600081391444,0.12428571428571429,0.022857142857142857,1400,600,700,700
cp_cox_full,CP + Cox,0.8683333333333333,2.0846526225532243,0.10234357227459998,s021,28,20470440,high_shape,Higher Weibull shape,3,0.3,1.8,1,0.1,0.97,2000,0.3,0.1,1500,2.4237860101534157,0.12928571428571428,0.018571428571428572,1400,600,700,700
cp_cox_split_support_fit,CP + Cox (Split Support/Fit),0.8916666666666667,2.114373902838386,0.09072979019557835,s021,28,20470440,high_shape,Higher Weibull shape,3,0.3,1.8,1,0.1,0.97,2000,0.3,0.1,1500,2.4237860101534157,0.12928571428571428,0.018571428571428572,1400,600,700,700
cp_cox_full,CP + Cox,0.87,2.0530978817474557,0.11051606974841398,s021,29,20470441,high_shape,Higher Weibull shape,3,0.3,1.8,1,0.1,0.97,2000,0.3,0.1,1500,2.4059492937422635,0.12642857142857142,0.023571428571428573,1400,600,700,700
cp_cox_split_support_fit,CP + Cox (Split Support/Fit),0.8883333333333333,2.0764477808857524,0.10272048518222096,s021,29,20470441,high_shape,Higher Weibull shape,3,0.3,1.8,1,0.1,0.97,2000,0.3,0.1,1500,2.4059492937422635,0.12642857142857142,0.023571428571428573,1400,600,700,700
cp_cox_full,CP + Cox,0.9,2.186474002947574,0.08503657226223463,s021,30,20470442,high_shape,Higher Weibull shape,3,0.3,1.8,1,0.1,0.97,2000,0.3,0.1,1500,2.4656559266812046,0.12214285714285714,0.019285714285714285,1400,600,700,700
cp_cox_split_support_fit,CP + Cox (Split Support/Fit),0.8933333333333333,2.1750122497955853,0.09562977638811272,s021,30,20470442,high_shape,Higher Weibull shape,3,0.3,1.8,1,0.1,0.97,2000,0.3,0.1,1500,2.4656559266812046,0.12214285714285714,0.019285714285714285,1400,600,700,700
cp_cox_full,CP + Cox,0.93,0.9539139905181793,0.0870963915157465,s022,1,20480413,high_shape,Higher Weibull shape,3,0.3,1.8,1,0.2,0.75,2000,0.3,0.1,1500,1.2456646835470535,0.39285714285714285,0.17642857142857143,1400,600,700,700
cp_cox_split_support_fit,CP + Cox (Split Support/Fit),0.94,0.9682687209215338,0.08900206249129372,s022,1,20480413,high_shape,Higher Weibull shape,3,0.3,1.8,1,0.2,0.75,2000,0.3,0.1,1500,1.2456646835470535,0.39285714285714285,0.17642857142857143,1400,600,700,700
cp_cox_full,CP + Cox,0.8866666666666667,0.9287262547534598,0.08110306558324476,s022,2,20480414,high_shape,Higher Weibull shape,3,0.3,1.8,1,0.2,0.75,2000,0.3,0.1,1500,1.216322270998673,0.36357142857142855,0.1757142857142857,1400,600,700,700
cp_cox_split_support_fit,CP + Cox (Split Support/Fit),0.8783333333333333,0.9179415514174808,0.09487286358672578,s022,2,20480414,high_shape,Higher Weibull shape,3,0.3,1.8,1,0.2,0.75,2000,0.3,0.1,1500,1.216322270998673,0.36357142857142855,0.1757142857142857,1400,600,700,700
cp_cox_full,CP + Cox,0.91,0.978311791890385,0.08454213439396384,s022,3,20480415,high_shape,Higher Weibull shape,3,0.3,1.8,1,0.2,0.75,2000,0.3,0.1,1500,1.250346970159768,0.36857142857142855,0.18214285714285713,1400,600,700,700
cp_cox_split_support_fit,CP + Cox (Split Support/Fit),0.9083333333333333,0.9785572240128758,0.085036191761758,s022,3,20480415,high_shape,Higher Weibull shape,3,0.3,1.8,1,0.2,0.75,2000,0.3,0.1,1500,1.250346970159768,0.36857142857142855,0.18214285714285713,1400,600,700,700
cp_cox_full,CP + Cox,0.9066666666666666,0.9392221416540124,0.09410310442441959,s022,4,20480416,high_shape,Higher Weibull shape,3,0.3,1.8,1,0.2,0.75,2000,0.3,0.1,1500,1.2447334593520984,0.3742857142857143,0.18,1400,600,700,700
cp_cox_split_support_fit,CP + Cox (Split Support/Fit),0.93,0.9704847375415706,0.09184249333851717,s022,4,20480416,high_shape,Higher Weibull shape,3,0.3,1.8,1,0.2,0.75,2000,0.3,0.1,1500,1.2447334593520984,0.3742857142857143,0.18,1400,600,700,700
cp_cox_full,CP + Cox,0.9033333333333333,0.9197216277128857,0.0841012528342113,s022,5,20480417,high_shape,Higher Weibull shape,3,0.3,1.8,1,0.2,0.75,2000,0.3,0.1,1500,1.2334289576812039,0.36642857142857144,0.16714285714285715,1400,600,700,700
cp_cox_split_support_fit,CP + Cox (Split Support/Fit),0.9016666666666666,0.9177677435946742,0.08110287296920375,s022,5,20480417,high_shape,Higher Weibull shape,3,0.3,1.8,1,0.2,0.75,2000,0.3,0.1,1500,1.2334289576812039,0.36642857142857144,0.16714285714285715,1400,600,700,700
cp_cox_full,CP + Cox,0.8983333333333333,0.911833685267071,0.09074274835561433,s022,6,20480418,high_shape,Higher Weibull shape,3,0.3,1.8,1,0.2,0.75,2000,0.3,0.1,1500,1.2472673029621093,0.3557142857142857,0.16857142857142857,1400,600,700,700
cp_cox_split_support_fit,CP + Cox (Split Support/Fit),0.8916666666666667,0.9111877725570706,0.09086980231770814,s022,6,20480418,high_shape,Higher Weibull shape,3,0.3,1.8,1,0.2,0.75,2000,0.3,0.1,1500,1.2472673029621093,0.3557142857142857,0.16857142857142857,1400,600,700,700
cp_cox_full,CP + Cox,0.8883333333333333,0.9272823212665585,0.08403878326021022,s022,7,20480419,high_shape,Higher Weibull shape,3,0.3,1.8,1,0.2,0.75,2000,0.3,0.1,1500,1.234741198996399,0.3692857142857143,0.16142857142857142,1400,600,700,700
cp_cox_split_support_fit,CP + Cox (Split Support/Fit),0.8983333333333333,0.9390215519454735,0.08325921535208054,s022,7,20480419,high_shape,Higher Weibull shape,3,0.3,1.8,1,0.2,0.75,2000,0.3,0.1,1500,1.234741198996399,0.3692857142857143,0.16142857142857142,1400,600,700,700
cp_cox_full,CP + Cox,0.89,0.9118449369190447,0.08709259579357748,s022,8,20480420,high_shape,Higher Weibull shape,3,0.3,1.8,1,0.2,0.75,2000,0.3,0.1,1500,1.2111059009912815,0.3807142857142857,0.1657142857142857,1400,600,700,700
cp_cox_split_support_fit,CP + Cox (Split Support/Fit),0.885,0.9045872597030606,0.1081150339767766,s022,8,20480420,high_shape,Higher Weibull shape,3,0.3,1.8,1,0.2,0.75,2000,0.3,0.1,1500,1.2111059009912815,0.3807142857142857,0.1657142857142857,1400,600,700,700
cp_cox_full,CP + Cox,0.875,0.8989901414429975,0.0896261376888174,s022,9,20480421,high_shape,Higher Weibull shape,3,0.3,1.8,1,0.2,0.75,2000,0.3,0.1,1500,1.2317864016374944,0.37142857142857144,0.18571428571428572,1400,600,700,700
cp_cox_split_support_fit,CP + Cox (Split Support/Fit),0.8983333333333333,0.932433935327486,0.09051721855956023,s022,9,20480421,high_shape,Higher Weibull shape,3,0.3,1.8,1,0.2,0.75,2000,0.3,0.1,1500,1.2317864016374944,0.37142857142857144,0.18571428571428572,1400,600,700,700
cp_cox_full,CP + Cox,0.9066666666666666,0.9359294524894309,0.0895106517043903,s022,10,20480422,high_shape,Higher Weibull shape,3,0.3,1.8,1,0.2,0.75,2000,0.3,0.1,1500,1.2518579408491626,0.3821428571428571,0.17642857142857143,1400,600,700,700
cp_cox_split_support_fit,CP + Cox (Split Support/Fit),0.9083333333333333,0.9378066795793358,0.08860359873555396,s022,10,20480422,high_shape,Higher Weibull shape,3,0.3,1.8,1,0.2,0.75,2000,0.3,0.1,1500,1.2518579408491626,0.3821428571428571,0.17642857142857143,1400,600,700,700
cp_cox_full,CP + Cox,0.905,0.9612789772563498,0.0801282412060957,s022,11,20480423,high_shape,Higher Weibull shape,3,0.3,1.8,1,0.2,0.75,2000,0.3,0.1,1500,1.2595651565349923,0.34714285714285714,0.18428571428571427,1400,600,700,700
cp_cox_split_support_fit,CP + Cox (Split Support/Fit),0.9,0.9461888169424747,0.09252475860192548,s022,11,20480423,high_shape,Higher Weibull shape,3,0.3,1.8,1,0.2,0.75,2000,0.3,0.1,1500,1.2595651565349923,0.34714285714285714,0.18428571428571427,1400,600,700,700
cp_cox_full,CP + Cox,0.8816666666666667,0.943643836843082,0.09086626861467578,s022,12,20480424,high_shape,Higher Weibull shape,3,0.3,1.8,1,0.2,0.75,2000,0.3,0.1,1500,1.254115804482438,0.36857142857142855,0.18357142857142858,1400,600,700,700
cp_cox_split_support_fit,CP + Cox (Split Support/Fit),0.8766666666666667,0.9191856838742904,0.10506943021647545,s022,12,20480424,high_shape,Higher Weibull shape,3,0.3,1.8,1,0.2,0.75,2000,0.3,0.1,1500,1.254115804482438,0.36857142857142855,0.18357142857142858,1400,600,700,700
cp_cox_full,CP + Cox,0.8916666666666667,0.9038102970473095,0.08476906012470836,s022,13,20480425,high_shape,Higher Weibull shape,3,0.3,1.8,1,0.2,0.75,2000,0.3,0.1,1500,1.2021505802092236,0.3842857142857143,0.16428571428571428,1400,600,700,700
cp_cox_split_support_fit,CP + Cox (Split Support/Fit),0.8883333333333333,0.8948647329988736,0.10682844123785455,s022,13,20480425,high_shape,Higher Weibull shape,3,0.3,1.8,1,0.2,0.75,2000,0.3,0.1,1500,1.2021505802092236,0.3842857142857143,0.16428571428571428,1400,600,700,700
cp_cox_full,CP + Cox,0.8883333333333333,0.9393306482513715,0.08465236029209279,s022,14,20480426,high_shape,Higher Weibull shape,3,0.3,1.8,1,0.2,0.75,2000,0.3,0.1,1500,1.2462094016700482,0.37285714285714283,0.1707142857142857,1400,600,700,700
cp_cox_split_support_fit,CP + Cox (Split Support/Fit),0.885,0.9337279482595205,0.08246967918928254,s022,14,20480426,high_shape,Higher Weibull shape,3,0.3,1.8,1,0.2,0.75,2000,0.3,0.1,1500,1.2462094016700482,0.37285714285714283,0.1707142857142857,1400,600,700,700
cp_cox_full,CP + Cox,0.9183333333333333,0.9399988348336651,0.10434375045441557,s022,15,20480427,high_shape,Higher Weibull shape,3,0.3,1.8,1,0.2,0.75,2000,0.3,0.1,1500,1.2354568503583945,0.3871428571428571,0.1757142857142857,1400,600,700,700
cp_cox_split_support_fit,CP + Cox (Split Support/Fit),0.9066666666666666,0.9221651905274868,0.11210832172672457,s022,15,20480427,high_shape,Higher Weibull shape,3,0.3,1.8,1,0.2,0.75,2000,0.3,0.1,1500,1.2354568503583945,0.3871428571428571,0.1757142857142857,1400,600,700,700
cp_cox_full,CP + Cox,0.8916666666666667,0.9437694652004845,0.10180704800759684,s022,16,20480428,high_shape,Higher Weibull shape,3,0.3,1.8,1,0.2,0.75,2000,0.3,0.1,1500,1.2605266106318473,0.3692857142857143,0.18571428571428572,1400,600,700,700
cp_cox_split_support_fit,CP + Cox (Split Support/Fit),0.9,0.9725099714795297,0.09047296663503711,s022,16,20480428,high_shape,Higher Weibull shape,3,0.3,1.8,1,0.2,0.75,2000,0.3,0.1,1500,1.2605266106318473,0.3692857142857143,0.18571428571428572,1400,600,700,700
cp_cox_full,CP + Cox,0.8883333333333333,0.9437509117515047,0.09485014758031407,s022,17,20480429,high_shape,Higher Weibull shape,3,0.3,1.8,1,0.2,0.75,2000,0.3,0.1,1500,1.2606370133669675,0.3628571428571429,0.16714285714285715,1400,600,700,700
cp_cox_split_support_fit,CP + Cox (Split Support/Fit),0.8916666666666667,0.9454674323882805,0.10224733887491887,s022,17,20480429,high_shape,Higher Weibull shape,3,0.3,1.8,1,0.2,0.75,2000,0.3,0.1,1500,1.2606370133669675,0.3628571428571429,0.16714285714285715,1400,600,700,700
cp_cox_full,CP + Cox,0.8966666666666666,0.9189649932311971,0.09678554269608,s022,18,20480430,high_shape,Higher Weibull shape,3,0.3,1.8,1,0.2,0.75,2000,0.3,0.1,1500,1.2295548781714536,0.3914285714285714,0.17857142857142858,1400,600,700,700
cp_cox_split_support_fit,CP + Cox (Split Support/Fit),0.9,0.928102411314579,0.09068171546183555,s022,18,20480430,high_shape,Higher Weibull shape,3,0.3,1.8,1,0.2,0.75,2000,0.3,0.1,1500,1.2295548781714536,0.3914285714285714,0.17857142857142858,1400,600,700,700
cp_cox_full,CP + Cox,0.9083333333333333,0.9119195193700419,0.07688672594352071,s022,19,20480431,high_shape,Higher Weibull shape,3,0.3,1.8,1,0.2,0.75,2000,0.3,0.1,1500,1.1977397367556275,0.3914285714285714,0.1657142857142857,1400,600,700,700
cp_cox_split_support_fit,CP + Cox (Split Support/Fit),0.9183333333333333,0.9211838980723943,0.08245055425569216,s022,19,20480431,high_shape,Higher Weibull shape,3,0.3,1.8,1,0.2,0.75,2000,0.3,0.1,1500,1.1977397367556275,0.3914285714285714,0.1657142857142857,1400,600,700,700
cp_cox_full,CP + Cox,0.885,0.9308630633405037,0.09665164666886629,s022,20,20480432,high_shape,Higher Weibull shape,3,0.3,1.8,1,0.2,0.75,2000,0.3,0.1,1500,1.2461552571519705,0.37142857142857144,0.17214285714285715,1400,600,700,700
cp_cox_split_support_fit,CP + Cox (Split Support/Fit),0.8883333333333333,0.9334237035964181,0.08913016461782687,s022,20,20480432,high_shape,Higher Weibull shape,3,0.3,1.8,1,0.2,0.75,2000,0.3,0.1,1500,1.2461552571519705,0.37142857142857144,0.17214285714285715,1400,600,700,700
cp_cox_full,CP + Cox,0.8716666666666667,0.9286909264478285,0.10153525201429953,s022,21,20480433,high_shape,Higher Weibull shape,3,0.3,1.8,1,0.2,0.75,2000,0.3,0.1,1500,1.2552668651482084,0.3607142857142857,0.17785714285714285,1400,600,700,700
cp_cox_split_support_fit,CP + Cox (Split Support/Fit),0.8933333333333333,0.9544526195849349,0.0949021036107326,s022,21,20480433,high_shape,Higher Weibull shape,3,0.3,1.8,1,0.2,0.75,2000,0.3,0.1,1500,1.2552668651482084,0.3607142857142857,0.17785714285714285,1400,600,700,700
cp_cox_full,CP + Cox,0.9333333333333333,0.9979655846994668,0.10095906494946481,s022,22,20480434,high_shape,Higher Weibull shape,3,0.3,1.8,1,0.2,0.75,2000,0.3,0.1,1500,1.253696843959204,0.3607142857142857,0.16785714285714284,1400,600,700,700
cp_cox_split_support_fit,CP + Cox (Split Support/Fit),0.9316666666666666,0.9920654013819862,0.10686180696011027,s022,22,20480434,high_shape,Higher Weibull shape,3,0.3,1.8,1,0.2,0.75,2000,0.3,0.1,1500,1.253696843959204,0.3607142857142857,0.16785714285714284,1400,600,700,700
cp_cox_full,CP + Cox,0.88,0.941671373385185,0.08811763835291458,s022,23,20480435,high_shape,Higher Weibull shape,3,0.3,1.8,1,0.2,0.75,2000,0.3,0.1,1500,1.2396917641726692,0.3585714285714286,0.1757142857142857,1400,600,700,700
cp_cox_split_support_fit,CP + Cox (Split Support/Fit),0.87,0.9280914395583619,0.07792702092240311,s022,23,20480435,high_shape,Higher Weibull shape,3,0.3,1.8,1,0.2,0.75,2000,0.3,0.1,1500,1.2396917641726692,0.3585714285714286,0.1757142857142857,1400,600,700,700
cp_cox_full,CP + Cox,0.9083333333333333,0.9695820543486241,0.0967561924631617,s022,24,20480436,high_shape,Higher Weibull shape,3,0.3,1.8,1,0.2,0.75,2000,0.3,0.1,1500,1.2683727373822307,0.39285714285714285,0.165,1400,600,700,700
cp_cox_split_support_fit,CP + Cox (Split Support/Fit),0.8933333333333333,0.9463988720826875,0.11335366650120939,s022,24,20480436,high_shape,Higher Weibull shape,3,0.3,1.8,1,0.2,0.75,2000,0.3,0.1,1500,1.2683727373822307,0.39285714285714285,0.165,1400,600,700,700
cp_cox_full,CP + Cox,0.8966666666666666,0.9203341076156846,0.08564161603409842,s022,25,20480437,high_shape,Higher Weibull shape,3,0.3,1.8,1,0.2,0.75,2000,0.3,0.1,1500,1.2302488034174677,0.37142857142857144,0.17285714285714285,1400,600,700,700
cp_cox_split_support_fit,CP + Cox (Split Support/Fit),0.88,0.8916619877227668,0.10163427248483665,s022,25,20480437,high_shape,Higher Weibull shape,3,0.3,1.8,1,0.2,0.75,2000,0.3,0.1,1500,1.2302488034174677,0.37142857142857144,0.17285714285714285,1400,600,700,700
cp_cox_full,CP + Cox,0.8933333333333333,0.9144708617238962,0.0982980169151639,s022,26,20480438,high_shape,Higher Weibull shape,3,0.3,1.8,1,0.2,0.75,2000,0.3,0.1,1500,1.2197042652123868,0.38285714285714284,0.17214285714285715,1400,600,700,700
cp_cox_split_support_fit,CP + Cox (Split Support/Fit),0.9233333333333333,0.9679145284666099,0.07699089805550256,s022,26,20480438,high_shape,Higher Weibull shape,3,0.3,1.8,1,0.2,0.75,2000,0.3,0.1,1500,1.2197042652123868,0.38285714285714284,0.17214285714285715,1400,600,700,700
cp_cox_full,CP + Cox,0.8983333333333333,0.972552153415016,0.08534619742885076,s022,27,20480439,high_shape,Higher Weibull shape,3,0.3,1.8,1,0.2,0.75,2000,0.3,0.1,1500,1.272800017534915,0.37642857142857145,0.17857142857142858,1400,600,700,700
cp_cox_split_support_fit,CP + Cox (Split Support/Fit),0.8933333333333333,0.9582088125750343,0.1020351874599085,s022,27,20480439,high_shape,Higher Weibull shape,3,0.3,1.8,1,0.2,0.75,2000,0.3,0.1,1500,1.272800017534915,0.37642857142857145,0.17857142857142858,1400,600,700,700
cp_cox_full,CP + Cox,0.9116666666666666,0.9883388816690412,0.06761578869511367,s022,28,20480440,high_shape,Higher Weibull shape,3,0.3,1.8,1,0.2,0.75,2000,0.3,0.1,1500,1.2771232380051931,0.37357142857142855,0.16714285714285715,1400,600,700,700
cp_cox_split_support_fit,CP + Cox (Split Support/Fit),0.8983333333333333,0.9681839974652403,0.07239031783581382,s022,28,20480440,high_shape,Higher Weibull shape,3,0.3,1.8,1,0.2,0.75,2000,0.3,0.1,1500,1.2771232380051931,0.37357142857142855,0.16714285714285715,1400,600,700,700
cp_cox_full,CP + Cox,0.9016666666666666,0.9203353914289746,0.11904527603026749,s022,29,20480441,high_shape,Higher Weibull shape,3,0.3,1.8,1,0.2,0.75,2000,0.3,0.1,1500,1.25124535200206,0.3921428571428571,0.16857142857142857,1400,600,700,700
cp_cox_split_support_fit,CP + Cox (Split Support/Fit),0.9266666666666666,0.9518578128845504,0.12163232289314535,s022,29,20480441,high_shape,Higher Weibull shape,3,0.3,1.8,1,0.2,0.75,2000,0.3,0.1,1500,1.25124535200206,0.3921428571428571,0.16857142857142857,1400,600,700,700
cp_cox_full,CP + Cox,0.905,0.9665094524204908,0.0990869522618484,s022,30,20480442,high_shape,Higher Weibull shape,3,0.3,1.8,1,0.2,0.75,2000,0.3,0.1,1500,1.2720535406526061,0.3807142857142857,0.15571428571428572,1400,600,700,700
cp_cox_split_support_fit,CP + Cox (Split Support/Fit),0.93,1.0021932033062855,0.07618897265280067,s022,30,20480442,high_shape,Higher Weibull shape,3,0.3,1.8,1,0.2,0.75,2000,0.3,0.1,1500,1.2720535406526061,0.3807142857142857,0.15571428571428572,1400,600,700,700
cp_cox_full,CP + Cox,0.8966666666666666,1.4544423418711558,0.09390367713882831,s023,1,20490413,high_shape,Higher Weibull shape,3,0.3,1.8,1,0.2,0.9,2000,0.3,0.1,1500,1.7495581604972745,0.24857142857142858,0.07071428571428572,1400,600,700,700
cp_cox_split_support_fit,CP + Cox (Split Support/Fit),0.91,1.4746966538330986,0.0710462971799999,s023,1,20490413,high_shape,Higher Weibull shape,3,0.3,1.8,1,0.2,0.9,2000,0.3,0.1,1500,1.7495581604972745,0.24857142857142858,0.07071428571428572,1400,600,700,700
cp_cox_full,CP + Cox,0.91,1.4571253021562118,0.08242974633294058,s023,2,20490414,high_shape,Higher Weibull shape,3,0.3,1.8,1,0.2,0.9,2000,0.3,0.1,1500,1.7431825340071514,0.275,0.060714285714285714,1400,600,700,700
cp_cox_split_support_fit,CP + Cox (Split Support/Fit),0.885,1.4066887487405881,0.09206518196085897,s023,2,20490414,high_shape,Higher Weibull shape,3,0.3,1.8,1,0.2,0.9,2000,0.3,0.1,1500,1.7431825340071514,0.275,0.060714285714285714,1400,600,700,700
cp_cox_full,CP + Cox,0.895,1.4750163010592725,0.09190218946249479,s023,3,20490415,high_shape,Higher Weibull shape,3,0.3,1.8,1,0.2,0.9,2000,0.3,0.1,1500,1.7634644057448776,0.26071428571428573,0.05285714285714286,1400,600,700,700
cp_cox_split_support_fit,CP + Cox (Split Support/Fit),0.905,1.490979990251784,0.08987220229439645,s023,3,20490415,high_shape,Higher Weibull shape,3,0.3,1.8,1,0.2,0.9,2000,0.3,0.1,1500,1.7634644057448776,0.26071428571428573,0.05285714285714286,1400,600,700,700
cp_cox_full,CP + Cox,0.9016666666666666,1.4522234947762689,0.10709023577009859,s023,4,20490416,high_shape,Higher Weibull shape,3,0.3,1.8,1,0.2,0.9,2000,0.3,0.1,1500,1.7682025000113837,0.28285714285714286,0.055,1400,600,700,700
cp_cox_split_support_fit,CP + Cox (Split Support/Fit),0.8683333333333333,1.3919745951124431,0.13538389235823112,s023,4,20490416,high_shape,Higher Weibull shape,3,0.3,1.8,1,0.2,0.9,2000,0.3,0.1,1500,1.7682025000113837,0.28285714285714286,0.055,1400,600,700,700
cp_cox_full,CP + Cox,0.9116666666666666,1.468623037077555,0.07717734979742502,s023,5,20490417,high_shape,Higher Weibull shape,3,0.3,1.8,1,0.2,0.9,2000,0.3,0.1,1500,1.7398925292280496,0.26285714285714284,0.06428571428571428,1400,600,700,700
cp_cox_split_support_fit,CP + Cox (Split Support/Fit),0.9016666666666666,1.4557181987716596,0.08563114711263628,s023,5,20490417,high_shape,Higher Weibull shape,3,0.3,1.8,1,0.2,0.9,2000,0.3,0.1,1500,1.7398925292280496,0.26285714285714284,0.06428571428571428,1400,600,700,700
cp_cox_full,CP + Cox,0.895,1.4323808688412913,0.09812338188698089,s023,6,20490418,high_shape,Higher Weibull shape,3,0.3,1.8,1,0.2,0.9,2000,0.3,0.1,1500,1.7610423222124356,0.2742857142857143,0.06428571428571428,1400,600,700,700
cp_cox_split_support_fit,CP + Cox (Split Support/Fit),0.905,1.4377575679839605,0.09720640929363726,s023,6,20490418,high_shape,Higher Weibull shape,3,0.3,1.8,1,0.2,0.9,2000,0.3,0.1,1500,1.7610423222124356,0.2742857142857143,0.06428571428571428,1400,600,700,700
cp_cox_full,CP + Cox,0.89,1.4282291333274344,0.07992282272619039,s023,7,20490419,high_shape,Higher Weibull shape,3,0.3,1.8,1,0.2,0.9,2000,0.3,0.1,1500,1.719034699007985,0.27785714285714286,0.06142857142857143,1400,600,700,700
cp_cox_split_support_fit,CP + Cox (Split Support/Fit),0.8883333333333333,1.4246719652593176,0.0922450473077394,s023,7,20490419,high_shape,Higher Weibull shape,3,0.3,1.8,1,0.2,0.9,2000,0.3,0.1,1500,1.719034699007985,0.27785714285714286,0.06142857142857143,1400,600,700,700
cp_cox_full,CP + Cox,0.9133333333333333,1.4071170330070015,0.0937960431979262,s023,8,20490420,high_shape,Higher Weibull shape,3,0.3,1.8,1,0.2,0.9,2000,0.3,0.1,1500,1.7187216213533008,0.23142857142857143,0.06142857142857143,1400,600,700,700
cp_cox_split_support_fit,CP + Cox (Split Support/Fit),0.9283333333333333,1.4365830945394369,0.0822033092841239,s023,8,20490420,high_shape,Higher Weibull shape,3,0.3,1.8,1,0.2,0.9,2000,0.3,0.1,1500,1.7187216213533008,0.23142857142857143,0.06142857142857143,1400,600,700,700
cp_cox_full,CP + Cox,0.8983333333333333,1.4309809315551476,0.08672346858351358,s023,9,20490421,high_shape,Higher Weibull shape,3,0.3,1.8,1,0.2,0.9,2000,0.3,0.1,1500,1.7315096147355702,0.25642857142857145,0.06571428571428571,1400,600,700,700
cp_cox_split_support_fit,CP + Cox (Split Support/Fit),0.9016666666666666,1.4374062773678025,0.06971454860724435,s023,9,20490421,high_shape,Higher Weibull shape,3,0.3,1.8,1,0.2,0.9,2000,0.3,0.1,1500,1.7315096147355702,0.25642857142857145,0.06571428571428571,1400,600,700,700
cp_cox_full,CP + Cox,0.9116666666666666,1.4884573846337898,0.07623987912392131,s023,10,20490422,high_shape,Higher Weibull shape,3,0.3,1.8,1,0.2,0.9,2000,0.3,0.1,1500,1.7694124687167747,0.2814285714285714,0.062142857142857146,1400,600,700,700
cp_cox_split_support_fit,CP + Cox (Split Support/Fit),0.905,1.4543039622930465,0.09822734238625698,s023,10,20490422,high_shape,Higher Weibull shape,3,0.3,1.8,1,0.2,0.9,2000,0.3,0.1,1500,1.7694124687167747,0.2814285714285714,0.062142857142857146,1400,600,700,700
cp_cox_full,CP + Cox,0.915,1.4417447805880756,0.07831854337770591,s023,11,20490423,high_shape,Higher Weibull shape,3,0.3,1.8,1,0.2,0.9,2000,0.3,0.1,1500,1.7374493375166995,0.255,0.06285714285714286,1400,600,700,700
cp_cox_split_support_fit,CP + Cox (Split Support/Fit),0.9016666666666666,1.4211404670504932,0.07556123206945797,s023,11,20490423,high_shape,Higher Weibull shape,3,0.3,1.8,1,0.2,0.9,2000,0.3,0.1,1500,1.7374493375166995,0.255,0.06285714285714286,1400,600,700,700
cp_cox_full,CP + Cox,0.885,1.380913301415496,0.07983871537957134,s023,12,20490424,high_shape,Higher Weibull shape,3,0.3,1.8,1,0.2,0.9,2000,0.3,0.1,1500,1.704076557941612,0.25142857142857145,0.060714285714285714,1400,600,700,700
cp_cox_split_support_fit,CP + Cox (Split Support/Fit),0.8783333333333333,1.3636263172213121,0.10237922756637247,s023,12,20490424,high_shape,Higher Weibull shape,3,0.3,1.8,1,0.2,0.9,2000,0.3,0.1,1500,1.704076557941612,0.25142857142857145,0.060714285714285714,1400,600,700,700
cp_cox_full,CP + Cox,0.865,1.4374889704687175,0.09227536647472101,s023,13,20490425,high_shape,Higher Weibull shape,3,0.3,1.8,1,0.2,0.9,2000,0.3,0.1,1500,1.7606119380654353,0.27785714285714286,0.075,1400,600,700,700
cp_cox_split_support_fit,CP + Cox (Split Support/Fit),0.875,1.445389155026101,0.0846599480038609,s023,13,20490425,high_shape,Higher Weibull shape,3,0.3,1.8,1,0.2,0.9,2000,0.3,0.1,1500,1.7606119380654353,0.27785714285714286,0.075,1400,600,700,700
cp_cox_full,CP + Cox,0.8933333333333333,1.4236337145231772,0.09318960977628464,s023,14,20490426,high_shape,Higher Weibull shape,3,0.3,1.8,1,0.2,0.9,2000,0.3,0.1,1500,1.7396817438199477,0.2757142857142857,0.06571428571428571,1400,600,700,700
cp_cox_split_support_fit,CP + Cox (Split Support/Fit),0.8866666666666667,1.406144669656902,0.11074169532216172,s023,14,20490426,high_shape,Higher Weibull shape,3,0.3,1.8,1,0.2,0.9,2000,0.3,0.1,1500,1.7396817438199477,0.2757142857142857,0.06571428571428571,1400,600,700,700
cp_cox_full,CP + Cox,0.905,1.4723969212461614,0.08842481058184405,s023,15,20490427,high_shape,Higher Weibull shape,3,0.3,1.8,1,0.2,0.9,2000,0.3,0.1,1500,1.7630363865597887,0.28785714285714287,0.060714285714285714,1400,600,700,700
cp_cox_split_support_fit,CP + Cox (Split Support/Fit),0.9216666666666666,1.4944214655381827,0.07167595307952894,s023,15,20490427,high_shape,Higher Weibull shape,3,0.3,1.8,1,0.2,0.9,2000,0.3,0.1,1500,1.7630363865597887,0.28785714285714287,0.060714285714285714,1400,600,700,700
cp_cox_full,CP + Cox,0.8966666666666666,1.3749910910496435,0.12367445404924542,s023,16,20490428,high_shape,Higher Weibull shape,3,0.3,1.8,1,0.2,0.9,2000,0.3,0.1,1500,1.7046535415043227,0.28785714285714287,0.06714285714285714,1400,600,700,700
cp_cox_split_support_fit,CP + Cox (Split Support/Fit),0.8933333333333333,1.3765288755045493,0.13911631574428412,s023,16,20490428,high_shape,Higher Weibull shape,3,0.3,1.8,1,0.2,0.9,2000,0.3,0.1,1500,1.7046535415043227,0.28785714285714287,0.06714285714285714,1400,600,700,700
cp_cox_full,CP + Cox,0.9,1.3891320608794462,0.08168540319712939,s023,17,20490429,high_shape,Higher Weibull shape,3,0.3,1.8,1,0.2,0.9,2000,0.3,0.1,1500,1.6929912481136062,0.25285714285714284,0.05928571428571429,1400,600,700,700
cp_cox_split_support_fit,CP + Cox (Split Support/Fit),0.9083333333333333,1.4016535143520639,0.07847809764090438,s023,17,20490429,high_shape,Higher Weibull shape,3,0.3,1.8,1,0.2,0.9,2000,0.3,0.1,1500,1.6929912481136062,0.25285714285714284,0.05928571428571429,1400,600,700,700
cp_cox_full,CP + Cox,0.9116666666666666,1.4235557856207322,0.09659007375810068,s023,18,20490430,high_shape,Higher Weibull shape,3,0.3,1.8,1,0.2,0.9,2000,0.3,0.1,1500,1.7421796285363382,0.2714285714285714,0.06285714285714286,1400,600,700,700
cp_cox_split_support_fit,CP + Cox (Split Support/Fit),0.93,1.4707952169874472,0.07646124875470285,s023,18,20490430,high_shape,Higher Weibull shape,3,0.3,1.8,1,0.2,0.9,2000,0.3,0.1,1500,1.7421796285363382,0.2714285714285714,0.06285714285714286,1400,600,700,700
cp_cox_full,CP + Cox,0.905,1.4610061730563075,0.09195321544020113,s023,19,20490431,high_shape,Higher Weibull shape,3,0.3,1.8,1,0.2,0.9,2000,0.3,0.1,1500,1.7393557216870463,0.25857142857142856,0.055,1400,600,700,700
cp_cox_split_support_fit,CP + Cox (Split Support/Fit),0.9133333333333333,1.4736168408794694,0.10103516673774483,s023,19,20490431,high_shape,Higher Weibull shape,3,0.3,1.8,1,0.2,0.9,2000,0.3,0.1,1500,1.7393557216870463,0.25857142857142856,0.055,1400,600,700,700
cp_cox_full,CP + Cox,0.9,1.481140083543971,0.09138747597960924,s023,20,20490432,high_shape,Higher Weibull shape,3,0.3,1.8,1,0.2,0.9,2000,0.3,0.1,1500,1.7843756380249383,0.2764285714285714,0.07,1400,600,700,700
cp_cox_split_support_fit,CP + Cox (Split Support/Fit),0.9116666666666666,1.5133516237954083,0.08446840429582608,s023,20,20490432,high_shape,Higher Weibull shape,3,0.3,1.8,1,0.2,0.9,2000,0.3,0.1,1500,1.7843756380249383,0.2764285714285714,0.07,1400,600,700,700
cp_cox_full,CP + Cox,0.8966666666666666,1.482592248912818,0.09518094730271913,s023,21,20490433,high_shape,Higher Weibull shape,3,0.3,1.8,1,0.2,0.9,2000,0.3,0.1,1500,1.7812347704919227,0.27071428571428574,0.062142857142857146,1400,600,700,700
cp_cox_split_support_fit,CP + Cox (Split Support/Fit),0.895,1.4711197197558372,0.09762637989241951,s023,21,20490433,high_shape,Higher Weibull shape,3,0.3,1.8,1,0.2,0.9,2000,0.3,0.1,1500,1.7812347704919227,0.27071428571428574,0.062142857142857146,1400,600,700,700
cp_cox_full,CP + Cox,0.865,1.4130099436260188,0.10403126849504042,s023,22,20490434,high_shape,Higher Weibull shape,3,0.3,1.8,1,0.2,0.9,2000,0.3,0.1,1500,1.728408485277008,0.27071428571428574,0.06428571428571428,1400,600,700,700
cp_cox_split_support_fit,CP + Cox (Split Support/Fit),0.87,1.425718777800332,0.10055661792341529,s023,22,20490434,high_shape,Higher Weibull shape,3,0.3,1.8,1,0.2,0.9,2000,0.3,0.1,1500,1.728408485277008,0.27071428571428574,0.06428571428571428,1400,600,700,700
cp_cox_full,CP + Cox,0.92,1.4650116773615416,0.08581066064170526,s023,23,20490435,high_shape,Higher Weibull shape,3,0.3,1.8,1,0.2,0.9,2000,0.3,0.1,1500,1.7364222751981224,0.25857142857142856,0.062142857142857146,1400,600,700,700
cp_cox_split_support_fit,CP + Cox (Split Support/Fit),0.91,1.453654905535933,0.08683499514484941,s023,23,20490435,high_shape,Higher Weibull shape,3,0.3,1.8,1,0.2,0.9,2000,0.3,0.1,1500,1.7364222751981224,0.25857142857142856,0.062142857142857146,1400,600,700,700
cp_cox_full,CP + Cox,0.885,1.3967772272604595,0.0890370717390577,s023,24,20490436,high_shape,Higher Weibull shape,3,0.3,1.8,1,0.2,0.9,2000,0.3,0.1,1500,1.7023262939430779,0.2857142857142857,0.06928571428571428,1400,600,700,700
cp_cox_split_support_fit,CP + Cox (Split Support/Fit),0.8916666666666667,1.4059564448366446,0.0785161779902683,s023,24,20490436,high_shape,Higher Weibull shape,3,0.3,1.8,1,0.2,0.9,2000,0.3,0.1,1500,1.7023262939430779,0.2857142857142857,0.06928571428571428,1400,600,700,700
cp_cox_full,CP + Cox,0.8966666666666666,1.4278757725601336,0.09619753665871761,s023,25,20490437,high_shape,Higher Weibull shape,3,0.3,1.8,1,0.2,0.9,2000,0.3,0.1,1500,1.7431715191656578,0.2592857142857143,0.055,1400,600,700,700
cp_cox_split_support_fit,CP + Cox (Split Support/Fit),0.9083333333333333,1.457037270802503,0.08795546525288031,s023,25,20490437,high_shape,Higher Weibull shape,3,0.3,1.8,1,0.2,0.9,2000,0.3,0.1,1500,1.7431715191656578,0.2592857142857143,0.055,1400,600,700,700
cp_cox_full,CP + Cox,0.8783333333333333,1.4745366128768054,0.09815054222869492,s023,26,20490438,high_shape,Higher Weibull shape,3,0.3,1.8,1,0.2,0.9,2000,0.3,0.1,1500,1.7881117308792955,0.27,0.06428571428571428,1400,600,700,700
cp_cox_split_support_fit,CP + Cox (Split Support/Fit),0.8666666666666667,1.4605121768814378,0.09700325003234703,s023,26,20490438,high_shape,Higher Weibull shape,3,0.3,1.8,1,0.2,0.9,2000,0.3,0.1,1500,1.7881117308792955,0.27,0.06428571428571428,1400,600,700,700
cp_cox_full,CP + Cox,0.89,1.44409500095529,0.08680698063533632,s023,27,20490439,high_shape,Higher Weibull shape,3,0.3,1.8,1,0.2,0.9,2000,0.3,0.1,1500,1.7534576651352332,0.23642857142857143,0.054285714285714284,1400,600,700,700
cp_cox_split_support_fit,CP + Cox (Split Support/Fit),0.895,1.4552756093672663,0.07704642949704103,s023,27,20490439,high_shape,Higher Weibull shape,3,0.3,1.8,1,0.2,0.9,2000,0.3,0.1,1500,1.7534576651352332,0.23642857142857143,0.054285714285714284,1400,600,700,700
cp_cox_full,CP + Cox,0.9083333333333333,1.4226680122585313,0.08003507863902046,s023,28,20490440,high_shape,Higher Weibull shape,3,0.3,1.8,1,0.2,0.9,2000,0.3,0.1,1500,1.7121304090166014,0.2714285714285714,0.06928571428571428,1400,600,700,700
cp_cox_split_support_fit,CP + Cox (Split Support/Fit),0.89,1.3951215055645172,0.10090224135051581,s023,28,20490440,high_shape,Higher Weibull shape,3,0.3,1.8,1,0.2,0.9,2000,0.3,0.1,1500,1.7121304090166014,0.2714285714285714,0.06928571428571428,1400,600,700,700
cp_cox_full,CP + Cox,0.91,1.4590604864105938,0.07882166865220451,s023,29,20490441,high_shape,Higher Weibull shape,3,0.3,1.8,1,0.2,0.9,2000,0.3,0.1,1500,1.738023689429992,0.2757142857142857,0.07285714285714286,1400,600,700,700
cp_cox_split_support_fit,CP + Cox (Split Support/Fit),0.9,1.4573204312302808,0.06694963315979628,s023,29,20490441,high_shape,Higher Weibull shape,3,0.3,1.8,1,0.2,0.9,2000,0.3,0.1,1500,1.738023689429992,0.2757142857142857,0.07285714285714286,1400,600,700,700
cp_cox_full,CP + Cox,0.8966666666666666,1.493985656630582,0.091709538577646,s023,30,20490442,high_shape,Higher Weibull shape,3,0.3,1.8,1,0.2,0.9,2000,0.3,0.1,1500,1.7899107837890638,0.24285714285714285,0.065,1400,600,700,700
cp_cox_split_support_fit,CP + Cox (Split Support/Fit),0.8883333333333333,1.474189386799858,0.0982337616617678,s023,30,20490442,high_shape,Higher Weibull shape,3,0.3,1.8,1,0.2,0.9,2000,0.3,0.1,1500,1.7899107837890638,0.24285714285714285,0.065,1400,600,700,700
cp_cox_full,CP + Cox,0.9283333333333333,1.9777647773834741,0.08606749535887238,s024,1,20500413,high_shape,Higher Weibull shape,3,0.3,1.8,1,0.2,0.97,2000,0.3,0.1,1500,2.2779954362738,0.24071428571428571,0.017142857142857144,1400,600,700,700
cp_cox_split_support_fit,CP + Cox (Split Support/Fit),0.9016666666666666,1.9300174030001465,0.10921871284160138,s024,1,20500413,high_shape,Higher Weibull shape,3,0.3,1.8,1,0.2,0.97,2000,0.3,0.1,1500,2.2779954362738,0.24071428571428571,0.017142857142857144,1400,600,700,700
cp_cox_full,CP + Cox,0.9016666666666666,1.9429163135173357,0.08346065464016865,s024,2,20500414,high_shape,Higher Weibull shape,3,0.3,1.8,1,0.2,0.97,2000,0.3,0.1,1500,2.241585491340897,0.21785714285714286,0.022857142857142857,1400,600,700,700
cp_cox_split_support_fit,CP + Cox (Split Support/Fit),0.9066666666666666,1.9510692785236143,0.07531591370955805,s024,2,20500414,high_shape,Higher Weibull shape,3,0.3,1.8,1,0.2,0.97,2000,0.3,0.1,1500,2.241585491340897,0.21785714285714286,0.022857142857142857,1400,600,700,700
cp_cox_full,CP + Cox,0.8883333333333333,2.0679270726633487,0.08602379169408911,s024,3,20500415,high_shape,Higher Weibull shape,3,0.3,1.8,1,0.2,0.97,2000,0.3,0.1,1500,2.3638851267063172,0.2092857142857143,0.019285714285714285,1400,600,700,700
cp_cox_split_support_fit,CP + Cox (Split Support/Fit),0.895,2.085018852028157,0.07725843480654443,s024,3,20500415,high_shape,Higher Weibull shape,3,0.3,1.8,1,0.2,0.97,2000,0.3,0.1,1500,2.3638851267063172,0.2092857142857143,0.019285714285714285,1400,600,700,700
cp_cox_full,CP + Cox,0.89,2.0045830038480124,0.07747390110076986,s024,4,20500416,high_shape,Higher Weibull shape,3,0.3,1.8,1,0.2,0.97,2000,0.3,0.1,1500,2.2904733894768223,0.235,0.02,1400,600,700,700
cp_cox_split_support_fit,CP + Cox (Split Support/Fit),0.8833333333333333,1.9920644102295655,0.08725361091794928,s024,4,20500416,high_shape,Higher Weibull shape,3,0.3,1.8,1,0.2,0.97,2000,0.3,0.1,1500,2.2904733894768223,0.235,0.02,1400,600,700,700
cp_cox_full,CP + Cox,0.915,2.0291784241931543,0.07466526475199656,s024,5,20500417,high_shape,Higher Weibull shape,3,0.3,1.8,1,0.2,0.97,2000,0.3,0.1,1500,2.3110462239676535,0.21214285714285713,0.014285714285714285,1400,600,700,700
cp_cox_split_support_fit,CP + Cox (Split Support/Fit),0.9216666666666666,2.040389650848729,0.07246354369082077,s024,5,20500417,high_shape,Higher Weibull shape,3,0.3,1.8,1,0.2,0.97,2000,0.3,0.1,1500,2.3110462239676535,0.21214285714285713,0.014285714285714285,1400,600,700,700
cp_cox_full,CP + Cox,0.8966666666666666,1.9236718047268826,0.10072109292494388,s024,6,20500418,high_shape,Higher Weibull shape,3,0.3,1.8,1,0.2,0.97,2000,0.3,0.1,1500,2.2265095272338704,0.20857142857142857,0.019285714285714285,1400,600,700,700
cp_cox_split_support_fit,CP + Cox (Split Support/Fit),0.905,1.9384877704237982,0.093823863506961,s024,6,20500418,high_shape,Higher Weibull shape,3,0.3,1.8,1,0.2,0.97,2000,0.3,0.1,1500,2.2265095272338704,0.20857142857142857,0.019285714285714285,1400,600,700,700
cp_cox_full,CP + Cox,0.8783333333333333,2.054186074019292,0.09888491212018913,s024,7,20500419,high_shape,Higher Weibull shape,3,0.3,1.8,1,0.2,0.97,2000,0.3,0.1,1500,2.389819441738123,0.21428571428571427,0.014285714285714285,1400,600,700,700
cp_cox_split_support_fit,CP + Cox (Split Support/Fit),0.885,2.0620333653040603,0.11413158601777604,s024,7,20500419,high_shape,Higher Weibull shape,3,0.3,1.8,1,0.2,0.97,2000,0.3,0.1,1500,2.389819441738123,0.21428571428571427,0.014285714285714285,1400,600,700,700
cp_cox_full,CP + Cox,0.9133333333333333,2.138630724442408,0.07439281444357833,s024,8,20500420,high_shape,Higher Weibull shape,3,0.3,1.8,1,0.2,0.97,2000,0.3,0.1,1500,2.4171480550419187,0.21142857142857144,0.018571428571428572,1400,600,700,700
cp_cox_split_support_fit,CP + Cox (Split Support/Fit),0.92,2.1561226100850597,0.07035072458518678,s024,8,20500420,high_shape,Higher Weibull shape,3,0.3,1.8,1,0.2,0.97,2000,0.3,0.1,1500,2.4171480550419187,0.21142857142857144,0.018571428571428572,1400,600,700,700
cp_cox_full,CP + Cox,0.915,2.0135370818282294,0.07510871858707717,s024,9,20500421,high_shape,Higher Weibull shape,3,0.3,1.8,1,0.2,0.97,2000,0.3,0.1,1500,2.2922573425379635,0.22071428571428572,0.015714285714285715,1400,600,700,700
cp_cox_split_support_fit,CP + Cox (Split Support/Fit),0.9166666666666666,2.015979965938228,0.07863904245240874,s024,9,20500421,high_shape,Higher Weibull shape,3,0.3,1.8,1,0.2,0.97,2000,0.3,0.1,1500,2.2922573425379635,0.22071428571428572,0.015714285714285715,1400,600,700,700
cp_cox_full,CP + Cox,0.89,2.090113819572855,0.09151110063857128,s024,10,20500422,high_shape,Higher Weibull shape,3,0.3,1.8,1,0.2,0.97,2000,0.3,0.1,1500,2.40486968164904,0.20142857142857143,0.02,1400,600,700,700
cp_cox_split_support_fit,CP + Cox (Split Support/Fit),0.9116666666666666,2.125451242094577,0.07701916263805204,s024,10,20500422,high_shape,Higher Weibull shape,3,0.3,1.8,1,0.2,0.97,2000,0.3,0.1,1500,2.40486968164904,0.20142857142857143,0.02,1400,600,700,700
cp_cox_full,CP + Cox,0.8916666666666667,2.1851989378180083,0.08407761937378755,s024,11,20500423,high_shape,Higher Weibull shape,3,0.3,1.8,1,0.2,0.97,2000,0.3,0.1,1500,2.481057613653658,0.21571428571428572,0.018571428571428572,1400,600,700,700
cp_cox_split_support_fit,CP + Cox (Split Support/Fit),0.9016666666666666,2.1981584443264426,0.0745744798999134,s024,11,20500423,high_shape,Higher Weibull shape,3,0.3,1.8,1,0.2,0.97,2000,0.3,0.1,1500,2.481057613653658,0.21571428571428572,0.018571428571428572,1400,600,700,700
cp_cox_full,CP + Cox,0.905,2.0828311894780773,0.07769731708433436,s024,12,20500424,high_shape,Higher Weibull shape,3,0.3,1.8,1,0.2,0.97,2000,0.3,0.1,1500,2.382056685195372,0.19214285714285714,0.012857142857142857,1400,600,700,700
cp_cox_split_support_fit,CP + Cox (Split Support/Fit),0.9066666666666666,2.08760793074747,0.09151172118779813,s024,12,20500424,high_shape,Higher Weibull shape,3,0.3,1.8,1,0.2,0.97,2000,0.3,0.1,1500,2.382056685195372,0.19214285714285714,0.012857142857142857,1400,600,700,700
cp_cox_full,CP + Cox,0.8966666666666666,2.1715393423302496,0.09427196522966347,s024,13,20500425,high_shape,Higher Weibull shape,3,0.3,1.8,1,0.2,0.97,2000,0.3,0.1,1500,2.4839585741109804,0.22071428571428572,0.015,1400,600,700,700
cp_cox_split_support_fit,CP + Cox (Split Support/Fit),0.9016666666666666,2.1763019204805127,0.092832633496987,s024,13,20500425,high_shape,Higher Weibull shape,3,0.3,1.8,1,0.2,0.97,2000,0.3,0.1,1500,2.4839585741109804,0.22071428571428572,0.015,1400,600,700,700
cp_cox_full,CP + Cox,0.875,2.0126452864015194,0.10077351592987867,s024,14,20500426,high_shape,Higher Weibull shape,3,0.3,1.8,1,0.2,0.97,2000,0.3,0.1,1500,2.325451730622169,0.235,0.02,1400,600,700,700
cp_cox_split_support_fit,CP + Cox (Split Support/Fit),0.8733333333333333,2.007710821322359,0.08522833963870714,s024,14,20500426,high_shape,Higher Weibull shape,3,0.3,1.8,1,0.2,0.97,2000,0.3,0.1,1500,2.325451730622169,0.235,0.02,1400,600,700,700
cp_cox_full,CP + Cox,0.9133333333333333,2.063570484724811,0.10516144476829657,s024,15,20500427,high_shape,Higher Weibull shape,3,0.3,1.8,1,0.2,0.97,2000,0.3,0.1,1500,2.3593268081284173,0.21428571428571427,0.015,1400,600,700,700
cp_cox_split_support_fit,CP + Cox (Split Support/Fit),0.9083333333333333,2.06067794913591,0.10233264961891747,s024,15,20500427,high_shape,Higher Weibull shape,3,0.3,1.8,1,0.2,0.97,2000,0.3,0.1,1500,2.3593268081284173,0.21428571428571427,0.015,1400,600,700,700
cp_cox_full,CP + Cox,0.905,2.0790069494431305,0.08813637451635763,s024,16,20500428,high_shape,Higher Weibull shape,3,0.3,1.8,1,0.2,0.97,2000,0.3,0.1,1500,2.3791540058082568,0.19642857142857142,0.017142857142857144,1400,600,700,700
cp_cox_split_support_fit,CP + Cox (Split Support/Fit),0.8983333333333333,2.0766864031063106,0.08658353104122055,s024,16,20500428,high_shape,Higher Weibull shape,3,0.3,1.8,1,0.2,0.97,2000,0.3,0.1,1500,2.3791540058082568,0.19642857142857142,0.017142857142857144,1400,600,700,700
cp_cox_full,CP + Cox,0.9233333333333333,2.0056993326526276,0.062472294804149175,s024,17,20500429,high_shape,Higher Weibull shape,3,0.3,1.8,1,0.2,0.97,2000,0.3,0.1,1500,2.244659767064092,0.21857142857142858,0.014285714285714285,1400,600,700,700
cp_cox_split_support_fit,CP + Cox (Split Support/Fit),0.915,1.9887725671789496,0.06738919219514972,s024,17,20500429,high_shape,Higher Weibull shape,3,0.3,1.8,1,0.2,0.97,2000,0.3,0.1,1500,2.244659767064092,0.21857142857142858,0.014285714285714285,1400,600,700,700
cp_cox_full,CP + Cox,0.9083333333333333,1.990837471424138,0.09869344388359903,s024,18,20500430,high_shape,Higher Weibull shape,3,0.3,1.8,1,0.2,0.97,2000,0.3,0.1,1500,2.2925623212220874,0.2007142857142857,0.024285714285714285,1400,600,700,700
cp_cox_split_support_fit,CP + Cox (Split Support/Fit),0.925,2.0068278828554917,0.10100535455722472,s024,18,20500430,high_shape,Higher Weibull shape,3,0.3,1.8,1,0.2,0.97,2000,0.3,0.1,1500,2.2925623212220874,0.2007142857142857,0.024285714285714285,1400,600,700,700
cp_cox_full,CP + Cox,0.8833333333333333,2.0478073175827736,0.0779867332151497,s024,19,20500431,high_shape,Higher Weibull shape,3,0.3,1.8,1,0.2,0.97,2000,0.3,0.1,1500,2.340907949186322,0.22714285714285715,0.017857142857142856,1400,600,700,700
cp_cox_split_support_fit,CP + Cox (Split Support/Fit),0.8866666666666667,2.0579501634402684,0.07783426061248859,s024,19,20500431,high_shape,Higher Weibull shape,3,0.3,1.8,1,0.2,0.97,2000,0.3,0.1,1500,2.340907949186322,0.22714285714285715,0.017857142857142856,1400,600,700,700
cp_cox_full,CP + Cox,0.905,2.1677145384564436,0.09228598531676023,s024,20,20500432,high_shape,Higher Weibull shape,3,0.3,1.8,1,0.2,0.97,2000,0.3,0.1,1500,2.451533033460204,0.2,0.016428571428571428,1400,600,700,700
cp_cox_split_support_fit,CP + Cox (Split Support/Fit),0.9116666666666666,2.1784956189091544,0.071163376816067,s024,20,20500432,high_shape,Higher Weibull shape,3,0.3,1.8,1,0.2,0.97,2000,0.3,0.1,1500,2.451533033460204,0.2,0.016428571428571428,1400,600,700,700
cp_cox_full,CP + Cox,0.915,2.0127946832555126,0.09965549045564451,s024,21,20500433,high_shape,Higher Weibull shape,3,0.3,1.8,1,0.2,0.97,2000,0.3,0.1,1500,2.3389002015385305,0.2307142857142857,0.016428571428571428,1400,600,700,700
cp_cox_split_support_fit,CP + Cox (Split Support/Fit),0.91,2.0040824432331803,0.09886544192402578,s024,21,20500433,high_shape,Higher Weibull shape,3,0.3,1.8,1,0.2,0.97,2000,0.3,0.1,1500,2.3389002015385305,0.2307142857142857,0.016428571428571428,1400,600,700,700
cp_cox_full,CP + Cox,0.915,2.195993772172237,0.09578229611993927,s024,22,20500434,high_shape,Higher Weibull shape,3,0.3,1.8,1,0.2,0.97,2000,0.3,0.1,1500,2.475537987824143,0.24285714285714285,0.017857142857142856,1400,600,700,700
cp_cox_split_support_fit,CP + Cox (Split Support/Fit),0.9016666666666666,2.1680910595205836,0.1137365217652043,s024,22,20500434,high_shape,Higher Weibull shape,3,0.3,1.8,1,0.2,0.97,2000,0.3,0.1,1500,2.475537987824143,0.24285714285714285,0.017857142857142856,1400,600,700,700
cp_cox_full,CP + Cox,0.925,2.052633288634519,0.08442636411007173,s024,23,20500435,high_shape,Higher Weibull shape,3,0.3,1.8,1,0.2,0.97,2000,0.3,0.1,1500,2.3295454528881483,0.21428571428571427,0.016428571428571428,1400,600,700,700
cp_cox_split_support_fit,CP + Cox (Split Support/Fit),0.9266666666666666,2.0595599869743975,0.0855335291438455,s024,23,20500435,high_shape,Higher Weibull shape,3,0.3,1.8,1,0.2,0.97,2000,0.3,0.1,1500,2.3295454528881483,0.21428571428571427,0.016428571428571428,1400,600,700,700
cp_cox_full,CP + Cox,0.8883333333333333,2.0568489369567344,0.09003554242914846,s024,24,20500436,high_shape,Higher Weibull shape,3,0.3,1.8,1,0.2,0.97,2000,0.3,0.1,1500,2.3691832841477547,0.22714285714285715,0.017142857142857144,1400,600,700,700
cp_cox_split_support_fit,CP + Cox (Split Support/Fit),0.8866666666666667,2.0597016385844924,0.07528964531769972,s024,24,20500436,high_shape,Higher Weibull shape,3,0.3,1.8,1,0.2,0.97,2000,0.3,0.1,1500,2.3691832841477547,0.22714285714285715,0.017142857142857144,1400,600,700,700
cp_cox_full,CP + Cox,0.9066666666666666,2.027524524291289,0.08265298961709662,s024,25,20500437,high_shape,Higher Weibull shape,3,0.3,1.8,1,0.2,0.97,2000,0.3,0.1,1500,2.346829523869737,0.22,0.015,1400,600,700,700
cp_cox_split_support_fit,CP + Cox (Split Support/Fit),0.9083333333333333,2.031813925257965,0.08684933617342926,s024,25,20500437,high_shape,Higher Weibull shape,3,0.3,1.8,1,0.2,0.97,2000,0.3,0.1,1500,2.346829523869737,0.22,0.015,1400,600,700,700
cp_cox_full,CP + Cox,0.9233333333333333,1.9975800342940158,0.08428056625799794,s024,26,20500438,high_shape,Higher Weibull shape,3,0.3,1.8,1,0.2,0.97,2000,0.3,0.1,1500,2.2923715628258834,0.21428571428571427,0.012142857142857143,1400,600,700,700
cp_cox_split_support_fit,CP + Cox (Split Support/Fit),0.925,2.0088892533466516,0.08768006191402289,s024,26,20500438,high_shape,Higher Weibull shape,3,0.3,1.8,1,0.2,0.97,2000,0.3,0.1,1500,2.2923715628258834,0.21428571428571427,0.012142857142857143,1400,600,700,700
cp_cox_full,CP + Cox,0.9116666666666666,2.064478229942517,0.0925340126512028,s024,27,20500439,high_shape,Higher Weibull shape,3,0.3,1.8,1,0.2,0.97,2000,0.3,0.1,1500,2.352490170317544,0.24142857142857144,0.019285714285714285,1400,600,700,700
cp_cox_split_support_fit,CP + Cox (Split Support/Fit),0.9316666666666666,2.1001580412512544,0.08013257223028508,s024,27,20500439,high_shape,Higher Weibull shape,3,0.3,1.8,1,0.2,0.97,2000,0.3,0.1,1500,2.352490170317544,0.24142857142857144,0.019285714285714285,1400,600,700,700
cp_cox_full,CP + Cox,0.9233333333333333,2.0153332654426985,0.0769665761374133,s024,28,20500440,high_shape,Higher Weibull shape,3,0.3,1.8,1,0.2,0.97,2000,0.3,0.1,1500,2.2969691210420593,0.19785714285714287,0.019285714285714285,1400,600,700,700
cp_cox_split_support_fit,CP + Cox (Split Support/Fit),0.9216666666666666,2.0130859244122195,0.08178886963006014,s024,28,20500440,high_shape,Higher Weibull shape,3,0.3,1.8,1,0.2,0.97,2000,0.3,0.1,1500,2.2969691210420593,0.19785714285714287,0.019285714285714285,1400,600,700,700
cp_cox_full,CP + Cox,0.8766666666666667,1.9754572887845254,0.09244974879225587,s024,29,20500441,high_shape,Higher Weibull shape,3,0.3,1.8,1,0.2,0.97,2000,0.3,0.1,1500,2.2800471920458496,0.2092857142857143,0.016428571428571428,1400,600,700,700
cp_cox_split_support_fit,CP + Cox (Split Support/Fit),0.8466666666666667,1.9278627088964317,0.11477740154648891,s024,29,20500441,high_shape,Higher Weibull shape,3,0.3,1.8,1,0.2,0.97,2000,0.3,0.1,1500,2.2800471920458496,0.2092857142857143,0.016428571428571428,1400,600,700,700
cp_cox_full,CP + Cox,0.8983333333333333,1.9879038962849358,0.0907307732084881,s024,30,20500442,high_shape,Higher Weibull shape,3,0.3,1.8,1,0.2,0.97,2000,0.3,0.1,1500,2.2790699885008614,0.215,0.019285714285714285,1400,600,700,700
cp_cox_split_support_fit,CP + Cox (Split Support/Fit),0.8783333333333333,1.9537349058296347,0.12222014611408832,s024,30,20500442,high_shape,Higher Weibull shape,3,0.3,1.8,1,0.2,0.97,2000,0.3,0.1,1500,2.2790699885008614,0.215,0.019285714285714285,1400,600,700,700
cp_cox_full,CP + Cox,0.8483333333333334,0.8830362734113799,0.11768480946690281,s025,1,20510413,high_shape,Higher Weibull shape,3,0.3,1.8,1,0.35,0.75,2000,0.3,0.1,1500,1.2350824719647735,0.495,0.12285714285714286,1400,600,700,700
cp_cox_split_support_fit,CP + Cox (Split Support/Fit),0.865,0.9078709823186476,0.11870787388302431,s025,1,20510413,high_shape,Higher Weibull shape,3,0.3,1.8,1,0.35,0.75,2000,0.3,0.1,1500,1.2350824719647735,0.495,0.12285714285714286,1400,600,700,700
cp_cox_full,CP + Cox,0.92,0.9408219081252207,0.09291066630205841,s025,2,20510414,high_shape,Higher Weibull shape,3,0.3,1.8,1,0.35,0.75,2000,0.3,0.1,1500,1.2156440315801116,0.4521428571428571,0.12071428571428572,1400,600,700,700
cp_cox_split_support_fit,CP + Cox (Split Support/Fit),0.9066666666666666,0.914453395265415,0.109740587352486,s025,2,20510414,high_shape,Higher Weibull shape,3,0.3,1.8,1,0.35,0.75,2000,0.3,0.1,1500,1.2156440315801116,0.4521428571428571,0.12071428571428572,1400,600,700,700
cp_cox_full,CP + Cox,0.9033333333333333,0.9801564335167252,0.07913667610665366,s025,3,20510415,high_shape,Higher Weibull shape,3,0.3,1.8,1,0.35,0.75,2000,0.3,0.1,1500,1.2865691820103218,0.4764285714285714,0.10928571428571429,1400,600,700,700
cp_cox_split_support_fit,CP + Cox (Split Support/Fit),0.9183333333333333,1.008444966197448,0.05257817492109487,s025,3,20510415,high_shape,Higher Weibull shape,3,0.3,1.8,1,0.35,0.75,2000,0.3,0.1,1500,1.2865691820103218,0.4764285714285714,0.10928571428571429,1400,600,700,700
cp_cox_full,CP + Cox,0.895,0.9482222791833339,0.0760570284556524,s025,4,20510416,high_shape,Higher Weibull shape,3,0.3,1.8,1,0.35,0.75,2000,0.3,0.1,1500,1.243368409279839,0.48214285714285715,0.12071428571428572,1400,600,700,700
cp_cox_split_support_fit,CP + Cox (Split Support/Fit),0.8683333333333333,0.9105456489929196,0.08391583994124487,s025,4,20510416,high_shape,Higher Weibull shape,3,0.3,1.8,1,0.35,0.75,2000,0.3,0.1,1500,1.243368409279839,0.48214285714285715,0.12071428571428572,1400,600,700,700
cp_cox_full,CP + Cox,0.9,0.9334677216326032,0.09797204204873759,s025,5,20510417,high_shape,Higher Weibull shape,3,0.3,1.8,1,0.35,0.75,2000,0.3,0.1,1500,1.2282008578743975,0.45285714285714285,0.12285714285714286,1400,600,700,700
cp_cox_split_support_fit,CP + Cox (Split Support/Fit),0.9216666666666666,0.9723524081766162,0.0769196095236765,s025,5,20510417,high_shape,Higher Weibull shape,3,0.3,1.8,1,0.35,0.75,2000,0.3,0.1,1500,1.2282008578743975,0.45285714285714285,0.12285714285714286,1400,600,700,700
cp_cox_full,CP + Cox,0.9066666666666666,0.935690415964328,0.0843057591834672,s025,6,20510418,high_shape,Higher Weibull shape,3,0.3,1.8,1,0.35,0.75,2000,0.3,0.1,1500,1.2109353909025251,0.4835714285714286,0.13071428571428573,1400,600,700,700
cp_cox_split_support_fit,CP + Cox (Split Support/Fit),0.9133333333333333,0.9457004324244738,0.08948333313789575,s025,6,20510418,high_shape,Higher Weibull shape,3,0.3,1.8,1,0.35,0.75,2000,0.3,0.1,1500,1.2109353909025251,0.4835714285714286,0.13071428571428573,1400,600,700,700
cp_cox_full,CP + Cox,0.88,0.9632287906090568,0.08549999553401222,s025,7,20510419,high_shape,Higher Weibull shape,3,0.3,1.8,1,0.35,0.75,2000,0.3,0.1,1500,1.245082640601113,0.485,0.11857142857142858,1400,600,700,700
cp_cox_split_support_fit,CP + Cox (Split Support/Fit),0.8916666666666667,0.9830181595820143,0.08898198769562357,s025,7,20510419,high_shape,Higher Weibull shape,3,0.3,1.8,1,0.35,0.75,2000,0.3,0.1,1500,1.245082640601113,0.485,0.11857142857142858,1400,600,700,700
cp_cox_full,CP + Cox,0.8983333333333333,0.953792632608755,0.09062671043074921,s025,8,20510420,high_shape,Higher Weibull shape,3,0.3,1.8,1,0.35,0.75,2000,0.3,0.1,1500,1.2576501121882908,0.4785714285714286,0.1357142857142857,1400,600,700,700
cp_cox_split_support_fit,CP + Cox (Split Support/Fit),0.915,0.9881921255418525,0.07649889540090596,s025,8,20510420,high_shape,Higher Weibull shape,3,0.3,1.8,1,0.35,0.75,2000,0.3,0.1,1500,1.2576501121882908,0.4785714285714286,0.1357142857142857,1400,600,700,700
cp_cox_full,CP + Cox,0.9016666666666666,0.9190052488741408,0.08632789711204851,s025,9,20510421,high_shape,Higher Weibull shape,3,0.3,1.8,1,0.35,0.75,2000,0.3,0.1,1500,1.2064763493163781,0.4585714285714286,0.11928571428571429,1400,600,700,700
cp_cox_split_support_fit,CP + Cox (Split Support/Fit),0.8983333333333333,0.9098651247467535,0.09566297595813335,s025,9,20510421,high_shape,Higher Weibull shape,3,0.3,1.8,1,0.35,0.75,2000,0.3,0.1,1500,1.2064763493163781,0.4585714285714286,0.11928571428571429,1400,600,700,700
cp_cox_full,CP + Cox,0.92,0.9653137050526045,0.07737229143302697,s025,10,20510422,high_shape,Higher Weibull shape,3,0.3,1.8,1,0.35,0.75,2000,0.3,0.1,1500,1.238991581391751,0.46785714285714286,0.11571428571428571,1400,600,700,700
cp_cox_split_support_fit,CP + Cox (Split Support/Fit),0.9166666666666666,0.961876554390936,0.07637003191025032,s025,10,20510422,high_shape,Higher Weibull shape,3,0.3,1.8,1,0.35,0.75,2000,0.3,0.1,1500,1.238991581391751,0.46785714285714286,0.11571428571428571,1400,600,700,700
cp_cox_full,CP + Cox,0.8983333333333333,0.9248085736609898,0.08635514946440304,s025,11,20510423,high_shape,Higher Weibull shape,3,0.3,1.8,1,0.35,0.75,2000,0.3,0.1,1500,1.2423987800598,0.4542857142857143,0.12714285714285714,1400,600,700,700
cp_cox_split_support_fit,CP + Cox (Split Support/Fit),0.8883333333333333,0.8878383781785575,0.11415696650337208,s025,11,20510423,high_shape,Higher Weibull shape,3,0.3,1.8,1,0.35,0.75,2000,0.3,0.1,1500,1.2423987800598,0.4542857142857143,0.12714285714285714,1400,600,700,700
cp_cox_full,CP + Cox,0.9183333333333333,0.9648149304988585,0.08306832856055693,s025,12,20510424,high_shape,Higher Weibull shape,3,0.3,1.8,1,0.35,0.75,2000,0.3,0.1,1500,1.2285223822869447,0.46214285714285713,0.13785714285714284,1400,600,700,700
cp_cox_split_support_fit,CP + Cox (Split Support/Fit),0.92,0.9651192433696499,0.09195906236249231,s025,12,20510424,high_shape,Higher Weibull shape,3,0.3,1.8,1,0.35,0.75,2000,0.3,0.1,1500,1.2285223822869447,0.46214285714285713,0.13785714285714284,1400,600,700,700
cp_cox_full,CP + Cox,0.905,0.9505953372502556,0.09874210509825215,s025,13,20510425,high_shape,Higher Weibull shape,3,0.3,1.8,1,0.35,0.75,2000,0.3,0.1,1500,1.255675676601914,0.48214285714285715,0.13,1400,600,700,700
cp_cox_split_support_fit,CP + Cox (Split Support/Fit),0.905,0.9512789544207405,0.09135255220797756,s025,13,20510425,high_shape,Higher Weibull shape,3,0.3,1.8,1,0.35,0.75,2000,0.3,0.1,1500,1.255675676601914,0.48214285714285715,0.13,1400,600,700,700
cp_cox_full,CP + Cox,0.8883333333333333,0.9106130846031055,0.07205815464334824,s025,14,20510426,high_shape,Higher Weibull shape,3,0.3,1.8,1,0.35,0.75,2000,0.3,0.1,1500,1.2191248593711188,0.45071428571428573,0.12214285714285714,1400,600,700,700
cp_cox_split_support_fit,CP + Cox (Split Support/Fit),0.8916666666666667,0.9181606315285756,0.07171341669024432,s025,14,20510426,high_shape,Higher Weibull shape,3,0.3,1.8,1,0.35,0.75,2000,0.3,0.1,1500,1.2191248593711188,0.45071428571428573,0.12214285714285714,1400,600,700,700
cp_cox_full,CP + Cox,0.9133333333333333,0.932927745981113,0.09029699224112124,s025,15,20510427,high_shape,Higher Weibull shape,3,0.3,1.8,1,0.35,0.75,2000,0.3,0.1,1500,1.2126422709792637,0.4714285714285714,0.11714285714285715,1400,600,700,700
cp_cox_split_support_fit,CP + Cox (Split Support/Fit),0.93,0.9688189573950516,0.07358335446072575,s025,15,20510427,high_shape,Higher Weibull shape,3,0.3,1.8,1,0.35,0.75,2000,0.3,0.1,1500,1.2126422709792637,0.4714285714285714,0.11714285714285715,1400,600,700,700
cp_cox_full,CP + Cox,0.9116666666666666,0.9430522765230104,0.08660558827713681,s025,16,20510428,high_shape,Higher Weibull shape,3,0.3,1.8,1,0.35,0.75,2000,0.3,0.1,1500,1.241664066219071,0.48,0.12,1400,600,700,700
cp_cox_split_support_fit,CP + Cox (Split Support/Fit),0.91,0.955465708674788,0.06527734035680967,s025,16,20510428,high_shape,Higher Weibull shape,3,0.3,1.8,1,0.35,0.75,2000,0.3,0.1,1500,1.241664066219071,0.48,0.12,1400,600,700,700
cp_cox_full,CP + Cox,0.9033333333333333,0.88287146344221,0.0941511519624699,s025,17,20510429,high_shape,Higher Weibull shape,3,0.3,1.8,1,0.35,0.75,2000,0.3,0.1,1500,1.1787562842685526,0.47214285714285714,0.12142857142857143,1400,600,700,700
cp_cox_split_support_fit,CP + Cox (Split Support/Fit),0.9066666666666666,0.8899657317932463,0.0936865865974228,s025,17,20510429,high_shape,Higher Weibull shape,3,0.3,1.8,1,0.35,0.75,2000,0.3,0.1,1500,1.1787562842685526,0.47214285714285714,0.12142857142857143,1400,600,700,700
cp_cox_full,CP + Cox,0.89,0.9243670615387474,0.10010035283587494,s025,18,20510430,high_shape,Higher Weibull shape,3,0.3,1.8,1,0.35,0.75,2000,0.3,0.1,1500,1.259185926915079,0.4742857142857143,0.11928571428571429,1400,600,700,700
cp_cox_split_support_fit,CP + Cox (Split Support/Fit),0.9083333333333333,0.956530671827591,0.09072196115344679,s025,18,20510430,high_shape,Higher Weibull shape,3,0.3,1.8,1,0.35,0.75,2000,0.3,0.1,1500,1.259185926915079,0.4742857142857143,0.11928571428571429,1400,600,700,700
cp_cox_full,CP + Cox,0.8833333333333333,0.9149842602879902,0.10656661503123151,s025,19,20510431,high_shape,Higher Weibull shape,3,0.3,1.8,1,0.35,0.75,2000,0.3,0.1,1500,1.2726743860283585,0.47785714285714287,0.12142857142857143,1400,600,700,700
cp_cox_split_support_fit,CP + Cox (Split Support/Fit),0.89,0.9329941918344861,0.10717363322489198,s025,19,20510431,high_shape,Higher Weibull shape,3,0.3,1.8,1,0.35,0.75,2000,0.3,0.1,1500,1.2726743860283585,0.47785714285714287,0.12142857142857143,1400,600,700,700
cp_cox_full,CP + Cox,0.895,0.9247547338267925,0.09208089701591618,s025,20,20510432,high_shape,Higher Weibull shape,3,0.3,1.8,1,0.35,0.75,2000,0.3,0.1,1500,1.250449217203496,0.47714285714285715,0.12071428571428572,1400,600,700,700
cp_cox_split_support_fit,CP + Cox (Split Support/Fit),0.8966666666666666,0.9319449898543137,0.09160076212319136,s025,20,20510432,high_shape,Higher Weibull shape,3,0.3,1.8,1,0.35,0.75,2000,0.3,0.1,1500,1.250449217203496,0.47714285714285715,0.12071428571428572,1400,600,700,700
cp_cox_full,CP + Cox,0.8783333333333333,0.9380965941437212,0.09852439070957413,s025,21,20510433,high_shape,Higher Weibull shape,3,0.3,1.8,1,0.35,0.75,2000,0.3,0.1,1500,1.2439673890521548,0.5021428571428571,0.13642857142857143,1400,600,700,700
cp_cox_split_support_fit,CP + Cox (Split Support/Fit),0.8866666666666667,0.96172657415746,0.08622314104595555,s025,21,20510433,high_shape,Higher Weibull shape,3,0.3,1.8,1,0.35,0.75,2000,0.3,0.1,1500,1.2439673890521548,0.5021428571428571,0.13642857142857143,1400,600,700,700
cp_cox_full,CP + Cox,0.9033333333333333,0.9283506116636326,0.10494511905284486,s025,22,20510434,high_shape,Higher Weibull shape,3,0.3,1.8,1,0.35,0.75,2000,0.3,0.1,1500,1.259181209597998,0.47714285714285715,0.1357142857142857,1400,600,700,700
cp_cox_split_support_fit,CP + Cox (Split Support/Fit),0.9233333333333333,0.9776021432527159,0.09712990001641351,s025,22,20510434,high_shape,Higher Weibull shape,3,0.3,1.8,1,0.35,0.75,2000,0.3,0.1,1500,1.259181209597998,0.47714285714285715,0.1357142857142857,1400,600,700,700
cp_cox_full,CP + Cox,0.9083333333333333,0.9853935136951816,0.07253317643335179,s025,23,20510435,high_shape,Higher Weibull shape,3,0.3,1.8,1,0.35,0.75,2000,0.3,0.1,1500,1.2790650828114556,0.445,0.11714285714285715,1400,600,700,700
cp_cox_split_support_fit,CP + Cox (Split Support/Fit),0.9033333333333333,0.9883030306746773,0.07402314153627161,s025,23,20510435,high_shape,Higher Weibull shape,3,0.3,1.8,1,0.35,0.75,2000,0.3,0.1,1500,1.2790650828114556,0.445,0.11714285714285715,1400,600,700,700
cp_cox_full,CP + Cox,0.8916666666666667,0.8718486293963482,0.10937429618594113,s025,24,20510436,high_shape,Higher Weibull shape,3,0.3,1.8,1,0.35,0.75,2000,0.3,0.1,1500,1.2017977052810391,0.47714285714285715,0.11928571428571429,1400,600,700,700
cp_cox_split_support_fit,CP + Cox (Split Support/Fit),0.9066666666666666,0.9091437540247267,0.0822396248499059,s025,24,20510436,high_shape,Higher Weibull shape,3,0.3,1.8,1,0.35,0.75,2000,0.3,0.1,1500,1.2017977052810391,0.47714285714285715,0.11928571428571429,1400,600,700,700
cp_cox_full,CP + Cox,0.9016666666666666,0.9202840049730188,0.08803789339712052,s025,25,20510437,high_shape,Higher Weibull shape,3,0.3,1.8,1,0.35,0.75,2000,0.3,0.1,1500,1.2269663752850557,0.465,0.11857142857142858,1400,600,700,700
cp_cox_split_support_fit,CP + Cox (Split Support/Fit),0.9116666666666666,0.9374243705105023,0.08752610247141084,s025,25,20510437,high_shape,Higher Weibull shape,3,0.3,1.8,1,0.35,0.75,2000,0.3,0.1,1500,1.2269663752850557,0.465,0.11857142857142858,1400,600,700,700
cp_cox_full,CP + Cox,0.8716666666666667,0.9453885491458146,0.07945894516265224,s025,26,20510438,high_shape,Higher Weibull shape,3,0.3,1.8,1,0.35,0.75,2000,0.3,0.1,1500,1.2786150681311228,0.4735714285714286,0.10428571428571429,1400,600,700,700
cp_cox_split_support_fit,CP + Cox (Split Support/Fit),0.89,0.9774731299704827,0.07204929233131026,s025,26,20510438,high_shape,Higher Weibull shape,3,0.3,1.8,1,0.35,0.75,2000,0.3,0.1,1500,1.2786150681311228,0.4735714285714286,0.10428571428571429,1400,600,700,700
cp_cox_full,CP + Cox,0.8833333333333333,0.9626089771553262,0.09916383964066955,s025,27,20510439,high_shape,Higher Weibull shape,3,0.3,1.8,1,0.35,0.75,2000,0.3,0.1,1500,1.2880441996399603,0.4642857142857143,0.12785714285714286,1400,600,700,700
cp_cox_split_support_fit,CP + Cox (Split Support/Fit),0.8683333333333333,0.9529733072089893,0.09009338667623765,s025,27,20510439,high_shape,Higher Weibull shape,3,0.3,1.8,1,0.35,0.75,2000,0.3,0.1,1500,1.2880441996399603,0.4642857142857143,0.12785714285714286,1400,600,700,700
cp_cox_full,CP + Cox,0.8816666666666667,0.9297639273604104,0.09599666677731714,s025,28,20510440,high_shape,Higher Weibull shape,3,0.3,1.8,1,0.35,0.75,2000,0.3,0.1,1500,1.2365173561597476,0.4757142857142857,0.13,1400,600,700,700
cp_cox_split_support_fit,CP + Cox (Split Support/Fit),0.8866666666666667,0.9371864500946123,0.09306283960918446,s025,28,20510440,high_shape,Higher Weibull shape,3,0.3,1.8,1,0.35,0.75,2000,0.3,0.1,1500,1.2365173561597476,0.4757142857142857,0.13,1400,600,700,700
cp_cox_full,CP + Cox,0.855,0.9223327899480502,0.082737321977521,s025,29,20510441,high_shape,Higher Weibull shape,3,0.3,1.8,1,0.35,0.75,2000,0.3,0.1,1500,1.253899489812969,0.46285714285714286,0.11142857142857143,1400,600,700,700
cp_cox_split_support_fit,CP + Cox (Split Support/Fit),0.87,0.9467478795997696,0.0789463882531537,s025,29,20510441,high_shape,Higher Weibull shape,3,0.3,1.8,1,0.35,0.75,2000,0.3,0.1,1500,1.253899489812969,0.46285714285714286,0.11142857142857143,1400,600,700,700
cp_cox_full,CP + Cox,0.9183333333333333,0.9874527975570078,0.09420803985736667,s025,30,20510442,high_shape,Higher Weibull shape,3,0.3,1.8,1,0.35,0.75,2000,0.3,0.1,1500,1.2774512137174001,0.44857142857142857,0.11714285714285715,1400,600,700,700
cp_cox_split_support_fit,CP + Cox (Split Support/Fit),0.9216666666666666,1.008776899429344,0.09188812634812536,s025,30,20510442,high_shape,Higher Weibull shape,3,0.3,1.8,1,0.35,0.75,2000,0.3,0.1,1500,1.2774512137174001,0.44857142857142857,0.11714285714285715,1400,600,700,700
cp_cox_full,CP + Cox,0.9166666666666666,1.465260081583065,0.09708990453859499,s026,1,20520413,high_shape,Higher Weibull shape,3,0.3,1.8,1,0.35,0.9,2000,0.3,0.1,1500,1.7469799773000232,0.39571428571428574,0.03857142857142857,1400,600,700,700
cp_cox_split_support_fit,CP + Cox (Split Support/Fit),0.9,1.4337372490198803,0.10434192371707979,s026,1,20520413,high_shape,Higher Weibull shape,3,0.3,1.8,1,0.35,0.9,2000,0.3,0.1,1500,1.7469799773000232,0.39571428571428574,0.03857142857142857,1400,600,700,700
cp_cox_full,CP + Cox,0.92,1.471672454684284,0.07676950173150356,s026,2,20520414,high_shape,Higher Weibull shape,3,0.3,1.8,1,0.35,0.9,2000,0.3,0.1,1500,1.739591216272723,0.3964285714285714,0.047142857142857146,1400,600,700,700
cp_cox_split_support_fit,CP + Cox (Split Support/Fit),0.9,1.4347519281202596,0.08697993544812234,s026,2,20520414,high_shape,Higher Weibull shape,3,0.3,1.8,1,0.35,0.9,2000,0.3,0.1,1500,1.739591216272723,0.3964285714285714,0.047142857142857146,1400,600,700,700
cp_cox_full,CP + Cox,0.905,1.4372720867360265,0.07934126363865962,s026,3,20520415,high_shape,Higher Weibull shape,3,0.3,1.8,1,0.35,0.9,2000,0.3,0.1,1500,1.7225324029455598,0.38142857142857145,0.03214285714285714,1400,600,700,700
cp_cox_split_support_fit,CP + Cox (Split Support/Fit),0.905,1.4277754114670098,0.1007999204873779,s026,3,20520415,high_shape,Higher Weibull shape,3,0.3,1.8,1,0.35,0.9,2000,0.3,0.1,1500,1.7225324029455598,0.38142857142857145,0.03214285714285714,1400,600,700,700
cp_cox_full,CP + Cox,0.8766666666666667,1.4071018790048124,0.08322649112650492,s026,4,20520416,high_shape,Higher Weibull shape,3,0.3,1.8,1,0.35,0.9,2000,0.3,0.1,1500,1.7288454504146904,0.3807142857142857,0.04428571428571428,1400,600,700,700
cp_cox_split_support_fit,CP + Cox (Split Support/Fit),0.8583333333333333,1.3935033200073097,0.0890478590714685,s026,4,20520416,high_shape,Higher Weibull shape,3,0.3,1.8,1,0.35,0.9,2000,0.3,0.1,1500,1.7288454504146904,0.3807142857142857,0.04428571428571428,1400,600,700,700
cp_cox_full,CP + Cox,0.8916666666666667,1.4190630458144486,0.08652342714918562,s026,5,20520417,high_shape,Higher Weibull shape,3,0.3,1.8,1,0.35,0.9,2000,0.3,0.1,1500,1.7200732702954797,0.38357142857142856,0.04214285714285714,1400,600,700,700
cp_cox_split_support_fit,CP + Cox (Split Support/Fit),0.91,1.4516453327708654,0.07468959193856888,s026,5,20520417,high_shape,Higher Weibull shape,3,0.3,1.8,1,0.35,0.9,2000,0.3,0.1,1500,1.7200732702954797,0.38357142857142856,0.04214285714285714,1400,600,700,700
cp_cox_full,CP + Cox,0.895,1.448913977993079,0.09604584891068214,s026,6,20520418,high_shape,Higher Weibull shape,3,0.3,1.8,1,0.35,0.9,2000,0.3,0.1,1500,1.7526794983063556,0.395,0.04857142857142857,1400,600,700,700
cp_cox_split_support_fit,CP + Cox (Split Support/Fit),0.9,1.4561757363921926,0.08429035126879335,s026,6,20520418,high_shape,Higher Weibull shape,3,0.3,1.8,1,0.35,0.9,2000,0.3,0.1,1500,1.7526794983063556,0.395,0.04857142857142857,1400,600,700,700
cp_cox_full,CP + Cox,0.8866666666666667,1.4283992593971722,0.0926308206996682,s026,7,20520419,high_shape,Higher Weibull shape,3,0.3,1.8,1,0.35,0.9,2000,0.3,0.1,1500,1.7371518982119232,0.39285714285714285,0.037142857142857144,1400,600,700,700
cp_cox_split_support_fit,CP + Cox (Split Support/Fit),0.9,1.445578285607727,0.07802480695633937,s026,7,20520419,high_shape,Higher Weibull shape,3,0.3,1.8,1,0.35,0.9,2000,0.3,0.1,1500,1.7371518982119232,0.39285714285714285,0.037142857142857144,1400,600,700,700
cp_cox_full,CP + Cox,0.8816666666666667,1.4162653261085303,0.07016868685930767,s026,8,20520420,high_shape,Higher Weibull shape,3,0.3,1.8,1,0.35,0.9,2000,0.3,0.1,1500,1.7165660180490359,0.39357142857142857,0.03785714285714286,1400,600,700,700
cp_cox_split_support_fit,CP + Cox (Split Support/Fit),0.8983333333333333,1.4574909012170956,0.051215081732504046,s026,8,20520420,high_shape,Higher Weibull shape,3,0.3,1.8,1,0.35,0.9,2000,0.3,0.1,1500,1.7165660180490359,0.39357142857142857,0.03785714285714286,1400,600,700,700
cp_cox_full,CP + Cox,0.9066666666666666,1.425084085659793,0.08915570859862679,s026,9,20520421,high_shape,Higher Weibull shape,3,0.3,1.8,1,0.35,0.9,2000,0.3,0.1,1500,1.7153790593958596,0.385,0.04285714285714286,1400,600,700,700
cp_cox_split_support_fit,CP + Cox (Split Support/Fit),0.91,1.430542053666976,0.09346588888463352,s026,9,20520421,high_shape,Higher Weibull shape,3,0.3,1.8,1,0.35,0.9,2000,0.3,0.1,1500,1.7153790593958596,0.385,0.04285714285714286,1400,600,700,700
cp_cox_full,CP + Cox,0.9033333333333333,1.4382056006576225,0.08712887095780077,s026,10,20520422,high_shape,Higher Weibull shape,3,0.3,1.8,1,0.35,0.9,2000,0.3,0.1,1500,1.7322416235570437,0.375,0.03428571428571429,1400,600,700,700
cp_cox_split_support_fit,CP + Cox (Split Support/Fit),0.9183333333333333,1.4634713300726203,0.07161744646059248,s026,10,20520422,high_shape,Higher Weibull shape,3,0.3,1.8,1,0.35,0.9,2000,0.3,0.1,1500,1.7322416235570437,0.375,0.03428571428571429,1400,600,700,700
cp_cox_full,CP + Cox,0.8766666666666667,1.4587001491110292,0.09603885471880423,s026,11,20520423,high_shape,Higher Weibull shape,3,0.3,1.8,1,0.35,0.9,2000,0.3,0.1,1500,1.7655629848233858,0.375,0.03857142857142857,1400,600,700,700
cp_cox_split_support_fit,CP + Cox (Split Support/Fit),0.9083333333333333,1.4941681140871785,0.08383297116688271,s026,11,20520423,high_shape,Higher Weibull shape,3,0.3,1.8,1,0.35,0.9,2000,0.3,0.1,1500,1.7655629848233858,0.375,0.03857142857142857,1400,600,700,700
cp_cox_full,CP + Cox,0.915,1.4510318153276078,0.07300123134016025,s026,12,20520424,high_shape,Higher Weibull shape,3,0.3,1.8,1,0.35,0.9,2000,0.3,0.1,1500,1.7283945172763029,0.3757142857142857,0.04285714285714286,1400,600,700,700
cp_cox_split_support_fit,CP + Cox (Split Support/Fit),0.8983333333333333,1.4259961098532885,0.06895906819009365,s026,12,20520424,high_shape,Higher Weibull shape,3,0.3,1.8,1,0.35,0.9,2000,0.3,0.1,1500,1.7283945172763029,0.3757142857142857,0.04285714285714286,1400,600,700,700
cp_cox_full,CP + Cox,0.9083333333333333,1.4124460024602281,0.09685519656004221,s026,13,20520425,high_shape,Higher Weibull shape,3,0.3,1.8,1,0.35,0.9,2000,0.3,0.1,1500,1.7173381677418091,0.38642857142857145,0.047142857142857146,1400,600,700,700
cp_cox_split_support_fit,CP + Cox (Split Support/Fit),0.9166666666666666,1.4186615309828752,0.10251806363157394,s026,13,20520425,high_shape,Higher Weibull shape,3,0.3,1.8,1,0.35,0.9,2000,0.3,0.1,1500,1.7173381677418091,0.38642857142857145,0.047142857142857146,1400,600,700,700
cp_cox_full,CP + Cox,0.9166666666666666,1.5040105759875628,0.08028996213625571,s026,14,20520426,high_shape,Higher Weibull shape,3,0.3,1.8,1,0.35,0.9,2000,0.3,0.1,1500,1.7862117721619082,0.37785714285714284,0.041428571428571426,1400,600,700,700
cp_cox_split_support_fit,CP + Cox (Split Support/Fit),0.915,1.495694145911457,0.09382387081626405,s026,14,20520426,high_shape,Higher Weibull shape,3,0.3,1.8,1,0.35,0.9,2000,0.3,0.1,1500,1.7862117721619082,0.37785714285714284,0.041428571428571426,1400,600,700,700
cp_cox_full,CP + Cox,0.8966666666666666,1.4439865306686737,0.08077557507862657,s026,15,20520427,high_shape,Higher Weibull shape,3,0.3,1.8,1,0.35,0.9,2000,0.3,0.1,1500,1.7433520026669165,0.36214285714285716,0.04285714285714286,1400,600,700,700
cp_cox_split_support_fit,CP + Cox (Split Support/Fit),0.8983333333333333,1.4512659862364299,0.07671247246843467,s026,15,20520427,high_shape,Higher Weibull shape,3,0.3,1.8,1,0.35,0.9,2000,0.3,0.1,1500,1.7433520026669165,0.36214285714285716,0.04285714285714286,1400,600,700,700
cp_cox_full,CP + Cox,0.875,1.3386047439389361,0.10789447358737331,s026,16,20520428,high_shape,Higher Weibull shape,3,0.3,1.8,1,0.35,0.9,2000,0.3,0.1,1500,1.6714953380322921,0.3992857142857143,0.045714285714285714,1400,600,700,700
cp_cox_split_support_fit,CP + Cox (Split Support/Fit),0.89,1.3719439938935656,0.08918398703522708,s026,16,20520428,high_shape,Higher Weibull shape,3,0.3,1.8,1,0.35,0.9,2000,0.3,0.1,1500,1.6714953380322921,0.3992857142857143,0.045714285714285714,1400,600,700,700
cp_cox_full,CP + Cox,0.9,1.409296620611484,0.07888544988421818,s026,17,20520429,high_shape,Higher Weibull shape,3,0.3,1.8,1,0.35,0.9,2000,0.3,0.1,1500,1.7219762047937184,0.3742857142857143,0.035,1400,600,700,700
cp_cox_split_support_fit,CP + Cox (Split Support/Fit),0.8933333333333333,1.3941045184129959,0.07612895473633478,s026,17,20520429,high_shape,Higher Weibull shape,3,0.3,1.8,1,0.35,0.9,2000,0.3,0.1,1500,1.7219762047937184,0.3742857142857143,0.035,1400,600,700,700
cp_cox_full,CP + Cox,0.895,1.4745524966298886,0.10027168248565732,s026,18,20520430,high_shape,Higher Weibull shape,3,0.3,1.8,1,0.35,0.9,2000,0.3,0.1,1500,1.7687596062782769,0.36857142857142855,0.03357142857142857,1400,600,700,700
cp_cox_split_support_fit,CP + Cox (Split Support/Fit),0.8816666666666667,1.4392598247468524,0.11189977012832229,s026,18,20520430,high_shape,Higher Weibull shape,3,0.3,1.8,1,0.35,0.9,2000,0.3,0.1,1500,1.7687596062782769,0.36857142857142855,0.03357142857142857,1400,600,700,700
cp_cox_full,CP + Cox,0.9216666666666666,1.4429995318509974,0.08717357615606663,s026,19,20520431,high_shape,Higher Weibull shape,3,0.3,1.8,1,0.35,0.9,2000,0.3,0.1,1500,1.741858748528089,0.3871428571428571,0.04071428571428572,1400,600,700,700
cp_cox_split_support_fit,CP + Cox (Split Support/Fit),0.9133333333333333,1.4205992504177394,0.09803831823771891,s026,19,20520431,high_shape,Higher Weibull shape,3,0.3,1.8,1,0.35,0.9,2000,0.3,0.1,1500,1.741858748528089,0.3871428571428571,0.04071428571428572,1400,600,700,700
cp_cox_full,CP + Cox,0.88,1.390363133971185,0.08499857745279112,s026,20,20520432,high_shape,Higher Weibull shape,3,0.3,1.8,1,0.35,0.9,2000,0.3,0.1,1500,1.7071599141920446,0.3692857142857143,0.03785714285714286,1400,600,700,700
cp_cox_split_support_fit,CP + Cox (Split Support/Fit),0.8933333333333333,1.4040096800970796,0.07760438826996958,s026,20,20520432,high_shape,Higher Weibull shape,3,0.3,1.8,1,0.35,0.9,2000,0.3,0.1,1500,1.7071599141920446,0.3692857142857143,0.03785714285714286,1400,600,700,700
cp_cox_full,CP + Cox,0.8833333333333333,1.4220999402602537,0.0838437716518048,s026,21,20520433,high_shape,Higher Weibull shape,3,0.3,1.8,1,0.35,0.9,2000,0.3,0.1,1500,1.730363499351897,0.375,0.04285714285714286,1400,600,700,700
cp_cox_split_support_fit,CP + Cox (Split Support/Fit),0.8716666666666667,1.407766737183409,0.09268041412020035,s026,21,20520433,high_shape,Higher Weibull shape,3,0.3,1.8,1,0.35,0.9,2000,0.3,0.1,1500,1.730363499351897,0.375,0.04285714285714286,1400,600,700,700
cp_cox_full,CP + Cox,0.8883333333333333,1.411215428151871,0.08500675082510244,s026,22,20520434,high_shape,Higher Weibull shape,3,0.3,1.8,1,0.35,0.9,2000,0.3,0.1,1500,1.7112311986138171,0.3942857142857143,0.041428571428571426,1400,600,700,700
cp_cox_split_support_fit,CP + Cox (Split Support/Fit),0.8566666666666667,1.3671573277529503,0.10310890988015306,s026,22,20520434,high_shape,Higher Weibull shape,3,0.3,1.8,1,0.35,0.9,2000,0.3,0.1,1500,1.7112311986138171,0.3942857142857143,0.041428571428571426,1400,600,700,700
cp_cox_full,CP + Cox,0.9233333333333333,1.5189918543870997,0.0663332327547989,s026,23,20520435,high_shape,Higher Weibull shape,3,0.3,1.8,1,0.35,0.9,2000,0.3,0.1,1500,1.7859479635165545,0.3807142857142857,0.03642857142857143,1400,600,700,700
cp_cox_split_support_fit,CP + Cox (Split Support/Fit),0.9166666666666666,1.5103785333120439,0.06849569478893401,s026,23,20520435,high_shape,Higher Weibull shape,3,0.3,1.8,1,0.35,0.9,2000,0.3,0.1,1500,1.7859479635165545,0.3807142857142857,0.03642857142857143,1400,600,700,700
cp_cox_full,CP + Cox,0.9016666666666666,1.4713862802745514,0.1025173633387522,s026,24,20520436,high_shape,Higher Weibull shape,3,0.3,1.8,1,0.35,0.9,2000,0.3,0.1,1500,1.7799865865888789,0.3821428571428571,0.04857142857142857,1400,600,700,700
cp_cox_split_support_fit,CP + Cox (Split Support/Fit),0.8933333333333333,1.4513383482259001,0.1328148697832279,s026,24,20520436,high_shape,Higher Weibull shape,3,0.3,1.8,1,0.35,0.9,2000,0.3,0.1,1500,1.7799865865888789,0.3821428571428571,0.04857142857142857,1400,600,700,700
cp_cox_full,CP + Cox,0.895,1.4342978481172421,0.10460618054610972,s026,25,20520437,high_shape,Higher Weibull shape,3,0.3,1.8,1,0.35,0.9,2000,0.3,0.1,1500,1.7599171427192934,0.39357142857142857,0.03642857142857143,1400,600,700,700
cp_cox_split_support_fit,CP + Cox (Split Support/Fit),0.9333333333333333,1.486201609345906,0.09656313844995969,s026,25,20520437,high_shape,Higher Weibull shape,3,0.3,1.8,1,0.35,0.9,2000,0.3,0.1,1500,1.7599171427192934,0.39357142857142857,0.03642857142857143,1400,600,700,700
cp_cox_full,CP + Cox,0.91,1.473301827987322,0.10092374480901059,s026,26,20520438,high_shape,Higher Weibull shape,3,0.3,1.8,1,0.35,0.9,2000,0.3,0.1,1500,1.7741575300702122,0.37785714285714284,0.03785714285714286,1400,600,700,700
cp_cox_split_support_fit,CP + Cox (Split Support/Fit),0.905,1.4651400370371128,0.10009351542315162,s026,26,20520438,high_shape,Higher Weibull shape,3,0.3,1.8,1,0.35,0.9,2000,0.3,0.1,1500,1.7741575300702122,0.37785714285714284,0.03785714285714286,1400,600,700,700
cp_cox_full,CP + Cox,0.8633333333333333,1.421558645327123,0.10917899643616784,s026,27,20520439,high_shape,Higher Weibull shape,3,0.3,1.8,1,0.35,0.9,2000,0.3,0.1,1500,1.7407679743445237,0.38571428571428573,0.03642857142857143,1400,600,700,700
cp_cox_split_support_fit,CP + Cox (Split Support/Fit),0.8683333333333333,1.421302634251145,0.09999715561451158,s026,27,20520439,high_shape,Higher Weibull shape,3,0.3,1.8,1,0.35,0.9,2000,0.3,0.1,1500,1.7407679743445237,0.38571428571428573,0.03642857142857143,1400,600,700,700
cp_cox_full,CP + Cox,0.895,1.4635028451604242,0.07268879280390225,s026,28,20520440,high_shape,Higher Weibull shape,3,0.3,1.8,1,0.35,0.9,2000,0.3,0.1,1500,1.7827978155228728,0.36142857142857143,0.03357142857142857,1400,600,700,700
cp_cox_split_support_fit,CP + Cox (Split Support/Fit),0.8916666666666667,1.4537539683213045,0.07555052727843488,s026,28,20520440,high_shape,Higher Weibull shape,3,0.3,1.8,1,0.35,0.9,2000,0.3,0.1,1500,1.7827978155228728,0.36142857142857143,0.03357142857142857,1400,600,700,700
cp_cox_full,CP + Cox,0.9,1.4285988799277092,0.07925119039494513,s026,29,20520441,high_shape,Higher Weibull shape,3,0.3,1.8,1,0.35,0.9,2000,0.3,0.1,1500,1.7146844188098314,0.3871428571428571,0.05357142857142857,1400,600,700,700
cp_cox_split_support_fit,CP + Cox (Split Support/Fit),0.9016666666666666,1.4283746994157356,0.07225640296319487,s026,29,20520441,high_shape,Higher Weibull shape,3,0.3,1.8,1,0.35,0.9,2000,0.3,0.1,1500,1.7146844188098314,0.3871428571428571,0.05357142857142857,1400,600,700,700
cp_cox_full,CP + Cox,0.895,1.4476541160842085,0.0874549074205679,s026,30,20520442,high_shape,Higher Weibull shape,3,0.3,1.8,1,0.35,0.9,2000,0.3,0.1,1500,1.748795365146011,0.39714285714285713,0.039285714285714285,1400,600,700,700
cp_cox_split_support_fit,CP + Cox (Split Support/Fit),0.88,1.421294551702299,0.10460670273617353,s026,30,20520442,high_shape,Higher Weibull shape,3,0.3,1.8,1,0.35,0.9,2000,0.3,0.1,1500,1.748795365146011,0.39714285714285713,0.039285714285714285,1400,600,700,700
cp_cox_full,CP + Cox,0.8716666666666667,2.007190954911521,0.100359955662186,s027,1,20530413,high_shape,Higher Weibull shape,3,0.3,1.8,1,0.35,0.97,2000,0.3,0.1,1500,2.35681087156839,0.3535714285714286,0.014285714285714285,1400,600,700,700
cp_cox_split_support_fit,CP + Cox (Split Support/Fit),0.8716666666666667,2.013185100184768,0.08991230476699105,s027,1,20530413,high_shape,Higher Weibull shape,3,0.3,1.8,1,0.35,0.97,2000,0.3,0.1,1500,2.35681087156839,0.3535714285714286,0.014285714285714285,1400,600,700,700
cp_cox_full,CP + Cox,0.8833333333333333,2.0003477473725684,0.09592669670299554,s027,2,20530414,high_shape,Higher Weibull shape,3,0.3,1.8,1,0.35,0.97,2000,0.3,0.1,1500,2.3282985741150948,0.36642857142857144,0.002857142857142857,1400,600,700,700
cp_cox_split_support_fit,CP + Cox (Split Support/Fit),0.905,2.0390667785396923,0.09535988630961391,s027,2,20530414,high_shape,Higher Weibull shape,3,0.3,1.8,1,0.35,0.97,2000,0.3,0.1,1500,2.3282985741150948,0.36642857142857144,0.002857142857142857,1400,600,700,700
cp_cox_full,CP + Cox,0.8716666666666667,2.058934142797586,0.0770129221855147,s027,3,20530415,high_shape,Higher Weibull shape,3,0.3,1.8,1,0.35,0.97,2000,0.3,0.1,1500,2.3510076352407214,0.3692857142857143,0.007857142857142858,1400,600,700,700
cp_cox_split_support_fit,CP + Cox (Split Support/Fit),0.885,2.070697295801527,0.07352928564197447,s027,3,20530415,high_shape,Higher Weibull shape,3,0.3,1.8,1,0.35,0.97,2000,0.3,0.1,1500,2.3510076352407214,0.3692857142857143,0.007857142857142858,1400,600,700,700
cp_cox_full,CP + Cox,0.9033333333333333,2.1170333578991682,0.07821023038147072,s027,4,20530416,high_shape,Higher Weibull shape,3,0.3,1.8,1,0.35,0.97,2000,0.3,0.1,1500,2.4149695468838197,0.3585714285714286,0.004285714285714286,1400,600,700,700
cp_cox_split_support_fit,CP + Cox (Split Support/Fit),0.8816666666666667,2.080534612223082,0.08479338547309484,s027,4,20530416,high_shape,Higher Weibull shape,3,0.3,1.8,1,0.35,0.97,2000,0.3,0.1,1500,2.4149695468838197,0.3585714285714286,0.004285714285714286,1400,600,700,700
cp_cox_full,CP + Cox,0.8933333333333333,1.9459378076314544,0.0945742038669964,s027,5,20530417,high_shape,Higher Weibull shape,3,0.3,1.8,1,0.35,0.97,2000,0.3,0.1,1500,2.245284349580317,0.37214285714285716,0.010714285714285714,1400,600,700,700
cp_cox_split_support_fit,CP + Cox (Split Support/Fit),0.895,1.9480010484087058,0.08081131666784586,s027,5,20530417,high_shape,Higher Weibull shape,3,0.3,1.8,1,0.35,0.97,2000,0.3,0.1,1500,2.245284349580317,0.37214285714285716,0.010714285714285714,1400,600,700,700
cp_cox_full,CP + Cox,0.8816666666666667,1.9996767007481386,0.08864558206610974,s027,6,20530418,high_shape,Higher Weibull shape,3,0.3,1.8,1,0.35,0.97,2000,0.3,0.1,1500,2.285132072713642,0.37214285714285716,0.010714285714285714,1400,600,700,700
cp_cox_split_support_fit,CP + Cox (Split Support/Fit),0.88,1.9992546618678495,0.09785026146488285,s027,6,20530418,high_shape,Higher Weibull shape,3,0.3,1.8,1,0.35,0.97,2000,0.3,0.1,1500,2.285132072713642,0.37214285714285716,0.010714285714285714,1400,600,700,700
cp_cox_full,CP + Cox,0.9166666666666666,2.169159385391999,0.08715480440426793,s027,7,20530419,high_shape,Higher Weibull shape,3,0.3,1.8,1,0.35,0.97,2000,0.3,0.1,1500,2.4623791281040117,0.35,0.0064285714285714285,1400,600,700,700
cp_cox_split_support_fit,CP + Cox (Split Support/Fit),0.905,2.1512455555402514,0.09578941797873429,s027,7,20530419,high_shape,Higher Weibull shape,3,0.3,1.8,1,0.35,0.97,2000,0.3,0.1,1500,2.4623791281040117,0.35,0.0064285714285714285,1400,600,700,700
cp_cox_full,CP + Cox,0.9116666666666666,2.0282884094094458,0.07895238682270293,s027,8,20530420,high_shape,Higher Weibull shape,3,0.3,1.8,1,0.35,0.97,2000,0.3,0.1,1500,2.3246171438168384,0.36214285714285716,0.007142857142857143,1400,600,700,700
cp_cox_split_support_fit,CP + Cox (Split Support/Fit),0.915,2.0318491815817556,0.08512394943391112,s027,8,20530420,high_shape,Higher Weibull shape,3,0.3,1.8,1,0.35,0.97,2000,0.3,0.1,1500,2.3246171438168384,0.36214285714285716,0.007142857142857143,1400,600,700,700
cp_cox_full,CP + Cox,0.905,2.0549690904377735,0.08907762244331542,s027,9,20530421,high_shape,Higher Weibull shape,3,0.3,1.8,1,0.35,0.97,2000,0.3,0.1,1500,2.3436077285726102,0.37214285714285716,0.009285714285714286,1400,600,700,700
cp_cox_split_support_fit,CP + Cox (Split Support/Fit),0.8866666666666667,2.016576252599156,0.10985961036019479,s027,9,20530421,high_shape,Higher Weibull shape,3,0.3,1.8,1,0.35,0.97,2000,0.3,0.1,1500,2.3436077285726102,0.37214285714285716,0.009285714285714286,1400,600,700,700
cp_cox_full,CP + Cox,0.8816666666666667,2.0984777880500527,0.11544444034026928,s027,10,20530422,high_shape,Higher Weibull shape,3,0.3,1.8,1,0.35,0.97,2000,0.3,0.1,1500,2.433550403907063,0.3442857142857143,0.012142857142857143,1400,600,700,700
cp_cox_split_support_fit,CP + Cox (Split Support/Fit),0.8666666666666667,2.077211078475255,0.11875289176599434,s027,10,20530422,high_shape,Higher Weibull shape,3,0.3,1.8,1,0.35,0.97,2000,0.3,0.1,1500,2.433550403907063,0.3442857142857143,0.012142857142857143,1400,600,700,700
cp_cox_full,CP + Cox,0.905,2.078252196774358,0.08208233962612597,s027,11,20530423,high_shape,Higher Weibull shape,3,0.3,1.8,1,0.35,0.97,2000,0.3,0.1,1500,2.3811402939665545,0.365,0.012857142857142857,1400,600,700,700
cp_cox_split_support_fit,CP + Cox (Split Support/Fit),0.905,2.0794168058663076,0.08410528843973022,s027,11,20530423,high_shape,Higher Weibull shape,3,0.3,1.8,1,0.35,0.97,2000,0.3,0.1,1500,2.3811402939665545,0.365,0.012857142857142857,1400,600,700,700
cp_cox_full,CP + Cox,0.9016666666666666,2.0634387722544636,0.09226788262918806,s027,12,20530424,high_shape,Higher Weibull shape,3,0.3,1.8,1,0.35,0.97,2000,0.3,0.1,1500,2.3653798138927664,0.375,0.008571428571428572,1400,600,700,700
cp_cox_split_support_fit,CP + Cox (Split Support/Fit),0.9116666666666666,2.09872138234565,0.08109096500893452,s027,12,20530424,high_shape,Higher Weibull shape,3,0.3,1.8,1,0.35,0.97,2000,0.3,0.1,1500,2.3653798138927664,0.375,0.008571428571428572,1400,600,700,700
cp_cox_full,CP + Cox,0.8816666666666667,1.998712323696572,0.09919278328356272,s027,13,20530425,high_shape,Higher Weibull shape,3,0.3,1.8,1,0.35,0.97,2000,0.3,0.1,1500,2.3209948062240744,0.35,0.01,1400,600,700,700
cp_cox_split_support_fit,CP + Cox (Split Support/Fit),0.8766666666666667,1.9904443811118786,0.10194830483619563,s027,13,20530425,high_shape,Higher Weibull shape,3,0.3,1.8,1,0.35,0.97,2000,0.3,0.1,1500,2.3209948062240744,0.35,0.01,1400,600,700,700
cp_cox_full,CP + Cox,0.8916666666666667,2.041180306486817,0.08803381033978032,s027,14,20530426,high_shape,Higher Weibull shape,3,0.3,1.8,1,0.35,0.97,2000,0.3,0.1,1500,2.3574514974791105,0.37142857142857144,0.010714285714285714,1400,600,700,700
cp_cox_split_support_fit,CP + Cox (Split Support/Fit),0.9316666666666666,2.089556456024243,0.06777891860250622,s027,14,20530426,high_shape,Higher Weibull shape,3,0.3,1.8,1,0.35,0.97,2000,0.3,0.1,1500,2.3574514974791105,0.37142857142857144,0.010714285714285714,1400,600,700,700
cp_cox_full,CP + Cox,0.8916666666666667,2.0549554750290158,0.09404487542866621,s027,15,20530427,high_shape,Higher Weibull shape,3,0.3,1.8,1,0.35,0.97,2000,0.3,0.1,1500,2.3676453246749665,0.345,0.007142857142857143,1400,600,700,700
cp_cox_split_support_fit,CP + Cox (Split Support/Fit),0.9233333333333333,2.0963783968359553,0.08952936633914366,s027,15,20530427,high_shape,Higher Weibull shape,3,0.3,1.8,1,0.35,0.97,2000,0.3,0.1,1500,2.3676453246749665,0.345,0.007142857142857143,1400,600,700,700
cp_cox_full,CP + Cox,0.885,2.180094313028713,0.09170241306595635,s027,16,20530428,high_shape,Higher Weibull shape,3,0.3,1.8,1,0.35,0.97,2000,0.3,0.1,1500,2.4787849490622933,0.35714285714285715,0.011428571428571429,1400,600,700,700
cp_cox_split_support_fit,CP + Cox (Split Support/Fit),0.8716666666666667,2.150030123709712,0.09835042800479518,s027,16,20530428,high_shape,Higher Weibull shape,3,0.3,1.8,1,0.35,0.97,2000,0.3,0.1,1500,2.4787849490622933,0.35714285714285715,0.011428571428571429,1400,600,700,700
cp_cox_full,CP + Cox,0.8883333333333333,2.0150519471892103,0.1025110143462184,s027,17,20530429,high_shape,Higher Weibull shape,3,0.3,1.8,1,0.35,0.97,2000,0.3,0.1,1500,2.331442924831647,0.3492857142857143,0.005714285714285714,1400,600,700,700
cp_cox_split_support_fit,CP + Cox (Split Support/Fit),0.895,2.0306818362387693,0.0892766562323339,s027,17,20530429,high_shape,Higher Weibull shape,3,0.3,1.8,1,0.35,0.97,2000,0.3,0.1,1500,2.331442924831647,0.3492857142857143,0.005714285714285714,1400,600,700,700
cp_cox_full,CP + Cox,0.915,2.0517980174717954,0.0744114599074568,s027,18,20530430,high_shape,Higher Weibull shape,3,0.3,1.8,1,0.35,0.97,2000,0.3,0.1,1500,2.336966707755273,0.3678571428571429,0.007142857142857143,1400,600,700,700
cp_cox_split_support_fit,CP + Cox (Split Support/Fit),0.91,2.0321027884905902,0.0937859112201369,s027,18,20530430,high_shape,Higher Weibull shape,3,0.3,1.8,1,0.35,0.97,2000,0.3,0.1,1500,2.336966707755273,0.3678571428571429,0.007142857142857143,1400,600,700,700
cp_cox_full,CP + Cox,0.8866666666666667,2.0642402898794647,0.10987198839179586,s027,19,20530431,high_shape,Higher Weibull shape,3,0.3,1.8,1,0.35,0.97,2000,0.3,0.1,1500,2.400689805575818,0.37714285714285717,0.005,1400,600,700,700
cp_cox_split_support_fit,CP + Cox (Split Support/Fit),0.905,2.101546666504183,0.09416083010712162,s027,19,20530431,high_shape,Higher Weibull shape,3,0.3,1.8,1,0.35,0.97,2000,0.3,0.1,1500,2.400689805575818,0.37714285714285717,0.005,1400,600,700,700
cp_cox_full,CP + Cox,0.895,2.0306540709492014,0.09612073231983242,s027,20,20530432,high_shape,Higher Weibull shape,3,0.3,1.8,1,0.35,0.97,2000,0.3,0.1,1500,2.3412969015773086,0.3507142857142857,0.007857142857142858,1400,600,700,700
cp_cox_split_support_fit,CP + Cox (Split Support/Fit),0.8766666666666667,2.0040008765660455,0.09777768308455678,s027,20,20530432,high_shape,Higher Weibull shape,3,0.3,1.8,1,0.35,0.97,2000,0.3,0.1,1500,2.3412969015773086,0.3507142857142857,0.007857142857142858,1400,600,700,700
cp_cox_full,CP + Cox,0.86,1.9357798827161947,0.10345837247930965,s027,21,20530433,high_shape,Higher Weibull shape,3,0.3,1.8,1,0.35,0.97,2000,0.3,0.1,1500,2.275447703202866,0.3657142857142857,0.007857142857142858,1400,600,700,700
cp_cox_split_support_fit,CP + Cox (Split Support/Fit),0.8633333333333333,1.9411764720179736,0.10092711166349427,s027,21,20530433,high_shape,Higher Weibull shape,3,0.3,1.8,1,0.35,0.97,2000,0.3,0.1,1500,2.275447703202866,0.3657142857142857,0.007857142857142858,1400,600,700,700
cp_cox_full,CP + Cox,0.8916666666666667,1.971991984503812,0.09506587818150308,s027,22,20530434,high_shape,Higher Weibull shape,3,0.3,1.8,1,0.35,0.97,2000,0.3,0.1,1500,2.277459484770386,0.37214285714285716,0.007857142857142858,1400,600,700,700
cp_cox_split_support_fit,CP + Cox (Split Support/Fit),0.875,1.9209680815397254,0.11144771526947364,s027,22,20530434,high_shape,Higher Weibull shape,3,0.3,1.8,1,0.35,0.97,2000,0.3,0.1,1500,2.277459484770386,0.37214285714285716,0.007857142857142858,1400,600,700,700
cp_cox_full,CP + Cox,0.8783333333333333,2.0345217578583252,0.10784086040879429,s027,23,20530435,high_shape,Higher Weibull shape,3,0.3,1.8,1,0.35,0.97,2000,0.3,0.1,1500,2.357108410444971,0.37285714285714283,0.0064285714285714285,1400,600,700,700
cp_cox_split_support_fit,CP + Cox (Split Support/Fit),0.8766666666666667,2.0308441234205428,0.10359462879640975,s027,23,20530435,high_shape,Higher Weibull shape,3,0.3,1.8,1,0.35,0.97,2000,0.3,0.1,1500,2.357108410444971,0.37285714285714283,0.0064285714285714285,1400,600,700,700
cp_cox_full,CP + Cox,0.8966666666666666,2.0475216294608996,0.08245619785245246,s027,24,20530436,high_shape,Higher Weibull shape,3,0.3,1.8,1,0.35,0.97,2000,0.3,0.1,1500,2.321639485998081,0.35642857142857143,0.012142857142857143,1400,600,700,700
cp_cox_split_support_fit,CP + Cox (Split Support/Fit),0.8983333333333333,2.0504187539435796,0.08401593719240404,s027,24,20530436,high_shape,Higher Weibull shape,3,0.3,1.8,1,0.35,0.97,2000,0.3,0.1,1500,2.321639485998081,0.35642857142857143,0.012142857142857143,1400,600,700,700
cp_cox_full,CP + Cox,0.9033333333333333,2.0590898145605605,0.09652273760905453,s027,25,20530437,high_shape,Higher Weibull shape,3,0.3,1.8,1,0.35,0.97,2000,0.3,0.1,1500,2.3815638221331903,0.345,0.015,1400,600,700,700
cp_cox_split_support_fit,CP + Cox (Split Support/Fit),0.8983333333333333,2.0532764026777417,0.11260460247682794,s027,25,20530437,high_shape,Higher Weibull shape,3,0.3,1.8,1,0.35,0.97,2000,0.3,0.1,1500,2.3815638221331903,0.345,0.015,1400,600,700,700
cp_cox_full,CP + Cox,0.87,2.0592264579733217,0.08187693830450286,s027,26,20530438,high_shape,Higher Weibull shape,3,0.3,1.8,1,0.35,0.97,2000,0.3,0.1,1500,2.3520709462253957,0.37357142857142855,0.008571428571428572,1400,600,700,700
cp_cox_split_support_fit,CP + Cox (Split Support/Fit),0.8516666666666667,2.0323487141095513,0.0911175747093338,s027,26,20530438,high_shape,Higher Weibull shape,3,0.3,1.8,1,0.35,0.97,2000,0.3,0.1,1500,2.3520709462253957,0.37357142857142855,0.008571428571428572,1400,600,700,700
cp_cox_full,CP + Cox,0.9,2.0105713525882187,0.07625422226009516,s027,27,20530439,high_shape,Higher Weibull shape,3,0.3,1.8,1,0.35,0.97,2000,0.3,0.1,1500,2.3370732935090994,0.3492857142857143,0.007857142857142858,1400,600,700,700
cp_cox_split_support_fit,CP + Cox (Split Support/Fit),0.8866666666666667,1.9780086773198857,0.08026482899171018,s027,27,20530439,high_shape,Higher Weibull shape,3,0.3,1.8,1,0.35,0.97,2000,0.3,0.1,1500,2.3370732935090994,0.3492857142857143,0.007857142857142858,1400,600,700,700
cp_cox_full,CP + Cox,0.91,2.0067575163852855,0.07588155916783407,s027,28,20530440,high_shape,Higher Weibull shape,3,0.3,1.8,1,0.35,0.97,2000,0.3,0.1,1500,2.2876958921415564,0.33214285714285713,0.005714285714285714,1400,600,700,700
cp_cox_split_support_fit,CP + Cox (Split Support/Fit),0.8966666666666666,1.986377363396197,0.08320983000498407,s027,28,20530440,high_shape,Higher Weibull shape,3,0.3,1.8,1,0.35,0.97,2000,0.3,0.1,1500,2.2876958921415564,0.33214285714285713,0.005714285714285714,1400,600,700,700
cp_cox_full,CP + Cox,0.905,2.1529512708398033,0.09453501321359996,s027,29,20530441,high_shape,Higher Weibull shape,3,0.3,1.8,1,0.35,0.97,2000,0.3,0.1,1500,2.46607267973669,0.36214285714285716,0.007142857142857143,1400,600,700,700
cp_cox_split_support_fit,CP + Cox (Split Support/Fit),0.8966666666666666,2.1434460938177073,0.09768107253267462,s027,29,20530441,high_shape,Higher Weibull shape,3,0.3,1.8,1,0.35,0.97,2000,0.3,0.1,1500,2.46607267973669,0.36214285714285716,0.007142857142857143,1400,600,700,700
cp_cox_full,CP + Cox,0.915,2.128217614745211,0.0795851046149247,s027,30,20530442,high_shape,Higher Weibull shape,3,0.3,1.8,1,0.35,0.97,2000,0.3,0.1,1500,2.401498059758109,0.3335714285714286,0.007142857142857143,1400,600,700,700
cp_cox_split_support_fit,CP + Cox (Split Support/Fit),0.8783333333333333,2.061311370112539,0.10577184438783824,s027,30,20530442,high_shape,Higher Weibull shape,3,0.3,1.8,1,0.35,0.97,2000,0.3,0.1,1500,2.401498059758109,0.3335714285714286,0.007142857142857143,1400,600,700,700
cp_cox_full,CP + Cox,0.8816666666666667,1.4399351500627418,0.23772752008875853,s028,1,20540413,strong_signal,Stronger covariate effect,3,0.6,1.2,1,0.1,0.75,2000,0.3,0.1,1500,1.6609596244031892,0.30142857142857143,0.20357142857142857,1400,600,700,700
cp_cox_split_support_fit,CP + Cox (Split Support/Fit),0.89,1.4514569268524116,0.2273806211527838,s028,1,20540413,strong_signal,Stronger covariate effect,3,0.6,1.2,1,0.1,0.75,2000,0.3,0.1,1500,1.6609596244031892,0.30142857142857143,0.20357142857142857,1400,600,700,700
cp_cox_full,CP + Cox,0.8683333333333333,1.325577460428022,0.2322131310281975,s028,2,20540414,strong_signal,Stronger covariate effect,3,0.6,1.2,1,0.1,0.75,2000,0.3,0.1,1500,1.5715949746071414,0.31142857142857144,0.205,1400,600,700,700
cp_cox_split_support_fit,CP + Cox (Split Support/Fit),0.875,1.3395153498413435,0.20475942016696885,s028,2,20540414,strong_signal,Stronger covariate effect,3,0.6,1.2,1,0.1,0.75,2000,0.3,0.1,1500,1.5715949746071414,0.31142857142857144,0.205,1400,600,700,700
cp_cox_full,CP + Cox,0.8866666666666667,1.3025241258482463,0.2576237233032101,s028,3,20540415,strong_signal,Stronger covariate effect,3,0.6,1.2,1,0.1,0.75,2000,0.3,0.1,1500,1.554809513090647,0.2985714285714286,0.19357142857142856,1400,600,700,700
cp_cox_split_support_fit,CP + Cox (Split Support/Fit),0.91,1.334921065162001,0.23188681789758292,s028,3,20540415,strong_signal,Stronger covariate effect,3,0.6,1.2,1,0.1,0.75,2000,0.3,0.1,1500,1.554809513090647,0.2985714285714286,0.19357142857142856,1400,600,700,700
cp_cox_full,CP + Cox,0.88,1.380041455750899,0.23208615411755656,s028,4,20540416,strong_signal,Stronger covariate effect,3,0.6,1.2,1,0.1,0.75,2000,0.3,0.1,1500,1.6181995437485468,0.3,0.20357142857142857,1400,600,700,700
cp_cox_split_support_fit,CP + Cox (Split Support/Fit),0.9016666666666666,1.419855043693905,0.18348922582902627,s028,4,20540416,strong_signal,Stronger covariate effect,3,0.6,1.2,1,0.1,0.75,2000,0.3,0.1,1500,1.6181995437485468,0.3,0.20357142857142857,1400,600,700,700
cp_cox_full,CP + Cox,0.9216666666666666,1.3652284292011851,0.21203807454347057,s028,5,20540417,strong_signal,Stronger covariate effect,3,0.6,1.2,1,0.1,0.75,2000,0.3,0.1,1500,1.5852098939065398,0.29714285714285715,0.20285714285714285,1400,600,700,700
cp_cox_split_support_fit,CP + Cox (Split Support/Fit),0.915,1.353000069208884,0.21569942361024655,s028,5,20540417,strong_signal,Stronger covariate effect,3,0.6,1.2,1,0.1,0.75,2000,0.3,0.1,1500,1.5852098939065398,0.29714285714285715,0.20285714285714285,1400,600,700,700
cp_cox_full,CP + Cox,0.9216666666666666,1.4453548515669052,0.23016534491655005,s028,6,20540418,strong_signal,Stronger covariate effect,3,0.6,1.2,1,0.1,0.75,2000,0.3,0.1,1500,1.6474014087104742,0.3107142857142857,0.21571428571428572,1400,600,700,700
cp_cox_split_support_fit,CP + Cox (Split Support/Fit),0.9033333333333333,1.401444197725868,0.2918894238273302,s028,6,20540418,strong_signal,Stronger covariate effect,3,0.6,1.2,1,0.1,0.75,2000,0.3,0.1,1500,1.6474014087104742,0.3107142857142857,0.21571428571428572,1400,600,700,700
cp_cox_full,CP + Cox,0.8783333333333333,1.3218636424083088,0.223355644251286,s028,7,20540419,strong_signal,Stronger covariate effect,3,0.6,1.2,1,0.1,0.75,2000,0.3,0.1,1500,1.5672127318860996,0.295,0.20142857142857143,1400,600,700,700
cp_cox_split_support_fit,CP + Cox (Split Support/Fit),0.8966666666666666,1.3601162954302306,0.19490043241812058,s028,7,20540419,strong_signal,Stronger covariate effect,3,0.6,1.2,1,0.1,0.75,2000,0.3,0.1,1500,1.5672127318860996,0.295,0.20142857142857143,1400,600,700,700
cp_cox_full,CP + Cox,0.88,1.3298373469737572,0.26159248883125485,s028,8,20540420,strong_signal,Stronger covariate effect,3,0.6,1.2,1,0.1,0.75,2000,0.3,0.1,1500,1.589195264805301,0.3078571428571429,0.21285714285714286,1400,600,700,700
cp_cox_split_support_fit,CP + Cox (Split Support/Fit),0.8666666666666667,1.3070046115068352,0.2797664112967133,s028,8,20540420,strong_signal,Stronger covariate effect,3,0.6,1.2,1,0.1,0.75,2000,0.3,0.1,1500,1.589195264805301,0.3078571428571429,0.21285714285714286,1400,600,700,700
cp_cox_full,CP + Cox,0.8716666666666667,1.2650622647685321,0.21996429925786554,s028,9,20540421,strong_signal,Stronger covariate effect,3,0.6,1.2,1,0.1,0.75,2000,0.3,0.1,1500,1.4869304567523176,0.30857142857142855,0.20642857142857143,1400,600,700,700
cp_cox_split_support_fit,CP + Cox (Split Support/Fit),0.8683333333333333,1.2521655814121981,0.22884932433888747,s028,9,20540421,strong_signal,Stronger covariate effect,3,0.6,1.2,1,0.1,0.75,2000,0.3,0.1,1500,1.4869304567523176,0.30857142857142855,0.20642857142857143,1400,600,700,700
cp_cox_full,CP + Cox,0.91,1.4962520063980254,0.18777957148176103,s028,10,20540422,strong_signal,Stronger covariate effect,3,0.6,1.2,1,0.1,0.75,2000,0.3,0.1,1500,1.6849793340055563,0.3107142857142857,0.19857142857142857,1400,600,700,700
cp_cox_split_support_fit,CP + Cox (Split Support/Fit),0.91,1.4914405958761274,0.18593148345316213,s028,10,20540422,strong_signal,Stronger covariate effect,3,0.6,1.2,1,0.1,0.75,2000,0.3,0.1,1500,1.6849793340055563,0.3107142857142857,0.19857142857142857,1400,600,700,700
cp_cox_full,CP + Cox,0.8633333333333333,1.2726097634681552,0.1961887544888297,s028,11,20540423,strong_signal,Stronger covariate effect,3,0.6,1.2,1,0.1,0.75,2000,0.3,0.1,1500,1.4973098049596565,0.31357142857142856,0.2092857142857143,1400,600,700,700
cp_cox_split_support_fit,CP + Cox (Split Support/Fit),0.905,1.3320765692116685,0.13881595574804645,s028,11,20540423,strong_signal,Stronger covariate effect,3,0.6,1.2,1,0.1,0.75,2000,0.3,0.1,1500,1.4973098049596565,0.31357142857142856,0.2092857142857143,1400,600,700,700
cp_cox_full,CP + Cox,0.88,1.356102515304226,0.18971329526725147,s028,12,20540424,strong_signal,Stronger covariate effect,3,0.6,1.2,1,0.1,0.75,2000,0.3,0.1,1500,1.5747452579460681,0.2978571428571429,0.21285714285714286,1400,600,700,700
cp_cox_split_support_fit,CP + Cox (Split Support/Fit),0.8816666666666667,1.3690722331379115,0.16746630916756353,s028,12,20540424,strong_signal,Stronger covariate effect,3,0.6,1.2,1,0.1,0.75,2000,0.3,0.1,1500,1.5747452579460681,0.2978571428571429,0.21285714285714286,1400,600,700,700
cp_cox_full,CP + Cox,0.905,1.4273417725789008,0.25150498104180136,s028,13,20540425,strong_signal,Stronger covariate effect,3,0.6,1.2,1,0.1,0.75,2000,0.3,0.1,1500,1.654947246431831,0.3171428571428571,0.1957142857142857,1400,600,700,700
cp_cox_split_support_fit,CP + Cox (Split Support/Fit),0.865,1.3505947021963223,0.3260862424667567,s028,13,20540425,strong_signal,Stronger covariate effect,3,0.6,1.2,1,0.1,0.75,2000,0.3,0.1,1500,1.654947246431831,0.3171428571428571,0.1957142857142857,1400,600,700,700
cp_cox_full,CP + Cox,0.9333333333333333,1.3970613890674055,0.23307834831891175,s028,14,20540426,strong_signal,Stronger covariate effect,3,0.6,1.2,1,0.1,0.75,2000,0.3,0.1,1500,1.6264539499524353,0.30142857142857143,0.19142857142857142,1400,600,700,700
cp_cox_split_support_fit,CP + Cox (Split Support/Fit),0.9266666666666666,1.3860552931065175,0.24687543183733157,s028,14,20540426,strong_signal,Stronger covariate effect,3,0.6,1.2,1,0.1,0.75,2000,0.3,0.1,1500,1.6264539499524353,0.30142857142857143,0.19142857142857142,1400,600,700,700
cp_cox_full,CP + Cox,0.8833333333333333,1.375909846706253,0.22383864814103094,s028,15,20540427,strong_signal,Stronger covariate effect,3,0.6,1.2,1,0.1,0.75,2000,0.3,0.1,1500,1.6093417573023154,0.3007142857142857,0.2057142857142857,1400,600,700,700
cp_cox_split_support_fit,CP + Cox (Split Support/Fit),0.9016666666666666,1.4046689184862853,0.19856125781993758,s028,15,20540427,strong_signal,Stronger covariate effect,3,0.6,1.2,1,0.1,0.75,2000,0.3,0.1,1500,1.6093417573023154,0.3007142857142857,0.2057142857142857,1400,600,700,700
cp_cox_full,CP + Cox,0.9066666666666666,1.421509798943202,0.19964792008553292,s028,16,20540428,strong_signal,Stronger covariate effect,3,0.6,1.2,1,0.1,0.75,2000,0.3,0.1,1500,1.640150424460077,0.3092857142857143,0.21857142857142858,1400,600,700,700
cp_cox_split_support_fit,CP + Cox (Split Support/Fit),0.9183333333333333,1.4527753992425898,0.16348980672579774,s028,16,20540428,strong_signal,Stronger covariate effect,3,0.6,1.2,1,0.1,0.75,2000,0.3,0.1,1500,1.640150424460077,0.3092857142857143,0.21857142857142858,1400,600,700,700
cp_cox_full,CP + Cox,0.9116666666666666,1.3627878188290077,0.21794038489725898,s028,17,20540429,strong_signal,Stronger covariate effect,3,0.6,1.2,1,0.1,0.75,2000,0.3,0.1,1500,1.5702581310071553,0.2885714285714286,0.20714285714285716,1400,600,700,700
cp_cox_split_support_fit,CP + Cox (Split Support/Fit),0.8983333333333333,1.3292005387872081,0.2457601892751822,s028,17,20540429,strong_signal,Stronger covariate effect,3,0.6,1.2,1,0.1,0.75,2000,0.3,0.1,1500,1.5702581310071553,0.2885714285714286,0.20714285714285716,1400,600,700,700
cp_cox_full,CP + Cox,0.9083333333333333,1.3597821206997767,0.21549188662291502,s028,18,20540430,strong_signal,Stronger covariate effect,3,0.6,1.2,1,0.1,0.75,2000,0.3,0.1,1500,1.5785123276808484,0.2914285714285714,0.19714285714285715,1400,600,700,700
cp_cox_split_support_fit,CP + Cox (Split Support/Fit),0.9233333333333333,1.3942022479372995,0.19591898433376442,s028,18,20540430,strong_signal,Stronger covariate effect,3,0.6,1.2,1,0.1,0.75,2000,0.3,0.1,1500,1.5785123276808484,0.2914285714285714,0.19714285714285715,1400,600,700,700
cp_cox_full,CP + Cox,0.8866666666666667,1.4609514865935442,0.19817872811496595,s028,19,20540431,strong_signal,Stronger covariate effect,3,0.6,1.2,1,0.1,0.75,2000,0.3,0.1,1500,1.666416516563828,0.29642857142857143,0.21571428571428572,1400,600,700,700
cp_cox_split_support_fit,CP + Cox (Split Support/Fit),0.9033333333333333,1.4811325594177598,0.18524397035123052,s028,19,20540431,strong_signal,Stronger covariate effect,3,0.6,1.2,1,0.1,0.75,2000,0.3,0.1,1500,1.666416516563828,0.29642857142857143,0.21571428571428572,1400,600,700,700
cp_cox_full,CP + Cox,0.915,1.3127835074167589,0.2147572913011978,s028,20,20540432,strong_signal,Stronger covariate effect,3,0.6,1.2,1,0.1,0.75,2000,0.3,0.1,1500,1.5215006576540038,0.2957142857142857,0.19857142857142857,1400,600,700,700
cp_cox_split_support_fit,CP + Cox (Split Support/Fit),0.92,1.33109715430911,0.20201597837124,s028,20,20540432,strong_signal,Stronger covariate effect,3,0.6,1.2,1,0.1,0.75,2000,0.3,0.1,1500,1.5215006576540038,0.2957142857142857,0.19857142857142857,1400,600,700,700
cp_cox_full,CP + Cox,0.8866666666666667,1.350246066184849,0.2683825216159677,s028,21,20540433,strong_signal,Stronger covariate effect,3,0.6,1.2,1,0.1,0.75,2000,0.3,0.1,1500,1.6119397039242742,0.29714285714285715,0.19357142857142856,1400,600,700,700
cp_cox_split_support_fit,CP + Cox (Split Support/Fit),0.8883333333333333,1.3554758680032528,0.2625389452382014,s028,21,20540433,strong_signal,Stronger covariate effect,3,0.6,1.2,1,0.1,0.75,2000,0.3,0.1,1500,1.6119397039242742,0.29714285714285715,0.19357142857142856,1400,600,700,700
cp_cox_full,CP + Cox,0.915,1.3978670979237762,0.21486435496239117,s028,22,20540434,strong_signal,Stronger covariate effect,3,0.6,1.2,1,0.1,0.75,2000,0.3,0.1,1500,1.605403213760503,0.30642857142857144,0.20642857142857143,1400,600,700,700
cp_cox_split_support_fit,CP + Cox (Split Support/Fit),0.9116666666666666,1.396306732535207,0.2209184947100672,s028,22,20540434,strong_signal,Stronger covariate effect,3,0.6,1.2,1,0.1,0.75,2000,0.3,0.1,1500,1.605403213760503,0.30642857142857144,0.20642857142857143,1400,600,700,700
cp_cox_full,CP + Cox,0.9183333333333333,1.344746533121204,0.22885285540626515,s028,23,20540435,strong_signal,Stronger covariate effect,3,0.6,1.2,1,0.1,0.75,2000,0.3,0.1,1500,1.5671988179978338,0.30642857142857144,0.19785714285714287,1400,600,700,700
cp_cox_split_support_fit,CP + Cox (Split Support/Fit),0.9333333333333333,1.381424653401498,0.19048297927536817,s028,23,20540435,strong_signal,Stronger covariate effect,3,0.6,1.2,1,0.1,0.75,2000,0.3,0.1,1500,1.5671988179978338,0.30642857142857144,0.19785714285714287,1400,600,700,700
cp_cox_full,CP + Cox,0.9166666666666666,1.3784830165061208,0.21708452333621525,s028,24,20540436,strong_signal,Stronger covariate effect,3,0.6,1.2,1,0.1,0.75,2000,0.3,0.1,1500,1.5695968856737845,0.3,0.2057142857142857,1400,600,700,700
cp_cox_split_support_fit,CP + Cox (Split Support/Fit),0.9066666666666666,1.3805411940126855,0.20225965936409948,s028,24,20540436,strong_signal,Stronger covariate effect,3,0.6,1.2,1,0.1,0.75,2000,0.3,0.1,1500,1.5695968856737845,0.3,0.2057142857142857,1400,600,700,700
cp_cox_full,CP + Cox,0.89,1.3749771091629237,0.23531787058424647,s028,25,20540437,strong_signal,Stronger covariate effect,3,0.6,1.2,1,0.1,0.75,2000,0.3,0.1,1500,1.6172445744750503,0.30642857142857144,0.2057142857142857,1400,600,700,700
cp_cox_split_support_fit,CP + Cox (Split Support/Fit),0.8966666666666666,1.3883606648549929,0.21684298157557802,s028,25,20540437,strong_signal,Stronger covariate effect,3,0.6,1.2,1,0.1,0.75,2000,0.3,0.1,1500,1.6172445744750503,0.30642857142857144,0.2057142857142857,1400,600,700,700
cp_cox_full,CP + Cox,0.9166666666666666,1.3590664580633194,0.19098474057721984,s028,26,20540438,strong_signal,Stronger covariate effect,3,0.6,1.2,1,0.1,0.75,2000,0.3,0.1,1500,1.57854001470951,0.30142857142857143,0.19285714285714287,1400,600,700,700
cp_cox_split_support_fit,CP + Cox (Split Support/Fit),0.935,1.3954914757982597,0.16244168609842508,s028,26,20540438,strong_signal,Stronger covariate effect,3,0.6,1.2,1,0.1,0.75,2000,0.3,0.1,1500,1.57854001470951,0.30142857142857143,0.19285714285714287,1400,600,700,700
cp_cox_full,CP + Cox,0.92,1.4026387299324268,0.2169598460314456,s028,27,20540439,strong_signal,Stronger covariate effect,3,0.6,1.2,1,0.1,0.75,2000,0.3,0.1,1500,1.6056364478546832,0.2985714285714286,0.18785714285714286,1400,600,700,700
cp_cox_split_support_fit,CP + Cox (Split Support/Fit),0.905,1.3813138480945057,0.23364815420690144,s028,27,20540439,strong_signal,Stronger covariate effect,3,0.6,1.2,1,0.1,0.75,2000,0.3,0.1,1500,1.6056364478546832,0.2985714285714286,0.18785714285714286,1400,600,700,700
cp_cox_full,CP + Cox,0.9016666666666666,1.4052665575890753,0.19426805347065537,s028,28,20540440,strong_signal,Stronger covariate effect,3,0.6,1.2,1,0.1,0.75,2000,0.3,0.1,1500,1.607235031377409,0.29714285714285715,0.20785714285714285,1400,600,700,700
cp_cox_split_support_fit,CP + Cox (Split Support/Fit),0.8966666666666666,1.3854694867641675,0.22205193136761364,s028,28,20540440,strong_signal,Stronger covariate effect,3,0.6,1.2,1,0.1,0.75,2000,0.3,0.1,1500,1.607235031377409,0.29714285714285715,0.20785714285714285,1400,600,700,700
cp_cox_full,CP + Cox,0.9033333333333333,1.373480171742851,0.2011455742635815,s028,29,20540441,strong_signal,Stronger covariate effect,3,0.6,1.2,1,0.1,0.75,2000,0.3,0.1,1500,1.5852949405239798,0.3142857142857143,0.2092857142857143,1400,600,700,700
cp_cox_split_support_fit,CP + Cox (Split Support/Fit),0.8966666666666666,1.3570438878558408,0.21827808282156316,s028,29,20540441,strong_signal,Stronger covariate effect,3,0.6,1.2,1,0.1,0.75,2000,0.3,0.1,1500,1.5852949405239798,0.3142857142857143,0.2092857142857143,1400,600,700,700
cp_cox_full,CP + Cox,0.8866666666666667,1.4350740559415398,0.23072516235192342,s028,30,20540442,strong_signal,Stronger covariate effect,3,0.6,1.2,1,0.1,0.75,2000,0.3,0.1,1500,1.6699483492696032,0.2985714285714286,0.2007142857142857,1400,600,700,700
cp_cox_split_support_fit,CP + Cox (Split Support/Fit),0.895,1.4545212019444353,0.20116226964210424,s028,30,20540442,strong_signal,Stronger covariate effect,3,0.6,1.2,1,0.1,0.75,2000,0.3,0.1,1500,1.6699483492696032,0.2985714285714286,0.2007142857142857,1400,600,700,700
cp_cox_full,CP + Cox,0.9,3.1182409739349004,0.2376705562766975,s029,1,20550413,strong_signal,Stronger covariate effect,3,0.6,1.2,1,0.1,0.9,2000,0.3,0.1,1500,3.3395994916739182,0.17285714285714285,0.06571428571428571,1400,600,700,700
cp_cox_split_support_fit,CP + Cox (Split Support/Fit),0.885,3.091452674562874,0.24501680463892114,s029,1,20550413,strong_signal,Stronger covariate effect,3,0.6,1.2,1,0.1,0.9,2000,0.3,0.1,1500,3.3395994916739182,0.17285714285714285,0.06571428571428571,1400,600,700,700
cp_cox_full,CP + Cox,0.9066666666666666,3.0408211400300553,0.18980620451472033,s029,2,20550414,strong_signal,Stronger covariate effect,3,0.6,1.2,1,0.1,0.9,2000,0.3,0.1,1500,3.255184488593588,0.15571428571428572,0.07071428571428572,1400,600,700,700
cp_cox_split_support_fit,CP + Cox (Split Support/Fit),0.895,3.023845291446868,0.2115424556724688,s029,2,20550414,strong_signal,Stronger covariate effect,3,0.6,1.2,1,0.1,0.9,2000,0.3,0.1,1500,3.255184488593588,0.15571428571428572,0.07071428571428572,1400,600,700,700
cp_cox_full,CP + Cox,0.92,2.9327008554644465,0.1989231413743645,s029,3,20550415,strong_signal,Stronger covariate effect,3,0.6,1.2,1,0.1,0.9,2000,0.3,0.1,1500,3.1376139361120767,0.16785714285714284,0.075,1400,600,700,700
cp_cox_split_support_fit,CP + Cox (Split Support/Fit),0.905,2.900799216880346,0.22654340781816995,s029,3,20550415,strong_signal,Stronger covariate effect,3,0.6,1.2,1,0.1,0.9,2000,0.3,0.1,1500,3.1376139361120767,0.16785714285714284,0.075,1400,600,700,700
cp_cox_full,CP + Cox,0.9,2.9219475542014157,0.20319280740613282,s029,4,20550416,strong_signal,Stronger covariate effect,3,0.6,1.2,1,0.1,0.9,2000,0.3,0.1,1500,3.117751644522614,0.1707142857142857,0.07642857142857143,1400,600,700,700
cp_cox_split_support_fit,CP + Cox (Split Support/Fit),0.915,2.94937594725301,0.17299261966158785,s029,4,20550416,strong_signal,Stronger covariate effect,3,0.6,1.2,1,0.1,0.9,2000,0.3,0.1,1500,3.117751644522614,0.1707142857142857,0.07642857142857143,1400,600,700,700
cp_cox_full,CP + Cox,0.9083333333333333,3.054192522700535,0.274879598199697,s029,5,20550417,strong_signal,Stronger covariate effect,3,0.6,1.2,1,0.1,0.9,2000,0.3,0.1,1500,3.301797300595485,0.18785714285714286,0.08357142857142857,1400,600,700,700
cp_cox_split_support_fit,CP + Cox (Split Support/Fit),0.8983333333333333,3.0257892801509265,0.3002143688499941,s029,5,20550417,strong_signal,Stronger covariate effect,3,0.6,1.2,1,0.1,0.9,2000,0.3,0.1,1500,3.301797300595485,0.18785714285714286,0.08357142857142857,1400,600,700,700
cp_cox_full,CP + Cox,0.9266666666666666,3.2277993444103577,0.22877067277725643,s029,6,20550418,strong_signal,Stronger covariate effect,3,0.6,1.2,1,0.1,0.9,2000,0.3,0.1,1500,3.461538433539799,0.18071428571428572,0.065,1400,600,700,700
cp_cox_split_support_fit,CP + Cox (Split Support/Fit),0.9283333333333333,3.2250346059576733,0.24195745199535384,s029,6,20550418,strong_signal,Stronger covariate effect,3,0.6,1.2,1,0.1,0.9,2000,0.3,0.1,1500,3.461538433539799,0.18071428571428572,0.065,1400,600,700,700
cp_cox_full,CP + Cox,0.865,2.885089643294365,0.19975969652134787,s029,7,20550419,strong_signal,Stronger covariate effect,3,0.6,1.2,1,0.1,0.9,2000,0.3,0.1,1500,3.1150012175464292,0.18714285714285714,0.07571428571428572,1400,600,700,700
cp_cox_split_support_fit,CP + Cox (Split Support/Fit),0.88,2.9091526835483936,0.17230061836338595,s029,7,20550419,strong_signal,Stronger covariate effect,3,0.6,1.2,1,0.1,0.9,2000,0.3,0.1,1500,3.1150012175464292,0.18714285714285714,0.07571428571428572,1400,600,700,700
cp_cox_full,CP + Cox,0.8966666666666666,2.9182004457575914,0.25147165305785435,s029,8,20550420,strong_signal,Stronger covariate effect,3,0.6,1.2,1,0.1,0.9,2000,0.3,0.1,1500,3.1581538726593137,0.17714285714285713,0.06642857142857143,1400,600,700,700
cp_cox_split_support_fit,CP + Cox (Split Support/Fit),0.8833333333333333,2.8897228041187715,0.28467882693352714,s029,8,20550420,strong_signal,Stronger covariate effect,3,0.6,1.2,1,0.1,0.9,2000,0.3,0.1,1500,3.1581538726593137,0.17714285714285713,0.06642857142857143,1400,600,700,700
cp_cox_full,CP + Cox,0.9316666666666666,3.1182692598446047,0.27699516240374916,s029,9,20550421,strong_signal,Stronger covariate effect,3,0.6,1.2,1,0.1,0.9,2000,0.3,0.1,1500,3.3605239461014964,0.17785714285714285,0.06285714285714286,1400,600,700,700
cp_cox_split_support_fit,CP + Cox (Split Support/Fit),0.935,3.1256108901960253,0.2781988664493795,s029,9,20550421,strong_signal,Stronger covariate effect,3,0.6,1.2,1,0.1,0.9,2000,0.3,0.1,1500,3.3605239461014964,0.17785714285714285,0.06285714285714286,1400,600,700,700
cp_cox_full,CP + Cox,0.9233333333333333,2.904965310514689,0.23342865532211102,s029,10,20550422,strong_signal,Stronger covariate effect,3,0.6,1.2,1,0.1,0.9,2000,0.3,0.1,1500,3.126552410372875,0.1707142857142857,0.06285714285714286,1400,600,700,700
cp_cox_split_support_fit,CP + Cox (Split Support/Fit),0.9116666666666666,2.8684731928470275,0.29267262560821766,s029,10,20550422,strong_signal,Stronger covariate effect,3,0.6,1.2,1,0.1,0.9,2000,0.3,0.1,1500,3.126552410372875,0.1707142857142857,0.06285714285714286,1400,600,700,700
cp_cox_full,CP + Cox,0.9216666666666666,3.2129724765873586,0.2608424832753187,s029,11,20550423,strong_signal,Stronger covariate effect,3,0.6,1.2,1,0.1,0.9,2000,0.3,0.1,1500,3.426245036843001,0.16214285714285714,0.06714285714285714,1400,600,700,700
cp_cox_split_support_fit,CP + Cox (Split Support/Fit),0.9016666666666666,3.153426077004104,0.36652712240347796,s029,11,20550423,strong_signal,Stronger covariate effect,3,0.6,1.2,1,0.1,0.9,2000,0.3,0.1,1500,3.426245036843001,0.16214285714285714,0.06714285714285714,1400,600,700,700
cp_cox_full,CP + Cox,0.8966666666666666,3.1287504594292654,0.3175200112223611,s029,12,20550424,strong_signal,Stronger covariate effect,3,0.6,1.2,1,0.1,0.9,2000,0.3,0.1,1500,3.4051419255806237,0.1657142857142857,0.07714285714285714,1400,600,700,700
cp_cox_split_support_fit,CP + Cox (Split Support/Fit),0.9066666666666666,3.1511607296640998,0.28599288052051375,s029,12,20550424,strong_signal,Stronger covariate effect,3,0.6,1.2,1,0.1,0.9,2000,0.3,0.1,1500,3.4051419255806237,0.1657142857142857,0.07714285714285714,1400,600,700,700
cp_cox_full,CP + Cox,0.88,3.0488290578207855,0.28016240137236564,s029,13,20550425,strong_signal,Stronger covariate effect,3,0.6,1.2,1,0.1,0.9,2000,0.3,0.1,1500,3.271345861821268,0.17,0.060714285714285714,1400,600,700,700
cp_cox_split_support_fit,CP + Cox (Split Support/Fit),0.8866666666666667,3.062766416574925,0.25774567261335535,s029,13,20550425,strong_signal,Stronger covariate effect,3,0.6,1.2,1,0.1,0.9,2000,0.3,0.1,1500,3.271345861821268,0.17,0.060714285714285714,1400,600,700,700
cp_cox_full,CP + Cox,0.925,3.1265700646646146,0.23259314936473036,s029,14,20550426,strong_signal,Stronger covariate effect,3,0.6,1.2,1,0.1,0.9,2000,0.3,0.1,1500,3.3649711734761496,0.16714285714285715,0.06714285714285714,1400,600,700,700
cp_cox_split_support_fit,CP + Cox (Split Support/Fit),0.9383333333333334,3.14198425132305,0.23293167972089726,s029,14,20550426,strong_signal,Stronger covariate effect,3,0.6,1.2,1,0.1,0.9,2000,0.3,0.1,1500,3.3649711734761496,0.16714285714285715,0.06714285714285714,1400,600,700,700
cp_cox_full,CP + Cox,0.9283333333333333,3.2573045716677815,0.2493956536273606,s029,15,20550427,strong_signal,Stronger covariate effect,3,0.6,1.2,1,0.1,0.9,2000,0.3,0.1,1500,3.480583959687375,0.16071428571428573,0.06357142857142857,1400,600,700,700
cp_cox_split_support_fit,CP + Cox (Split Support/Fit),0.9166666666666666,3.241275245977051,0.2613012169849498,s029,15,20550427,strong_signal,Stronger covariate effect,3,0.6,1.2,1,0.1,0.9,2000,0.3,0.1,1500,3.480583959687375,0.16071428571428573,0.06357142857142857,1400,600,700,700
cp_cox_full,CP + Cox,0.8866666666666667,3.0179021055246746,0.25285799085514477,s029,16,20550428,strong_signal,Stronger covariate effect,3,0.6,1.2,1,0.1,0.9,2000,0.3,0.1,1500,3.2550193181614246,0.19214285714285714,0.07,1400,600,700,700
cp_cox_split_support_fit,CP + Cox (Split Support/Fit),0.8816666666666667,2.9967050183946315,0.29006273244215086,s029,16,20550428,strong_signal,Stronger covariate effect,3,0.6,1.2,1,0.1,0.9,2000,0.3,0.1,1500,3.2550193181614246,0.19214285714285714,0.07,1400,600,700,700
cp_cox_full,CP + Cox,0.8833333333333333,3.0592572829089577,0.2727835820929802,s029,17,20550429,strong_signal,Stronger covariate effect,3,0.6,1.2,1,0.1,0.9,2000,0.3,0.1,1500,3.311280143368793,0.17,0.075,1400,600,700,700
cp_cox_split_support_fit,CP + Cox (Split Support/Fit),0.885,3.0584010446836474,0.2708762218959198,s029,17,20550429,strong_signal,Stronger covariate effect,3,0.6,1.2,1,0.1,0.9,2000,0.3,0.1,1500,3.311280143368793,0.17,0.075,1400,600,700,700
cp_cox_full,CP + Cox,0.905,3.176234171371961,0.2080431915855406,s029,18,20550430,strong_signal,Stronger covariate effect,3,0.6,1.2,1,0.1,0.9,2000,0.3,0.1,1500,3.385694501074517,0.17,0.07571428571428572,1400,600,700,700
cp_cox_split_support_fit,CP + Cox (Split Support/Fit),0.9066666666666666,3.1731423953658253,0.20958359661180437,s029,18,20550430,strong_signal,Stronger covariate effect,3,0.6,1.2,1,0.1,0.9,2000,0.3,0.1,1500,3.385694501074517,0.17,0.07571428571428572,1400,600,700,700
cp_cox_full,CP + Cox,0.9116666666666666,2.7256508638449994,0.2537479416057197,s029,19,20550431,strong_signal,Stronger covariate effect,3,0.6,1.2,1,0.1,0.9,2000,0.3,0.1,1500,2.939262278714842,0.1657142857142857,0.06714285714285714,1400,600,700,700
cp_cox_split_support_fit,CP + Cox (Split Support/Fit),0.9066666666666666,2.7222370662920454,0.2481458529771679,s029,19,20550431,strong_signal,Stronger covariate effect,3,0.6,1.2,1,0.1,0.9,2000,0.3,0.1,1500,2.939262278714842,0.1657142857142857,0.06714285714285714,1400,600,700,700
cp_cox_full,CP + Cox,0.8933333333333333,3.0205123489522316,0.2325378299847064,s029,20,20550432,strong_signal,Stronger covariate effect,3,0.6,1.2,1,0.1,0.9,2000,0.3,0.1,1500,3.234273637001694,0.165,0.07,1400,600,700,700
cp_cox_split_support_fit,CP + Cox (Split Support/Fit),0.8916666666666667,3.0085932225473013,0.24953289933397824,s029,20,20550432,strong_signal,Stronger covariate effect,3,0.6,1.2,1,0.1,0.9,2000,0.3,0.1,1500,3.234273637001694,0.165,0.07,1400,600,700,700
cp_cox_full,CP + Cox,0.885,2.9352611854920903,0.1838472718309128,s029,21,20550433,strong_signal,Stronger covariate effect,3,0.6,1.2,1,0.1,0.9,2000,0.3,0.1,1500,3.1496797099357607,0.1742857142857143,0.08142857142857143,1400,600,700,700
cp_cox_split_support_fit,CP + Cox (Split Support/Fit),0.8833333333333333,2.9391861546512965,0.1813137610962865,s029,21,20550433,strong_signal,Stronger covariate effect,3,0.6,1.2,1,0.1,0.9,2000,0.3,0.1,1500,3.1496797099357607,0.1742857142857143,0.08142857142857143,1400,600,700,700
cp_cox_full,CP + Cox,0.89,2.9418089644837955,0.19168454792729392,s029,22,20550434,strong_signal,Stronger covariate effect,3,0.6,1.2,1,0.1,0.9,2000,0.3,0.1,1500,3.14665219914213,0.185,0.08357142857142857,1400,600,700,700
cp_cox_split_support_fit,CP + Cox (Split Support/Fit),0.8933333333333333,2.929767460787125,0.2161819095009936,s029,22,20550434,strong_signal,Stronger covariate effect,3,0.6,1.2,1,0.1,0.9,2000,0.3,0.1,1500,3.14665219914213,0.185,0.08357142857142857,1400,600,700,700
cp_cox_full,CP + Cox,0.905,3.181399882611407,0.23824922857564448,s029,23,20550435,strong_signal,Stronger covariate effect,3,0.6,1.2,1,0.1,0.9,2000,0.3,0.1,1500,3.396737463448674,0.18357142857142858,0.07428571428571429,1400,600,700,700
cp_cox_split_support_fit,CP + Cox (Split Support/Fit),0.92,3.2031000711872437,0.22235119765086303,s029,23,20550435,strong_signal,Stronger covariate effect,3,0.6,1.2,1,0.1,0.9,2000,0.3,0.1,1500,3.396737463448674,0.18357142857142858,0.07428571428571429,1400,600,700,700
cp_cox_full,CP + Cox,0.8966666666666666,3.0148764296258768,0.21580391790012735,s029,24,20550436,strong_signal,Stronger covariate effect,3,0.6,1.2,1,0.1,0.9,2000,0.3,0.1,1500,3.248844647365396,0.16785714285714284,0.07285714285714286,1400,600,700,700
cp_cox_split_support_fit,CP + Cox (Split Support/Fit),0.895,3.0062763738092735,0.2551129175314932,s029,24,20550436,strong_signal,Stronger covariate effect,3,0.6,1.2,1,0.1,0.9,2000,0.3,0.1,1500,3.248844647365396,0.16785714285714284,0.07285714285714286,1400,600,700,700
cp_cox_full,CP + Cox,0.9116666666666666,2.8496476921376908,0.2447114509031538,s029,25,20550437,strong_signal,Stronger covariate effect,3,0.6,1.2,1,0.1,0.9,2000,0.3,0.1,1500,3.065726977835292,0.1757142857142857,0.07142857142857142,1400,600,700,700
cp_cox_split_support_fit,CP + Cox (Split Support/Fit),0.9066666666666666,2.843597136175797,0.2577034511268084,s029,25,20550437,strong_signal,Stronger covariate effect,3,0.6,1.2,1,0.1,0.9,2000,0.3,0.1,1500,3.065726977835292,0.1757142857142857,0.07142857142857142,1400,600,700,700
cp_cox_full,CP + Cox,0.9033333333333333,2.990039393770414,0.19071980805666433,s029,26,20550438,strong_signal,Stronger covariate effect,3,0.6,1.2,1,0.1,0.9,2000,0.3,0.1,1500,3.199441254547103,0.1742857142857143,0.07285714285714286,1400,600,700,700
cp_cox_split_support_fit,CP + Cox (Split Support/Fit),0.91,3.0042634465056555,0.18363045984726162,s029,26,20550438,strong_signal,Stronger covariate effect,3,0.6,1.2,1,0.1,0.9,2000,0.3,0.1,1500,3.199441254547103,0.1742857142857143,0.07285714285714286,1400,600,700,700
cp_cox_full,CP + Cox,0.89,3.0702151413128913,0.32124961438902944,s029,27,20550439,strong_signal,Stronger covariate effect,3,0.6,1.2,1,0.1,0.9,2000,0.3,0.1,1500,3.3070828210903804,0.16428571428571428,0.06714285714285714,1400,600,700,700
cp_cox_split_support_fit,CP + Cox (Split Support/Fit),0.8866666666666667,3.077446026850378,0.2949463734225921,s029,27,20550439,strong_signal,Stronger covariate effect,3,0.6,1.2,1,0.1,0.9,2000,0.3,0.1,1500,3.3070828210903804,0.16428571428571428,0.06714285714285714,1400,600,700,700
cp_cox_full,CP + Cox,0.8666666666666667,3.1325125151585653,0.35527134918947134,s029,28,20550440,strong_signal,Stronger covariate effect,3,0.6,1.2,1,0.1,0.9,2000,0.3,0.1,1500,3.45139264646777,0.1792857142857143,0.06928571428571428,1400,600,700,700
cp_cox_split_support_fit,CP + Cox (Split Support/Fit),0.8916666666666667,3.200308403807246,0.2965625964794778,s029,28,20550440,strong_signal,Stronger covariate effect,3,0.6,1.2,1,0.1,0.9,2000,0.3,0.1,1500,3.45139264646777,0.1792857142857143,0.06928571428571428,1400,600,700,700
cp_cox_full,CP + Cox,0.925,2.930875320274416,0.19845748963521512,s029,29,20550441,strong_signal,Stronger covariate effect,3,0.6,1.2,1,0.1,0.9,2000,0.3,0.1,1500,3.147487715729397,0.165,0.07285714285714286,1400,600,700,700
cp_cox_split_support_fit,CP + Cox (Split Support/Fit),0.9216666666666666,2.9204115123013827,0.2088523997900317,s029,29,20550441,strong_signal,Stronger covariate effect,3,0.6,1.2,1,0.1,0.9,2000,0.3,0.1,1500,3.147487715729397,0.165,0.07285714285714286,1400,600,700,700
cp_cox_full,CP + Cox,0.9333333333333333,3.0633956960472437,0.2170490945577154,s029,30,20550442,strong_signal,Stronger covariate effect,3,0.6,1.2,1,0.1,0.9,2000,0.3,0.1,1500,3.269146623834102,0.1692857142857143,0.06142857142857143,1400,600,700,700
cp_cox_split_support_fit,CP + Cox (Split Support/Fit),0.9316666666666666,3.0518029503823803,0.22505613119647838,s029,30,20550442,strong_signal,Stronger covariate effect,3,0.6,1.2,1,0.1,0.9,2000,0.3,0.1,1500,3.269146623834102,0.1692857142857143,0.06142857142857143,1400,600,700,700
cp_cox_full,CP + Cox,0.9133333333333333,5.9150159247953935,0.1737525514216497,s030,1,20560413,strong_signal,Stronger covariate effect,3,0.6,1.2,1,0.1,0.97,2000,0.3,0.1,1500,6.095365763984685,0.11142857142857143,0.017857142857142856,1400,600,700,700
cp_cox_split_support_fit,CP + Cox (Split Support/Fit),0.8833333333333333,5.867034540427336,0.21503680780402198,s030,1,20560413,strong_signal,Stronger covariate effect,3,0.6,1.2,1,0.1,0.97,2000,0.3,0.1,1500,6.095365763984685,0.11142857142857143,0.017857142857142856,1400,600,700,700
cp_cox_full,CP + Cox,0.8933333333333333,6.595415179512177,0.25120841475816474,s030,2,20560414,strong_signal,Stronger covariate effect,3,0.6,1.2,1,0.1,0.97,2000,0.3,0.1,1500,6.83167807909412,0.13142857142857142,0.016428571428571428,1400,600,700,700
cp_cox_split_support_fit,CP + Cox (Split Support/Fit),0.8933333333333333,6.597727466026922,0.24839267116343838,s030,2,20560414,strong_signal,Stronger covariate effect,3,0.6,1.2,1,0.1,0.97,2000,0.3,0.1,1500,6.83167807909412,0.13142857142857142,0.016428571428571428,1400,600,700,700
cp_cox_full,CP + Cox,0.9233333333333333,6.265243601592158,0.20042706075864256,s030,3,20560415,strong_signal,Stronger covariate effect,3,0.6,1.2,1,0.1,0.97,2000,0.3,0.1,1500,6.463524821915091,0.11928571428571429,0.015714285714285715,1400,600,700,700
cp_cox_split_support_fit,CP + Cox (Split Support/Fit),0.9083333333333333,6.251641458463628,0.20430892624003005,s030,3,20560415,strong_signal,Stronger covariate effect,3,0.6,1.2,1,0.1,0.97,2000,0.3,0.1,1500,6.463524821915091,0.11928571428571429,0.015714285714285715,1400,600,700,700
cp_cox_full,CP + Cox,0.9,6.1469528054102796,0.2254964034925334,s030,4,20560416,strong_signal,Stronger covariate effect,3,0.6,1.2,1,0.1,0.97,2000,0.3,0.1,1500,6.350441261465658,0.12785714285714286,0.020714285714285713,1400,600,700,700
cp_cox_split_support_fit,CP + Cox (Split Support/Fit),0.9033333333333333,6.140674992894181,0.24179402388816587,s030,4,20560416,strong_signal,Stronger covariate effect,3,0.6,1.2,1,0.1,0.97,2000,0.3,0.1,1500,6.350441261465658,0.12785714285714286,0.020714285714285713,1400,600,700,700
cp_cox_full,CP + Cox,0.8916666666666667,6.5838103894942215,0.19053746000484229,s030,5,20560417,strong_signal,Stronger covariate effect,3,0.6,1.2,1,0.1,0.97,2000,0.3,0.1,1500,6.809530100489782,0.11857142857142858,0.016428571428571428,1400,600,700,700
cp_cox_split_support_fit,CP + Cox (Split Support/Fit),0.89,6.565682903149273,0.21270725432948562,s030,5,20560417,strong_signal,Stronger covariate effect,3,0.6,1.2,1,0.1,0.97,2000,0.3,0.1,1500,6.809530100489782,0.11857142857142858,0.016428571428571428,1400,600,700,700
cp_cox_full,CP + Cox,0.8966666666666666,5.9133686606470635,0.23929944867389957,s030,6,20560418,strong_signal,Stronger covariate effect,3,0.6,1.2,1,0.1,0.97,2000,0.3,0.1,1500,6.13839494188839,0.12,0.015714285714285715,1400,600,700,700
cp_cox_split_support_fit,CP + Cox (Split Support/Fit),0.9083333333333333,5.9278281214832544,0.2277780439706309,s030,6,20560418,strong_signal,Stronger covariate effect,3,0.6,1.2,1,0.1,0.97,2000,0.3,0.1,1500,6.13839494188839,0.12,0.015714285714285715,1400,600,700,700
cp_cox_full,CP + Cox,0.93,5.760968246665478,0.2958468593312591,s030,7,20560419,strong_signal,Stronger covariate effect,3,0.6,1.2,1,0.1,0.97,2000,0.3,0.1,1500,6.002852903969771,0.11285714285714285,0.012857142857142857,1400,600,700,700
cp_cox_split_support_fit,CP + Cox (Split Support/Fit),0.9366666666666666,5.754952960198011,0.32866612543108387,s030,7,20560419,strong_signal,Stronger covariate effect,3,0.6,1.2,1,0.1,0.97,2000,0.3,0.1,1500,6.002852903969771,0.11285714285714285,0.012857142857142857,1400,600,700,700
cp_cox_full,CP + Cox,0.8816666666666667,6.064460551575246,0.2701407480424736,s030,8,20560420,strong_signal,Stronger covariate effect,3,0.6,1.2,1,0.1,0.97,2000,0.3,0.1,1500,6.310607956721505,0.11857142857142858,0.016428571428571428,1400,600,700,700
cp_cox_split_support_fit,CP + Cox (Split Support/Fit),0.9016666666666666,6.1215699685052085,0.18913471500835774,s030,8,20560420,strong_signal,Stronger covariate effect,3,0.6,1.2,1,0.1,0.97,2000,0.3,0.1,1500,6.310607956721505,0.11857142857142858,0.016428571428571428,1400,600,700,700
cp_cox_full,CP + Cox,0.9066666666666666,6.2868498924297755,0.2921440753224011,s030,9,20560421,strong_signal,Stronger covariate effect,3,0.6,1.2,1,0.1,0.97,2000,0.3,0.1,1500,6.530138243517186,0.09857142857142857,0.015714285714285715,1400,600,700,700
cp_cox_split_support_fit,CP + Cox (Split Support/Fit),0.9166666666666666,6.305913179162887,0.2739718991416314,s030,9,20560421,strong_signal,Stronger covariate effect,3,0.6,1.2,1,0.1,0.97,2000,0.3,0.1,1500,6.530138243517186,0.09857142857142857,0.015714285714285715,1400,600,700,700
cp_cox_full,CP + Cox,0.9183333333333333,5.621371183551706,0.2980522896301072,s030,10,20560422,strong_signal,Stronger covariate effect,3,0.6,1.2,1,0.1,0.97,2000,0.3,0.1,1500,5.859726260041899,0.12285714285714286,0.017857142857142856,1400,600,700,700
cp_cox_split_support_fit,CP + Cox (Split Support/Fit),0.9316666666666666,5.644423069786919,0.29029981150807765,s030,10,20560422,strong_signal,Stronger covariate effect,3,0.6,1.2,1,0.1,0.97,2000,0.3,0.1,1500,5.859726260041899,0.12285714285714286,0.017857142857142856,1400,600,700,700
cp_cox_full,CP + Cox,0.91,5.7570227893712165,0.2055698476605866,s030,11,20560423,strong_signal,Stronger covariate effect,3,0.6,1.2,1,0.1,0.97,2000,0.3,0.1,1500,5.961489631670175,0.10571428571428572,0.015714285714285715,1400,600,700,700
cp_cox_split_support_fit,CP + Cox (Split Support/Fit),0.9,5.737157042822289,0.22364599343825395,s030,11,20560423,strong_signal,Stronger covariate effect,3,0.6,1.2,1,0.1,0.97,2000,0.3,0.1,1500,5.961489631670175,0.10571428571428572,0.015714285714285715,1400,600,700,700
cp_cox_full,CP + Cox,0.8883333333333333,6.197710599862879,0.18550519630713647,s030,12,20560424,strong_signal,Stronger covariate effect,3,0.6,1.2,1,0.1,0.97,2000,0.3,0.1,1500,6.401137244153963,0.12071428571428572,0.016428571428571428,1400,600,700,700
cp_cox_split_support_fit,CP + Cox (Split Support/Fit),0.9216666666666666,6.22543428965,0.17361112135720813,s030,12,20560424,strong_signal,Stronger covariate effect,3,0.6,1.2,1,0.1,0.97,2000,0.3,0.1,1500,6.401137244153963,0.12071428571428572,0.016428571428571428,1400,600,700,700
cp_cox_full,CP + Cox,0.9083333333333333,6.21827687606207,0.2279210767087472,s030,13,20560425,strong_signal,Stronger covariate effect,3,0.6,1.2,1,0.1,0.97,2000,0.3,0.1,1500,6.4360060435854995,0.09714285714285714,0.018571428571428572,1400,600,700,700
cp_cox_split_support_fit,CP + Cox (Split Support/Fit),0.89,6.18488148986017,0.25459426303249166,s030,13,20560425,strong_signal,Stronger covariate effect,3,0.6,1.2,1,0.1,0.97,2000,0.3,0.1,1500,6.4360060435854995,0.09714285714285714,0.018571428571428572,1400,600,700,700
cp_cox_full,CP + Cox,0.8933333333333333,6.162615199809209,0.2711036533693731,s030,14,20560426,strong_signal,Stronger covariate effect,3,0.6,1.2,1,0.1,0.97,2000,0.3,0.1,1500,6.378568264038084,0.11071428571428571,0.015,1400,600,700,700
cp_cox_split_support_fit,CP + Cox (Split Support/Fit),0.8916666666666667,6.174067872235104,0.25258755262340726,s030,14,20560426,strong_signal,Stronger covariate effect,3,0.6,1.2,1,0.1,0.97,2000,0.3,0.1,1500,6.378568264038084,0.11071428571428571,0.015,1400,600,700,700
cp_cox_full,CP + Cox,0.8783333333333333,6.03119950869543,0.28407795965673965,s030,15,20560427,strong_signal,Stronger covariate effect,3,0.6,1.2,1,0.1,0.97,2000,0.3,0.1,1500,6.27366820368972,0.11,0.014285714285714285,1400,600,700,700
cp_cox_split_support_fit,CP + Cox (Split Support/Fit),0.8666666666666667,6.005722456932997,0.3148999196820235,s030,15,20560427,strong_signal,Stronger covariate effect,3,0.6,1.2,1,0.1,0.97,2000,0.3,0.1,1500,6.27366820368972,0.11,0.014285714285714285,1400,600,700,700
cp_cox_full,CP + Cox,0.915,6.278865192265478,0.1934361063716978,s030,16,20560428,strong_signal,Stronger covariate effect,3,0.6,1.2,1,0.1,0.97,2000,0.3,0.1,1500,6.484029583369407,0.115,0.014285714285714285,1400,600,700,700
cp_cox_split_support_fit,CP + Cox (Split Support/Fit),0.9033333333333333,6.277387652595334,0.1875121268553541,s030,16,20560428,strong_signal,Stronger covariate effect,3,0.6,1.2,1,0.1,0.97,2000,0.3,0.1,1500,6.484029583369407,0.115,0.014285714285714285,1400,600,700,700
cp_cox_full,CP + Cox,0.88,6.364224956463071,0.19485792422995984,s030,17,20560429,strong_signal,Stronger covariate effect,3,0.6,1.2,1,0.1,0.97,2000,0.3,0.1,1500,6.559616499048559,0.11,0.012142857142857143,1400,600,700,700
cp_cox_split_support_fit,CP + Cox (Split Support/Fit),0.8766666666666667,6.345009093321625,0.2350778666125073,s030,17,20560429,strong_signal,Stronger covariate effect,3,0.6,1.2,1,0.1,0.97,2000,0.3,0.1,1500,6.559616499048559,0.11,0.012142857142857143,1400,600,700,700
cp_cox_full,CP + Cox,0.9,6.085545124748596,0.2013468158277726,s030,18,20560430,strong_signal,Stronger covariate effect,3,0.6,1.2,1,0.1,0.97,2000,0.3,0.1,1500,6.298809766099942,0.10714285714285714,0.015714285714285715,1400,600,700,700
cp_cox_split_support_fit,CP + Cox (Split Support/Fit),0.9016666666666666,6.096242557773109,0.18180638838393637,s030,18,20560430,strong_signal,Stronger covariate effect,3,0.6,1.2,1,0.1,0.97,2000,0.3,0.1,1500,6.298809766099942,0.10714285714285714,0.015714285714285715,1400,600,700,700
cp_cox_full,CP + Cox,0.9233333333333333,5.586781404050366,0.19070397494527336,s030,19,20560431,strong_signal,Stronger covariate effect,3,0.6,1.2,1,0.1,0.97,2000,0.3,0.1,1500,5.784493651873815,0.11142857142857143,0.02,1400,600,700,700
cp_cox_split_support_fit,CP + Cox (Split Support/Fit),0.91,5.567037238935921,0.20910266136261466,s030,19,20560431,strong_signal,Stronger covariate effect,3,0.6,1.2,1,0.1,0.97,2000,0.3,0.1,1500,5.784493651873815,0.11142857142857143,0.02,1400,600,700,700
cp_cox_full,CP + Cox,0.9133333333333333,5.706086969587004,0.171657171161836,s030,20,20560432,strong_signal,Stronger covariate effect,3,0.6,1.2,1,0.1,0.97,2000,0.3,0.1,1500,5.909904472653981,0.11571428571428571,0.017142857142857144,1400,600,700,700
cp_cox_split_support_fit,CP + Cox (Split Support/Fit),0.9316666666666666,5.734432694234291,0.14388794278761105,s030,20,20560432,strong_signal,Stronger covariate effect,3,0.6,1.2,1,0.1,0.97,2000,0.3,0.1,1500,5.909904472653981,0.11571428571428571,0.017142857142857144,1400,600,700,700
cp_cox_full,CP + Cox,0.8916666666666667,5.136464915609858,0.3085896067228538,s030,21,20560433,strong_signal,Stronger covariate effect,3,0.6,1.2,1,0.1,0.97,2000,0.3,0.1,1500,5.4087483831343155,0.10785714285714286,0.017857142857142856,1400,600,700,700
cp_cox_split_support_fit,CP + Cox (Split Support/Fit),0.8866666666666667,5.124946385625804,0.3428784686040647,s030,21,20560433,strong_signal,Stronger covariate effect,3,0.6,1.2,1,0.1,0.97,2000,0.3,0.1,1500,5.4087483831343155,0.10785714285714286,0.017857142857142856,1400,600,700,700
cp_cox_full,CP + Cox,0.9033333333333333,6.147693232950501,0.24689924649291198,s030,22,20560434,strong_signal,Stronger covariate effect,3,0.6,1.2,1,0.1,0.97,2000,0.3,0.1,1500,6.357371306309205,0.11357142857142857,0.017142857142857144,1400,600,700,700
cp_cox_split_support_fit,CP + Cox (Split Support/Fit),0.8866666666666667,6.116216279863136,0.2755172443300676,s030,22,20560434,strong_signal,Stronger covariate effect,3,0.6,1.2,1,0.1,0.97,2000,0.3,0.1,1500,6.357371306309205,0.11357142857142857,0.017142857142857144,1400,600,700,700
cp_cox_full,CP + Cox,0.8983333333333333,5.558428308400994,0.2234429219022769,s030,23,20560435,strong_signal,Stronger covariate effect,3,0.6,1.2,1,0.1,0.97,2000,0.3,0.1,1500,5.763182378159743,0.10857142857142857,0.017857142857142856,1400,600,700,700
cp_cox_split_support_fit,CP + Cox (Split Support/Fit),0.9,5.546369045121003,0.24593008345950826,s030,23,20560435,strong_signal,Stronger covariate effect,3,0.6,1.2,1,0.1,0.97,2000,0.3,0.1,1500,5.763182378159743,0.10857142857142857,0.017857142857142856,1400,600,700,700
cp_cox_full,CP + Cox,0.9183333333333333,5.744063150818884,0.2194010888059081,s030,24,20560436,strong_signal,Stronger covariate effect,3,0.6,1.2,1,0.1,0.97,2000,0.3,0.1,1500,5.969734336579993,0.10571428571428572,0.022857142857142857,1400,600,700,700
cp_cox_split_support_fit,CP + Cox (Split Support/Fit),0.9066666666666666,5.729096451417486,0.23551045723104694,s030,24,20560436,strong_signal,Stronger covariate effect,3,0.6,1.2,1,0.1,0.97,2000,0.3,0.1,1500,5.969734336579993,0.10571428571428572,0.022857142857142857,1400,600,700,700
cp_cox_full,CP + Cox,0.8933333333333333,5.3086291965700685,0.19932595227349176,s030,25,20560437,strong_signal,Stronger covariate effect,3,0.6,1.2,1,0.1,0.97,2000,0.3,0.1,1500,5.530307969744981,0.11357142857142857,0.02,1400,600,700,700
cp_cox_split_support_fit,CP + Cox (Split Support/Fit),0.8983333333333333,5.325004574813485,0.1731240470388868,s030,25,20560437,strong_signal,Stronger covariate effect,3,0.6,1.2,1,0.1,0.97,2000,0.3,0.1,1500,5.530307969744981,0.11357142857142857,0.02,1400,600,700,700
cp_cox_full,CP + Cox,0.8733333333333333,6.733474503594816,0.28110906864896223,s030,26,20560438,strong_signal,Stronger covariate effect,3,0.6,1.2,1,0.1,0.97,2000,0.3,0.1,1500,6.987052201362667,0.11642857142857142,0.02,1400,600,700,700
cp_cox_split_support_fit,CP + Cox (Split Support/Fit),0.875,6.742349717226346,0.26287421509273895,s030,26,20560438,strong_signal,Stronger covariate effect,3,0.6,1.2,1,0.1,0.97,2000,0.3,0.1,1500,6.987052201362667,0.11642857142857142,0.02,1400,600,700,700
cp_cox_full,CP + Cox,0.915,6.092660207768094,0.19939858361625135,s030,27,20560439,strong_signal,Stronger covariate effect,3,0.6,1.2,1,0.1,0.97,2000,0.3,0.1,1500,6.298790337504485,0.09928571428571428,0.014285714285714285,1400,600,700,700
cp_cox_split_support_fit,CP + Cox (Split Support/Fit),0.9083333333333333,6.09045657565643,0.18793968840523712,s030,27,20560439,strong_signal,Stronger covariate effect,3,0.6,1.2,1,0.1,0.97,2000,0.3,0.1,1500,6.298790337504485,0.09928571428571428,0.014285714285714285,1400,600,700,700
cp_cox_full,CP + Cox,0.8766666666666667,5.962410380250089,0.2603790425397754,s030,28,20560440,strong_signal,Stronger covariate effect,3,0.6,1.2,1,0.1,0.97,2000,0.3,0.1,1500,6.223975018303345,0.10642857142857143,0.014285714285714285,1400,600,700,700
cp_cox_split_support_fit,CP + Cox (Split Support/Fit),0.8783333333333333,5.957897702491063,0.2837802035400913,s030,28,20560440,strong_signal,Stronger covariate effect,3,0.6,1.2,1,0.1,0.97,2000,0.3,0.1,1500,6.223975018303345,0.10642857142857143,0.014285714285714285,1400,600,700,700
cp_cox_full,CP + Cox,0.91,5.662775972836578,0.21951532721582484,s030,29,20560441,strong_signal,Stronger covariate effect,3,0.6,1.2,1,0.1,0.97,2000,0.3,0.1,1500,5.889558509338134,0.12285714285714286,0.020714285714285713,1400,600,700,700
cp_cox_split_support_fit,CP + Cox (Split Support/Fit),0.9,5.643454993906029,0.2387669762681796,s030,29,20560441,strong_signal,Stronger covariate effect,3,0.6,1.2,1,0.1,0.97,2000,0.3,0.1,1500,5.889558509338134,0.12285714285714286,0.020714285714285713,1400,600,700,700
cp_cox_full,CP + Cox,0.8733333333333333,6.077090177231954,0.2602321798980104,s030,30,20560442,strong_signal,Stronger covariate effect,3,0.6,1.2,1,0.1,0.97,2000,0.3,0.1,1500,6.327845920672088,0.12428571428571429,0.018571428571428572,1400,600,700,700
cp_cox_split_support_fit,CP + Cox (Split Support/Fit),0.8683333333333333,6.067759707079535,0.26855918468375833,s030,30,20560442,strong_signal,Stronger covariate effect,3,0.6,1.2,1,0.1,0.97,2000,0.3,0.1,1500,6.327845920672088,0.12428571428571429,0.018571428571428572,1400,600,700,700
cp_cox_full,CP + Cox,0.8816666666666667,1.2889330264797452,0.19704350813312077,s031,1,20570413,strong_signal,Stronger covariate effect,3,0.6,1.2,1,0.2,0.75,2000,0.3,0.1,1500,1.5157433373283027,0.3492857142857143,0.16642857142857143,1400,600,700,700
cp_cox_split_support_fit,CP + Cox (Split Support/Fit),0.8883333333333333,1.3056291976117274,0.18401128501951694,s031,1,20570413,strong_signal,Stronger covariate effect,3,0.6,1.2,1,0.2,0.75,2000,0.3,0.1,1500,1.5157433373283027,0.3492857142857143,0.16642857142857143,1400,600,700,700
cp_cox_full,CP + Cox,0.8633333333333333,1.382624159459265,0.25029402267231354,s031,2,20570414,strong_signal,Stronger covariate effect,3,0.6,1.2,1,0.2,0.75,2000,0.3,0.1,1500,1.6516512203859308,0.35928571428571426,0.16214285714285714,1400,600,700,700
cp_cox_split_support_fit,CP + Cox (Split Support/Fit),0.8783333333333333,1.4102143800428273,0.22703252362224058,s031,2,20570414,strong_signal,Stronger covariate effect,3,0.6,1.2,1,0.2,0.75,2000,0.3,0.1,1500,1.6516512203859308,0.35928571428571426,0.16214285714285714,1400,600,700,700
cp_cox_full,CP + Cox,0.8783333333333333,1.2961604552004178,0.23707472191169746,s031,3,20570415,strong_signal,Stronger covariate effect,3,0.6,1.2,1,0.2,0.75,2000,0.3,0.1,1500,1.5362568997764885,0.3514285714285714,0.15,1400,600,700,700
cp_cox_split_support_fit,CP + Cox (Split Support/Fit),0.8866666666666667,1.3033187497321788,0.24587411580512084,s031,3,20570415,strong_signal,Stronger covariate effect,3,0.6,1.2,1,0.2,0.75,2000,0.3,0.1,1500,1.5362568997764885,0.3514285714285714,0.15,1400,600,700,700
cp_cox_full,CP + Cox,0.9016666666666666,1.3545197150659143,0.16052195943534742,s031,4,20570416,strong_signal,Stronger covariate effect,3,0.6,1.2,1,0.2,0.75,2000,0.3,0.1,1500,1.5316900540528682,0.3585714285714286,0.16071428571428573,1400,600,700,700
cp_cox_split_support_fit,CP + Cox (Split Support/Fit),0.9233333333333333,1.3764090395953614,0.14427780830881945,s031,4,20570416,strong_signal,Stronger covariate effect,3,0.6,1.2,1,0.2,0.75,2000,0.3,0.1,1500,1.5316900540528682,0.3585714285714286,0.16071428571428573,1400,600,700,700
cp_cox_full,CP + Cox,0.9116666666666666,1.3401400613479273,0.24300036487194687,s031,5,20570417,strong_signal,Stronger covariate effect,3,0.6,1.2,1,0.2,0.75,2000,0.3,0.1,1500,1.5624120219499744,0.35428571428571426,0.15285714285714286,1400,600,700,700
cp_cox_split_support_fit,CP + Cox (Split Support/Fit),0.89,1.306020134364592,0.26977318132910394,s031,5,20570417,strong_signal,Stronger covariate effect,3,0.6,1.2,1,0.2,0.75,2000,0.3,0.1,1500,1.5624120219499744,0.35428571428571426,0.15285714285714286,1400,600,700,700
cp_cox_full,CP + Cox,0.8833333333333333,1.3529586975812973,0.2009279176066474,s031,6,20570418,strong_signal,Stronger covariate effect,3,0.6,1.2,1,0.2,0.75,2000,0.3,0.1,1500,1.5694263761628313,0.36428571428571427,0.15714285714285714,1400,600,700,700
cp_cox_split_support_fit,CP + Cox (Split Support/Fit),0.89,1.370370208186165,0.18078141881068516,s031,6,20570418,strong_signal,Stronger covariate effect,3,0.6,1.2,1,0.2,0.75,2000,0.3,0.1,1500,1.5694263761628313,0.36428571428571427,0.15714285714285714,1400,600,700,700
cp_cox_full,CP + Cox,0.8983333333333333,1.3628447937248704,0.20211716254014594,s031,7,20570419,strong_signal,Stronger covariate effect,3,0.6,1.2,1,0.2,0.75,2000,0.3,0.1,1500,1.5841036188697246,0.36357142857142855,0.1492857142857143,1400,600,700,700
cp_cox_split_support_fit,CP + Cox (Split Support/Fit),0.9,1.3665313945631241,0.21099230114156234,s031,7,20570419,strong_signal,Stronger covariate effect,3,0.6,1.2,1,0.2,0.75,2000,0.3,0.1,1500,1.5841036188697246,0.36357142857142855,0.1492857142857143,1400,600,700,700
cp_cox_full,CP + Cox,0.8983333333333333,1.318924359856346,0.18086723561965354,s031,8,20570420,strong_signal,Stronger covariate effect,3,0.6,1.2,1,0.2,0.75,2000,0.3,0.1,1500,1.5098021105358466,0.3871428571428571,0.17785714285714285,1400,600,700,700
cp_cox_split_support_fit,CP + Cox (Split Support/Fit),0.915,1.3447636679610457,0.1642842383505302,s031,8,20570420,strong_signal,Stronger covariate effect,3,0.6,1.2,1,0.2,0.75,2000,0.3,0.1,1500,1.5098021105358466,0.3871428571428571,0.17785714285714285,1400,600,700,700
cp_cox_full,CP + Cox,0.9066666666666666,1.3712176391586253,0.2258853309903863,s031,9,20570421,strong_signal,Stronger covariate effect,3,0.6,1.2,1,0.2,0.75,2000,0.3,0.1,1500,1.5739925329850255,0.375,0.15571428571428572,1400,600,700,700
cp_cox_split_support_fit,CP + Cox (Split Support/Fit),0.93,1.4046843369992674,0.19442331386778808,s031,9,20570421,strong_signal,Stronger covariate effect,3,0.6,1.2,1,0.2,0.75,2000,0.3,0.1,1500,1.5739925329850255,0.375,0.15571428571428572,1400,600,700,700
cp_cox_full,CP + Cox,0.9066666666666666,1.3595448506852401,0.19888900347527286,s031,10,20570422,strong_signal,Stronger covariate effect,3,0.6,1.2,1,0.2,0.75,2000,0.3,0.1,1500,1.563848639832099,0.3578571428571429,0.15071428571428572,1400,600,700,700
cp_cox_split_support_fit,CP + Cox (Split Support/Fit),0.9133333333333333,1.379023853906912,0.17156835678140514,s031,10,20570422,strong_signal,Stronger covariate effect,3,0.6,1.2,1,0.2,0.75,2000,0.3,0.1,1500,1.563848639832099,0.3578571428571429,0.15071428571428572,1400,600,700,700
cp_cox_full,CP + Cox,0.895,1.435094212860405,0.2194295904443716,s031,11,20570423,strong_signal,Stronger covariate effect,3,0.6,1.2,1,0.2,0.75,2000,0.3,0.1,1500,1.6629726539771044,0.345,0.14357142857142857,1400,600,700,700
cp_cox_split_support_fit,CP + Cox (Split Support/Fit),0.8966666666666666,1.4408908918371517,0.22549374473644737,s031,11,20570423,strong_signal,Stronger covariate effect,3,0.6,1.2,1,0.2,0.75,2000,0.3,0.1,1500,1.6629726539771044,0.345,0.14357142857142857,1400,600,700,700
cp_cox_full,CP + Cox,0.885,1.2541893476963357,0.24396652768511376,s031,12,20570424,strong_signal,Stronger covariate effect,3,0.6,1.2,1,0.2,0.75,2000,0.3,0.1,1500,1.481728021848398,0.3742857142857143,0.16642857142857143,1400,600,700,700
cp_cox_split_support_fit,CP + Cox (Split Support/Fit),0.8633333333333333,1.2151171775063438,0.29009760060677775,s031,12,20570424,strong_signal,Stronger covariate effect,3,0.6,1.2,1,0.2,0.75,2000,0.3,0.1,1500,1.481728021848398,0.3742857142857143,0.16642857142857143,1400,600,700,700
cp_cox_full,CP + Cox,0.9016666666666666,1.3731157889964647,0.20169531763977833,s031,13,20570425,strong_signal,Stronger covariate effect,3,0.6,1.2,1,0.2,0.75,2000,0.3,0.1,1500,1.577117474581215,0.3585714285714286,0.15071428571428572,1400,600,700,700
cp_cox_split_support_fit,CP + Cox (Split Support/Fit),0.905,1.357490683369074,0.24094230702149516,s031,13,20570425,strong_signal,Stronger covariate effect,3,0.6,1.2,1,0.2,0.75,2000,0.3,0.1,1500,1.577117474581215,0.3585714285714286,0.15071428571428572,1400,600,700,700
cp_cox_full,CP + Cox,0.925,1.4175027879995596,0.1900373927573569,s031,14,20570426,strong_signal,Stronger covariate effect,3,0.6,1.2,1,0.2,0.75,2000,0.3,0.1,1500,1.5976318954479338,0.34714285714285714,0.1492857142857143,1400,600,700,700
cp_cox_split_support_fit,CP + Cox (Split Support/Fit),0.91,1.3713562498738205,0.23324863440991114,s031,14,20570426,strong_signal,Stronger covariate effect,3,0.6,1.2,1,0.2,0.75,2000,0.3,0.1,1500,1.5976318954479338,0.34714285714285714,0.1492857142857143,1400,600,700,700
cp_cox_full,CP + Cox,0.9066666666666666,1.322028655970338,0.19958174209825694,s031,15,20570427,strong_signal,Stronger covariate effect,3,0.6,1.2,1,0.2,0.75,2000,0.3,0.1,1500,1.548072678379686,0.36,0.1492857142857143,1400,600,700,700
cp_cox_split_support_fit,CP + Cox (Split Support/Fit),0.8983333333333333,1.3083457350646048,0.21692038829879615,s031,15,20570427,strong_signal,Stronger covariate effect,3,0.6,1.2,1,0.2,0.75,2000,0.3,0.1,1500,1.548072678379686,0.36,0.1492857142857143,1400,600,700,700
cp_cox_full,CP + Cox,0.9,1.311575833402023,0.22543436947886816,s031,16,20570428,strong_signal,Stronger covariate effect,3,0.6,1.2,1,0.2,0.75,2000,0.3,0.1,1500,1.52852380525662,0.3435714285714286,0.15714285714285714,1400,600,700,700
cp_cox_split_support_fit,CP + Cox (Split Support/Fit),0.8983333333333333,1.3234738678297402,0.23482928585319032,s031,16,20570428,strong_signal,Stronger covariate effect,3,0.6,1.2,1,0.2,0.75,2000,0.3,0.1,1500,1.52852380525662,0.3435714285714286,0.15714285714285714,1400,600,700,700
cp_cox_full,CP + Cox,0.91,1.3699675321754134,0.18290195467921017,s031,17,20570429,strong_signal,Stronger covariate effect,3,0.6,1.2,1,0.2,0.75,2000,0.3,0.1,1500,1.5727578982850783,0.3507142857142857,0.15571428571428572,1400,600,700,700
cp_cox_split_support_fit,CP + Cox (Split Support/Fit),0.9083333333333333,1.3643393084705235,0.18865350635095424,s031,17,20570429,strong_signal,Stronger covariate effect,3,0.6,1.2,1,0.2,0.75,2000,0.3,0.1,1500,1.5727578982850783,0.3507142857142857,0.15571428571428572,1400,600,700,700
cp_cox_full,CP + Cox,0.9216666666666666,1.3377523826723678,0.18451753720208908,s031,18,20570430,strong_signal,Stronger covariate effect,3,0.6,1.2,1,0.2,0.75,2000,0.3,0.1,1500,1.5302070805746981,0.3457142857142857,0.155,1400,600,700,700
cp_cox_split_support_fit,CP + Cox (Split Support/Fit),0.915,1.304021012932516,0.23579971525886984,s031,18,20570430,strong_signal,Stronger covariate effect,3,0.6,1.2,1,0.2,0.75,2000,0.3,0.1,1500,1.5302070805746981,0.3457142857142857,0.155,1400,600,700,700
cp_cox_full,CP + Cox,0.895,1.3633870582509617,0.19962493650105012,s031,19,20570431,strong_signal,Stronger covariate effect,3,0.6,1.2,1,0.2,0.75,2000,0.3,0.1,1500,1.57080260530299,0.3585714285714286,0.17142857142857143,1400,600,700,700
cp_cox_split_support_fit,CP + Cox (Split Support/Fit),0.9,1.3814131657155835,0.17210890488073755,s031,19,20570431,strong_signal,Stronger covariate effect,3,0.6,1.2,1,0.2,0.75,2000,0.3,0.1,1500,1.57080260530299,0.3585714285714286,0.17142857142857143,1400,600,700,700
cp_cox_full,CP + Cox,0.9166666666666666,1.4632609565813968,0.20031738166407836,s031,20,20570432,strong_signal,Stronger covariate effect,3,0.6,1.2,1,0.2,0.75,2000,0.3,0.1,1500,1.6709127528250551,0.36357142857142855,0.155,1400,600,700,700
cp_cox_split_support_fit,CP + Cox (Split Support/Fit),0.9133333333333333,1.488693108125432,0.15532832788377637,s031,20,20570432,strong_signal,Stronger covariate effect,3,0.6,1.2,1,0.2,0.75,2000,0.3,0.1,1500,1.6709127528250551,0.36357142857142855,0.155,1400,600,700,700
cp_cox_full,CP + Cox,0.9033333333333333,1.4025079237625386,0.21595578440860924,s031,21,20570433,strong_signal,Stronger covariate effect,3,0.6,1.2,1,0.2,0.75,2000,0.3,0.1,1500,1.6196449084119713,0.35285714285714287,0.16642857142857143,1400,600,700,700
cp_cox_split_support_fit,CP + Cox (Split Support/Fit),0.8933333333333333,1.3802070802906314,0.2401237123525049,s031,21,20570433,strong_signal,Stronger covariate effect,3,0.6,1.2,1,0.2,0.75,2000,0.3,0.1,1500,1.6196449084119713,0.35285714285714287,0.16642857142857143,1400,600,700,700
cp_cox_full,CP + Cox,0.8816666666666667,1.3603953106684354,0.23048327478259695,s031,22,20570434,strong_signal,Stronger covariate effect,3,0.6,1.2,1,0.2,0.75,2000,0.3,0.1,1500,1.595213471122201,0.35642857142857143,0.14714285714285713,1400,600,700,700
cp_cox_split_support_fit,CP + Cox (Split Support/Fit),0.92,1.4032750296484593,0.1912829323238323,s031,22,20570434,strong_signal,Stronger covariate effect,3,0.6,1.2,1,0.2,0.75,2000,0.3,0.1,1500,1.595213471122201,0.35642857142857143,0.14714285714285713,1400,600,700,700
cp_cox_full,CP + Cox,0.94,1.3694907948846382,0.16817489358360108,s031,23,20570435,strong_signal,Stronger covariate effect,3,0.6,1.2,1,0.2,0.75,2000,0.3,0.1,1500,1.5435768225422835,0.3607142857142857,0.15571428571428572,1400,600,700,700
cp_cox_split_support_fit,CP + Cox (Split Support/Fit),0.9216666666666666,1.3385573698152229,0.1975405949062824,s031,23,20570435,strong_signal,Stronger covariate effect,3,0.6,1.2,1,0.2,0.75,2000,0.3,0.1,1500,1.5435768225422835,0.3607142857142857,0.15571428571428572,1400,600,700,700
cp_cox_full,CP + Cox,0.8816666666666667,1.3050914470337385,0.29234220472110467,s031,24,20570436,strong_signal,Stronger covariate effect,3,0.6,1.2,1,0.2,0.75,2000,0.3,0.1,1500,1.5827933412618571,0.3578571428571429,0.15357142857142858,1400,600,700,700
cp_cox_split_support_fit,CP + Cox (Split Support/Fit),0.8633333333333333,1.2825083197226959,0.31129515963619764,s031,24,20570436,strong_signal,Stronger covariate effect,3,0.6,1.2,1,0.2,0.75,2000,0.3,0.1,1500,1.5827933412618571,0.3578571428571429,0.15357142857142858,1400,600,700,700
cp_cox_full,CP + Cox,0.9033333333333333,1.3429486625882001,0.20138994135864635,s031,25,20570437,strong_signal,Stronger covariate effect,3,0.6,1.2,1,0.2,0.75,2000,0.3,0.1,1500,1.5381232539214087,0.3442857142857143,0.13428571428571429,1400,600,700,700
cp_cox_split_support_fit,CP + Cox (Split Support/Fit),0.8983333333333333,1.3146305633617579,0.2307136909385833,s031,25,20570437,strong_signal,Stronger covariate effect,3,0.6,1.2,1,0.2,0.75,2000,0.3,0.1,1500,1.5381232539214087,0.3442857142857143,0.13428571428571429,1400,600,700,700
cp_cox_full,CP + Cox,0.9033333333333333,1.406625636424851,0.2431328397508843,s031,26,20570438,strong_signal,Stronger covariate effect,3,0.6,1.2,1,0.2,0.75,2000,0.3,0.1,1500,1.631433332716929,0.34,0.16642857142857143,1400,600,700,700
cp_cox_split_support_fit,CP + Cox (Split Support/Fit),0.915,1.4241339649657112,0.23285149052766987,s031,26,20570438,strong_signal,Stronger covariate effect,3,0.6,1.2,1,0.2,0.75,2000,0.3,0.1,1500,1.631433332716929,0.34,0.16642857142857143,1400,600,700,700
cp_cox_full,CP + Cox,0.905,1.3256887674427889,0.21477908986672511,s031,27,20570439,strong_signal,Stronger covariate effect,3,0.6,1.2,1,0.2,0.75,2000,0.3,0.1,1500,1.526715583623041,0.3535714285714286,0.16357142857142856,1400,600,700,700
cp_cox_split_support_fit,CP + Cox (Split Support/Fit),0.9216666666666666,1.3531043714289435,0.17333894043562764,s031,27,20570439,strong_signal,Stronger covariate effect,3,0.6,1.2,1,0.2,0.75,2000,0.3,0.1,1500,1.526715583623041,0.3535714285714286,0.16357142857142856,1400,600,700,700
cp_cox_full,CP + Cox,0.9066666666666666,1.449219475588864,0.21130582668447473,s031,28,20570440,strong_signal,Stronger covariate effect,3,0.6,1.2,1,0.2,0.75,2000,0.3,0.1,1500,1.6620852773224457,0.3657142857142857,0.15428571428571428,1400,600,700,700
cp_cox_split_support_fit,CP + Cox (Split Support/Fit),0.9016666666666666,1.4454631066265136,0.20067540284678181,s031,28,20570440,strong_signal,Stronger covariate effect,3,0.6,1.2,1,0.2,0.75,2000,0.3,0.1,1500,1.6620852773224457,0.3657142857142857,0.15428571428571428,1400,600,700,700
cp_cox_full,CP + Cox,0.8783333333333333,1.3513115753421314,0.21799206268018828,s031,29,20570441,strong_signal,Stronger covariate effect,3,0.6,1.2,1,0.2,0.75,2000,0.3,0.1,1500,1.587414244057719,0.3514285714285714,0.15857142857142856,1400,600,700,700
cp_cox_split_support_fit,CP + Cox (Split Support/Fit),0.885,1.3515660172437751,0.22824851941556099,s031,29,20570441,strong_signal,Stronger covariate effect,3,0.6,1.2,1,0.2,0.75,2000,0.3,0.1,1500,1.587414244057719,0.3514285714285714,0.15857142857142856,1400,600,700,700
cp_cox_full,CP + Cox,0.9166666666666666,1.3288066185497882,0.1983467597307812,s031,30,20570442,strong_signal,Stronger covariate effect,3,0.6,1.2,1,0.2,0.75,2000,0.3,0.1,1500,1.5116863148541624,0.36642857142857144,0.16214285714285714,1400,600,700,700
cp_cox_split_support_fit,CP + Cox (Split Support/Fit),0.9166666666666666,1.325653147083134,0.20688442961319742,s031,30,20570442,strong_signal,Stronger covariate effect,3,0.6,1.2,1,0.2,0.75,2000,0.3,0.1,1500,1.5116863148541624,0.36642857142857144,0.16214285714285714,1400,600,700,700
cp_cox_full,CP + Cox,0.9,2.6697583745403892,0.2709677898835938,s032,1,20580413,strong_signal,Stronger covariate effect,3,0.6,1.2,1,0.2,0.9,2000,0.3,0.1,1500,2.9324937223050296,0.24357142857142858,0.04928571428571429,1400,600,700,700
cp_cox_split_support_fit,CP + Cox (Split Support/Fit),0.9016666666666666,2.6622640019518995,0.2735691262853969,s032,1,20580413,strong_signal,Stronger covariate effect,3,0.6,1.2,1,0.2,0.9,2000,0.3,0.1,1500,2.9324937223050296,0.24357142857142858,0.04928571428571429,1400,600,700,700
cp_cox_full,CP + Cox,0.8983333333333333,3.101312182215043,0.24374172752331755,s032,2,20580414,strong_signal,Stronger covariate effect,3,0.6,1.2,1,0.2,0.9,2000,0.3,0.1,1500,3.3467119514167667,0.22857142857142856,0.045,1400,600,700,700
cp_cox_split_support_fit,CP + Cox (Split Support/Fit),0.8966666666666666,3.1013425322101718,0.24618861691871308,s032,2,20580414,strong_signal,Stronger covariate effect,3,0.6,1.2,1,0.2,0.9,2000,0.3,0.1,1500,3.3467119514167667,0.22857142857142856,0.045,1400,600,700,700
cp_cox_full,CP + Cox,0.8916666666666667,2.9932917650560427,0.22730799739946947,s032,3,20580415,strong_signal,Stronger covariate effect,3,0.6,1.2,1,0.2,0.9,2000,0.3,0.1,1500,3.236941804842691,0.2571428571428571,0.052142857142857144,1400,600,700,700
cp_cox_split_support_fit,CP + Cox (Split Support/Fit),0.8933333333333333,2.9947141769968675,0.2347025681468701,s032,3,20580415,strong_signal,Stronger covariate effect,3,0.6,1.2,1,0.2,0.9,2000,0.3,0.1,1500,3.236941804842691,0.2571428571428571,0.052142857142857144,1400,600,700,700
cp_cox_full,CP + Cox,0.8816666666666667,3.0089951492088036,0.26101581463039286,s032,4,20580416,strong_signal,Stronger covariate effect,3,0.6,1.2,1,0.2,0.9,2000,0.3,0.1,1500,3.2604336199110535,0.23642857142857143,0.05071428571428571,1400,600,700,700
cp_cox_split_support_fit,CP + Cox (Split Support/Fit),0.8783333333333333,3.0035246559875923,0.25595095665980344,s032,4,20580416,strong_signal,Stronger covariate effect,3,0.6,1.2,1,0.2,0.9,2000,0.3,0.1,1500,3.2604336199110535,0.23642857142857143,0.05071428571428571,1400,600,700,700
cp_cox_full,CP + Cox,0.9033333333333333,3.095864020466623,0.22696084298039873,s032,5,20580417,strong_signal,Stronger covariate effect,3,0.6,1.2,1,0.2,0.9,2000,0.3,0.1,1500,3.3158161254455436,0.23857142857142857,0.04,1400,600,700,700
cp_cox_split_support_fit,CP + Cox (Split Support/Fit),0.9083333333333333,3.1169847315289503,0.21640928366079745,s032,5,20580417,strong_signal,Stronger covariate effect,3,0.6,1.2,1,0.2,0.9,2000,0.3,0.1,1500,3.3158161254455436,0.23857142857142857,0.04,1400,600,700,700
cp_cox_full,CP + Cox,0.9133333333333333,3.207186153744537,0.2820795747974903,s032,6,20580418,strong_signal,Stronger covariate effect,3,0.6,1.2,1,0.2,0.9,2000,0.3,0.1,1500,3.4229751604524337,0.24642857142857144,0.04428571428571428,1400,600,700,700
cp_cox_split_support_fit,CP + Cox (Split Support/Fit),0.9166666666666666,3.206052367665543,0.2855187425740254,s032,6,20580418,strong_signal,Stronger covariate effect,3,0.6,1.2,1,0.2,0.9,2000,0.3,0.1,1500,3.4229751604524337,0.24642857142857144,0.04428571428571428,1400,600,700,700
cp_cox_full,CP + Cox,0.9,2.772328560684098,0.22027244778132005,s032,7,20580419,strong_signal,Stronger covariate effect,3,0.6,1.2,1,0.2,0.9,2000,0.3,0.1,1500,2.9959466177376926,0.24428571428571427,0.04928571428571429,1400,600,700,700
cp_cox_split_support_fit,CP + Cox (Split Support/Fit),0.89,2.7680602424297587,0.2185896993624675,s032,7,20580419,strong_signal,Stronger covariate effect,3,0.6,1.2,1,0.2,0.9,2000,0.3,0.1,1500,2.9959466177376926,0.24428571428571427,0.04928571428571429,1400,600,700,700
cp_cox_full,CP + Cox,0.8833333333333333,2.960571414217097,0.19654948240381703,s032,8,20580420,strong_signal,Stronger covariate effect,3,0.6,1.2,1,0.2,0.9,2000,0.3,0.1,1500,3.1693401306591813,0.245,0.04285714285714286,1400,600,700,700
cp_cox_split_support_fit,CP + Cox (Split Support/Fit),0.885,2.9812733457895186,0.16772739853627922,s032,8,20580420,strong_signal,Stronger covariate effect,3,0.6,1.2,1,0.2,0.9,2000,0.3,0.1,1500,3.1693401306591813,0.245,0.04285714285714286,1400,600,700,700
cp_cox_full,CP + Cox,0.8733333333333333,2.812397107231141,0.24538021791794498,s032,9,20580421,strong_signal,Stronger covariate effect,3,0.6,1.2,1,0.2,0.9,2000,0.3,0.1,1500,3.045470628452752,0.24,0.05,1400,600,700,700
cp_cox_split_support_fit,CP + Cox (Split Support/Fit),0.875,2.8099369486237147,0.24197279572223884,s032,9,20580421,strong_signal,Stronger covariate effect,3,0.6,1.2,1,0.2,0.9,2000,0.3,0.1,1500,3.045470628452752,0.24,0.05,1400,600,700,700
cp_cox_full,CP + Cox,0.9083333333333333,2.9932088806973716,0.20760893412172576,s032,10,20580422,strong_signal,Stronger covariate effect,3,0.6,1.2,1,0.2,0.9,2000,0.3,0.1,1500,3.211992813430471,0.25285714285714284,0.04428571428571428,1400,600,700,700
cp_cox_split_support_fit,CP + Cox (Split Support/Fit),0.9133333333333333,3.002803043589145,0.2044218238839112,s032,10,20580422,strong_signal,Stronger covariate effect,3,0.6,1.2,1,0.2,0.9,2000,0.3,0.1,1500,3.211992813430471,0.25285714285714284,0.04428571428571428,1400,600,700,700
cp_cox_full,CP + Cox,0.88,2.889009267487705,0.2287653187974661,s032,11,20580423,strong_signal,Stronger covariate effect,3,0.6,1.2,1,0.2,0.9,2000,0.3,0.1,1500,3.106041960536134,0.255,0.04857142857142857,1400,600,700,700
cp_cox_split_support_fit,CP + Cox (Split Support/Fit),0.9,2.932237536569676,0.17206431091645355,s032,11,20580423,strong_signal,Stronger covariate effect,3,0.6,1.2,1,0.2,0.9,2000,0.3,0.1,1500,3.106041960536134,0.255,0.04857142857142857,1400,600,700,700
cp_cox_full,CP + Cox,0.885,2.7824045938814757,0.23778385403178515,s032,12,20580424,strong_signal,Stronger covariate effect,3,0.6,1.2,1,0.2,0.9,2000,0.3,0.1,1500,3.0291873327590153,0.2307142857142857,0.047857142857142855,1400,600,700,700
cp_cox_split_support_fit,CP + Cox (Split Support/Fit),0.9283333333333333,2.849972294763783,0.17773637162932746,s032,12,20580424,strong_signal,Stronger covariate effect,3,0.6,1.2,1,0.2,0.9,2000,0.3,0.1,1500,3.0291873327590153,0.2307142857142857,0.047857142857142855,1400,600,700,700
cp_cox_full,CP + Cox,0.9116666666666666,3.022202748010774,0.22788854639635417,s032,13,20580425,strong_signal,Stronger covariate effect,3,0.6,1.2,1,0.2,0.9,2000,0.3,0.1,1500,3.2500717415477003,0.23785714285714285,0.045714285714285714,1400,600,700,700
cp_cox_split_support_fit,CP + Cox (Split Support/Fit),0.9266666666666666,3.0524967418917215,0.20219362532538676,s032,13,20580425,strong_signal,Stronger covariate effect,3,0.6,1.2,1,0.2,0.9,2000,0.3,0.1,1500,3.2500717415477003,0.23785714285714285,0.045714285714285714,1400,600,700,700
cp_cox_full,CP + Cox,0.9,2.816953496723428,0.2395462818271488,s032,14,20580426,strong_signal,Stronger covariate effect,3,0.6,1.2,1,0.2,0.9,2000,0.3,0.1,1500,3.040348214151627,0.24928571428571428,0.052142857142857144,1400,600,700,700
cp_cox_split_support_fit,CP + Cox (Split Support/Fit),0.8683333333333333,2.771420305293608,0.2965303742319037,s032,14,20580426,strong_signal,Stronger covariate effect,3,0.6,1.2,1,0.2,0.9,2000,0.3,0.1,1500,3.040348214151627,0.24928571428571428,0.052142857142857144,1400,600,700,700
cp_cox_full,CP + Cox,0.9233333333333333,3.0456030520931434,0.22183104820617494,s032,15,20580427,strong_signal,Stronger covariate effect,3,0.6,1.2,1,0.2,0.9,2000,0.3,0.1,1500,3.242776547245349,0.2571428571428571,0.052142857142857144,1400,600,700,700
cp_cox_split_support_fit,CP + Cox (Split Support/Fit),0.9216666666666666,3.03093053118841,0.23075510854647163,s032,15,20580427,strong_signal,Stronger covariate effect,3,0.6,1.2,1,0.2,0.9,2000,0.3,0.1,1500,3.242776547245349,0.2571428571428571,0.052142857142857144,1400,600,700,700
cp_cox_full,CP + Cox,0.8783333333333333,2.867116279954912,0.30352023595156336,s032,16,20580428,strong_signal,Stronger covariate effect,3,0.6,1.2,1,0.2,0.9,2000,0.3,0.1,1500,3.1206441794893993,0.26357142857142857,0.05857142857142857,1400,600,700,700
cp_cox_split_support_fit,CP + Cox (Split Support/Fit),0.91,2.9194232828097486,0.26464152036470484,s032,16,20580428,strong_signal,Stronger covariate effect,3,0.6,1.2,1,0.2,0.9,2000,0.3,0.1,1500,3.1206441794893993,0.26357142857142857,0.05857142857142857,1400,600,700,700
cp_cox_full,CP + Cox,0.92,2.939190170327354,0.17905390837428592,s032,17,20580429,strong_signal,Stronger covariate effect,3,0.6,1.2,1,0.2,0.9,2000,0.3,0.1,1500,3.13283942106836,0.24428571428571427,0.055714285714285716,1400,600,700,700
cp_cox_split_support_fit,CP + Cox (Split Support/Fit),0.9183333333333333,2.9272218622006,0.19886987303970158,s032,17,20580429,strong_signal,Stronger covariate effect,3,0.6,1.2,1,0.2,0.9,2000,0.3,0.1,1500,3.13283942106836,0.24428571428571427,0.055714285714285716,1400,600,700,700
cp_cox_full,CP + Cox,0.885,2.935789504522988,0.26355594009815053,s032,18,20580430,strong_signal,Stronger covariate effect,3,0.6,1.2,1,0.2,0.9,2000,0.3,0.1,1500,3.1887400482304074,0.24714285714285714,0.04928571428571429,1400,600,700,700
cp_cox_split_support_fit,CP + Cox (Split Support/Fit),0.8633333333333333,2.901747968672408,0.3068674260038006,s032,18,20580430,strong_signal,Stronger covariate effect,3,0.6,1.2,1,0.2,0.9,2000,0.3,0.1,1500,3.1887400482304074,0.24714285714285714,0.04928571428571429,1400,600,700,700
cp_cox_full,CP + Cox,0.8816666666666667,3.0098456140502607,0.2730609117404725,s032,19,20580431,strong_signal,Stronger covariate effect,3,0.6,1.2,1,0.2,0.9,2000,0.3,0.1,1500,3.2578749911905116,0.26,0.04642857142857143,1400,600,700,700
cp_cox_split_support_fit,CP + Cox (Split Support/Fit),0.8816666666666667,3.0148459822773885,0.2749789661003776,s032,19,20580431,strong_signal,Stronger covariate effect,3,0.6,1.2,1,0.2,0.9,2000,0.3,0.1,1500,3.2578749911905116,0.26,0.04642857142857143,1400,600,700,700
cp_cox_full,CP + Cox,0.895,3.00563384436923,0.262390867111888,s032,20,20580432,strong_signal,Stronger covariate effect,3,0.6,1.2,1,0.2,0.9,2000,0.3,0.1,1500,3.245466769109799,0.2542857142857143,0.047142857142857146,1400,600,700,700
cp_cox_split_support_fit,CP + Cox (Split Support/Fit),0.8916666666666667,2.9959660598892857,0.27461123987721475,s032,20,20580432,strong_signal,Stronger covariate effect,3,0.6,1.2,1,0.2,0.9,2000,0.3,0.1,1500,3.245466769109799,0.2542857142857143,0.047142857142857146,1400,600,700,700
cp_cox_full,CP + Cox,0.8966666666666666,2.7963793943141435,0.24388385623167488,s032,21,20580433,strong_signal,Stronger covariate effect,3,0.6,1.2,1,0.2,0.9,2000,0.3,0.1,1500,3.024921298218729,0.23857142857142857,0.045,1400,600,700,700
cp_cox_split_support_fit,CP + Cox (Split Support/Fit),0.9183333333333333,2.8685012492447335,0.16221098131134015,s032,21,20580433,strong_signal,Stronger covariate effect,3,0.6,1.2,1,0.2,0.9,2000,0.3,0.1,1500,3.024921298218729,0.23857142857142857,0.045,1400,600,700,700
cp_cox_full,CP + Cox,0.9,2.9794204612116726,0.19189034044152967,s032,22,20580434,strong_signal,Stronger covariate effect,3,0.6,1.2,1,0.2,0.9,2000,0.3,0.1,1500,3.175503317105023,0.24714285714285714,0.04357142857142857,1400,600,700,700
cp_cox_split_support_fit,CP + Cox (Split Support/Fit),0.8966666666666666,2.9750646229251996,0.18679297280271903,s032,22,20580434,strong_signal,Stronger covariate effect,3,0.6,1.2,1,0.2,0.9,2000,0.3,0.1,1500,3.175503317105023,0.24714285714285714,0.04357142857142857,1400,600,700,700
cp_cox_full,CP + Cox,0.9066666666666666,2.8810493690461896,0.2111152126538762,s032,23,20580435,strong_signal,Stronger covariate effect,3,0.6,1.2,1,0.2,0.9,2000,0.3,0.1,1500,3.0817360487014054,0.245,0.04357142857142857,1400,600,700,700
cp_cox_split_support_fit,CP + Cox (Split Support/Fit),0.8933333333333333,2.852522990164384,0.2628635822786749,s032,23,20580435,strong_signal,Stronger covariate effect,3,0.6,1.2,1,0.2,0.9,2000,0.3,0.1,1500,3.0817360487014054,0.245,0.04357142857142857,1400,600,700,700
cp_cox_full,CP + Cox,0.8833333333333333,2.884729997310987,0.20782681651205828,s032,24,20580436,strong_signal,Stronger covariate effect,3,0.6,1.2,1,0.2,0.9,2000,0.3,0.1,1500,3.0944223612212873,0.25214285714285717,0.04428571428571428,1400,600,700,700
cp_cox_split_support_fit,CP + Cox (Split Support/Fit),0.875,2.8583618037850345,0.25240059447820246,s032,24,20580436,strong_signal,Stronger covariate effect,3,0.6,1.2,1,0.2,0.9,2000,0.3,0.1,1500,3.0944223612212873,0.25214285714285717,0.04428571428571428,1400,600,700,700
cp_cox_full,CP + Cox,0.9216666666666666,3.054587355517495,0.23681649127720858,s032,25,20580437,strong_signal,Stronger covariate effect,3,0.6,1.2,1,0.2,0.9,2000,0.3,0.1,1500,3.2371282486500643,0.25785714285714284,0.05,1400,600,700,700
cp_cox_split_support_fit,CP + Cox (Split Support/Fit),0.9216666666666666,3.0480504180940313,0.253401011485594,s032,25,20580437,strong_signal,Stronger covariate effect,3,0.6,1.2,1,0.2,0.9,2000,0.3,0.1,1500,3.2371282486500643,0.25785714285714284,0.05,1400,600,700,700
cp_cox_full,CP + Cox,0.8783333333333333,2.9184806563857277,0.23094042825335884,s032,26,20580438,strong_signal,Stronger covariate effect,3,0.6,1.2,1,0.2,0.9,2000,0.3,0.1,1500,3.1410110822113384,0.26,0.047857142857142855,1400,600,700,700
cp_cox_split_support_fit,CP + Cox (Split Support/Fit),0.89,2.937130037223446,0.2173783081524986,s032,26,20580438,strong_signal,Stronger covariate effect,3,0.6,1.2,1,0.2,0.9,2000,0.3,0.1,1500,3.1410110822113384,0.26,0.047857142857142855,1400,600,700,700
cp_cox_full,CP + Cox,0.9133333333333333,2.8541246227472974,0.1986108897224294,s032,27,20580439,strong_signal,Stronger covariate effect,3,0.6,1.2,1,0.2,0.9,2000,0.3,0.1,1500,3.0659889230173087,0.25285714285714284,0.04928571428571429,1400,600,700,700
cp_cox_split_support_fit,CP + Cox (Split Support/Fit),0.8783333333333333,2.793791876256477,0.2622144702383859,s032,27,20580439,strong_signal,Stronger covariate effect,3,0.6,1.2,1,0.2,0.9,2000,0.3,0.1,1500,3.0659889230173087,0.25285714285714284,0.04928571428571429,1400,600,700,700
cp_cox_full,CP + Cox,0.91,3.114255605225011,0.18787793384305254,s032,28,20580440,strong_signal,Stronger covariate effect,3,0.6,1.2,1,0.2,0.9,2000,0.3,0.1,1500,3.308678684793579,0.26357142857142857,0.047142857142857146,1400,600,700,700
cp_cox_split_support_fit,CP + Cox (Split Support/Fit),0.9166666666666666,3.0964389290553958,0.21276770749451565,s032,28,20580440,strong_signal,Stronger covariate effect,3,0.6,1.2,1,0.2,0.9,2000,0.3,0.1,1500,3.308678684793579,0.26357142857142857,0.047142857142857146,1400,600,700,700
cp_cox_full,CP + Cox,0.9216666666666666,3.2229776268738912,0.21163480002398474,s032,29,20580441,strong_signal,Stronger covariate effect,3,0.6,1.2,1,0.2,0.9,2000,0.3,0.1,1500,3.437726137964461,0.23142857142857143,0.039285714285714285,1400,600,700,700
cp_cox_split_support_fit,CP + Cox (Split Support/Fit),0.9233333333333333,3.2322278984132566,0.19799959133152117,s032,29,20580441,strong_signal,Stronger covariate effect,3,0.6,1.2,1,0.2,0.9,2000,0.3,0.1,1500,3.437726137964461,0.23142857142857143,0.039285714285714285,1400,600,700,700
cp_cox_full,CP + Cox,0.8933333333333333,3.056566418527816,0.2798711345957708,s032,30,20580442,strong_signal,Stronger covariate effect,3,0.6,1.2,1,0.2,0.9,2000,0.3,0.1,1500,3.2937307551645314,0.2507142857142857,0.045,1400,600,700,700
cp_cox_split_support_fit,CP + Cox (Split Support/Fit),0.9133333333333333,3.1159384488674626,0.21389159562725665,s032,30,20580442,strong_signal,Stronger covariate effect,3,0.6,1.2,1,0.2,0.9,2000,0.3,0.1,1500,3.2937307551645314,0.2507142857142857,0.045,1400,600,700,700
cp_cox_full,CP + Cox,0.91,6.991329757572154,0.23312278968051098,s033,1,20590413,strong_signal,Stronger covariate effect,3,0.6,1.2,1,0.2,0.97,2000,0.3,0.1,1500,7.205763852224176,0.205,0.007857142857142858,1400,600,700,700
cp_cox_split_support_fit,CP + Cox (Split Support/Fit),0.8966666666666666,6.963518789992559,0.28122871580943015,s033,1,20590413,strong_signal,Stronger covariate effect,3,0.6,1.2,1,0.2,0.97,2000,0.3,0.1,1500,7.205763852224176,0.205,0.007857142857142858,1400,600,700,700
cp_cox_full,CP + Cox,0.9066666666666666,6.654036303005517,0.20615949788528107,s033,2,20590414,strong_signal,Stronger covariate effect,3,0.6,1.2,1,0.2,0.97,2000,0.3,0.1,1500,6.858224776742717,0.1957142857142857,0.007857142857142858,1400,600,700,700
cp_cox_split_support_fit,CP + Cox (Split Support/Fit),0.895,6.644047203759692,0.2097708673191166,s033,2,20590414,strong_signal,Stronger covariate effect,3,0.6,1.2,1,0.2,0.97,2000,0.3,0.1,1500,6.858224776742717,0.1957142857142857,0.007857142857142858,1400,600,700,700
cp_cox_full,CP + Cox,0.9116666666666666,5.431347527659056,0.17386964038863154,s033,3,20590415,strong_signal,Stronger covariate effect,3,0.6,1.2,1,0.2,0.97,2000,0.3,0.1,1500,5.622452396270359,0.22,0.008571428571428572,1400,600,700,700
cp_cox_split_support_fit,CP + Cox (Split Support/Fit),0.9033333333333333,5.411342447682409,0.20743303553105022,s033,3,20590415,strong_signal,Stronger covariate effect,3,0.6,1.2,1,0.2,0.97,2000,0.3,0.1,1500,5.622452396270359,0.22,0.008571428571428572,1400,600,700,700
cp_cox_full,CP + Cox,0.9016666666666666,6.2833426654797835,0.19672384759655825,s033,4,20590416,strong_signal,Stronger covariate effect,3,0.6,1.2,1,0.2,0.97,2000,0.3,0.1,1500,6.49086504407137,0.205,0.005714285714285714,1400,600,700,700
cp_cox_split_support_fit,CP + Cox (Split Support/Fit),0.9033333333333333,6.292179259404663,0.19460498437401383,s033,4,20590416,strong_signal,Stronger covariate effect,3,0.6,1.2,1,0.2,0.97,2000,0.3,0.1,1500,6.49086504407137,0.205,0.005714285714285714,1400,600,700,700
cp_cox_full,CP + Cox,0.9016666666666666,5.970590485668722,0.29215260535615045,s033,5,20590417,strong_signal,Stronger covariate effect,3,0.6,1.2,1,0.2,0.97,2000,0.3,0.1,1500,6.214280380369633,0.21642857142857144,0.011428571428571429,1400,600,700,700
cp_cox_split_support_fit,CP + Cox (Split Support/Fit),0.9033333333333333,5.976924243304187,0.27429423323039664,s033,5,20590417,strong_signal,Stronger covariate effect,3,0.6,1.2,1,0.2,0.97,2000,0.3,0.1,1500,6.214280380369633,0.21642857142857144,0.011428571428571429,1400,600,700,700
cp_cox_full,CP + Cox,0.8933333333333333,6.232570928579804,0.21057243399744277,s033,6,20590418,strong_signal,Stronger covariate effect,3,0.6,1.2,1,0.2,0.97,2000,0.3,0.1,1500,6.444252794228967,0.20285714285714285,0.007142857142857143,1400,600,700,700
cp_cox_split_support_fit,CP + Cox (Split Support/Fit),0.9033333333333333,6.251596393132903,0.18941075288012746,s033,6,20590418,strong_signal,Stronger covariate effect,3,0.6,1.2,1,0.2,0.97,2000,0.3,0.1,1500,6.444252794228967,0.20285714285714285,0.007142857142857143,1400,600,700,700
cp_cox_full,CP + Cox,0.885,6.769766665854788,0.27919325769675596,s033,7,20590419,strong_signal,Stronger covariate effect,3,0.6,1.2,1,0.2,0.97,2000,0.3,0.1,1500,7.042208570550122,0.21285714285714286,0.0064285714285714285,1400,600,700,700
cp_cox_split_support_fit,CP + Cox (Split Support/Fit),0.9,6.808124090349491,0.21920399937088006,s033,7,20590419,strong_signal,Stronger covariate effect,3,0.6,1.2,1,0.2,0.97,2000,0.3,0.1,1500,7.042208570550122,0.21285714285714286,0.0064285714285714285,1400,600,700,700
cp_cox_full,CP + Cox,0.9183333333333333,6.407225851698933,0.2249544025500974,s033,8,20590420,strong_signal,Stronger covariate effect,3,0.6,1.2,1,0.2,0.97,2000,0.3,0.1,1500,6.624891740335132,0.20214285714285715,0.007857142857142858,1400,600,700,700
cp_cox_split_support_fit,CP + Cox (Split Support/Fit),0.9166666666666666,6.416319348196089,0.1987700573449491,s033,8,20590420,strong_signal,Stronger covariate effect,3,0.6,1.2,1,0.2,0.97,2000,0.3,0.1,1500,6.624891740335132,0.20214285714285715,0.007857142857142858,1400,600,700,700
cp_cox_full,CP + Cox,0.8983333333333333,5.538539022335833,0.22381422657999808,s033,9,20590421,strong_signal,Stronger covariate effect,3,0.6,1.2,1,0.2,0.97,2000,0.3,0.1,1500,5.776861626711177,0.18571428571428572,0.010714285714285714,1400,600,700,700
cp_cox_split_support_fit,CP + Cox (Split Support/Fit),0.8866666666666667,5.533533285815615,0.214685719465874,s033,9,20590421,strong_signal,Stronger covariate effect,3,0.6,1.2,1,0.2,0.97,2000,0.3,0.1,1500,5.776861626711177,0.18571428571428572,0.010714285714285714,1400,600,700,700
cp_cox_full,CP + Cox,0.885,5.50263109792095,0.2710951167081457,s033,10,20590422,strong_signal,Stronger covariate effect,3,0.6,1.2,1,0.2,0.97,2000,0.3,0.1,1500,5.765600065248486,0.21071428571428572,0.010714285714285714,1400,600,700,700
cp_cox_split_support_fit,CP + Cox (Split Support/Fit),0.8733333333333333,5.488208921589226,0.28281221881363405,s033,10,20590422,strong_signal,Stronger covariate effect,3,0.6,1.2,1,0.2,0.97,2000,0.3,0.1,1500,5.765600065248486,0.21071428571428572,0.010714285714285714,1400,600,700,700
cp_cox_full,CP + Cox,0.89,6.020171156766695,0.18913092868531872,s033,11,20590423,strong_signal,Stronger covariate effect,3,0.6,1.2,1,0.2,0.97,2000,0.3,0.1,1500,6.212905953685358,0.2307142857142857,0.01,1400,600,700,700
cp_cox_split_support_fit,CP + Cox (Split Support/Fit),0.865,5.970298809575533,0.24707570774890492,s033,11,20590423,strong_signal,Stronger covariate effect,3,0.6,1.2,1,0.2,0.97,2000,0.3,0.1,1500,6.212905953685358,0.2307142857142857,0.01,1400,600,700,700
cp_cox_full,CP + Cox,0.885,6.4976619968180955,0.3131854344017861,s033,12,20590424,strong_signal,Stronger covariate effect,3,0.6,1.2,1,0.2,0.97,2000,0.3,0.1,1500,6.7602687977774325,0.19214285714285714,0.0064285714285714285,1400,600,700,700
cp_cox_split_support_fit,CP + Cox (Split Support/Fit),0.8783333333333333,6.473160007544994,0.36974427853106645,s033,12,20590424,strong_signal,Stronger covariate effect,3,0.6,1.2,1,0.2,0.97,2000,0.3,0.1,1500,6.7602687977774325,0.19214285714285714,0.0064285714285714285,1400,600,700,700
cp_cox_full,CP + Cox,0.9116666666666666,5.948110187164369,0.17705300359308299,s033,13,20590425,strong_signal,Stronger covariate effect,3,0.6,1.2,1,0.2,0.97,2000,0.3,0.1,1500,6.141881659290968,0.205,0.0064285714285714285,1400,600,700,700
cp_cox_split_support_fit,CP + Cox (Split Support/Fit),0.905,5.933138482982219,0.19667043073748836,s033,13,20590425,strong_signal,Stronger covariate effect,3,0.6,1.2,1,0.2,0.97,2000,0.3,0.1,1500,6.141881659290968,0.205,0.0064285714285714285,1400,600,700,700
cp_cox_full,CP + Cox,0.885,6.022975950774761,0.23234904163703615,s033,14,20590426,strong_signal,Stronger covariate effect,3,0.6,1.2,1,0.2,0.97,2000,0.3,0.1,1500,6.250417396673289,0.20857142857142857,0.007857142857142858,1400,600,700,700
cp_cox_split_support_fit,CP + Cox (Split Support/Fit),0.8783333333333333,5.999900884123589,0.26499985715877544,s033,14,20590426,strong_signal,Stronger covariate effect,3,0.6,1.2,1,0.2,0.97,2000,0.3,0.1,1500,6.250417396673289,0.20857142857142857,0.007857142857142858,1400,600,700,700
cp_cox_full,CP + Cox,0.9083333333333333,5.486156911035746,0.22157829102436047,s033,15,20590427,strong_signal,Stronger covariate effect,3,0.6,1.2,1,0.2,0.97,2000,0.3,0.1,1500,5.696809435675057,0.20357142857142857,0.0064285714285714285,1400,600,700,700
cp_cox_split_support_fit,CP + Cox (Split Support/Fit),0.91,5.4798331397089095,0.2447025793571305,s033,15,20590427,strong_signal,Stronger covariate effect,3,0.6,1.2,1,0.2,0.97,2000,0.3,0.1,1500,5.696809435675057,0.20357142857142857,0.0064285714285714285,1400,600,700,700
cp_cox_full,CP + Cox,0.89,6.375514093580757,0.19960994226931497,s033,16,20590428,strong_signal,Stronger covariate effect,3,0.6,1.2,1,0.2,0.97,2000,0.3,0.1,1500,6.594901399888802,0.20142857142857143,0.007857142857142858,1400,600,700,700
cp_cox_split_support_fit,CP + Cox (Split Support/Fit),0.9016666666666666,6.387141165906945,0.2031658291626887,s033,16,20590428,strong_signal,Stronger covariate effect,3,0.6,1.2,1,0.2,0.97,2000,0.3,0.1,1500,6.594901399888802,0.20142857142857143,0.007857142857142858,1400,600,700,700
cp_cox_full,CP + Cox,0.8983333333333333,5.903622281632093,0.25882351401907644,s033,17,20590429,strong_signal,Stronger covariate effect,3,0.6,1.2,1,0.2,0.97,2000,0.3,0.1,1500,6.1584395416280895,0.2042857142857143,0.008571428571428572,1400,600,700,700
cp_cox_split_support_fit,CP + Cox (Split Support/Fit),0.9083333333333333,5.91818073883155,0.2564994781837163,s033,17,20590429,strong_signal,Stronger covariate effect,3,0.6,1.2,1,0.2,0.97,2000,0.3,0.1,1500,6.1584395416280895,0.2042857142857143,0.008571428571428572,1400,600,700,700
cp_cox_full,CP + Cox,0.905,6.094508880083317,0.22928556196579647,s033,18,20590430,strong_signal,Stronger covariate effect,3,0.6,1.2,1,0.2,0.97,2000,0.3,0.1,1500,6.309088345491498,0.20142857142857143,0.009285714285714286,1400,600,700,700
cp_cox_split_support_fit,CP + Cox (Split Support/Fit),0.8933333333333333,6.050670347219692,0.3083792652487076,s033,18,20590430,strong_signal,Stronger covariate effect,3,0.6,1.2,1,0.2,0.97,2000,0.3,0.1,1500,6.309088345491498,0.20142857142857143,0.009285714285714286,1400,600,700,700
cp_cox_full,CP + Cox,0.8933333333333333,6.773603889906678,0.21657298804946665,s033,19,20590431,strong_signal,Stronger covariate effect,3,0.6,1.2,1,0.2,0.97,2000,0.3,0.1,1500,6.990830612727245,0.215,0.008571428571428572,1400,600,700,700
cp_cox_split_support_fit,CP + Cox (Split Support/Fit),0.895,6.787932148516836,0.19198242567497875,s033,19,20590431,strong_signal,Stronger covariate effect,3,0.6,1.2,1,0.2,0.97,2000,0.3,0.1,1500,6.990830612727245,0.215,0.008571428571428572,1400,600,700,700
cp_cox_full,CP + Cox,0.8916666666666667,5.971608566734175,0.25065093065313815,s033,20,20590432,strong_signal,Stronger covariate effect,3,0.6,1.2,1,0.2,0.97,2000,0.3,0.1,1500,6.211187980987981,0.21714285714285714,0.007142857142857143,1400,600,700,700
cp_cox_split_support_fit,CP + Cox (Split Support/Fit),0.89,5.972632558616496,0.24697474386644547,s033,20,20590432,strong_signal,Stronger covariate effect,3,0.6,1.2,1,0.2,0.97,2000,0.3,0.1,1500,6.211187980987981,0.21714285714285714,0.007142857142857143,1400,600,700,700
cp_cox_full,CP + Cox,0.9183333333333333,5.728981216894098,0.19926511952739184,s033,21,20590433,strong_signal,Stronger covariate effect,3,0.6,1.2,1,0.2,0.97,2000,0.3,0.1,1500,5.932876941737824,0.2042857142857143,0.01,1400,600,700,700
cp_cox_split_support_fit,CP + Cox (Split Support/Fit),0.9266666666666666,5.745637186915662,0.1821382612543678,s033,21,20590433,strong_signal,Stronger covariate effect,3,0.6,1.2,1,0.2,0.97,2000,0.3,0.1,1500,5.932876941737824,0.2042857142857143,0.01,1400,600,700,700
cp_cox_full,CP + Cox,0.9,5.941578409184094,0.23944920372839051,s033,22,20590434,strong_signal,Stronger covariate effect,3,0.6,1.2,1,0.2,0.97,2000,0.3,0.1,1500,6.182057173888108,0.19357142857142856,0.008571428571428572,1400,600,700,700
cp_cox_split_support_fit,CP + Cox (Split Support/Fit),0.905,5.957367482437972,0.21780771115474054,s033,22,20590434,strong_signal,Stronger covariate effect,3,0.6,1.2,1,0.2,0.97,2000,0.3,0.1,1500,6.182057173888108,0.19357142857142856,0.008571428571428572,1400,600,700,700
cp_cox_full,CP + Cox,0.8783333333333333,6.000072219678209,0.2764810579709999,s033,23,20590435,strong_signal,Stronger covariate effect,3,0.6,1.2,1,0.2,0.97,2000,0.3,0.1,1500,6.276059614977335,0.20642857142857143,0.007142857142857143,1400,600,700,700
cp_cox_split_support_fit,CP + Cox (Split Support/Fit),0.8966666666666666,6.055783166179653,0.2177699533011538,s033,23,20590435,strong_signal,Stronger covariate effect,3,0.6,1.2,1,0.2,0.97,2000,0.3,0.1,1500,6.276059614977335,0.20642857142857143,0.007142857142857143,1400,600,700,700
cp_cox_full,CP + Cox,0.855,6.111011089902305,0.2631628286502277,s033,24,20590436,strong_signal,Stronger covariate effect,3,0.6,1.2,1,0.2,0.97,2000,0.3,0.1,1500,6.396438816026905,0.21,0.005714285714285714,1400,600,700,700
cp_cox_split_support_fit,CP + Cox (Split Support/Fit),0.885,6.154875720341556,0.2299311542925629,s033,24,20590436,strong_signal,Stronger covariate effect,3,0.6,1.2,1,0.2,0.97,2000,0.3,0.1,1500,6.396438816026905,0.21,0.005714285714285714,1400,600,700,700
cp_cox_full,CP + Cox,0.8983333333333333,5.814376885877075,0.22469596993989857,s033,25,20590437,strong_signal,Stronger covariate effect,3,0.6,1.2,1,0.2,0.97,2000,0.3,0.1,1500,6.008617109562877,0.2,0.010714285714285714,1400,600,700,700
cp_cox_split_support_fit,CP + Cox (Split Support/Fit),0.8833333333333333,5.785124396126918,0.25456256131442206,s033,25,20590437,strong_signal,Stronger covariate effect,3,0.6,1.2,1,0.2,0.97,2000,0.3,0.1,1500,6.008617109562877,0.2,0.010714285714285714,1400,600,700,700
cp_cox_full,CP + Cox,0.895,5.960658720010147,0.23791951790460877,s033,26,20590438,strong_signal,Stronger covariate effect,3,0.6,1.2,1,0.2,0.97,2000,0.3,0.1,1500,6.184321088673908,0.18357142857142858,0.008571428571428572,1400,600,700,700
cp_cox_split_support_fit,CP + Cox (Split Support/Fit),0.8933333333333333,5.9487401797343695,0.26876406997030466,s033,26,20590438,strong_signal,Stronger covariate effect,3,0.6,1.2,1,0.2,0.97,2000,0.3,0.1,1500,6.184321088673908,0.18357142857142858,0.008571428571428572,1400,600,700,700
cp_cox_full,CP + Cox,0.9083333333333333,6.6027571212503045,0.18723788616804202,s033,27,20590439,strong_signal,Stronger covariate effect,3,0.6,1.2,1,0.2,0.97,2000,0.3,0.1,1500,6.792847866508339,0.21,0.009285714285714286,1400,600,700,700
cp_cox_split_support_fit,CP + Cox (Split Support/Fit),0.8883333333333333,6.570294392518786,0.20712387252194564,s033,27,20590439,strong_signal,Stronger covariate effect,3,0.6,1.2,1,0.2,0.97,2000,0.3,0.1,1500,6.792847866508339,0.21,0.009285714285714286,1400,600,700,700
cp_cox_full,CP + Cox,0.9133333333333333,5.832450138540107,0.19780070528527072,s033,28,20590440,strong_signal,Stronger covariate effect,3,0.6,1.2,1,0.2,0.97,2000,0.3,0.1,1500,6.032608763702887,0.19071428571428573,0.0035714285714285713,1400,600,700,700
cp_cox_split_support_fit,CP + Cox (Split Support/Fit),0.8866666666666667,5.798158882745363,0.22908036767844397,s033,28,20590440,strong_signal,Stronger covariate effect,3,0.6,1.2,1,0.2,0.97,2000,0.3,0.1,1500,6.032608763702887,0.19071428571428573,0.0035714285714285713,1400,600,700,700
cp_cox_full,CP + Cox,0.9,5.4953257107291815,0.2735848738169181,s033,29,20590441,strong_signal,Stronger covariate effect,3,0.6,1.2,1,0.2,0.97,2000,0.3,0.1,1500,5.754603056653443,0.1992857142857143,0.007142857142857143,1400,600,700,700
cp_cox_split_support_fit,CP + Cox (Split Support/Fit),0.9083333333333333,5.529890606724027,0.21934598764844757,s033,29,20590441,strong_signal,Stronger covariate effect,3,0.6,1.2,1,0.2,0.97,2000,0.3,0.1,1500,5.754603056653443,0.1992857142857143,0.007142857142857143,1400,600,700,700
cp_cox_full,CP + Cox,0.915,5.996251722251935,0.237592032418044,s033,30,20590442,strong_signal,Stronger covariate effect,3,0.6,1.2,1,0.2,0.97,2000,0.3,0.1,1500,6.209583303740369,0.2257142857142857,0.007142857142857143,1400,600,700,700
cp_cox_split_support_fit,CP + Cox (Split Support/Fit),0.895,5.968720787558941,0.25203607122698146,s033,30,20590442,strong_signal,Stronger covariate effect,3,0.6,1.2,1,0.2,0.97,2000,0.3,0.1,1500,6.209583303740369,0.2257142857142857,0.007142857142857143,1400,600,700,700
cp_cox_full,CP + Cox,0.9133333333333333,1.3552633952393056,0.2034541657847577,s034,1,20600413,strong_signal,Stronger covariate effect,3,0.6,1.2,1,0.35,0.75,2000,0.3,0.1,1500,1.5834749975929625,0.44642857142857145,0.08857142857142856,1400,600,700,700
cp_cox_split_support_fit,CP + Cox (Split Support/Fit),0.9066666666666666,1.3374882421347731,0.22632810009136234,s034,1,20600413,strong_signal,Stronger covariate effect,3,0.6,1.2,1,0.35,0.75,2000,0.3,0.1,1500,1.5834749975929625,0.44642857142857145,0.08857142857142856,1400,600,700,700
cp_cox_full,CP + Cox,0.9033333333333333,1.354191618958354,0.23656685871424696,s034,2,20600414,strong_signal,Stronger covariate effect,3,0.6,1.2,1,0.35,0.75,2000,0.3,0.1,1500,1.5783865162617179,0.44785714285714284,0.09357142857142857,1400,600,700,700
cp_cox_split_support_fit,CP + Cox (Split Support/Fit),0.915,1.338669598901161,0.2820827818331827,s034,2,20600414,strong_signal,Stronger covariate effect,3,0.6,1.2,1,0.35,0.75,2000,0.3,0.1,1500,1.5783865162617179,0.44785714285714284,0.09357142857142857,1400,600,700,700
cp_cox_full,CP + Cox,0.9016666666666666,1.3958146040804227,0.2560353171216558,s034,3,20600415,strong_signal,Stronger covariate effect,3,0.6,1.2,1,0.35,0.75,2000,0.3,0.1,1500,1.648951448502836,0.43142857142857144,0.09428571428571429,1400,600,700,700
cp_cox_split_support_fit,CP + Cox (Split Support/Fit),0.9183333333333333,1.4278284661658376,0.22859568114236833,s034,3,20600415,strong_signal,Stronger covariate effect,3,0.6,1.2,1,0.35,0.75,2000,0.3,0.1,1500,1.648951448502836,0.43142857142857144,0.09428571428571429,1400,600,700,700
cp_cox_full,CP + Cox,0.915,1.3865935771881206,0.20976119306732444,s034,4,20600416,strong_signal,Stronger covariate effect,3,0.6,1.2,1,0.35,0.75,2000,0.3,0.1,1500,1.6006678195023436,0.44571428571428573,0.09571428571428571,1400,600,700,700
cp_cox_split_support_fit,CP + Cox (Split Support/Fit),0.9066666666666666,1.3750341850105166,0.22386184889284555,s034,4,20600416,strong_signal,Stronger covariate effect,3,0.6,1.2,1,0.35,0.75,2000,0.3,0.1,1500,1.6006678195023436,0.44571428571428573,0.09571428571428571,1400,600,700,700
cp_cox_full,CP + Cox,0.9183333333333333,1.3673911855907683,0.19509380738641333,s034,5,20600417,strong_signal,Stronger covariate effect,3,0.6,1.2,1,0.35,0.75,2000,0.3,0.1,1500,1.5460187199933948,0.4471428571428571,0.10142857142857142,1400,600,700,700
cp_cox_split_support_fit,CP + Cox (Split Support/Fit),0.9166666666666666,1.3576935339249316,0.20003087978255318,s034,5,20600417,strong_signal,Stronger covariate effect,3,0.6,1.2,1,0.35,0.75,2000,0.3,0.1,1500,1.5460187199933948,0.4471428571428571,0.10142857142857142,1400,600,700,700
cp_cox_full,CP + Cox,0.8883333333333333,1.3272949244648846,0.20375263104783767,s034,6,20600418,strong_signal,Stronger covariate effect,3,0.6,1.2,1,0.35,0.75,2000,0.3,0.1,1500,1.5490822362632293,0.4607142857142857,0.09285714285714286,1400,600,700,700
cp_cox_split_support_fit,CP + Cox (Split Support/Fit),0.9133333333333333,1.362365415549895,0.17795277171783858,s034,6,20600418,strong_signal,Stronger covariate effect,3,0.6,1.2,1,0.35,0.75,2000,0.3,0.1,1500,1.5490822362632293,0.4607142857142857,0.09285714285714286,1400,600,700,700
cp_cox_full,CP + Cox,0.8933333333333333,1.321954205778181,0.21634846922041326,s034,7,20600419,strong_signal,Stronger covariate effect,3,0.6,1.2,1,0.35,0.75,2000,0.3,0.1,1500,1.5473267612317019,0.4392857142857143,0.09714285714285714,1400,600,700,700
cp_cox_split_support_fit,CP + Cox (Split Support/Fit),0.9083333333333333,1.348848537081539,0.18389119369828194,s034,7,20600419,strong_signal,Stronger covariate effect,3,0.6,1.2,1,0.35,0.75,2000,0.3,0.1,1500,1.5473267612317019,0.4392857142857143,0.09714285714285714,1400,600,700,700
cp_cox_full,CP + Cox,0.9133333333333333,1.4749605170884332,0.19257808737209825,s034,8,20600420,strong_signal,Stronger covariate effect,3,0.6,1.2,1,0.35,0.75,2000,0.3,0.1,1500,1.6749009119626552,0.4407142857142857,0.09142857142857143,1400,600,700,700
cp_cox_split_support_fit,CP + Cox (Split Support/Fit),0.9016666666666666,1.4567942942971173,0.21320396619409565,s034,8,20600420,strong_signal,Stronger covariate effect,3,0.6,1.2,1,0.35,0.75,2000,0.3,0.1,1500,1.6749009119626552,0.4407142857142857,0.09142857142857143,1400,600,700,700
cp_cox_full,CP + Cox,0.915,1.5215777694191563,0.208421002515362,s034,9,20600421,strong_signal,Stronger covariate effect,3,0.6,1.2,1,0.35,0.75,2000,0.3,0.1,1500,1.7064224652586253,0.4442857142857143,0.105,1400,600,700,700
cp_cox_split_support_fit,CP + Cox (Split Support/Fit),0.8966666666666666,1.5081236563768567,0.2200710893552256,s034,9,20600421,strong_signal,Stronger covariate effect,3,0.6,1.2,1,0.35,0.75,2000,0.3,0.1,1500,1.7064224652586253,0.4442857142857143,0.105,1400,600,700,700
cp_cox_full,CP + Cox,0.93,1.3335205615471384,0.16938131047659405,s034,10,20600422,strong_signal,Stronger covariate effect,3,0.6,1.2,1,0.35,0.75,2000,0.3,0.1,1500,1.5158623318794675,0.44142857142857145,0.10857142857142857,1400,600,700,700
cp_cox_split_support_fit,CP + Cox (Split Support/Fit),0.915,1.3179241272682352,0.18184732356885852,s034,10,20600422,strong_signal,Stronger covariate effect,3,0.6,1.2,1,0.35,0.75,2000,0.3,0.1,1500,1.5158623318794675,0.44142857142857145,0.10857142857142857,1400,600,700,700
cp_cox_full,CP + Cox,0.9,1.327580727407428,0.20951238816593612,s034,11,20600423,strong_signal,Stronger covariate effect,3,0.6,1.2,1,0.35,0.75,2000,0.3,0.1,1500,1.5353036763091394,0.45785714285714285,0.09571428571428571,1400,600,700,700
cp_cox_split_support_fit,CP + Cox (Split Support/Fit),0.9116666666666666,1.3461594361958298,0.18803057162971326,s034,11,20600423,strong_signal,Stronger covariate effect,3,0.6,1.2,1,0.35,0.75,2000,0.3,0.1,1500,1.5353036763091394,0.45785714285714285,0.09571428571428571,1400,600,700,700
cp_cox_full,CP + Cox,0.8833333333333333,1.4077444742695504,0.2580797533868251,s034,12,20600424,strong_signal,Stronger covariate effect,3,0.6,1.2,1,0.35,0.75,2000,0.3,0.1,1500,1.6909984545048193,0.4407142857142857,0.09071428571428572,1400,600,700,700
cp_cox_split_support_fit,CP + Cox (Split Support/Fit),0.8683333333333333,1.3884136120376198,0.2685209636658011,s034,12,20600424,strong_signal,Stronger covariate effect,3,0.6,1.2,1,0.35,0.75,2000,0.3,0.1,1500,1.6909984545048193,0.4407142857142857,0.09071428571428572,1400,600,700,700
cp_cox_full,CP + Cox,0.9166666666666666,1.3935779634211036,0.2219977609950701,s034,13,20600425,strong_signal,Stronger covariate effect,3,0.6,1.2,1,0.35,0.75,2000,0.3,0.1,1500,1.6098396149133352,0.4707142857142857,0.10357142857142858,1400,600,700,700
cp_cox_split_support_fit,CP + Cox (Split Support/Fit),0.93,1.4119475251862845,0.20865289866913272,s034,13,20600425,strong_signal,Stronger covariate effect,3,0.6,1.2,1,0.35,0.75,2000,0.3,0.1,1500,1.6098396149133352,0.4707142857142857,0.10357142857142858,1400,600,700,700
cp_cox_full,CP + Cox,0.8833333333333333,1.4313106988644022,0.20374235697548929,s034,14,20600426,strong_signal,Stronger covariate effect,3,0.6,1.2,1,0.35,0.75,2000,0.3,0.1,1500,1.660566540327528,0.44571428571428573,0.08428571428571428,1400,600,700,700
cp_cox_split_support_fit,CP + Cox (Split Support/Fit),0.8666666666666667,1.401894539004579,0.22989006530890416,s034,14,20600426,strong_signal,Stronger covariate effect,3,0.6,1.2,1,0.35,0.75,2000,0.3,0.1,1500,1.660566540327528,0.44571428571428573,0.08428571428571428,1400,600,700,700
cp_cox_full,CP + Cox,0.9,1.4511250968116791,0.1777241780978485,s034,15,20600427,strong_signal,Stronger covariate effect,3,0.6,1.2,1,0.35,0.75,2000,0.3,0.1,1500,1.6554576716951037,0.43785714285714283,0.09285714285714286,1400,600,700,700
cp_cox_split_support_fit,CP + Cox (Split Support/Fit),0.885,1.4166685457651047,0.21524269884474143,s034,15,20600427,strong_signal,Stronger covariate effect,3,0.6,1.2,1,0.35,0.75,2000,0.3,0.1,1500,1.6554576716951037,0.43785714285714283,0.09285714285714286,1400,600,700,700
cp_cox_full,CP + Cox,0.9266666666666666,1.4651361487386365,0.2399403858127977,s034,16,20600428,strong_signal,Stronger covariate effect,3,0.6,1.2,1,0.35,0.75,2000,0.3,0.1,1500,1.6875271691984575,0.46785714285714286,0.08928571428571429,1400,600,700,700
cp_cox_split_support_fit,CP + Cox (Split Support/Fit),0.93,1.4805134390408534,0.22107981242793603,s034,16,20600428,strong_signal,Stronger covariate effect,3,0.6,1.2,1,0.35,0.75,2000,0.3,0.1,1500,1.6875271691984575,0.46785714285714286,0.08928571428571429,1400,600,700,700
cp_cox_full,CP + Cox,0.8933333333333333,1.313764388405537,0.2564012828916372,s034,17,20600429,strong_signal,Stronger covariate effect,3,0.6,1.2,1,0.35,0.75,2000,0.3,0.1,1500,1.5719558242174037,0.4471428571428571,0.09357142857142857,1400,600,700,700
cp_cox_split_support_fit,CP + Cox (Split Support/Fit),0.8966666666666666,1.33277037330956,0.23803982395870127,s034,17,20600429,strong_signal,Stronger covariate effect,3,0.6,1.2,1,0.35,0.75,2000,0.3,0.1,1500,1.5719558242174037,0.4471428571428571,0.09357142857142857,1400,600,700,700
cp_cox_full,CP + Cox,0.8966666666666666,1.292845160583383,0.2135603354873018,s034,18,20600430,strong_signal,Stronger covariate effect,3,0.6,1.2,1,0.35,0.75,2000,0.3,0.1,1500,1.497597139048483,0.45357142857142857,0.09571428571428571,1400,600,700,700
cp_cox_split_support_fit,CP + Cox (Split Support/Fit),0.9116666666666666,1.317985598356266,0.19177167653509727,s034,18,20600430,strong_signal,Stronger covariate effect,3,0.6,1.2,1,0.35,0.75,2000,0.3,0.1,1500,1.497597139048483,0.45357142857142857,0.09571428571428571,1400,600,700,700
cp_cox_full,CP + Cox,0.94,1.3498193361425899,0.17755137602613727,s034,19,20600431,strong_signal,Stronger covariate effect,3,0.6,1.2,1,0.35,0.75,2000,0.3,0.1,1500,1.5418233358282216,0.44785714285714284,0.09214285714285714,1400,600,700,700
cp_cox_split_support_fit,CP + Cox (Split Support/Fit),0.9466666666666667,1.3608196728382975,0.19047676308674802,s034,19,20600431,strong_signal,Stronger covariate effect,3,0.6,1.2,1,0.35,0.75,2000,0.3,0.1,1500,1.5418233358282216,0.44785714285714284,0.09214285714285714,1400,600,700,700
cp_cox_full,CP + Cox,0.92,1.4334674503192844,0.19620083795170346,s034,20,20600432,strong_signal,Stronger covariate effect,3,0.6,1.2,1,0.35,0.75,2000,0.3,0.1,1500,1.6222396948418538,0.4542857142857143,0.07928571428571428,1400,600,700,700
cp_cox_split_support_fit,CP + Cox (Split Support/Fit),0.9066666666666666,1.3989057922776449,0.22531765712815016,s034,20,20600432,strong_signal,Stronger covariate effect,3,0.6,1.2,1,0.35,0.75,2000,0.3,0.1,1500,1.6222396948418538,0.4542857142857143,0.07928571428571428,1400,600,700,700
cp_cox_full,CP + Cox,0.8966666666666666,1.2910864806788969,0.21620058310965823,s034,21,20600433,strong_signal,Stronger covariate effect,3,0.6,1.2,1,0.35,0.75,2000,0.3,0.1,1500,1.4942986249027561,0.4357142857142857,0.09142857142857143,1400,600,700,700
cp_cox_split_support_fit,CP + Cox (Split Support/Fit),0.89,1.270311732493536,0.23537465051873244,s034,21,20600433,strong_signal,Stronger covariate effect,3,0.6,1.2,1,0.35,0.75,2000,0.3,0.1,1500,1.4942986249027561,0.4357142857142857,0.09142857142857143,1400,600,700,700
cp_cox_full,CP + Cox,0.9133333333333333,1.2915740511564657,0.2001931692076895,s034,22,20600434,strong_signal,Stronger covariate effect,3,0.6,1.2,1,0.35,0.75,2000,0.3,0.1,1500,1.4861455305855336,0.44571428571428573,0.09428571428571429,1400,600,700,700
cp_cox_split_support_fit,CP + Cox (Split Support/Fit),0.9216666666666666,1.3089858016729317,0.18446570075332763,s034,22,20600434,strong_signal,Stronger covariate effect,3,0.6,1.2,1,0.35,0.75,2000,0.3,0.1,1500,1.4861455305855336,0.44571428571428573,0.09428571428571429,1400,600,700,700
cp_cox_full,CP + Cox,0.8883333333333333,1.2857231738272863,0.2087682277118251,s034,23,20600435,strong_signal,Stronger covariate effect,3,0.6,1.2,1,0.35,0.75,2000,0.3,0.1,1500,1.512701837894212,0.4685714285714286,0.10785714285714286,1400,600,700,700
cp_cox_split_support_fit,CP + Cox (Split Support/Fit),0.875,1.2606010944993231,0.238594359061558,s034,23,20600435,strong_signal,Stronger covariate effect,3,0.6,1.2,1,0.35,0.75,2000,0.3,0.1,1500,1.512701837894212,0.4685714285714286,0.10785714285714286,1400,600,700,700
cp_cox_full,CP + Cox,0.88,1.3132751521105166,0.21576535829630825,s034,24,20600436,strong_signal,Stronger covariate effect,3,0.6,1.2,1,0.35,0.75,2000,0.3,0.1,1500,1.5241312175172852,0.45285714285714285,0.09571428571428571,1400,600,700,700
cp_cox_split_support_fit,CP + Cox (Split Support/Fit),0.8666666666666667,1.305535619731889,0.21705059576701452,s034,24,20600436,strong_signal,Stronger covariate effect,3,0.6,1.2,1,0.35,0.75,2000,0.3,0.1,1500,1.5241312175172852,0.45285714285714285,0.09571428571428571,1400,600,700,700
cp_cox_full,CP + Cox,0.9083333333333333,1.3750904657114005,0.20513965858548758,s034,25,20600437,strong_signal,Stronger covariate effect,3,0.6,1.2,1,0.35,0.75,2000,0.3,0.1,1500,1.58218843003808,0.4442857142857143,0.08928571428571429,1400,600,700,700
cp_cox_split_support_fit,CP + Cox (Split Support/Fit),0.8983333333333333,1.3434702308489763,0.24674510530087174,s034,25,20600437,strong_signal,Stronger covariate effect,3,0.6,1.2,1,0.35,0.75,2000,0.3,0.1,1500,1.58218843003808,0.4442857142857143,0.08928571428571429,1400,600,700,700
cp_cox_full,CP + Cox,0.8966666666666666,1.3972383862186042,0.1858168933493546,s034,26,20600438,strong_signal,Stronger covariate effect,3,0.6,1.2,1,0.35,0.75,2000,0.3,0.1,1500,1.5996333328967374,0.4342857142857143,0.10357142857142858,1400,600,700,700
cp_cox_split_support_fit,CP + Cox (Split Support/Fit),0.8833333333333333,1.3778311875912603,0.21006750874339206,s034,26,20600438,strong_signal,Stronger covariate effect,3,0.6,1.2,1,0.35,0.75,2000,0.3,0.1,1500,1.5996333328967374,0.4342857142857143,0.10357142857142858,1400,600,700,700
cp_cox_full,CP + Cox,0.8933333333333333,1.4095961310341676,0.1950563120938289,s034,27,20600439,strong_signal,Stronger covariate effect,3,0.6,1.2,1,0.35,0.75,2000,0.3,0.1,1500,1.6095614560116092,0.43714285714285717,0.08357142857142857,1400,600,700,700
cp_cox_split_support_fit,CP + Cox (Split Support/Fit),0.8966666666666666,1.4095985301704432,0.19806460467010314,s034,27,20600439,strong_signal,Stronger covariate effect,3,0.6,1.2,1,0.35,0.75,2000,0.3,0.1,1500,1.6095614560116092,0.43714285714285717,0.08357142857142857,1400,600,700,700
cp_cox_full,CP + Cox,0.8766666666666667,1.3078616736457715,0.23647693828784072,s034,28,20600440,strong_signal,Stronger covariate effect,3,0.6,1.2,1,0.35,0.75,2000,0.3,0.1,1500,1.5296184457041149,0.4407142857142857,0.09214285714285714,1400,600,700,700
cp_cox_split_support_fit,CP + Cox (Split Support/Fit),0.89,1.3318184050440116,0.22486489284877056,s034,28,20600440,strong_signal,Stronger covariate effect,3,0.6,1.2,1,0.35,0.75,2000,0.3,0.1,1500,1.5296184457041149,0.4407142857142857,0.09214285714285714,1400,600,700,700
cp_cox_full,CP + Cox,0.91,1.3673841847536465,0.2563597512558472,s034,29,20600441,strong_signal,Stronger covariate effect,3,0.6,1.2,1,0.35,0.75,2000,0.3,0.1,1500,1.595122471556787,0.43357142857142855,0.08928571428571429,1400,600,700,700
cp_cox_split_support_fit,CP + Cox (Split Support/Fit),0.8983333333333333,1.3438263604323393,0.2816004977975808,s034,29,20600441,strong_signal,Stronger covariate effect,3,0.6,1.2,1,0.35,0.75,2000,0.3,0.1,1500,1.595122471556787,0.43357142857142855,0.08928571428571429,1400,600,700,700
cp_cox_full,CP + Cox,0.8916666666666667,1.427990462316844,0.1878797994652331,s034,30,20600442,strong_signal,Stronger covariate effect,3,0.6,1.2,1,0.35,0.75,2000,0.3,0.1,1500,1.6276921534835278,0.4392857142857143,0.09928571428571428,1400,600,700,700
cp_cox_split_support_fit,CP + Cox (Split Support/Fit),0.91,1.4680080196196317,0.15005224411376286,s034,30,20600442,strong_signal,Stronger covariate effect,3,0.6,1.2,1,0.35,0.75,2000,0.3,0.1,1500,1.6276921534835278,0.4392857142857143,0.09928571428571428,1400,600,700,700
cp_cox_full,CP + Cox,0.8883333333333333,2.8784199038437936,0.26898339279272154,s035,1,20610413,strong_signal,Stronger covariate effect,3,0.6,1.2,1,0.35,0.9,2000,0.3,0.1,1500,3.130975218927177,0.375,0.020714285714285713,1400,600,700,700
cp_cox_split_support_fit,CP + Cox (Split Support/Fit),0.9266666666666666,2.9424902799660773,0.19098908443307225,s035,1,20610413,strong_signal,Stronger covariate effect,3,0.6,1.2,1,0.35,0.9,2000,0.3,0.1,1500,3.130975218927177,0.375,0.020714285714285713,1400,600,700,700
cp_cox_full,CP + Cox,0.9,2.963949900106423,0.23510622413790463,s035,2,20610414,strong_signal,Stronger covariate effect,3,0.6,1.2,1,0.35,0.9,2000,0.3,0.1,1500,3.205310426956925,0.385,0.020714285714285713,1400,600,700,700
cp_cox_split_support_fit,CP + Cox (Split Support/Fit),0.9183333333333333,2.992669610796404,0.21255294205036226,s035,2,20610414,strong_signal,Stronger covariate effect,3,0.6,1.2,1,0.35,0.9,2000,0.3,0.1,1500,3.205310426956925,0.385,0.020714285714285713,1400,600,700,700
cp_cox_full,CP + Cox,0.9166666666666666,2.9817361655192567,0.1905557644430581,s035,3,20610415,strong_signal,Stronger covariate effect,3,0.6,1.2,1,0.35,0.9,2000,0.3,0.1,1500,3.1744823210462676,0.36428571428571427,0.015,1400,600,700,700
cp_cox_split_support_fit,CP + Cox (Split Support/Fit),0.8733333333333333,2.9121911437032653,0.26852405654690004,s035,3,20610415,strong_signal,Stronger covariate effect,3,0.6,1.2,1,0.35,0.9,2000,0.3,0.1,1500,3.1744823210462676,0.36428571428571427,0.015,1400,600,700,700
cp_cox_full,CP + Cox,0.8966666666666666,3.1430072054193228,0.1758131772050356,s035,4,20610416,strong_signal,Stronger covariate effect,3,0.6,1.2,1,0.35,0.9,2000,0.3,0.1,1500,3.3299133833490435,0.36428571428571427,0.017142857142857144,1400,600,700,700
cp_cox_split_support_fit,CP + Cox (Split Support/Fit),0.9016666666666666,3.161735287229892,0.1601936674338939,s035,4,20610416,strong_signal,Stronger covariate effect,3,0.6,1.2,1,0.35,0.9,2000,0.3,0.1,1500,3.3299133833490435,0.36428571428571427,0.017142857142857144,1400,600,700,700
cp_cox_full,CP + Cox,0.9066666666666666,2.9452863293704614,0.18755043008422545,s035,5,20610417,strong_signal,Stronger covariate effect,3,0.6,1.2,1,0.35,0.9,2000,0.3,0.1,1500,3.1475167837019504,0.3628571428571429,0.019285714285714285,1400,600,700,700
cp_cox_split_support_fit,CP + Cox (Split Support/Fit),0.895,2.9101422275003697,0.24339606159434274,s035,5,20610417,strong_signal,Stronger covariate effect,3,0.6,1.2,1,0.35,0.9,2000,0.3,0.1,1500,3.1475167837019504,0.3628571428571429,0.019285714285714285,1400,600,700,700
cp_cox_full,CP + Cox,0.9316666666666666,3.171624440875357,0.18556038755826512,s035,6,20610418,strong_signal,Stronger covariate effect,3,0.6,1.2,1,0.35,0.9,2000,0.3,0.1,1500,3.3490707679633696,0.3692857142857143,0.018571428571428572,1400,600,700,700
cp_cox_split_support_fit,CP + Cox (Split Support/Fit),0.9216666666666666,3.1580261632394198,0.1926909208063765,s035,6,20610418,strong_signal,Stronger covariate effect,3,0.6,1.2,1,0.35,0.9,2000,0.3,0.1,1500,3.3490707679633696,0.3692857142857143,0.018571428571428572,1400,600,700,700
cp_cox_full,CP + Cox,0.91,3.036235470342362,0.19035482302691198,s035,7,20610419,strong_signal,Stronger covariate effect,3,0.6,1.2,1,0.35,0.9,2000,0.3,0.1,1500,3.2483080249094987,0.3607142857142857,0.015714285714285715,1400,600,700,700
cp_cox_split_support_fit,CP + Cox (Split Support/Fit),0.92,3.056180711585692,0.18093230829484166,s035,7,20610419,strong_signal,Stronger covariate effect,3,0.6,1.2,1,0.35,0.9,2000,0.3,0.1,1500,3.2483080249094987,0.3607142857142857,0.015714285714285715,1400,600,700,700
cp_cox_full,CP + Cox,0.8883333333333333,3.0923177534763107,0.23783709563326516,s035,8,20610420,strong_signal,Stronger covariate effect,3,0.6,1.2,1,0.35,0.9,2000,0.3,0.1,1500,3.331959702056519,0.3692857142857143,0.016428571428571428,1400,600,700,700
cp_cox_split_support_fit,CP + Cox (Split Support/Fit),0.8883333333333333,3.0984836204459025,0.23076668227119485,s035,8,20610420,strong_signal,Stronger covariate effect,3,0.6,1.2,1,0.35,0.9,2000,0.3,0.1,1500,3.331959702056519,0.3692857142857143,0.016428571428571428,1400,600,700,700
cp_cox_full,CP + Cox,0.885,3.016621646615289,0.2937138131648797,s035,9,20610421,strong_signal,Stronger covariate effect,3,0.6,1.2,1,0.35,0.9,2000,0.3,0.1,1500,3.281864051395375,0.3757142857142857,0.015,1400,600,700,700
cp_cox_split_support_fit,CP + Cox (Split Support/Fit),0.895,3.057044265854665,0.23452669364269113,s035,9,20610421,strong_signal,Stronger covariate effect,3,0.6,1.2,1,0.35,0.9,2000,0.3,0.1,1500,3.281864051395375,0.3757142857142857,0.015,1400,600,700,700
cp_cox_full,CP + Cox,0.9266666666666666,2.945239429770436,0.14379922570741152,s035,10,20610422,strong_signal,Stronger covariate effect,3,0.6,1.2,1,0.35,0.9,2000,0.3,0.1,1500,3.0919186893115085,0.37142857142857144,0.015,1400,600,700,700
cp_cox_split_support_fit,CP + Cox (Split Support/Fit),0.93,2.95226235955789,0.142548106216958,s035,10,20610422,strong_signal,Stronger covariate effect,3,0.6,1.2,1,0.35,0.9,2000,0.3,0.1,1500,3.0919186893115085,0.37142857142857144,0.015,1400,600,700,700
cp_cox_full,CP + Cox,0.9216666666666666,2.8943341726915897,0.20048216899993518,s035,11,20610423,strong_signal,Stronger covariate effect,3,0.6,1.2,1,0.35,0.9,2000,0.3,0.1,1500,3.100029758365684,0.3535714285714286,0.02,1400,600,700,700
cp_cox_split_support_fit,CP + Cox (Split Support/Fit),0.9033333333333333,2.8608731177401374,0.24217611014604795,s035,11,20610423,strong_signal,Stronger covariate effect,3,0.6,1.2,1,0.35,0.9,2000,0.3,0.1,1500,3.100029758365684,0.3535714285714286,0.02,1400,600,700,700
cp_cox_full,CP + Cox,0.89,2.91357984360695,0.17835938584629243,s035,12,20610424,strong_signal,Stronger covariate effect,3,0.6,1.2,1,0.35,0.9,2000,0.3,0.1,1500,3.122749397088781,0.3507142857142857,0.015,1400,600,700,700
cp_cox_split_support_fit,CP + Cox (Split Support/Fit),0.9033333333333333,2.9154019915721587,0.18181380156147603,s035,12,20610424,strong_signal,Stronger covariate effect,3,0.6,1.2,1,0.35,0.9,2000,0.3,0.1,1500,3.122749397088781,0.3507142857142857,0.015,1400,600,700,700
cp_cox_full,CP + Cox,0.885,2.9094695073262993,0.19114408903727872,s035,13,20610425,strong_signal,Stronger covariate effect,3,0.6,1.2,1,0.35,0.9,2000,0.3,0.1,1500,3.110629658445205,0.3842857142857143,0.02642857142857143,1400,600,700,700
cp_cox_split_support_fit,CP + Cox (Split Support/Fit),0.8516666666666667,2.8558644220753426,0.23113932702959258,s035,13,20610425,strong_signal,Stronger covariate effect,3,0.6,1.2,1,0.35,0.9,2000,0.3,0.1,1500,3.110629658445205,0.3842857142857143,0.02642857142857143,1400,600,700,700
cp_cox_full,CP + Cox,0.8883333333333333,3.0491404383926257,0.17747524210323404,s035,14,20610426,strong_signal,Stronger covariate effect,3,0.6,1.2,1,0.35,0.9,2000,0.3,0.1,1500,3.2523879013630066,0.3657142857142857,0.017142857142857144,1400,600,700,700
cp_cox_split_support_fit,CP + Cox (Split Support/Fit),0.8833333333333333,3.039129148528613,0.17658679281681647,s035,14,20610426,strong_signal,Stronger covariate effect,3,0.6,1.2,1,0.35,0.9,2000,0.3,0.1,1500,3.2523879013630066,0.3657142857142857,0.017142857142857144,1400,600,700,700
cp_cox_full,CP + Cox,0.885,3.0724719023956344,0.22366669687544516,s035,15,20610427,strong_signal,Stronger covariate effect,3,0.6,1.2,1,0.35,0.9,2000,0.3,0.1,1500,3.2878080319885763,0.37714285714285717,0.017142857142857144,1400,600,700,700
cp_cox_split_support_fit,CP + Cox (Split Support/Fit),0.8916666666666667,3.088150719283398,0.2054824413023367,s035,15,20610427,strong_signal,Stronger covariate effect,3,0.6,1.2,1,0.35,0.9,2000,0.3,0.1,1500,3.2878080319885763,0.37714285714285717,0.017142857142857144,1400,600,700,700
cp_cox_full,CP + Cox,0.89,2.9732218205219554,0.2187072970106262,s035,16,20610428,strong_signal,Stronger covariate effect,3,0.6,1.2,1,0.35,0.9,2000,0.3,0.1,1500,3.2015443748941363,0.3585714285714286,0.025,1400,600,700,700
cp_cox_split_support_fit,CP + Cox (Split Support/Fit),0.9166666666666666,3.0106136423503544,0.185545061523823,s035,16,20610428,strong_signal,Stronger covariate effect,3,0.6,1.2,1,0.35,0.9,2000,0.3,0.1,1500,3.2015443748941363,0.3585714285714286,0.025,1400,600,700,700
cp_cox_full,CP + Cox,0.8916666666666667,2.7900456300374943,0.17715052458341266,s035,17,20610429,strong_signal,Stronger covariate effect,3,0.6,1.2,1,0.35,0.9,2000,0.3,0.1,1500,2.9844063130712004,0.36642857142857144,0.02642857142857143,1400,600,700,700
cp_cox_split_support_fit,CP + Cox (Split Support/Fit),0.89,2.795457733995763,0.15973998720819624,s035,17,20610429,strong_signal,Stronger covariate effect,3,0.6,1.2,1,0.35,0.9,2000,0.3,0.1,1500,2.9844063130712004,0.36642857142857144,0.02642857142857143,1400,600,700,700
cp_cox_full,CP + Cox,0.9066666666666666,3.125848469778221,0.22648430073889725,s035,18,20610430,strong_signal,Stronger covariate effect,3,0.6,1.2,1,0.35,0.9,2000,0.3,0.1,1500,3.370103061873748,0.35714285714285715,0.02,1400,600,700,700
cp_cox_split_support_fit,CP + Cox (Split Support/Fit),0.9216666666666666,3.1500090148115465,0.2021631052021639,s035,18,20610430,strong_signal,Stronger covariate effect,3,0.6,1.2,1,0.35,0.9,2000,0.3,0.1,1500,3.370103061873748,0.35714285714285715,0.02,1400,600,700,700
cp_cox_full,CP + Cox,0.8933333333333333,3.00756523100477,0.21092298471176263,s035,19,20610431,strong_signal,Stronger covariate effect,3,0.6,1.2,1,0.35,0.9,2000,0.3,0.1,1500,3.214509299583813,0.35928571428571426,0.018571428571428572,1400,600,700,700
cp_cox_split_support_fit,CP + Cox (Split Support/Fit),0.8916666666666667,3.0037299119829215,0.20711047364103025,s035,19,20610431,strong_signal,Stronger covariate effect,3,0.6,1.2,1,0.35,0.9,2000,0.3,0.1,1500,3.214509299583813,0.35928571428571426,0.018571428571428572,1400,600,700,700
cp_cox_full,CP + Cox,0.8916666666666667,3.122972506385895,0.19770085396332684,s035,20,20610432,strong_signal,Stronger covariate effect,3,0.6,1.2,1,0.35,0.9,2000,0.3,0.1,1500,3.330326986708927,0.35428571428571426,0.014285714285714285,1400,600,700,700
cp_cox_split_support_fit,CP + Cox (Split Support/Fit),0.8933333333333333,3.121388271819646,0.2150040697709721,s035,20,20610432,strong_signal,Stronger covariate effect,3,0.6,1.2,1,0.35,0.9,2000,0.3,0.1,1500,3.330326986708927,0.35428571428571426,0.014285714285714285,1400,600,700,700
cp_cox_full,CP + Cox,0.92,2.982576762974179,0.29671404031771975,s035,21,20610433,strong_signal,Stronger covariate effect,3,0.6,1.2,1,0.35,0.9,2000,0.3,0.1,1500,3.2177054103958085,0.355,0.017857142857142856,1400,600,700,700
cp_cox_split_support_fit,CP + Cox (Split Support/Fit),0.9233333333333333,2.9870693938382216,0.30487548820251953,s035,21,20610433,strong_signal,Stronger covariate effect,3,0.6,1.2,1,0.35,0.9,2000,0.3,0.1,1500,3.2177054103958085,0.355,0.017857142857142856,1400,600,700,700
cp_cox_full,CP + Cox,0.8983333333333333,3.0488797880571252,0.18800908491816334,s035,22,20610434,strong_signal,Stronger covariate effect,3,0.6,1.2,1,0.35,0.9,2000,0.3,0.1,1500,3.236652896903282,0.35714285714285715,0.020714285714285713,1400,600,700,700
cp_cox_split_support_fit,CP + Cox (Split Support/Fit),0.8833333333333333,3.0156456031295558,0.22566701565465472,s035,22,20610434,strong_signal,Stronger covariate effect,3,0.6,1.2,1,0.35,0.9,2000,0.3,0.1,1500,3.236652896903282,0.35714285714285715,0.020714285714285713,1400,600,700,700
cp_cox_full,CP + Cox,0.9216666666666666,3.1790537563774284,0.23066913088047308,s035,23,20610435,strong_signal,Stronger covariate effect,3,0.6,1.2,1,0.35,0.9,2000,0.3,0.1,1500,3.3894940646065654,0.3792857142857143,0.012857142857142857,1400,600,700,700
cp_cox_split_support_fit,CP + Cox (Split Support/Fit),0.9316666666666666,3.1934618203031104,0.20811369161269033,s035,23,20610435,strong_signal,Stronger covariate effect,3,0.6,1.2,1,0.35,0.9,2000,0.3,0.1,1500,3.3894940646065654,0.3792857142857143,0.012857142857142857,1400,600,700,700
cp_cox_full,CP + Cox,0.89,2.8704649182989326,0.21224571300330053,s035,24,20610436,strong_signal,Stronger covariate effect,3,0.6,1.2,1,0.35,0.9,2000,0.3,0.1,1500,3.0902033212559203,0.35642857142857143,0.010714285714285714,1400,600,700,700
cp_cox_split_support_fit,CP + Cox (Split Support/Fit),0.8733333333333333,2.824746772661703,0.2610982945965245,s035,24,20610436,strong_signal,Stronger covariate effect,3,0.6,1.2,1,0.35,0.9,2000,0.3,0.1,1500,3.0902033212559203,0.35642857142857143,0.010714285714285714,1400,600,700,700
cp_cox_full,CP + Cox,0.8833333333333333,2.8484456517987127,0.3042868808746736,s035,25,20610437,strong_signal,Stronger covariate effect,3,0.6,1.2,1,0.35,0.9,2000,0.3,0.1,1500,3.090575137346642,0.39357142857142857,0.022857142857142857,1400,600,700,700
cp_cox_split_support_fit,CP + Cox (Split Support/Fit),0.8983333333333333,2.870974134901511,0.28581368755295855,s035,25,20610437,strong_signal,Stronger covariate effect,3,0.6,1.2,1,0.35,0.9,2000,0.3,0.1,1500,3.090575137346642,0.39357142857142857,0.022857142857142857,1400,600,700,700
cp_cox_full,CP + Cox,0.9116666666666666,3.343243528424861,0.21836287763745182,s035,26,20610438,strong_signal,Stronger covariate effect,3,0.6,1.2,1,0.35,0.9,2000,0.3,0.1,1500,3.5777941192551186,0.38857142857142857,0.017142857142857144,1400,600,700,700
cp_cox_split_support_fit,CP + Cox (Split Support/Fit),0.89,3.2981431343345613,0.26582885491921887,s035,26,20610438,strong_signal,Stronger covariate effect,3,0.6,1.2,1,0.35,0.9,2000,0.3,0.1,1500,3.5777941192551186,0.38857142857142857,0.017142857142857144,1400,600,700,700
cp_cox_full,CP + Cox,0.8916666666666667,3.132691678220485,0.23611565319230793,s035,27,20610439,strong_signal,Stronger covariate effect,3,0.6,1.2,1,0.35,0.9,2000,0.3,0.1,1500,3.3467755906912418,0.37214285714285716,0.017857142857142856,1400,600,700,700
cp_cox_split_support_fit,CP + Cox (Split Support/Fit),0.8816666666666667,3.105243443744904,0.27896732731711504,s035,27,20610439,strong_signal,Stronger covariate effect,3,0.6,1.2,1,0.35,0.9,2000,0.3,0.1,1500,3.3467755906912418,0.37214285714285716,0.017857142857142856,1400,600,700,700
cp_cox_full,CP + Cox,0.91,3.0714353226573063,0.19370393926242943,s035,28,20610440,strong_signal,Stronger covariate effect,3,0.6,1.2,1,0.35,0.9,2000,0.3,0.1,1500,3.270448446762535,0.36642857142857144,0.017142857142857144,1400,600,700,700
cp_cox_split_support_fit,CP + Cox (Split Support/Fit),0.9066666666666666,3.0688149584445603,0.20713095899442133,s035,28,20610440,strong_signal,Stronger covariate effect,3,0.6,1.2,1,0.35,0.9,2000,0.3,0.1,1500,3.270448446762535,0.36642857142857144,0.017142857142857144,1400,600,700,700
cp_cox_full,CP + Cox,0.9066666666666666,3.1474969017121985,0.2309189863029525,s035,29,20610441,strong_signal,Stronger covariate effect,3,0.6,1.2,1,0.35,0.9,2000,0.3,0.1,1500,3.3544705186355346,0.35928571428571426,0.02142857142857143,1400,600,700,700
cp_cox_split_support_fit,CP + Cox (Split Support/Fit),0.895,3.1326321092091027,0.2362457098316438,s035,29,20610441,strong_signal,Stronger covariate effect,3,0.6,1.2,1,0.35,0.9,2000,0.3,0.1,1500,3.3544705186355346,0.35928571428571426,0.02142857142857143,1400,600,700,700
cp_cox_full,CP + Cox,0.8933333333333333,2.9634024099775917,0.22214728349407428,s035,30,20610442,strong_signal,Stronger covariate effect,3,0.6,1.2,1,0.35,0.9,2000,0.3,0.1,1500,3.201892319892168,0.38571428571428573,0.013571428571428571,1400,600,700,700
cp_cox_split_support_fit,CP + Cox (Split Support/Fit),0.905,2.9934053532229115,0.19499410822643226,s035,30,20610442,strong_signal,Stronger covariate effect,3,0.6,1.2,1,0.35,0.9,2000,0.3,0.1,1500,3.201892319892168,0.38571428571428573,0.013571428571428571,1400,600,700,700
cp_cox_full,CP + Cox,0.9133333333333333,6.354619783676201,0.17544155565076464,s036,1,20620413,strong_signal,Stronger covariate effect,3,0.6,1.2,1,0.35,0.97,2000,0.3,0.1,1500,6.54110605139009,0.33714285714285713,7.142857142857143e-4,1400,600,700,700
cp_cox_split_support_fit,CP + Cox (Split Support/Fit),0.9183333333333333,6.360289126180062,0.1669981320718223,s036,1,20620413,strong_signal,Stronger covariate effect,3,0.6,1.2,1,0.35,0.97,2000,0.3,0.1,1500,6.54110605139009,0.33714285714285713,7.142857142857143e-4,1400,600,700,700
cp_cox_full,CP + Cox,0.895,5.723494422057879,0.21232696898638592,s036,2,20620414,strong_signal,Stronger covariate effect,3,0.6,1.2,1,0.35,0.97,2000,0.3,0.1,1500,5.9337744991960975,0.35428571428571426,7.142857142857143e-4,1400,600,700,700
cp_cox_split_support_fit,CP + Cox (Split Support/Fit),0.8683333333333333,5.670268804689498,0.25357128958596387,s036,2,20620414,strong_signal,Stronger covariate effect,3,0.6,1.2,1,0.35,0.97,2000,0.3,0.1,1500,5.9337744991960975,0.35428571428571426,7.142857142857143e-4,1400,600,700,700
cp_cox_full,CP + Cox,0.905,6.234215941946565,0.21081429508520208,s036,3,20620415,strong_signal,Stronger covariate effect,3,0.6,1.2,1,0.35,0.97,2000,0.3,0.1,1500,6.452733537282585,0.3678571428571429,0,1400,600,700,700
cp_cox_split_support_fit,CP + Cox (Split Support/Fit),0.91,6.249649435723863,0.20058130434775484,s036,3,20620415,strong_signal,Stronger covariate effect,3,0.6,1.2,1,0.35,0.97,2000,0.3,0.1,1500,6.452733537282585,0.3678571428571429,0,1400,600,700,700
cp_cox_full,CP + Cox,0.9083333333333333,6.577661446310965,0.2506965417529867,s036,4,20620416,strong_signal,Stronger covariate effect,3,0.6,1.2,1,0.35,0.97,2000,0.3,0.1,1500,6.803445717231096,0.36428571428571427,7.142857142857143e-4,1400,600,700,700
cp_cox_split_support_fit,CP + Cox (Split Support/Fit),0.9016666666666666,6.570345097162959,0.24186650969667214,s036,4,20620416,strong_signal,Stronger covariate effect,3,0.6,1.2,1,0.35,0.97,2000,0.3,0.1,1500,6.803445717231096,0.36428571428571427,7.142857142857143e-4,1400,600,700,700
cp_cox_full,CP + Cox,0.8983333333333333,5.474360527902219,0.27768079553161185,s036,5,20620417,strong_signal,Stronger covariate effect,3,0.6,1.2,1,0.35,0.97,2000,0.3,0.1,1500,5.735261124353432,0.3628571428571429,0.002142857142857143,1400,600,700,700
cp_cox_split_support_fit,CP + Cox (Split Support/Fit),0.91,5.5005762395839035,0.26058384345259417,s036,5,20620417,strong_signal,Stronger covariate effect,3,0.6,1.2,1,0.35,0.97,2000,0.3,0.1,1500,5.735261124353432,0.3628571428571429,0.002142857142857143,1400,600,700,700
cp_cox_full,CP + Cox,0.875,5.349230196566811,0.18902833235561461,s036,6,20620418,strong_signal,Stronger covariate effect,3,0.6,1.2,1,0.35,0.97,2000,0.3,0.1,1500,5.558684484046812,0.35928571428571426,0.0014285714285714286,1400,600,700,700
cp_cox_split_support_fit,CP + Cox (Split Support/Fit),0.87,5.33957933055649,0.19991230503639007,s036,6,20620418,strong_signal,Stronger covariate effect,3,0.6,1.2,1,0.35,0.97,2000,0.3,0.1,1500,5.558684484046812,0.35928571428571426,0.0014285714285714286,1400,600,700,700
cp_cox_full,CP + Cox,0.895,6.08794707527399,0.22939964884217595,s036,7,20620419,strong_signal,Stronger covariate effect,3,0.6,1.2,1,0.35,0.97,2000,0.3,0.1,1500,6.307798254651649,0.355,0.0014285714285714286,1400,600,700,700
cp_cox_split_support_fit,CP + Cox (Split Support/Fit),0.8933333333333333,6.094261975740986,0.20823822830697028,s036,7,20620419,strong_signal,Stronger covariate effect,3,0.6,1.2,1,0.35,0.97,2000,0.3,0.1,1500,6.307798254651649,0.355,0.0014285714285714286,1400,600,700,700
cp_cox_full,CP + Cox,0.885,6.117401737446211,0.29191741258801707,s036,8,20620420,strong_signal,Stronger covariate effect,3,0.6,1.2,1,0.35,0.97,2000,0.3,0.1,1500,6.370861989093428,0.33214285714285713,7.142857142857143e-4,1400,600,700,700
cp_cox_split_support_fit,CP + Cox (Split Support/Fit),0.885,6.111512082401618,0.29326003630507863,s036,8,20620420,strong_signal,Stronger covariate effect,3,0.6,1.2,1,0.35,0.97,2000,0.3,0.1,1500,6.370861989093428,0.33214285714285713,7.142857142857143e-4,1400,600,700,700
cp_cox_full,CP + Cox,0.915,5.771097122496256,0.19538183545104254,s036,9,20620421,strong_signal,Stronger covariate effect,3,0.6,1.2,1,0.35,0.97,2000,0.3,0.1,1500,5.977508963842382,0.34785714285714286,0.002142857142857143,1400,600,700,700
cp_cox_split_support_fit,CP + Cox (Split Support/Fit),0.9,5.764550718779586,0.18074839993503608,s036,9,20620421,strong_signal,Stronger covariate effect,3,0.6,1.2,1,0.35,0.97,2000,0.3,0.1,1500,5.977508963842382,0.34785714285714286,0.002142857142857143,1400,600,700,700
cp_cox_full,CP + Cox,0.93,6.165443553014656,0.2042628905004053,s036,10,20620422,strong_signal,Stronger covariate effect,3,0.6,1.2,1,0.35,0.97,2000,0.3,0.1,1500,6.369013921013416,0.36642857142857144,0,1400,600,700,700
cp_cox_split_support_fit,CP + Cox (Split Support/Fit),0.9266666666666666,6.159008971568707,0.2290196928877212,s036,10,20620422,strong_signal,Stronger covariate effect,3,0.6,1.2,1,0.35,0.97,2000,0.3,0.1,1500,6.369013921013416,0.36642857142857144,0,1400,600,700,700
cp_cox_full,CP + Cox,0.9183333333333333,6.037521365394264,0.16888255960368442,s036,11,20620423,strong_signal,Stronger covariate effect,3,0.6,1.2,1,0.35,0.97,2000,0.3,0.1,1500,6.2193466235647845,0.3557142857142857,7.142857142857143e-4,1400,600,700,700
cp_cox_split_support_fit,CP + Cox (Split Support/Fit),0.9,5.9941984467243,0.22594846630574353,s036,11,20620423,strong_signal,Stronger covariate effect,3,0.6,1.2,1,0.35,0.97,2000,0.3,0.1,1500,6.2193466235647845,0.3557142857142857,7.142857142857143e-4,1400,600,700,700
cp_cox_full,CP + Cox,0.8933333333333333,5.9409538076093185,0.2172952216136564,s036,12,20620424,strong_signal,Stronger covariate effect,3,0.6,1.2,1,0.35,0.97,2000,0.3,0.1,1500,6.1728724551550895,0.35714285714285715,7.142857142857143e-4,1400,600,700,700
cp_cox_split_support_fit,CP + Cox (Split Support/Fit),0.8766666666666667,5.933533980148984,0.21900728170959208,s036,12,20620424,strong_signal,Stronger covariate effect,3,0.6,1.2,1,0.35,0.97,2000,0.3,0.1,1500,6.1728724551550895,0.35714285714285715,7.142857142857143e-4,1400,600,700,700
cp_cox_full,CP + Cox,0.865,5.888391965064265,0.292323499963017,s036,13,20620425,strong_signal,Stronger covariate effect,3,0.6,1.2,1,0.35,0.97,2000,0.3,0.1,1500,6.164968196267282,0.3492857142857143,0.0014285714285714286,1400,600,700,700
cp_cox_split_support_fit,CP + Cox (Split Support/Fit),0.895,5.915084660974396,0.27493909651070664,s036,13,20620425,strong_signal,Stronger covariate effect,3,0.6,1.2,1,0.35,0.97,2000,0.3,0.1,1500,6.164968196267282,0.3492857142857143,0.0014285714285714286,1400,600,700,700
cp_cox_full,CP + Cox,0.8833333333333333,5.725045358259401,0.22803597611896953,s036,14,20620426,strong_signal,Stronger covariate effect,3,0.6,1.2,1,0.35,0.97,2000,0.3,0.1,1500,5.966378811671916,0.3192857142857143,0.0014285714285714286,1400,600,700,700
cp_cox_split_support_fit,CP + Cox (Split Support/Fit),0.8916666666666667,5.740316114940428,0.21548181832227473,s036,14,20620426,strong_signal,Stronger covariate effect,3,0.6,1.2,1,0.35,0.97,2000,0.3,0.1,1500,5.966378811671916,0.3192857142857143,0.0014285714285714286,1400,600,700,700
cp_cox_full,CP + Cox,0.9083333333333333,6.557468748062669,0.21363846098723302,s036,15,20620427,strong_signal,Stronger covariate effect,3,0.6,1.2,1,0.35,0.97,2000,0.3,0.1,1500,6.764355888781541,0.37357142857142855,0.0014285714285714286,1400,600,700,700
cp_cox_split_support_fit,CP + Cox (Split Support/Fit),0.915,6.585093739309678,0.1879914769296955,s036,15,20620427,strong_signal,Stronger covariate effect,3,0.6,1.2,1,0.35,0.97,2000,0.3,0.1,1500,6.764355888781541,0.37357142857142855,0.0014285714285714286,1400,600,700,700
cp_cox_full,CP + Cox,0.9016666666666666,5.89598245794263,0.21659526929830217,s036,16,20620428,strong_signal,Stronger covariate effect,3,0.6,1.2,1,0.35,0.97,2000,0.3,0.1,1500,6.110144041242086,0.33285714285714285,0.0014285714285714286,1400,600,700,700
cp_cox_split_support_fit,CP + Cox (Split Support/Fit),0.905,5.906014260346558,0.19939747086171433,s036,16,20620428,strong_signal,Stronger covariate effect,3,0.6,1.2,1,0.35,0.97,2000,0.3,0.1,1500,6.110144041242086,0.33285714285714285,0.0014285714285714286,1400,600,700,700
cp_cox_full,CP + Cox,0.905,6.055090761048425,0.19904729855714345,s036,17,20620429,strong_signal,Stronger covariate effect,3,0.6,1.2,1,0.35,0.97,2000,0.3,0.1,1500,6.2493897134245,0.3578571428571429,0.002142857142857143,1400,600,700,700
cp_cox_split_support_fit,CP + Cox (Split Support/Fit),0.9016666666666666,6.04353108490537,0.2201820832485296,s036,17,20620429,strong_signal,Stronger covariate effect,3,0.6,1.2,1,0.35,0.97,2000,0.3,0.1,1500,6.2493897134245,0.3578571428571429,0.002142857142857143,1400,600,700,700
cp_cox_full,CP + Cox,0.91,6.170298680022536,0.22188725479646457,s036,18,20620430,strong_signal,Stronger covariate effect,3,0.6,1.2,1,0.35,0.97,2000,0.3,0.1,1500,6.369366097128357,0.3585714285714286,0.002142857142857143,1400,600,700,700
cp_cox_split_support_fit,CP + Cox (Split Support/Fit),0.8716666666666667,6.090580157182177,0.3413577392814284,s036,18,20620430,strong_signal,Stronger covariate effect,3,0.6,1.2,1,0.35,0.97,2000,0.3,0.1,1500,6.369366097128357,0.3585714285714286,0.002142857142857143,1400,600,700,700
cp_cox_full,CP + Cox,0.8583333333333333,6.370004565272848,0.22416262083105817,s036,19,20620431,strong_signal,Stronger covariate effect,3,0.6,1.2,1,0.35,0.97,2000,0.3,0.1,1500,6.606745190755508,0.35285714285714287,7.142857142857143e-4,1400,600,700,700
cp_cox_split_support_fit,CP + Cox (Split Support/Fit),0.875,6.3969522743441765,0.19189331481872354,s036,19,20620431,strong_signal,Stronger covariate effect,3,0.6,1.2,1,0.35,0.97,2000,0.3,0.1,1500,6.606745190755508,0.35285714285714287,7.142857142857143e-4,1400,600,700,700
cp_cox_full,CP + Cox,0.88,6.648219694632289,0.21670883396739837,s036,20,20620432,strong_signal,Stronger covariate effect,3,0.6,1.2,1,0.35,0.97,2000,0.3,0.1,1500,6.876324044199722,0.34214285714285714,0,1400,600,700,700
cp_cox_split_support_fit,CP + Cox (Split Support/Fit),0.8933333333333333,6.67066769316008,0.18903951952620718,s036,20,20620432,strong_signal,Stronger covariate effect,3,0.6,1.2,1,0.35,0.97,2000,0.3,0.1,1500,6.876324044199722,0.34214285714285714,0,1400,600,700,700
cp_cox_full,CP + Cox,0.885,6.200876396665314,0.21834373527846493,s036,21,20620433,strong_signal,Stronger covariate effect,3,0.6,1.2,1,0.35,0.97,2000,0.3,0.1,1500,6.421913960125405,0.3464285714285714,0.0014285714285714286,1400,600,700,700
cp_cox_split_support_fit,CP + Cox (Split Support/Fit),0.885,6.216497429516877,0.20291711047146732,s036,21,20620433,strong_signal,Stronger covariate effect,3,0.6,1.2,1,0.35,0.97,2000,0.3,0.1,1500,6.421913960125405,0.3464285714285714,0.0014285714285714286,1400,600,700,700
cp_cox_full,CP + Cox,0.9,5.973854103786045,0.18816158412557088,s036,22,20620434,strong_signal,Stronger covariate effect,3,0.6,1.2,1,0.35,0.97,2000,0.3,0.1,1500,6.17398283740452,0.3442857142857143,0,1400,600,700,700
cp_cox_split_support_fit,CP + Cox (Split Support/Fit),0.9066666666666666,5.987284828845691,0.1876901529965276,s036,22,20620434,strong_signal,Stronger covariate effect,3,0.6,1.2,1,0.35,0.97,2000,0.3,0.1,1500,6.17398283740452,0.3442857142857143,0,1400,600,700,700
cp_cox_full,CP + Cox,0.8983333333333333,6.106013567763758,0.1934641814653482,s036,23,20620435,strong_signal,Stronger covariate effect,3,0.6,1.2,1,0.35,0.97,2000,0.3,0.1,1500,6.31259976377667,0.34785714285714286,0.0014285714285714286,1400,600,700,700
cp_cox_split_support_fit,CP + Cox (Split Support/Fit),0.8883333333333333,6.082022662128142,0.22865209486285606,s036,23,20620435,strong_signal,Stronger covariate effect,3,0.6,1.2,1,0.35,0.97,2000,0.3,0.1,1500,6.31259976377667,0.34785714285714286,0.0014285714285714286,1400,600,700,700
cp_cox_full,CP + Cox,0.9033333333333333,5.939933171319776,0.2058888624842159,s036,24,20620436,strong_signal,Stronger covariate effect,3,0.6,1.2,1,0.35,0.97,2000,0.3,0.1,1500,6.132966226136034,0.35428571428571426,7.142857142857143e-4,1400,600,700,700
cp_cox_split_support_fit,CP + Cox (Split Support/Fit),0.905,5.944530480188992,0.18746515640080366,s036,24,20620436,strong_signal,Stronger covariate effect,3,0.6,1.2,1,0.35,0.97,2000,0.3,0.1,1500,6.132966226136034,0.35428571428571426,7.142857142857143e-4,1400,600,700,700
cp_cox_full,CP + Cox,0.8783333333333333,5.899644301161997,0.30096054625721474,s036,25,20620437,strong_signal,Stronger covariate effect,3,0.6,1.2,1,0.35,0.97,2000,0.3,0.1,1500,6.179408372588225,0.32785714285714285,0.0014285714285714286,1400,600,700,700
cp_cox_split_support_fit,CP + Cox (Split Support/Fit),0.8766666666666667,5.90824894370694,0.27793775273893584,s036,25,20620437,strong_signal,Stronger covariate effect,3,0.6,1.2,1,0.35,0.97,2000,0.3,0.1,1500,6.179408372588225,0.32785714285714285,0.0014285714285714286,1400,600,700,700
cp_cox_full,CP + Cox,0.8816666666666667,6.289407141906803,0.32167633481077,s036,26,20620438,strong_signal,Stronger covariate effect,3,0.6,1.2,1,0.35,0.97,2000,0.3,0.1,1500,6.5577030419847,0.35928571428571426,0.0014285714285714286,1400,600,700,700
cp_cox_split_support_fit,CP + Cox (Split Support/Fit),0.8733333333333333,6.262311125104469,0.34508206302817757,s036,26,20620438,strong_signal,Stronger covariate effect,3,0.6,1.2,1,0.35,0.97,2000,0.3,0.1,1500,6.5577030419847,0.35928571428571426,0.0014285714285714286,1400,600,700,700
cp_cox_full,CP + Cox,0.92,5.6454715871276235,0.29697157946506586,s036,27,20620439,strong_signal,Stronger covariate effect,3,0.6,1.2,1,0.35,0.97,2000,0.3,0.1,1500,5.905639992767282,0.3407142857142857,0.002857142857142857,1400,600,700,700
cp_cox_split_support_fit,CP + Cox (Split Support/Fit),0.9333333333333333,5.6683533748160935,0.2775639762076537,s036,27,20620439,strong_signal,Stronger covariate effect,3,0.6,1.2,1,0.35,0.97,2000,0.3,0.1,1500,5.905639992767282,0.3407142857142857,0.002857142857142857,1400,600,700,700
cp_cox_full,CP + Cox,0.8966666666666666,5.582725630022728,0.18825633121855978,s036,28,20620440,strong_signal,Stronger covariate effect,3,0.6,1.2,1,0.35,0.97,2000,0.3,0.1,1500,5.798573596072119,0.34785714285714286,0,1400,600,700,700
cp_cox_split_support_fit,CP + Cox (Split Support/Fit),0.9066666666666666,5.614468318482776,0.1488169340537732,s036,28,20620440,strong_signal,Stronger covariate effect,3,0.6,1.2,1,0.35,0.97,2000,0.3,0.1,1500,5.798573596072119,0.34785714285714286,0,1400,600,700,700
cp_cox_full,CP + Cox,0.91,6.01117323220347,0.2646266721512594,s036,29,20620441,strong_signal,Stronger covariate effect,3,0.6,1.2,1,0.35,0.97,2000,0.3,0.1,1500,6.213737165225983,0.3757142857142857,0,1400,600,700,700
cp_cox_split_support_fit,CP + Cox (Split Support/Fit),0.9116666666666666,6.023610028262386,0.2480286893094969,s036,29,20620441,strong_signal,Stronger covariate effect,3,0.6,1.2,1,0.35,0.97,2000,0.3,0.1,1500,6.213737165225983,0.3757142857142857,0,1400,600,700,700
cp_cox_full,CP + Cox,0.9216666666666666,6.469423614299081,0.19675283562600104,s036,30,20620442,strong_signal,Stronger covariate effect,3,0.6,1.2,1,0.35,0.97,2000,0.3,0.1,1500,6.663504210266201,0.34285714285714286,7.142857142857143e-4,1400,600,700,700
cp_cox_split_support_fit,CP + Cox (Split Support/Fit),0.9166666666666666,6.462612390688918,0.19576392954223848,s036,30,20620442,strong_signal,Stronger covariate effect,3,0.6,1.2,1,0.35,0.97,2000,0.3,0.1,1500,6.663504210266201,0.34285714285714286,7.142857142857143e-4,1400,600,700,700
