method_id,method_label,coverage,mean_len,sd_len,setting_id,rep,seed,dgp_id,dgp_label,p,beta_scale,gamma,kappa,cens_target,tau_quantile,n,test_frac,alpha,B,tau,censor_rate_emp,admin_mass_emp,train_n,test_n
cp_cox_full,CP + Cox,0.8816666666666667,1.1859956734130157,0.06949463508062932,s001,1,20270414,base,Base Weibull PH,3,0.3,1.2,1,0.1,0.75,2000,0.3,0.1,1500,1.3769694190499604,0.3142857142857143,0.205,1400,600
cp_cox_crossfit,CP + Cox (Cross-Fit),0.885,1.1910315668887945,0.0678073387907034,s001,1,20270414,base,Base Weibull PH,3,0.3,1.2,1,0.1,0.75,2000,0.3,0.1,1500,1.3769694190499604,0.3142857142857143,0.205,1400,600
cp_cox_full,CP + Cox,0.9066666666666666,1.2299452825551993,0.08356528368117813,s001,2,20270415,base,Base Weibull PH,3,0.3,1.2,1,0.1,0.75,2000,0.3,0.1,1500,1.4036859989066355,0.325,0.21785714285714286,1400,600
cp_cox_crossfit,CP + Cox (Cross-Fit),0.905,1.2177563201943216,0.08914174599543376,s001,2,20270415,base,Base Weibull PH,3,0.3,1.2,1,0.1,0.75,2000,0.3,0.1,1500,1.4036859989066355,0.325,0.21785714285714286,1400,600
cp_cox_full,CP + Cox,0.8766666666666667,1.2278723798934734,0.10388600936874773,s001,3,20270416,base,Base Weibull PH,3,0.3,1.2,1,0.1,0.75,2000,0.3,0.1,1500,1.428634334860026,0.30142857142857143,0.1992857142857143,1400,600
cp_cox_crossfit,CP + Cox (Cross-Fit),0.8416666666666667,1.1718755819441473,0.1290450534994071,s001,3,20270416,base,Base Weibull PH,3,0.3,1.2,1,0.1,0.75,2000,0.3,0.1,1500,1.428634334860026,0.30142857142857143,0.1992857142857143,1400,600
cp_cox_full,CP + Cox,0.8883333333333333,1.1154188261297955,0.06972969826575112,s001,4,20270417,base,Base Weibull PH,3,0.3,1.2,1,0.1,0.75,2000,0.3,0.1,1500,1.2655068920973738,0.3007142857142857,0.20357142857142857,1400,600
cp_cox_crossfit,CP + Cox (Cross-Fit),0.8716666666666667,1.0878849926998357,0.08391696497183146,s001,4,20270417,base,Base Weibull PH,3,0.3,1.2,1,0.1,0.75,2000,0.3,0.1,1500,1.2655068920973738,0.3007142857142857,0.20357142857142857,1400,600
cp_cox_full,CP + Cox,0.8966666666666666,1.1731124080283026,0.07651951613767019,s001,5,20270418,base,Base Weibull PH,3,0.3,1.2,1,0.1,0.75,2000,0.3,0.1,1500,1.3544651986443166,0.3057142857142857,0.19785714285714287,1400,600
cp_cox_crossfit,CP + Cox (Cross-Fit),0.9,1.179819407183815,0.07367202585043517,s001,5,20270418,base,Base Weibull PH,3,0.3,1.2,1,0.1,0.75,2000,0.3,0.1,1500,1.3544651986443166,0.3057142857142857,0.19785714285714287,1400,600
cp_cox_full,CP + Cox,0.9266666666666666,1.1758669482345767,0.07001790830296425,s001,6,20270419,base,Base Weibull PH,3,0.3,1.2,1,0.1,0.75,2000,0.3,0.1,1500,1.3352742976777174,0.295,0.19714285714285715,1400,600
cp_cox_crossfit,CP + Cox (Cross-Fit),0.9433333333333334,1.1994965200356493,0.05976048981238771,s001,6,20270419,base,Base Weibull PH,3,0.3,1.2,1,0.1,0.75,2000,0.3,0.1,1500,1.3352742976777174,0.295,0.19714285714285715,1400,600
cp_cox_full,CP + Cox,0.9033333333333333,1.2078945704705488,0.07844130773773907,s001,7,20270420,base,Base Weibull PH,3,0.3,1.2,1,0.1,0.75,2000,0.3,0.1,1500,1.381267582924669,0.3,0.21,1400,600
cp_cox_crossfit,CP + Cox (Cross-Fit),0.9116666666666666,1.2289191921443974,0.0690227818120132,s001,7,20270420,base,Base Weibull PH,3,0.3,1.2,1,0.1,0.75,2000,0.3,0.1,1500,1.381267582924669,0.3,0.21,1400,600
cp_cox_full,CP + Cox,0.8966666666666666,1.1667731471232978,0.06880527905428269,s001,8,20270421,base,Base Weibull PH,3,0.3,1.2,1,0.1,0.75,2000,0.3,0.1,1500,1.3275648196766625,0.3142857142857143,0.21,1400,600
cp_cox_crossfit,CP + Cox (Cross-Fit),0.88,1.1386285653538244,0.08127250071931079,s001,8,20270421,base,Base Weibull PH,3,0.3,1.2,1,0.1,0.75,2000,0.3,0.1,1500,1.3275648196766625,0.3142857142857143,0.21,1400,600
cp_cox_full,CP + Cox,0.9116666666666666,1.2302917264366589,0.07659529193148182,s001,9,20270422,base,Base Weibull PH,3,0.3,1.2,1,0.1,0.75,2000,0.3,0.1,1500,1.3923415907603824,0.31214285714285717,0.2057142857142857,1400,600
cp_cox_crossfit,CP + Cox (Cross-Fit),0.9116666666666666,1.2369699444856992,0.07327288772799369,s001,9,20270422,base,Base Weibull PH,3,0.3,1.2,1,0.1,0.75,2000,0.3,0.1,1500,1.3923415907603824,0.31214285714285717,0.2057142857142857,1400,600
cp_cox_full,CP + Cox,0.89,1.1948660594614775,0.09300673128489573,s001,10,20270423,base,Base Weibull PH,3,0.3,1.2,1,0.1,0.75,2000,0.3,0.1,1500,1.385279883519149,0.3157142857142857,0.20285714285714285,1400,600
cp_cox_crossfit,CP + Cox (Cross-Fit),0.9016666666666666,1.2071833363608107,0.08661160109079023,s001,10,20270423,base,Base Weibull PH,3,0.3,1.2,1,0.1,0.75,2000,0.3,0.1,1500,1.385279883519149,0.3157142857142857,0.20285714285714285,1400,600
cp_cox_full,CP + Cox,0.92,1.190206906532254,0.08448201418651384,s001,11,20270424,base,Base Weibull PH,3,0.3,1.2,1,0.1,0.75,2000,0.3,0.1,1500,1.3362040123245633,0.31214285714285717,0.21285714285714286,1400,600
cp_cox_crossfit,CP + Cox (Cross-Fit),0.9183333333333333,1.1802479850163978,0.09061513640545119,s001,11,20270424,base,Base Weibull PH,3,0.3,1.2,1,0.1,0.75,2000,0.3,0.1,1500,1.3362040123245633,0.31214285714285717,0.21285714285714286,1400,600
cp_cox_full,CP + Cox,0.9016666666666666,1.2449852686389995,0.06920411399106403,s001,12,20270425,base,Base Weibull PH,3,0.3,1.2,1,0.1,0.75,2000,0.3,0.1,1500,1.4071635117947117,0.30142857142857143,0.19285714285714287,1400,600
cp_cox_crossfit,CP + Cox (Cross-Fit),0.8983333333333333,1.2425379404891086,0.07045020057850458,s001,12,20270425,base,Base Weibull PH,3,0.3,1.2,1,0.1,0.75,2000,0.3,0.1,1500,1.4071635117947117,0.30142857142857143,0.19285714285714287,1400,600
cp_cox_full,CP + Cox,0.89,1.2384548906632136,0.08135501672583786,s001,13,20270426,base,Base Weibull PH,3,0.3,1.2,1,0.1,0.75,2000,0.3,0.1,1500,1.4204272187465603,0.2957142857142857,0.215,1400,600
cp_cox_crossfit,CP + Cox (Cross-Fit),0.8933333333333333,1.2467736812857877,0.07784941156486545,s001,13,20270426,base,Base Weibull PH,3,0.3,1.2,1,0.1,0.75,2000,0.3,0.1,1500,1.4204272187465603,0.2957142857142857,0.215,1400,600
cp_cox_full,CP + Cox,0.8933333333333333,1.2211598235783525,0.07902511211369619,s001,14,20270427,base,Base Weibull PH,3,0.3,1.2,1,0.1,0.75,2000,0.3,0.1,1500,1.3862859221778192,0.3007142857142857,0.1992857142857143,1400,600
cp_cox_crossfit,CP + Cox (Cross-Fit),0.895,1.224522003949155,0.07722377009623008,s001,14,20270427,base,Base Weibull PH,3,0.3,1.2,1,0.1,0.75,2000,0.3,0.1,1500,1.3862859221778192,0.3007142857142857,0.1992857142857143,1400,600
cp_cox_full,CP + Cox,0.8833333333333333,1.2505537763933907,0.08979122858826356,s001,15,20270428,base,Base Weibull PH,3,0.3,1.2,1,0.1,0.75,2000,0.3,0.1,1500,1.4464613505068744,0.30214285714285716,0.19785714285714287,1400,600
cp_cox_crossfit,CP + Cox (Cross-Fit),0.875,1.2266927181889342,0.10038030020411624,s001,15,20270428,base,Base Weibull PH,3,0.3,1.2,1,0.1,0.75,2000,0.3,0.1,1500,1.4464613505068744,0.30214285714285716,0.19785714285714287,1400,600
cp_cox_full,CP + Cox,0.925,1.2118144536055748,0.07486156383417153,s001,16,20270429,base,Base Weibull PH,3,0.3,1.2,1,0.1,0.75,2000,0.3,0.1,1500,1.3759042209313406,0.305,0.205,1400,600
cp_cox_crossfit,CP + Cox (Cross-Fit),0.915,1.194073117352765,0.08217480963311086,s001,16,20270429,base,Base Weibull PH,3,0.3,1.2,1,0.1,0.75,2000,0.3,0.1,1500,1.3759042209313406,0.305,0.205,1400,600
cp_cox_full,CP + Cox,0.89,1.2167859821727736,0.117701284366649,s001,17,20270430,base,Base Weibull PH,3,0.3,1.2,1,0.1,0.75,2000,0.3,0.1,1500,1.415496529160205,0.31357142857142856,0.20357142857142857,1400,600
cp_cox_crossfit,CP + Cox (Cross-Fit),0.89,1.218047876969705,0.11685703051891456,s001,17,20270430,base,Base Weibull PH,3,0.3,1.2,1,0.1,0.75,2000,0.3,0.1,1500,1.415496529160205,0.31357142857142856,0.20357142857142857,1400,600
cp_cox_full,CP + Cox,0.895,1.1316832133429233,0.0816509810680577,s001,18,20270431,base,Base Weibull PH,3,0.3,1.2,1,0.1,0.75,2000,0.3,0.1,1500,1.3229947442799301,0.29642857142857143,0.19785714285714287,1400,600
cp_cox_crossfit,CP + Cox (Cross-Fit),0.9116666666666666,1.1526455872437225,0.07239453268315767,s001,18,20270431,base,Base Weibull PH,3,0.3,1.2,1,0.1,0.75,2000,0.3,0.1,1500,1.3229947442799301,0.29642857142857143,0.19785714285714287,1400,600
cp_cox_full,CP + Cox,0.8916666666666667,1.1889155631424773,0.08966818156330879,s001,19,20270432,base,Base Weibull PH,3,0.3,1.2,1,0.1,0.75,2000,0.3,0.1,1500,1.3679407095983445,0.2914285714285714,0.20357142857142857,1400,600
cp_cox_crossfit,CP + Cox (Cross-Fit),0.88,1.1694146384884565,0.10012050649752076,s001,19,20270432,base,Base Weibull PH,3,0.3,1.2,1,0.1,0.75,2000,0.3,0.1,1500,1.3679407095983445,0.2914285714285714,0.20357142857142857,1400,600
cp_cox_full,CP + Cox,0.8833333333333333,1.1773956301684425,0.0969974801253524,s001,20,20270433,base,Base Weibull PH,3,0.3,1.2,1,0.1,0.75,2000,0.3,0.1,1500,1.3622776693943939,0.31,0.21428571428571427,1400,600
cp_cox_crossfit,CP + Cox (Cross-Fit),0.8783333333333333,1.1709360509594886,0.10061073689235531,s001,20,20270433,base,Base Weibull PH,3,0.3,1.2,1,0.1,0.75,2000,0.3,0.1,1500,1.3622776693943939,0.31,0.21428571428571427,1400,600
cp_cox_full,CP + Cox,0.91,1.209549643943389,0.10691655841999376,s001,21,20270434,base,Base Weibull PH,3,0.3,1.2,1,0.1,0.75,2000,0.3,0.1,1500,1.3789293226119166,0.31357142857142856,0.20785714285714285,1400,600
cp_cox_crossfit,CP + Cox (Cross-Fit),0.9016666666666666,1.1956768692961959,0.11530854857741743,s001,21,20270434,base,Base Weibull PH,3,0.3,1.2,1,0.1,0.75,2000,0.3,0.1,1500,1.3789293226119166,0.31357142857142856,0.20785714285714285,1400,600
cp_cox_full,CP + Cox,0.905,1.2890058663811037,0.08196903793109502,s001,22,20270435,base,Base Weibull PH,3,0.3,1.2,1,0.1,0.75,2000,0.3,0.1,1500,1.4660976503081657,0.31857142857142856,0.21714285714285714,1400,600
cp_cox_crossfit,CP + Cox (Cross-Fit),0.9066666666666666,1.2952297936424988,0.07892498102885284,s001,22,20270435,base,Base Weibull PH,3,0.3,1.2,1,0.1,0.75,2000,0.3,0.1,1500,1.4660976503081657,0.31857142857142856,0.21714285714285714,1400,600
cp_cox_full,CP + Cox,0.9083333333333333,1.1605517241812475,0.08330991872097122,s001,23,20270436,base,Base Weibull PH,3,0.3,1.2,1,0.1,0.75,2000,0.3,0.1,1500,1.3331959115656096,0.31,0.20142857142857143,1400,600
cp_cox_crossfit,CP + Cox (Cross-Fit),0.9333333333333333,1.1972944336900182,0.06851888224102966,s001,23,20270436,base,Base Weibull PH,3,0.3,1.2,1,0.1,0.75,2000,0.3,0.1,1500,1.3331959115656096,0.31,0.20142857142857143,1400,600
cp_cox_full,CP + Cox,0.9016666666666666,1.1607868621523798,0.08349131928708366,s001,24,20270437,base,Base Weibull PH,3,0.3,1.2,1,0.1,0.75,2000,0.3,0.1,1500,1.332855635672436,0.3078571428571429,0.205,1400,600
cp_cox_crossfit,CP + Cox (Cross-Fit),0.8983333333333333,1.1568860565133885,0.085012980187671,s001,24,20270437,base,Base Weibull PH,3,0.3,1.2,1,0.1,0.75,2000,0.3,0.1,1500,1.332855635672436,0.3078571428571429,0.205,1400,600
cp_cox_full,CP + Cox,0.895,1.1965353467570061,0.07114433251325089,s001,25,20270438,base,Base Weibull PH,3,0.3,1.2,1,0.1,0.75,2000,0.3,0.1,1500,1.355937681127588,0.31,0.21071428571428572,1400,600
cp_cox_crossfit,CP + Cox (Cross-Fit),0.8916666666666667,1.1911276420975427,0.07313430615919266,s001,25,20270438,base,Base Weibull PH,3,0.3,1.2,1,0.1,0.75,2000,0.3,0.1,1500,1.355937681127588,0.31,0.21071428571428572,1400,600
cp_cox_full,CP + Cox,0.91,1.2456110522464952,0.07633857495793014,s001,26,20270439,base,Base Weibull PH,3,0.3,1.2,1,0.1,0.75,2000,0.3,0.1,1500,1.4039691079298757,0.29928571428571427,0.21642857142857144,1400,600
cp_cox_crossfit,CP + Cox (Cross-Fit),0.8766666666666667,1.2022901023549908,0.09679763144445433,s001,26,20270439,base,Base Weibull PH,3,0.3,1.2,1,0.1,0.75,2000,0.3,0.1,1500,1.4039691079298757,0.29928571428571427,0.21642857142857144,1400,600
cp_cox_full,CP + Cox,0.9166666666666666,1.190143130264892,0.0927568023157576,s001,27,20270440,base,Base Weibull PH,3,0.3,1.2,1,0.1,0.75,2000,0.3,0.1,1500,1.3443697596808475,0.3057142857142857,0.20285714285714285,1400,600
cp_cox_crossfit,CP + Cox (Cross-Fit),0.925,1.2049121311415172,0.08388548162129168,s001,27,20270440,base,Base Weibull PH,3,0.3,1.2,1,0.1,0.75,2000,0.3,0.1,1500,1.3443697596808475,0.3057142857142857,0.20285714285714285,1400,600
cp_cox_full,CP + Cox,0.8933333333333333,1.1696881307357576,0.08084355216666247,s001,28,20270441,base,Base Weibull PH,3,0.3,1.2,1,0.1,0.75,2000,0.3,0.1,1500,1.3357510236137868,0.295,0.19,1400,600
cp_cox_crossfit,CP + Cox (Cross-Fit),0.8883333333333333,1.1580105686785302,0.08509090736612174,s001,28,20270441,base,Base Weibull PH,3,0.3,1.2,1,0.1,0.75,2000,0.3,0.1,1500,1.3357510236137868,0.295,0.19,1400,600
cp_cox_full,CP + Cox,0.8983333333333333,1.2364815243748066,0.09484116389218197,s001,29,20270442,base,Base Weibull PH,3,0.3,1.2,1,0.1,0.75,2000,0.3,0.1,1500,1.4246474206246906,0.295,0.1992857142857143,1400,600
cp_cox_crossfit,CP + Cox (Cross-Fit),0.9016666666666666,1.2425855568034436,0.09172041746671251,s001,29,20270442,base,Base Weibull PH,3,0.3,1.2,1,0.1,0.75,2000,0.3,0.1,1500,1.4246474206246906,0.295,0.1992857142857143,1400,600
cp_cox_full,CP + Cox,0.8933333333333333,1.208173966699597,0.09050985388677561,s001,30,20270443,base,Base Weibull PH,3,0.3,1.2,1,0.1,0.75,2000,0.3,0.1,1500,1.3986865731382656,0.3057142857142857,0.2057142857142857,1400,600
cp_cox_crossfit,CP + Cox (Cross-Fit),0.8966666666666666,1.2132468190746009,0.08794054347494276,s001,30,20270443,base,Base Weibull PH,3,0.3,1.2,1,0.1,0.75,2000,0.3,0.1,1500,1.3986865731382656,0.3057142857142857,0.2057142857142857,1400,600
cp_cox_full,CP + Cox,0.9083333333333333,2.0909132552592977,0.06888217217535549,s002,1,20280414,base,Base Weibull PH,3,0.3,1.2,1,0.1,0.9,2000,0.3,0.1,1500,2.25023195954649,0.15642857142857142,0.06714285714285714,1400,600
cp_cox_crossfit,CP + Cox (Cross-Fit),0.9066666666666666,2.088021495905793,0.06999133008192698,s002,1,20280414,base,Base Weibull PH,3,0.3,1.2,1,0.1,0.9,2000,0.3,0.1,1500,2.25023195954649,0.15642857142857142,0.06714285714285714,1400,600
cp_cox_full,CP + Cox,0.91,2.025394957130486,0.07656240696039839,s002,2,20280415,base,Base Weibull PH,3,0.3,1.2,1,0.1,0.9,2000,0.3,0.1,1500,2.1908975595303297,0.175,0.08071428571428571,1400,600
cp_cox_crossfit,CP + Cox (Cross-Fit),0.9016666666666666,2.0131916534130667,0.08231596088263156,s002,2,20280415,base,Base Weibull PH,3,0.3,1.2,1,0.1,0.9,2000,0.3,0.1,1500,2.1908975595303297,0.175,0.08071428571428571,1400,600
cp_cox_full,CP + Cox,0.8983333333333333,2.024823266987115,0.0687728025337339,s002,3,20280416,base,Base Weibull PH,3,0.3,1.2,1,0.1,0.9,2000,0.3,0.1,1500,2.188454016678065,0.16785714285714284,0.075,1400,600
cp_cox_crossfit,CP + Cox (Cross-Fit),0.905,2.0406640500071895,0.061385179995859906,s002,3,20280416,base,Base Weibull PH,3,0.3,1.2,1,0.1,0.9,2000,0.3,0.1,1500,2.188454016678065,0.16785714285714284,0.075,1400,600
cp_cox_full,CP + Cox,0.87,2.1618613721100512,0.07047384455549507,s002,4,20280417,base,Base Weibull PH,3,0.3,1.2,1,0.1,0.9,2000,0.3,0.1,1500,2.3289878567994666,0.16214285714285714,0.07571428571428572,1400,600
cp_cox_crossfit,CP + Cox (Cross-Fit),0.8616666666666667,2.1447032612724053,0.07965397476072467,s002,4,20280417,base,Base Weibull PH,3,0.3,1.2,1,0.1,0.9,2000,0.3,0.1,1500,2.3289878567994666,0.16214285714285714,0.07571428571428572,1400,600
cp_cox_full,CP + Cox,0.9083333333333333,2.132063041435772,0.07797620448327822,s002,5,20280418,base,Base Weibull PH,3,0.3,1.2,1,0.1,0.9,2000,0.3,0.1,1500,2.311360912464777,0.17357142857142857,0.08285714285714285,1400,600
cp_cox_crossfit,CP + Cox (Cross-Fit),0.915,2.138976530231246,0.07507274699245457,s002,5,20280418,base,Base Weibull PH,3,0.3,1.2,1,0.1,0.9,2000,0.3,0.1,1500,2.311360912464777,0.17357142857142857,0.08285714285714285,1400,600
cp_cox_full,CP + Cox,0.9183333333333333,2.0976482202414792,0.09252209144235542,s002,6,20280419,base,Base Weibull PH,3,0.3,1.2,1,0.1,0.9,2000,0.3,0.1,1500,2.2689775993419,0.16357142857142856,0.08571428571428572,1400,600
cp_cox_crossfit,CP + Cox (Cross-Fit),0.9133333333333333,2.0856609911759043,0.09898852877834638,s002,6,20280419,base,Base Weibull PH,3,0.3,1.2,1,0.1,0.9,2000,0.3,0.1,1500,2.2689775993419,0.16357142857142856,0.08571428571428572,1400,600
cp_cox_full,CP + Cox,0.8916666666666667,2.15081063730672,0.07387581163054525,s002,7,20280420,base,Base Weibull PH,3,0.3,1.2,1,0.1,0.9,2000,0.3,0.1,1500,2.3219333303801473,0.18714285714285714,0.075,1400,600
cp_cox_crossfit,CP + Cox (Cross-Fit),0.8733333333333333,2.1312162353302373,0.08349133590331735,s002,7,20280420,base,Base Weibull PH,3,0.3,1.2,1,0.1,0.9,2000,0.3,0.1,1500,2.3219333303801473,0.18714285714285714,0.075,1400,600
cp_cox_full,CP + Cox,0.9,2.2277653126818096,0.06712407162572301,s002,8,20280421,base,Base Weibull PH,3,0.3,1.2,1,0.1,0.9,2000,0.3,0.1,1500,2.3888756751175233,0.17,0.07214285714285715,1400,600
cp_cox_crossfit,CP + Cox (Cross-Fit),0.905,2.234800482110682,0.0643453834104335,s002,8,20280421,base,Base Weibull PH,3,0.3,1.2,1,0.1,0.9,2000,0.3,0.1,1500,2.3888756751175233,0.17,0.07214285714285715,1400,600
cp_cox_full,CP + Cox,0.85,2.099294958932633,0.15148501525233013,s002,9,20280422,base,Base Weibull PH,3,0.3,1.2,1,0.1,0.9,2000,0.3,0.1,1500,2.3303950732541896,0.175,0.08214285714285714,1400,600
cp_cox_crossfit,CP + Cox (Cross-Fit),0.86,2.1072289924005125,0.14838584777857494,s002,9,20280422,base,Base Weibull PH,3,0.3,1.2,1,0.1,0.9,2000,0.3,0.1,1500,2.3303950732541896,0.175,0.08214285714285714,1400,600
cp_cox_full,CP + Cox,0.9066666666666666,2.1871904593834897,0.08158232993582101,s002,10,20280423,base,Base Weibull PH,3,0.3,1.2,1,0.1,0.9,2000,0.3,0.1,1500,2.355633622812239,0.17,0.07571428571428572,1400,600
cp_cox_crossfit,CP + Cox (Cross-Fit),0.9216666666666666,2.2181253331349366,0.06675537022530481,s002,10,20280423,base,Base Weibull PH,3,0.3,1.2,1,0.1,0.9,2000,0.3,0.1,1500,2.355633622812239,0.17,0.07571428571428572,1400,600
cp_cox_full,CP + Cox,0.88,2.1019204994612344,0.08403478108460125,s002,11,20280424,base,Base Weibull PH,3,0.3,1.2,1,0.1,0.9,2000,0.3,0.1,1500,2.287628118592641,0.17357142857142857,0.07285714285714286,1400,600
cp_cox_crossfit,CP + Cox (Cross-Fit),0.8933333333333333,2.113331450698939,0.07872789783679021,s002,11,20280424,base,Base Weibull PH,3,0.3,1.2,1,0.1,0.9,2000,0.3,0.1,1500,2.287628118592641,0.17357142857142857,0.07285714285714286,1400,600
cp_cox_full,CP + Cox,0.9116666666666666,2.16908141468877,0.07376097940995938,s002,12,20280425,base,Base Weibull PH,3,0.3,1.2,1,0.1,0.9,2000,0.3,0.1,1500,2.3359439551943684,0.17142857142857143,0.07357142857142857,1400,600
cp_cox_crossfit,CP + Cox (Cross-Fit),0.9116666666666666,2.170517373565944,0.072982669948615,s002,12,20280425,base,Base Weibull PH,3,0.3,1.2,1,0.1,0.9,2000,0.3,0.1,1500,2.3359439551943684,0.17142857142857143,0.07357142857142857,1400,600
cp_cox_full,CP + Cox,0.8916666666666667,2.0230977195766973,0.07938722173505836,s002,13,20280426,base,Base Weibull PH,3,0.3,1.2,1,0.1,0.9,2000,0.3,0.1,1500,2.196719479745097,0.185,0.08142857142857143,1400,600
cp_cox_crossfit,CP + Cox (Cross-Fit),0.8916666666666667,2.0246889887837054,0.07871334029029804,s002,13,20280426,base,Base Weibull PH,3,0.3,1.2,1,0.1,0.9,2000,0.3,0.1,1500,2.196719479745097,0.185,0.08142857142857143,1400,600
cp_cox_full,CP + Cox,0.8916666666666667,2.0815671238813174,0.064760140829713,s002,14,20280427,base,Base Weibull PH,3,0.3,1.2,1,0.1,0.9,2000,0.3,0.1,1500,2.262378935734714,0.16428571428571428,0.07642857142857143,1400,600
cp_cox_crossfit,CP + Cox (Cross-Fit),0.9,2.097603256869254,0.058871853677280594,s002,14,20280427,base,Base Weibull PH,3,0.3,1.2,1,0.1,0.9,2000,0.3,0.1,1500,2.262378935734714,0.16428571428571428,0.07642857142857143,1400,600
cp_cox_full,CP + Cox,0.9333333333333333,2.099113893409452,0.06901508633193656,s002,15,20280428,base,Base Weibull PH,3,0.3,1.2,1,0.1,0.9,2000,0.3,0.1,1500,2.23819752940569,0.16142857142857142,0.07285714285714286,1400,600
cp_cox_crossfit,CP + Cox (Cross-Fit),0.9333333333333333,2.105453557318054,0.0658751415844751,s002,15,20280428,base,Base Weibull PH,3,0.3,1.2,1,0.1,0.9,2000,0.3,0.1,1500,2.23819752940569,0.16142857142857142,0.07285714285714286,1400,600
cp_cox_full,CP + Cox,0.9216666666666666,2.12737118352749,0.06413503528802561,s002,16,20280429,base,Base Weibull PH,3,0.3,1.2,1,0.1,0.9,2000,0.3,0.1,1500,2.2621788259745292,0.1792857142857143,0.07071428571428572,1400,600
cp_cox_crossfit,CP + Cox (Cross-Fit),0.9066666666666666,2.103709462887299,0.07692423341864363,s002,16,20280429,base,Base Weibull PH,3,0.3,1.2,1,0.1,0.9,2000,0.3,0.1,1500,2.2621788259745292,0.1792857142857143,0.07071428571428572,1400,600
cp_cox_full,CP + Cox,0.8866666666666667,1.9624783427334787,0.0719558665189496,s002,17,20280430,base,Base Weibull PH,3,0.3,1.2,1,0.1,0.9,2000,0.3,0.1,1500,2.1215310063606343,0.18285714285714286,0.08428571428571428,1400,600
cp_cox_crossfit,CP + Cox (Cross-Fit),0.8416666666666667,1.914069114738341,0.09397308081228738,s002,17,20280430,base,Base Weibull PH,3,0.3,1.2,1,0.1,0.9,2000,0.3,0.1,1500,2.1215310063606343,0.18285714285714286,0.08428571428571428,1400,600
cp_cox_full,CP + Cox,0.8966666666666666,2.1908803999839765,0.08851889643420101,s002,18,20280431,base,Base Weibull PH,3,0.3,1.2,1,0.1,0.9,2000,0.3,0.1,1500,2.369989300637386,0.17857142857142858,0.08,1400,600
cp_cox_crossfit,CP + Cox (Cross-Fit),0.885,2.1753253336763727,0.09658169811278482,s002,18,20280431,base,Base Weibull PH,3,0.3,1.2,1,0.1,0.9,2000,0.3,0.1,1500,2.369989300637386,0.17857142857142858,0.08,1400,600
cp_cox_full,CP + Cox,0.9016666666666666,2.129380237544755,0.06926504232421239,s002,19,20280432,base,Base Weibull PH,3,0.3,1.2,1,0.1,0.9,2000,0.3,0.1,1500,2.31709688638669,0.17214285714285715,0.07571428571428572,1400,600
cp_cox_crossfit,CP + Cox (Cross-Fit),0.915,2.1419583782764207,0.06429760458878683,s002,19,20280432,base,Base Weibull PH,3,0.3,1.2,1,0.1,0.9,2000,0.3,0.1,1500,2.31709688638669,0.17214285714285715,0.07571428571428572,1400,600
cp_cox_full,CP + Cox,0.9066666666666666,2.143450045281559,0.09183372734639042,s002,20,20280433,base,Base Weibull PH,3,0.3,1.2,1,0.1,0.9,2000,0.3,0.1,1500,2.3078339479762033,0.1692857142857143,0.07928571428571428,1400,600
cp_cox_crossfit,CP + Cox (Cross-Fit),0.905,2.141116021698016,0.09310748429593273,s002,20,20280433,base,Base Weibull PH,3,0.3,1.2,1,0.1,0.9,2000,0.3,0.1,1500,2.3078339479762033,0.1692857142857143,0.07928571428571428,1400,600
cp_cox_full,CP + Cox,0.9183333333333333,2.2454015447548397,0.08196638625799446,s002,21,20280434,base,Base Weibull PH,3,0.3,1.2,1,0.1,0.9,2000,0.3,0.1,1500,2.415877044629959,0.17357142857142857,0.06928571428571428,1400,600
cp_cox_crossfit,CP + Cox (Cross-Fit),0.9183333333333333,2.245061354146603,0.08206744167216587,s002,21,20280434,base,Base Weibull PH,3,0.3,1.2,1,0.1,0.9,2000,0.3,0.1,1500,2.415877044629959,0.17357142857142857,0.06928571428571428,1400,600
cp_cox_full,CP + Cox,0.905,2.179199291266409,0.06581647212922145,s002,22,20280435,base,Base Weibull PH,3,0.3,1.2,1,0.1,0.9,2000,0.3,0.1,1500,2.3346213941603664,0.17642857142857143,0.07785714285714286,1400,600
cp_cox_crossfit,CP + Cox (Cross-Fit),0.905,2.1767040936629587,0.06697755390063989,s002,22,20280435,base,Base Weibull PH,3,0.3,1.2,1,0.1,0.9,2000,0.3,0.1,1500,2.3346213941603664,0.17642857142857143,0.07785714285714286,1400,600
cp_cox_full,CP + Cox,0.9216666666666666,2.1474036439712965,0.07685944971547436,s002,23,20280436,base,Base Weibull PH,3,0.3,1.2,1,0.1,0.9,2000,0.3,0.1,1500,2.3100860670307397,0.1742857142857143,0.07642857142857143,1400,600
cp_cox_crossfit,CP + Cox (Cross-Fit),0.9216666666666666,2.1478112709085346,0.07662678430893816,s002,23,20280436,base,Base Weibull PH,3,0.3,1.2,1,0.1,0.9,2000,0.3,0.1,1500,2.3100860670307397,0.1742857142857143,0.07642857142857143,1400,600
cp_cox_full,CP + Cox,0.9166666666666666,2.177116319112358,0.06657313573303664,s002,24,20280437,base,Base Weibull PH,3,0.3,1.2,1,0.1,0.9,2000,0.3,0.1,1500,2.326423578793534,0.18785714285714286,0.08571428571428572,1400,600
cp_cox_crossfit,CP + Cox (Cross-Fit),0.9116666666666666,2.166767970494463,0.07099829168051669,s002,24,20280437,base,Base Weibull PH,3,0.3,1.2,1,0.1,0.9,2000,0.3,0.1,1500,2.326423578793534,0.18785714285714286,0.08571428571428572,1400,600
cp_cox_full,CP + Cox,0.91,1.983135645940067,0.07104695425039265,s002,25,20280438,base,Base Weibull PH,3,0.3,1.2,1,0.1,0.9,2000,0.3,0.1,1500,2.1618787421320507,0.17642857142857143,0.07642857142857143,1400,600
cp_cox_crossfit,CP + Cox (Cross-Fit),0.9116666666666666,1.9970960418022097,0.06571140303696787,s002,25,20280438,base,Base Weibull PH,3,0.3,1.2,1,0.1,0.9,2000,0.3,0.1,1500,2.1618787421320507,0.17642857142857143,0.07642857142857143,1400,600
cp_cox_full,CP + Cox,0.89,2.14579167797729,0.06876083224486855,s002,26,20280439,base,Base Weibull PH,3,0.3,1.2,1,0.1,0.9,2000,0.3,0.1,1500,2.3068228333184364,0.17785714285714285,0.07642857142857143,1400,600
cp_cox_crossfit,CP + Cox (Cross-Fit),0.8966666666666666,2.1543964565301064,0.06438032063326193,s002,26,20280439,base,Base Weibull PH,3,0.3,1.2,1,0.1,0.9,2000,0.3,0.1,1500,2.3068228333184364,0.17785714285714285,0.07642857142857143,1400,600
cp_cox_full,CP + Cox,0.91,2.1525520837929273,0.08682171807962927,s002,27,20280440,base,Base Weibull PH,3,0.3,1.2,1,0.1,0.9,2000,0.3,0.1,1500,2.3182170838864824,0.18071428571428572,0.07071428571428572,1400,600
cp_cox_crossfit,CP + Cox (Cross-Fit),0.8916666666666667,2.133747385404197,0.09550310446301241,s002,27,20280440,base,Base Weibull PH,3,0.3,1.2,1,0.1,0.9,2000,0.3,0.1,1500,2.3182170838864824,0.18071428571428572,0.07071428571428572,1400,600
cp_cox_full,CP + Cox,0.86,1.9024756296733696,0.0690202310654389,s002,28,20280441,base,Base Weibull PH,3,0.3,1.2,1,0.1,0.9,2000,0.3,0.1,1500,2.092272197374912,0.18428571428571427,0.07714285714285714,1400,600
cp_cox_crossfit,CP + Cox (Cross-Fit),0.86,1.9074382840132325,0.06699727395669743,s002,28,20280441,base,Base Weibull PH,3,0.3,1.2,1,0.1,0.9,2000,0.3,0.1,1500,2.092272197374912,0.18428571428571427,0.07714285714285714,1400,600
cp_cox_full,CP + Cox,0.8883333333333333,2.2237259177833018,0.10014509793022296,s002,29,20280442,base,Base Weibull PH,3,0.3,1.2,1,0.1,0.9,2000,0.3,0.1,1500,2.4140218177019563,0.175,0.07928571428571428,1400,600
cp_cox_crossfit,CP + Cox (Cross-Fit),0.8866666666666667,2.220582845924028,0.10186178014601566,s002,29,20280442,base,Base Weibull PH,3,0.3,1.2,1,0.1,0.9,2000,0.3,0.1,1500,2.4140218177019563,0.175,0.07928571428571428,1400,600
cp_cox_full,CP + Cox,0.8916666666666667,2.004741435869466,0.0693295864179017,s002,30,20280443,base,Base Weibull PH,3,0.3,1.2,1,0.1,0.9,2000,0.3,0.1,1500,2.161417761261994,0.16714285714285715,0.07285714285714286,1400,600
cp_cox_crossfit,CP + Cox (Cross-Fit),0.885,1.9974049147411628,0.07315159837805742,s002,30,20280443,base,Base Weibull PH,3,0.3,1.2,1,0.1,0.9,2000,0.3,0.1,1500,2.161417761261994,0.16714285714285715,0.07285714285714286,1400,600
cp_cox_full,CP + Cox,0.8866666666666667,3.5197403752468546,0.07012800164744853,s003,1,20290414,base,Base Weibull PH,3,0.3,1.2,1,0.1,0.97,2000,0.3,0.1,1500,3.69014816665522,0.12571428571428572,0.015714285714285715,1400,600
cp_cox_crossfit,CP + Cox (Cross-Fit),0.8933333333333333,3.5259890850751705,0.06782697074763432,s003,1,20290414,base,Base Weibull PH,3,0.3,1.2,1,0.1,0.97,2000,0.3,0.1,1500,3.69014816665522,0.12571428571428572,0.015714285714285715,1400,600
cp_cox_full,CP + Cox,0.87,3.3149408244153795,0.07443726111886709,s003,2,20290415,base,Base Weibull PH,3,0.3,1.2,1,0.1,0.97,2000,0.3,0.1,1500,3.493409792935694,0.13071428571428573,0.02142857142857143,1400,600
cp_cox_crossfit,CP + Cox (Cross-Fit),0.8733333333333333,3.318241900218673,0.0731277250961594,s003,2,20290415,base,Base Weibull PH,3,0.3,1.2,1,0.1,0.97,2000,0.3,0.1,1500,3.493409792935694,0.13071428571428573,0.02142857142857143,1400,600
cp_cox_full,CP + Cox,0.8916666666666667,3.4093601103683464,0.07780491922004348,s003,3,20290416,base,Base Weibull PH,3,0.3,1.2,1,0.1,0.97,2000,0.3,0.1,1500,3.5831583049304654,0.11857142857142858,0.014285714285714285,1400,600
cp_cox_crossfit,CP + Cox (Cross-Fit),0.89,3.404268690386838,0.08025088880345309,s003,3,20290416,base,Base Weibull PH,3,0.3,1.2,1,0.1,0.97,2000,0.3,0.1,1500,3.5831583049304654,0.11857142857142858,0.014285714285714285,1400,600
cp_cox_full,CP + Cox,0.895,3.4968825945704514,0.08544476378321074,s003,4,20290417,base,Base Weibull PH,3,0.3,1.2,1,0.1,0.97,2000,0.3,0.1,1500,3.6798242655396627,0.12857142857142856,0.02142857142857143,1400,600
cp_cox_crossfit,CP + Cox (Cross-Fit),0.89,3.4935575678655435,0.08694038073224337,s003,4,20290417,base,Base Weibull PH,3,0.3,1.2,1,0.1,0.97,2000,0.3,0.1,1500,3.6798242655396627,0.12857142857142856,0.02142857142857143,1400,600
cp_cox_full,CP + Cox,0.9,3.407096363857577,0.09087016325729906,s003,5,20290418,base,Base Weibull PH,3,0.3,1.2,1,0.1,0.97,2000,0.3,0.1,1500,3.591576039447782,0.11214285714285714,0.017857142857142856,1400,600
cp_cox_crossfit,CP + Cox (Cross-Fit),0.9133333333333333,3.4245816319823645,0.08365269064679667,s003,5,20290418,base,Base Weibull PH,3,0.3,1.2,1,0.1,0.97,2000,0.3,0.1,1500,3.591576039447782,0.11214285714285714,0.017857142857142856,1400,600
cp_cox_full,CP + Cox,0.9133333333333333,3.4884587943012546,0.07494782059267846,s003,6,20290419,base,Base Weibull PH,3,0.3,1.2,1,0.1,0.97,2000,0.3,0.1,1500,3.6585498609249862,0.12142857142857143,0.017142857142857144,1400,600
cp_cox_crossfit,CP + Cox (Cross-Fit),0.9083333333333333,3.46978422316051,0.08421063367741129,s003,6,20290419,base,Base Weibull PH,3,0.3,1.2,1,0.1,0.97,2000,0.3,0.1,1500,3.6585498609249862,0.12142857142857143,0.017142857142857144,1400,600
cp_cox_full,CP + Cox,0.8766666666666667,3.6382868549856906,0.09836604365033604,s003,7,20290420,base,Base Weibull PH,3,0.3,1.2,1,0.1,0.97,2000,0.3,0.1,1500,3.824464105361684,0.12714285714285714,0.017857142857142856,1400,600
cp_cox_crossfit,CP + Cox (Cross-Fit),0.89,3.659292952249418,0.08841252337937054,s003,7,20290420,base,Base Weibull PH,3,0.3,1.2,1,0.1,0.97,2000,0.3,0.1,1500,3.824464105361684,0.12714285714285714,0.017857142857142856,1400,600
cp_cox_full,CP + Cox,0.89,3.3899554844909487,0.07881236420794654,s003,8,20290421,base,Base Weibull PH,3,0.3,1.2,1,0.1,0.97,2000,0.3,0.1,1500,3.560176171096442,0.12,0.02,1400,600
cp_cox_crossfit,CP + Cox (Cross-Fit),0.89,3.390724706813823,0.07853703106295548,s003,8,20290421,base,Base Weibull PH,3,0.3,1.2,1,0.1,0.97,2000,0.3,0.1,1500,3.560176171096442,0.12,0.02,1400,600
cp_cox_full,CP + Cox,0.8983333333333333,3.271169100481665,0.06402020810279659,s003,9,20290422,base,Base Weibull PH,3,0.3,1.2,1,0.1,0.97,2000,0.3,0.1,1500,3.439852186238688,0.12571428571428572,0.020714285714285713,1400,600
cp_cox_crossfit,CP + Cox (Cross-Fit),0.8766666666666667,3.2592334789836954,0.06873952875192729,s003,9,20290422,base,Base Weibull PH,3,0.3,1.2,1,0.1,0.97,2000,0.3,0.1,1500,3.439852186238688,0.12571428571428572,0.020714285714285713,1400,600
cp_cox_full,CP + Cox,0.8783333333333333,3.209422156424311,0.1016919781353384,s003,10,20290423,base,Base Weibull PH,3,0.3,1.2,1,0.1,0.97,2000,0.3,0.1,1500,3.4099104477628566,0.11428571428571428,0.018571428571428572,1400,600
cp_cox_crossfit,CP + Cox (Cross-Fit),0.8983333333333333,3.2431731334565663,0.0854802797641889,s003,10,20290423,base,Base Weibull PH,3,0.3,1.2,1,0.1,0.97,2000,0.3,0.1,1500,3.4099104477628566,0.11428571428571428,0.018571428571428572,1400,600
cp_cox_full,CP + Cox,0.9116666666666666,3.904050772221748,0.0832547364060315,s003,11,20290424,base,Base Weibull PH,3,0.3,1.2,1,0.1,0.97,2000,0.3,0.1,1500,4.076342529951303,0.11428571428571428,0.02214285714285714,1400,600
cp_cox_crossfit,CP + Cox (Cross-Fit),0.9133333333333333,3.909209520735537,0.08035328094701298,s003,11,20290424,base,Base Weibull PH,3,0.3,1.2,1,0.1,0.97,2000,0.3,0.1,1500,4.076342529951303,0.11428571428571428,0.02214285714285714,1400,600
cp_cox_full,CP + Cox,0.8783333333333333,3.4311669703506493,0.08302559179495926,s003,12,20290425,base,Base Weibull PH,3,0.3,1.2,1,0.1,0.97,2000,0.3,0.1,1500,3.610224357395559,0.12071428571428572,0.019285714285714285,1400,600
cp_cox_crossfit,CP + Cox (Cross-Fit),0.87,3.420059215314253,0.08848910883150024,s003,12,20290425,base,Base Weibull PH,3,0.3,1.2,1,0.1,0.97,2000,0.3,0.1,1500,3.610224357395559,0.12071428571428572,0.019285714285714285,1400,600
cp_cox_full,CP + Cox,0.91,3.533175228886732,0.0732803010357655,s003,13,20290426,base,Base Weibull PH,3,0.3,1.2,1,0.1,0.97,2000,0.3,0.1,1500,3.6956362764763186,0.12214285714285714,0.023571428571428573,1400,600
cp_cox_crossfit,CP + Cox (Cross-Fit),0.9016666666666666,3.5178929690167866,0.081177467689936,s003,13,20290426,base,Base Weibull PH,3,0.3,1.2,1,0.1,0.97,2000,0.3,0.1,1500,3.6956362764763186,0.12214285714285714,0.023571428571428573,1400,600
cp_cox_full,CP + Cox,0.9,3.7445927652122526,0.0721044837471338,s003,14,20290427,base,Base Weibull PH,3,0.3,1.2,1,0.1,0.97,2000,0.3,0.1,1500,3.9219697226845835,0.12071428571428572,0.02,1400,600
cp_cox_crossfit,CP + Cox (Cross-Fit),0.8933333333333333,3.7338605420554822,0.07602330378218723,s003,14,20290427,base,Base Weibull PH,3,0.3,1.2,1,0.1,0.97,2000,0.3,0.1,1500,3.9219697226845835,0.12071428571428572,0.02,1400,600
cp_cox_full,CP + Cox,0.9083333333333333,3.4957185295555364,0.07931793703998599,s003,15,20290428,base,Base Weibull PH,3,0.3,1.2,1,0.1,0.97,2000,0.3,0.1,1500,3.682291449133932,0.11571428571428571,0.02,1400,600
cp_cox_crossfit,CP + Cox (Cross-Fit),0.91,3.4987336833958036,0.07840157462865893,s003,15,20290428,base,Base Weibull PH,3,0.3,1.2,1,0.1,0.97,2000,0.3,0.1,1500,3.682291449133932,0.11571428571428571,0.02,1400,600
cp_cox_full,CP + Cox,0.9266666666666666,3.323258069479829,0.07362576031374754,s003,16,20290429,base,Base Weibull PH,3,0.3,1.2,1,0.1,0.97,2000,0.3,0.1,1500,3.489342327085147,0.13071428571428573,0.02214285714285714,1400,600
cp_cox_crossfit,CP + Cox (Cross-Fit),0.9266666666666666,3.3291790209275143,0.07120831751819186,s003,16,20290429,base,Base Weibull PH,3,0.3,1.2,1,0.1,0.97,2000,0.3,0.1,1500,3.489342327085147,0.13071428571428573,0.02214285714285714,1400,600
cp_cox_full,CP + Cox,0.9083333333333333,3.2860897574020433,0.06054762505554863,s003,17,20290430,base,Base Weibull PH,3,0.3,1.2,1,0.1,0.97,2000,0.3,0.1,1500,3.4142687429426104,0.12857142857142856,0.020714285714285713,1400,600
cp_cox_crossfit,CP + Cox (Cross-Fit),0.9066666666666666,3.2826943006099754,0.06216277822397875,s003,17,20290430,base,Base Weibull PH,3,0.3,1.2,1,0.1,0.97,2000,0.3,0.1,1500,3.4142687429426104,0.12857142857142856,0.020714285714285713,1400,600
cp_cox_full,CP + Cox,0.885,3.460616798909113,0.07192285351332048,s003,18,20290431,base,Base Weibull PH,3,0.3,1.2,1,0.1,0.97,2000,0.3,0.1,1500,3.622917309022358,0.12214285714285714,0.02,1400,600
cp_cox_crossfit,CP + Cox (Cross-Fit),0.8883333333333333,3.4623065737807344,0.07107380363753164,s003,18,20290431,base,Base Weibull PH,3,0.3,1.2,1,0.1,0.97,2000,0.3,0.1,1500,3.622917309022358,0.12214285714285714,0.02,1400,600
cp_cox_full,CP + Cox,0.91,3.336587035932957,0.06885729595993251,s003,19,20290432,base,Base Weibull PH,3,0.3,1.2,1,0.1,0.97,2000,0.3,0.1,1500,3.505637965790127,0.11285714285714285,0.02,1400,600
cp_cox_crossfit,CP + Cox (Cross-Fit),0.9033333333333333,3.329747398323835,0.07160763645328086,s003,19,20290432,base,Base Weibull PH,3,0.3,1.2,1,0.1,0.97,2000,0.3,0.1,1500,3.505637965790127,0.11285714285714285,0.02,1400,600
cp_cox_full,CP + Cox,0.905,3.3356518074106596,0.06749283192758816,s003,20,20290433,base,Base Weibull PH,3,0.3,1.2,1,0.1,0.97,2000,0.3,0.1,1500,3.501565049390018,0.13285714285714287,0.016428571428571428,1400,600
cp_cox_crossfit,CP + Cox (Cross-Fit),0.9183333333333333,3.3557075642611838,0.059468886647059425,s003,20,20290433,base,Base Weibull PH,3,0.3,1.2,1,0.1,0.97,2000,0.3,0.1,1500,3.501565049390018,0.13285714285714287,0.016428571428571428,1400,600
cp_cox_full,CP + Cox,0.9133333333333333,3.4033128121422576,0.07882904797726861,s003,21,20290434,base,Base Weibull PH,3,0.3,1.2,1,0.1,0.97,2000,0.3,0.1,1500,3.56513682460545,0.12642857142857142,0.023571428571428573,1400,600
cp_cox_crossfit,CP + Cox (Cross-Fit),0.9066666666666666,3.3849877018459043,0.08718874672547908,s003,21,20290434,base,Base Weibull PH,3,0.3,1.2,1,0.1,0.97,2000,0.3,0.1,1500,3.56513682460545,0.12642857142857142,0.023571428571428573,1400,600
cp_cox_full,CP + Cox,0.895,3.6455617412930765,0.07642893652762246,s003,22,20290435,base,Base Weibull PH,3,0.3,1.2,1,0.1,0.97,2000,0.3,0.1,1500,3.818008816009632,0.11357142857142857,0.017857142857142856,1400,600
cp_cox_crossfit,CP + Cox (Cross-Fit),0.9133333333333333,3.6645335337705736,0.06826017499638894,s003,22,20290435,base,Base Weibull PH,3,0.3,1.2,1,0.1,0.97,2000,0.3,0.1,1500,3.818008816009632,0.11357142857142857,0.017857142857142856,1400,600
cp_cox_full,CP + Cox,0.89,3.5813728940350043,0.068224546879618,s003,23,20290436,base,Base Weibull PH,3,0.3,1.2,1,0.1,0.97,2000,0.3,0.1,1500,3.7570710981773905,0.11714285714285715,0.023571428571428573,1400,600
cp_cox_crossfit,CP + Cox (Cross-Fit),0.8883333333333333,3.579954593906824,0.06888028440697136,s003,23,20290436,base,Base Weibull PH,3,0.3,1.2,1,0.1,0.97,2000,0.3,0.1,1500,3.7570710981773905,0.11714285714285715,0.023571428571428573,1400,600
cp_cox_full,CP + Cox,0.8866666666666667,3.720077216048011,0.07019101692784896,s003,24,20290437,base,Base Weibull PH,3,0.3,1.2,1,0.1,0.97,2000,0.3,0.1,1500,3.900327753621503,0.1357142857142857,0.02,1400,600
cp_cox_crossfit,CP + Cox (Cross-Fit),0.8883333333333333,3.7251263106596584,0.06835897147681341,s003,24,20290437,base,Base Weibull PH,3,0.3,1.2,1,0.1,0.97,2000,0.3,0.1,1500,3.900327753621503,0.1357142857142857,0.02,1400,600
cp_cox_full,CP + Cox,0.9016666666666666,3.4555751335765805,0.07486250406178313,s003,25,20290438,base,Base Weibull PH,3,0.3,1.2,1,0.1,0.97,2000,0.3,0.1,1500,3.6161004790808633,0.10785714285714286,0.020714285714285713,1400,600
cp_cox_crossfit,CP + Cox (Cross-Fit),0.9033333333333333,3.4582669517393048,0.07382239765851102,s003,25,20290438,base,Base Weibull PH,3,0.3,1.2,1,0.1,0.97,2000,0.3,0.1,1500,3.6161004790808633,0.10785714285714286,0.020714285714285713,1400,600
cp_cox_full,CP + Cox,0.8883333333333333,3.3295460164265527,0.08559664625468812,s003,26,20290439,base,Base Weibull PH,3,0.3,1.2,1,0.1,0.97,2000,0.3,0.1,1500,3.5094856658313116,0.12928571428571428,0.013571428571428571,1400,600
cp_cox_crossfit,CP + Cox (Cross-Fit),0.8816666666666667,3.3221784396420864,0.08906583176538825,s003,26,20290439,base,Base Weibull PH,3,0.3,1.2,1,0.1,0.97,2000,0.3,0.1,1500,3.5094856658313116,0.12928571428571428,0.013571428571428571,1400,600
cp_cox_full,CP + Cox,0.88,3.2936467114744814,0.07512740953020704,s003,27,20290440,base,Base Weibull PH,3,0.3,1.2,1,0.1,0.97,2000,0.3,0.1,1500,3.490586706567732,0.11785714285714285,0.017857142857142856,1400,600
cp_cox_crossfit,CP + Cox (Cross-Fit),0.8833333333333333,3.302930374898974,0.07165274937905229,s003,27,20290440,base,Base Weibull PH,3,0.3,1.2,1,0.1,0.97,2000,0.3,0.1,1500,3.490586706567732,0.11785714285714285,0.017857142857142856,1400,600
cp_cox_full,CP + Cox,0.87,3.487406006972045,0.07270822016420879,s003,28,20290441,base,Base Weibull PH,3,0.3,1.2,1,0.1,0.97,2000,0.3,0.1,1500,3.6574763165216124,0.11357142857142857,0.025,1400,600
cp_cox_crossfit,CP + Cox (Cross-Fit),0.895,3.513996041248507,0.05894388144379176,s003,28,20290441,base,Base Weibull PH,3,0.3,1.2,1,0.1,0.97,2000,0.3,0.1,1500,3.6574763165216124,0.11357142857142857,0.025,1400,600
cp_cox_full,CP + Cox,0.885,3.1609633686908682,0.07842600933704243,s003,29,20290442,base,Base Weibull PH,3,0.3,1.2,1,0.1,0.97,2000,0.3,0.1,1500,3.3148637631840714,0.12,0.017857142857142856,1400,600
cp_cox_crossfit,CP + Cox (Cross-Fit),0.8883333333333333,3.1664320526108996,0.07532183644023256,s003,29,20290442,base,Base Weibull PH,3,0.3,1.2,1,0.1,0.97,2000,0.3,0.1,1500,3.3148637631840714,0.12,0.017857142857142856,1400,600
cp_cox_full,CP + Cox,0.9216666666666666,3.336144355685504,0.08321216063535472,s003,30,20290443,base,Base Weibull PH,3,0.3,1.2,1,0.1,0.97,2000,0.3,0.1,1500,3.524656140444316,0.12642857142857142,0.02,1400,600
cp_cox_crossfit,CP + Cox (Cross-Fit),0.9233333333333333,3.342076108116035,0.08131047942751506,s003,30,20290443,base,Base Weibull PH,3,0.3,1.2,1,0.1,0.97,2000,0.3,0.1,1500,3.524656140444316,0.12642857142857142,0.02,1400,600
cp_cox_full,CP + Cox,0.8983333333333333,1.2485062891102396,0.09063778131755147,s004,1,20300414,base,Base Weibull PH,3,0.3,1.2,1,0.2,0.75,2000,0.3,0.1,1500,1.4287039537997737,0.36357142857142855,0.1692857142857143,1400,600
cp_cox_crossfit,CP + Cox (Cross-Fit),0.905,1.2604426636245305,0.0852018968479929,s004,1,20300414,base,Base Weibull PH,3,0.3,1.2,1,0.2,0.75,2000,0.3,0.1,1500,1.4287039537997737,0.36357142857142855,0.1692857142857143,1400,600
cp_cox_full,CP + Cox,0.905,1.2008132562507219,0.08700862227339512,s004,2,20300415,base,Base Weibull PH,3,0.3,1.2,1,0.2,0.75,2000,0.3,0.1,1500,1.37440914447317,0.35428571428571426,0.16785714285714284,1400,600
cp_cox_crossfit,CP + Cox (Cross-Fit),0.9016666666666666,1.1908806611119178,0.09225022285945988,s004,2,20300415,base,Base Weibull PH,3,0.3,1.2,1,0.2,0.75,2000,0.3,0.1,1500,1.37440914447317,0.35428571428571426,0.16785714285714284,1400,600
cp_cox_full,CP + Cox,0.9233333333333333,1.1886105536603042,0.06881925947869093,s004,3,20300416,base,Base Weibull PH,3,0.3,1.2,1,0.2,0.75,2000,0.3,0.1,1500,1.3345537582931226,0.34785714285714286,0.165,1400,600
cp_cox_crossfit,CP + Cox (Cross-Fit),0.925,1.19488660527542,0.06608415230583878,s004,3,20300416,base,Base Weibull PH,3,0.3,1.2,1,0.2,0.75,2000,0.3,0.1,1500,1.3345537582931226,0.34785714285714286,0.165,1400,600
cp_cox_full,CP + Cox,0.915,1.264288260961244,0.06972178078206999,s004,4,20300417,base,Base Weibull PH,3,0.3,1.2,1,0.2,0.75,2000,0.3,0.1,1500,1.426083219568451,0.36,0.16,1400,600
cp_cox_crossfit,CP + Cox (Cross-Fit),0.9083333333333333,1.2612073914144333,0.07120943785936082,s004,4,20300417,base,Base Weibull PH,3,0.3,1.2,1,0.2,0.75,2000,0.3,0.1,1500,1.426083219568451,0.36,0.16,1400,600
cp_cox_full,CP + Cox,0.9133333333333333,1.2291797249951533,0.07241938088646985,s004,5,20300418,base,Base Weibull PH,3,0.3,1.2,1,0.2,0.75,2000,0.3,0.1,1500,1.3922262728224637,0.37,0.16785714285714284,1400,600
cp_cox_crossfit,CP + Cox (Cross-Fit),0.915,1.2315460018233482,0.07139073542857712,s004,5,20300418,base,Base Weibull PH,3,0.3,1.2,1,0.2,0.75,2000,0.3,0.1,1500,1.3922262728224637,0.37,0.16785714285714284,1400,600
cp_cox_full,CP + Cox,0.935,1.2118256326677084,0.059044648039730856,s004,6,20300419,base,Base Weibull PH,3,0.3,1.2,1,0.2,0.75,2000,0.3,0.1,1500,1.3584255177091769,0.37285714285714283,0.1657142857142857,1400,600
cp_cox_crossfit,CP + Cox (Cross-Fit),0.9316666666666666,1.2052867711788504,0.062041003415607615,s004,6,20300419,base,Base Weibull PH,3,0.3,1.2,1,0.2,0.75,2000,0.3,0.1,1500,1.3584255177091769,0.37285714285714283,0.1657142857142857,1400,600
cp_cox_full,CP + Cox,0.8783333333333333,1.2209097487724236,0.08984140646395565,s004,7,20300420,base,Base Weibull PH,3,0.3,1.2,1,0.2,0.75,2000,0.3,0.1,1500,1.407232654942847,0.355,0.14714285714285713,1400,600
cp_cox_crossfit,CP + Cox (Cross-Fit),0.8966666666666666,1.2323656170457917,0.08468032879491823,s004,7,20300420,base,Base Weibull PH,3,0.3,1.2,1,0.2,0.75,2000,0.3,0.1,1500,1.407232654942847,0.355,0.14714285714285713,1400,600
cp_cox_full,CP + Cox,0.91,1.219976466943882,0.07442321036222742,s004,8,20300421,base,Base Weibull PH,3,0.3,1.2,1,0.2,0.75,2000,0.3,0.1,1500,1.3759511726307323,0.34285714285714286,0.15571428571428572,1400,600
cp_cox_crossfit,CP + Cox (Cross-Fit),0.895,1.1875884505720455,0.08783707385818469,s004,8,20300421,base,Base Weibull PH,3,0.3,1.2,1,0.2,0.75,2000,0.3,0.1,1500,1.3759511726307323,0.34285714285714286,0.15571428571428572,1400,600
cp_cox_full,CP + Cox,0.8916666666666667,1.1951412655606768,0.09039474886240341,s004,9,20300422,base,Base Weibull PH,3,0.3,1.2,1,0.2,0.75,2000,0.3,0.1,1500,1.3634888548192388,0.37785714285714284,0.17857142857142858,1400,600
cp_cox_crossfit,CP + Cox (Cross-Fit),0.8833333333333333,1.1813416306000584,0.09763791277785427,s004,9,20300422,base,Base Weibull PH,3,0.3,1.2,1,0.2,0.75,2000,0.3,0.1,1500,1.3634888548192388,0.37785714285714284,0.17857142857142858,1400,600
cp_cox_full,CP + Cox,0.9333333333333333,1.2142284820949314,0.0657963100578508,s004,10,20300423,base,Base Weibull PH,3,0.3,1.2,1,0.2,0.75,2000,0.3,0.1,1500,1.3802365270492012,0.36214285714285716,0.17285714285714285,1400,600
cp_cox_crossfit,CP + Cox (Cross-Fit),0.9483333333333334,1.2376363575087164,0.05629599689502649,s004,10,20300423,base,Base Weibull PH,3,0.3,1.2,1,0.2,0.75,2000,0.3,0.1,1500,1.3802365270492012,0.36214285714285716,0.17285714285714285,1400,600
cp_cox_full,CP + Cox,0.8933333333333333,1.2254340436104245,0.07464740267653784,s004,11,20300424,base,Base Weibull PH,3,0.3,1.2,1,0.2,0.75,2000,0.3,0.1,1500,1.404848320509998,0.36142857142857143,0.15357142857142858,1400,600
cp_cox_crossfit,CP + Cox (Cross-Fit),0.9183333333333333,1.2506516698995291,0.06600715644403744,s004,11,20300424,base,Base Weibull PH,3,0.3,1.2,1,0.2,0.75,2000,0.3,0.1,1500,1.404848320509998,0.36142857142857143,0.15357142857142858,1400,600
cp_cox_full,CP + Cox,0.875,1.1825365944655302,0.07849639889960885,s004,12,20300425,base,Base Weibull PH,3,0.3,1.2,1,0.2,0.75,2000,0.3,0.1,1500,1.3713749015504484,0.35,0.17714285714285713,1400,600
cp_cox_crossfit,CP + Cox (Cross-Fit),0.8733333333333333,1.180956565507035,0.07924582931701517,s004,12,20300425,base,Base Weibull PH,3,0.3,1.2,1,0.2,0.75,2000,0.3,0.1,1500,1.3713749015504484,0.35,0.17714285714285713,1400,600
cp_cox_full,CP + Cox,0.925,1.2689677153061807,0.07514527512776198,s004,13,20300426,base,Base Weibull PH,3,0.3,1.2,1,0.2,0.75,2000,0.3,0.1,1500,1.437862010134117,0.37,0.15357142857142858,1400,600
cp_cox_crossfit,CP + Cox (Cross-Fit),0.92,1.2581979073313896,0.0800360231055062,s004,13,20300426,base,Base Weibull PH,3,0.3,1.2,1,0.2,0.75,2000,0.3,0.1,1500,1.437862010134117,0.37,0.15357142857142858,1400,600
cp_cox_full,CP + Cox,0.8966666666666666,1.2014211035472193,0.07963883634638644,s004,14,20300427,base,Base Weibull PH,3,0.3,1.2,1,0.2,0.75,2000,0.3,0.1,1500,1.372992727744947,0.37285714285714283,0.17857142857142858,1400,600
cp_cox_crossfit,CP + Cox (Cross-Fit),0.89,1.1863964690586906,0.08661136857000326,s004,14,20300427,base,Base Weibull PH,3,0.3,1.2,1,0.2,0.75,2000,0.3,0.1,1500,1.372992727744947,0.37285714285714283,0.17857142857142858,1400,600
cp_cox_full,CP + Cox,0.895,1.1819521549428595,0.09891569673479843,s004,15,20300428,base,Base Weibull PH,3,0.3,1.2,1,0.2,0.75,2000,0.3,0.1,1500,1.3733598370270932,0.3657142857142857,0.155,1400,600
cp_cox_crossfit,CP + Cox (Cross-Fit),0.905,1.2051884716927492,0.08750518764516323,s004,15,20300428,base,Base Weibull PH,3,0.3,1.2,1,0.2,0.75,2000,0.3,0.1,1500,1.3733598370270932,0.3657142857142857,0.155,1400,600
cp_cox_full,CP + Cox,0.905,1.2476031193830006,0.07333991147469322,s004,16,20300429,base,Base Weibull PH,3,0.3,1.2,1,0.2,0.75,2000,0.3,0.1,1500,1.4270814373287215,0.3757142857142857,0.17785714285714285,1400,600
cp_cox_crossfit,CP + Cox (Cross-Fit),0.9016666666666666,1.2423380280885241,0.0755897966179589,s004,16,20300429,base,Base Weibull PH,3,0.3,1.2,1,0.2,0.75,2000,0.3,0.1,1500,1.4270814373287215,0.3757142857142857,0.17785714285714285,1400,600
cp_cox_full,CP + Cox,0.9066666666666666,1.1676461453275122,0.07244296410346533,s004,17,20300430,base,Base Weibull PH,3,0.3,1.2,1,0.2,0.75,2000,0.3,0.1,1500,1.3459399890811734,0.3628571428571429,0.17,1400,600
cp_cox_crossfit,CP + Cox (Cross-Fit),0.9116666666666666,1.1933064249912815,0.06300062704504593,s004,17,20300430,base,Base Weibull PH,3,0.3,1.2,1,0.2,0.75,2000,0.3,0.1,1500,1.3459399890811734,0.3628571428571429,0.17,1400,600
cp_cox_full,CP + Cox,0.905,1.1990518014692886,0.06709224069695666,s004,18,20300431,base,Base Weibull PH,3,0.3,1.2,1,0.2,0.75,2000,0.3,0.1,1500,1.3531118288673607,0.36,0.1707142857142857,1400,600
cp_cox_crossfit,CP + Cox (Cross-Fit),0.905,1.1931088445558964,0.06936623908854027,s004,18,20300431,base,Base Weibull PH,3,0.3,1.2,1,0.2,0.75,2000,0.3,0.1,1500,1.3531118288673607,0.36,0.1707142857142857,1400,600
cp_cox_full,CP + Cox,0.8616666666666667,1.1912660530543262,0.10189929191544728,s004,19,20300432,base,Base Weibull PH,3,0.3,1.2,1,0.2,0.75,2000,0.3,0.1,1500,1.403875937725209,0.36,0.15714285714285714,1400,600
cp_cox_crossfit,CP + Cox (Cross-Fit),0.89,1.230803504807299,0.0847961924052825,s004,19,20300432,base,Base Weibull PH,3,0.3,1.2,1,0.2,0.75,2000,0.3,0.1,1500,1.403875937725209,0.36,0.15714285714285714,1400,600
cp_cox_full,CP + Cox,0.91,1.272108686014599,0.0665004980812849,s004,20,20300433,base,Base Weibull PH,3,0.3,1.2,1,0.2,0.75,2000,0.3,0.1,1500,1.4325435560806008,0.3514285714285714,0.16714285714285715,1400,600
cp_cox_crossfit,CP + Cox (Cross-Fit),0.8966666666666666,1.2534028871672906,0.07328362047123842,s004,20,20300433,base,Base Weibull PH,3,0.3,1.2,1,0.2,0.75,2000,0.3,0.1,1500,1.4325435560806008,0.3514285714285714,0.16714285714285715,1400,600
cp_cox_full,CP + Cox,0.92,1.1938513872548078,0.08073979011797235,s004,21,20300434,base,Base Weibull PH,3,0.3,1.2,1,0.2,0.75,2000,0.3,0.1,1500,1.3478732452465279,0.3692857142857143,0.1692857142857143,1400,600
cp_cox_crossfit,CP + Cox (Cross-Fit),0.9133333333333333,1.183044672644217,0.08694562228777691,s004,21,20300434,base,Base Weibull PH,3,0.3,1.2,1,0.2,0.75,2000,0.3,0.1,1500,1.3478732452465279,0.3692857142857143,0.1692857142857143,1400,600
cp_cox_full,CP + Cox,0.895,1.1959641860179788,0.08523733704823576,s004,22,20300435,base,Base Weibull PH,3,0.3,1.2,1,0.2,0.75,2000,0.3,0.1,1500,1.3516262370831367,0.3757142857142857,0.18071428571428572,1400,600
cp_cox_crossfit,CP + Cox (Cross-Fit),0.8966666666666666,1.1985374918842824,0.08396673397003482,s004,22,20300435,base,Base Weibull PH,3,0.3,1.2,1,0.2,0.75,2000,0.3,0.1,1500,1.3516262370831367,0.3757142857142857,0.18071428571428572,1400,600
cp_cox_full,CP + Cox,0.8916666666666667,1.1909019237059977,0.0909558132482182,s004,23,20300436,base,Base Weibull PH,3,0.3,1.2,1,0.2,0.75,2000,0.3,0.1,1500,1.3812988137666862,0.3707142857142857,0.1692857142857143,1400,600
cp_cox_crossfit,CP + Cox (Cross-Fit),0.89,1.1865451148492459,0.09323602760329464,s004,23,20300436,base,Base Weibull PH,3,0.3,1.2,1,0.2,0.75,2000,0.3,0.1,1500,1.3812988137666862,0.3707142857142857,0.1692857142857143,1400,600
cp_cox_full,CP + Cox,0.895,1.1932708997451968,0.06350829787943611,s004,24,20300437,base,Base Weibull PH,3,0.3,1.2,1,0.2,0.75,2000,0.3,0.1,1500,1.3500102449462945,0.36428571428571427,0.16285714285714287,1400,600
cp_cox_crossfit,CP + Cox (Cross-Fit),0.9016666666666666,1.202674397713965,0.059134740981917996,s004,24,20300437,base,Base Weibull PH,3,0.3,1.2,1,0.2,0.75,2000,0.3,0.1,1500,1.3500102449462945,0.36428571428571427,0.16285714285714287,1400,600
cp_cox_full,CP + Cox,0.9266666666666666,1.2403880673770897,0.07156687455798245,s004,25,20300438,base,Base Weibull PH,3,0.3,1.2,1,0.2,0.75,2000,0.3,0.1,1500,1.4065583084411093,0.3607142857142857,0.14785714285714285,1400,600
cp_cox_crossfit,CP + Cox (Cross-Fit),0.9233333333333333,1.233021660080228,0.07448585123941892,s004,25,20300438,base,Base Weibull PH,3,0.3,1.2,1,0.2,0.75,2000,0.3,0.1,1500,1.4065583084411093,0.3607142857142857,0.14785714285714285,1400,600
cp_cox_full,CP + Cox,0.8866666666666667,1.1574074626093545,0.06801958429931507,s004,26,20300439,base,Base Weibull PH,3,0.3,1.2,1,0.2,0.75,2000,0.3,0.1,1500,1.3152667176728596,0.36642857142857144,0.16642857142857143,1400,600
cp_cox_crossfit,CP + Cox (Cross-Fit),0.8983333333333333,1.1668225361898237,0.06401808845983127,s004,26,20300439,base,Base Weibull PH,3,0.3,1.2,1,0.2,0.75,2000,0.3,0.1,1500,1.3152667176728596,0.36642857142857144,0.16642857142857143,1400,600
cp_cox_full,CP + Cox,0.9016666666666666,1.1846253858337916,0.08092631837125017,s004,27,20300440,base,Base Weibull PH,3,0.3,1.2,1,0.2,0.75,2000,0.3,0.1,1500,1.3681565539090625,0.37214285714285716,0.16785714285714284,1400,600
cp_cox_crossfit,CP + Cox (Cross-Fit),0.9,1.1808982633248315,0.08220645120170846,s004,27,20300440,base,Base Weibull PH,3,0.3,1.2,1,0.2,0.75,2000,0.3,0.1,1500,1.3681565539090625,0.37214285714285716,0.16785714285714284,1400,600
cp_cox_full,CP + Cox,0.8933333333333333,1.1684906597904288,0.0669546284690033,s004,28,20300441,base,Base Weibull PH,3,0.3,1.2,1,0.2,0.75,2000,0.3,0.1,1500,1.3347942439098697,0.36214285714285716,0.16214285714285714,1400,600
cp_cox_crossfit,CP + Cox (Cross-Fit),0.8866666666666667,1.1555798573183071,0.07251066506616717,s004,28,20300441,base,Base Weibull PH,3,0.3,1.2,1,0.2,0.75,2000,0.3,0.1,1500,1.3347942439098697,0.36214285714285716,0.16214285714285714,1400,600
cp_cox_full,CP + Cox,0.895,1.2101266349076854,0.09465674781773806,s004,29,20300442,base,Base Weibull PH,3,0.3,1.2,1,0.2,0.75,2000,0.3,0.1,1500,1.390917109492069,0.3657142857142857,0.17214285714285715,1400,600
cp_cox_crossfit,CP + Cox (Cross-Fit),0.8983333333333333,1.2179448467773197,0.09083744283159831,s004,29,20300442,base,Base Weibull PH,3,0.3,1.2,1,0.2,0.75,2000,0.3,0.1,1500,1.390917109492069,0.3657142857142857,0.17214285714285715,1400,600
cp_cox_full,CP + Cox,0.8766666666666667,1.2435387797084936,0.08843576903839237,s004,30,20300443,base,Base Weibull PH,3,0.3,1.2,1,0.2,0.75,2000,0.3,0.1,1500,1.426770339207704,0.3678571428571429,0.15642857142857142,1400,600
cp_cox_crossfit,CP + Cox (Cross-Fit),0.8983333333333333,1.2638097686212366,0.07996028350012577,s004,30,20300443,base,Base Weibull PH,3,0.3,1.2,1,0.2,0.75,2000,0.3,0.1,1500,1.426770339207704,0.3678571428571429,0.15642857142857142,1400,600
cp_cox_full,CP + Cox,0.87,2.1183914913876287,0.08234862621349213,s005,1,20310414,base,Base Weibull PH,3,0.3,1.2,1,0.2,0.9,2000,0.3,0.1,1500,2.2932723657875758,0.2757142857142857,0.062142857142857146,1400,600
cp_cox_crossfit,CP + Cox (Cross-Fit),0.885,2.1355253972329318,0.07417661799161542,s005,1,20310414,base,Base Weibull PH,3,0.3,1.2,1,0.2,0.9,2000,0.3,0.1,1500,2.2932723657875758,0.2757142857142857,0.062142857142857146,1400,600
cp_cox_full,CP + Cox,0.89,1.95762346942795,0.062276376544857556,s005,2,20310415,base,Base Weibull PH,3,0.3,1.2,1,0.2,0.9,2000,0.3,0.1,1500,2.109032397703024,0.25642857142857145,0.05142857142857143,1400,600
cp_cox_crossfit,CP + Cox (Cross-Fit),0.885,1.9449259640759726,0.06830275051740844,s005,2,20310415,base,Base Weibull PH,3,0.3,1.2,1,0.2,0.9,2000,0.3,0.1,1500,2.109032397703024,0.25642857142857145,0.05142857142857143,1400,600
cp_cox_full,CP + Cox,0.8833333333333333,2.2693358147379232,0.07061719203353939,s005,3,20310416,base,Base Weibull PH,3,0.3,1.2,1,0.2,0.9,2000,0.3,0.1,1500,2.426349961818907,0.24071428571428571,0.06571428571428571,1400,600
cp_cox_crossfit,CP + Cox (Cross-Fit),0.88,2.2563803635399644,0.07616487687977151,s005,3,20310416,base,Base Weibull PH,3,0.3,1.2,1,0.2,0.9,2000,0.3,0.1,1500,2.426349961818907,0.24071428571428571,0.06571428571428571,1400,600
cp_cox_full,CP + Cox,0.8866666666666667,2.143789346033865,0.09609154856598957,s005,4,20310417,base,Base Weibull PH,3,0.3,1.2,1,0.2,0.9,2000,0.3,0.1,1500,2.3284679391673357,0.25,0.05857142857142857,1400,600
cp_cox_crossfit,CP + Cox (Cross-Fit),0.9033333333333333,2.1657347424595765,0.08414491499708235,s005,4,20310417,base,Base Weibull PH,3,0.3,1.2,1,0.2,0.9,2000,0.3,0.1,1500,2.3284679391673357,0.25,0.05857142857142857,1400,600
cp_cox_full,CP + Cox,0.89,2.027998351088197,0.07337607945669565,s005,5,20310418,base,Base Weibull PH,3,0.3,1.2,1,0.2,0.9,2000,0.3,0.1,1500,2.1788722534112757,0.23785714285714285,0.045,1400,600
cp_cox_crossfit,CP + Cox (Cross-Fit),0.905,2.0464516289483687,0.06341999863964282,s005,5,20310418,base,Base Weibull PH,3,0.3,1.2,1,0.2,0.9,2000,0.3,0.1,1500,2.1788722534112757,0.23785714285714285,0.045,1400,600
cp_cox_full,CP + Cox,0.9333333333333333,2.1138076964946153,0.05786181049831748,s005,6,20310419,base,Base Weibull PH,3,0.3,1.2,1,0.2,0.9,2000,0.3,0.1,1500,2.2452028477923807,0.245,0.047142857142857146,1400,600
cp_cox_crossfit,CP + Cox (Cross-Fit),0.91,2.076949963463843,0.07612811892376066,s005,6,20310419,base,Base Weibull PH,3,0.3,1.2,1,0.2,0.9,2000,0.3,0.1,1500,2.2452028477923807,0.245,0.047142857142857146,1400,600
cp_cox_full,CP + Cox,0.9316666666666666,1.9641537809624134,0.06863675887397584,s005,7,20310420,base,Base Weibull PH,3,0.3,1.2,1,0.2,0.9,2000,0.3,0.1,1500,2.1286009631725675,0.25142857142857145,0.054285714285714284,1400,600
cp_cox_crossfit,CP + Cox (Cross-Fit),0.935,1.9734223466640173,0.06524133883225296,s005,7,20310420,base,Base Weibull PH,3,0.3,1.2,1,0.2,0.9,2000,0.3,0.1,1500,2.1286009631725675,0.25142857142857145,0.054285714285714284,1400,600
cp_cox_full,CP + Cox,0.8733333333333333,2.1343332591953423,0.07947507001592713,s005,8,20310421,base,Base Weibull PH,3,0.3,1.2,1,0.2,0.9,2000,0.3,0.1,1500,2.320835338134813,0.2542857142857143,0.047857142857142855,1400,600
cp_cox_crossfit,CP + Cox (Cross-Fit),0.8966666666666666,2.161491838970479,0.06815391130389586,s005,8,20310421,base,Base Weibull PH,3,0.3,1.2,1,0.2,0.9,2000,0.3,0.1,1500,2.320835338134813,0.2542857142857143,0.047857142857142855,1400,600
cp_cox_full,CP + Cox,0.9116666666666666,2.0784162141301343,0.07952432332084573,s005,9,20310422,base,Base Weibull PH,3,0.3,1.2,1,0.2,0.9,2000,0.3,0.1,1500,2.2540654282682664,0.24214285714285713,0.060714285714285714,1400,600
cp_cox_crossfit,CP + Cox (Cross-Fit),0.915,2.0840483959474505,0.07648042014584133,s005,9,20310422,base,Base Weibull PH,3,0.3,1.2,1,0.2,0.9,2000,0.3,0.1,1500,2.2540654282682664,0.24214285714285713,0.060714285714285714,1400,600
cp_cox_full,CP + Cox,0.8783333333333333,2.066258648385173,0.09090912411689175,s005,10,20310423,base,Base Weibull PH,3,0.3,1.2,1,0.2,0.9,2000,0.3,0.1,1500,2.2620657266512576,0.2392857142857143,0.055714285714285716,1400,600
cp_cox_crossfit,CP + Cox (Cross-Fit),0.895,2.0908947758106056,0.08009243623915059,s005,10,20310423,base,Base Weibull PH,3,0.3,1.2,1,0.2,0.9,2000,0.3,0.1,1500,2.2620657266512576,0.2392857142857143,0.055714285714285716,1400,600
cp_cox_full,CP + Cox,0.915,2.212380621463675,0.0786879662562088,s005,11,20310424,base,Base Weibull PH,3,0.3,1.2,1,0.2,0.9,2000,0.3,0.1,1500,2.3950386734085116,0.2507142857142857,0.05928571428571429,1400,600
cp_cox_crossfit,CP + Cox (Cross-Fit),0.915,2.2130177435706395,0.07848106462679735,s005,11,20310424,base,Base Weibull PH,3,0.3,1.2,1,0.2,0.9,2000,0.3,0.1,1500,2.3950386734085116,0.2507142857142857,0.05928571428571429,1400,600
cp_cox_full,CP + Cox,0.9083333333333333,2.092287879592811,0.06549303262485029,s005,12,20310425,base,Base Weibull PH,3,0.3,1.2,1,0.2,0.9,2000,0.3,0.1,1500,2.2556280638314394,0.25642857142857145,0.055,1400,600
cp_cox_crossfit,CP + Cox (Cross-Fit),0.9,2.0771579948167207,0.07240162875667164,s005,12,20310425,base,Base Weibull PH,3,0.3,1.2,1,0.2,0.9,2000,0.3,0.1,1500,2.2556280638314394,0.25642857142857145,0.055,1400,600
cp_cox_full,CP + Cox,0.8733333333333333,2.1869610537029742,0.0942378647987394,s005,13,20310426,base,Base Weibull PH,3,0.3,1.2,1,0.2,0.9,2000,0.3,0.1,1500,2.377024343943752,0.285,0.04857142857142857,1400,600
cp_cox_crossfit,CP + Cox (Cross-Fit),0.88,2.1959567758600067,0.09059668018069558,s005,13,20310426,base,Base Weibull PH,3,0.3,1.2,1,0.2,0.9,2000,0.3,0.1,1500,2.377024343943752,0.285,0.04857142857142857,1400,600
cp_cox_full,CP + Cox,0.93,2.156340740190819,0.0791580542217035,s005,14,20310427,base,Base Weibull PH,3,0.3,1.2,1,0.2,0.9,2000,0.3,0.1,1500,2.307689452495774,0.2664285714285714,0.056428571428571425,1400,600
cp_cox_crossfit,CP + Cox (Cross-Fit),0.9416666666666667,2.1667146316217254,0.07439110435620368,s005,14,20310427,base,Base Weibull PH,3,0.3,1.2,1,0.2,0.9,2000,0.3,0.1,1500,2.307689452495774,0.2664285714285714,0.056428571428571425,1400,600
cp_cox_full,CP + Cox,0.8666666666666667,2.0337508243999918,0.10654428956997027,s005,15,20310428,base,Base Weibull PH,3,0.3,1.2,1,0.2,0.9,2000,0.3,0.1,1500,2.2409016343622676,0.2742857142857143,0.054285714285714284,1400,600
cp_cox_crossfit,CP + Cox (Cross-Fit),0.9283333333333333,2.0949782195127695,0.07680504182991446,s005,15,20310428,base,Base Weibull PH,3,0.3,1.2,1,0.2,0.9,2000,0.3,0.1,1500,2.2409016343622676,0.2742857142857143,0.054285714285714284,1400,600
cp_cox_full,CP + Cox,0.8916666666666667,2.093336488673075,0.07672316110481744,s005,16,20310429,base,Base Weibull PH,3,0.3,1.2,1,0.2,0.9,2000,0.3,0.1,1500,2.25544145339791,0.25357142857142856,0.04928571428571429,1400,600
cp_cox_crossfit,CP + Cox (Cross-Fit),0.9083333333333333,2.119330214469636,0.06311194580703088,s005,16,20310429,base,Base Weibull PH,3,0.3,1.2,1,0.2,0.9,2000,0.3,0.1,1500,2.25544145339791,0.25357142857142856,0.04928571428571429,1400,600
cp_cox_full,CP + Cox,0.9016666666666666,2.110239448296418,0.06529148421452703,s005,17,20310430,base,Base Weibull PH,3,0.3,1.2,1,0.2,0.9,2000,0.3,0.1,1500,2.2732621697129107,0.26142857142857145,0.05785714285714286,1400,600
cp_cox_crossfit,CP + Cox (Cross-Fit),0.8966666666666666,2.102648817971058,0.0686312068057599,s005,17,20310430,base,Base Weibull PH,3,0.3,1.2,1,0.2,0.9,2000,0.3,0.1,1500,2.2732621697129107,0.26142857142857145,0.05785714285714286,1400,600
cp_cox_full,CP + Cox,0.89,2.1056297848058967,0.07905021624657582,s005,18,20310431,base,Base Weibull PH,3,0.3,1.2,1,0.2,0.9,2000,0.3,0.1,1500,2.299150342493739,0.25214285714285717,0.05,1400,600
cp_cox_crossfit,CP + Cox (Cross-Fit),0.895,2.1211468531063233,0.07211820088691513,s005,18,20310431,base,Base Weibull PH,3,0.3,1.2,1,0.2,0.9,2000,0.3,0.1,1500,2.299150342493739,0.25214285714285717,0.05,1400,600
cp_cox_full,CP + Cox,0.8983333333333333,2.2264304789794602,0.0710968428274335,s005,19,20310432,base,Base Weibull PH,3,0.3,1.2,1,0.2,0.9,2000,0.3,0.1,1500,2.411317072369328,0.25642857142857145,0.05714285714285714,1400,600
cp_cox_crossfit,CP + Cox (Cross-Fit),0.8916666666666667,2.220955281457771,0.0731662526913791,s005,19,20310432,base,Base Weibull PH,3,0.3,1.2,1,0.2,0.9,2000,0.3,0.1,1500,2.411317072369328,0.25642857142857145,0.05714285714285714,1400,600
cp_cox_full,CP + Cox,0.915,2.0858915718690088,0.07627448982483408,s005,20,20310433,base,Base Weibull PH,3,0.3,1.2,1,0.2,0.9,2000,0.3,0.1,1500,2.237742622757502,0.25,0.05357142857142857,1400,600
cp_cox_crossfit,CP + Cox (Cross-Fit),0.9183333333333333,2.0955107087467515,0.07178654320623837,s005,20,20310433,base,Base Weibull PH,3,0.3,1.2,1,0.2,0.9,2000,0.3,0.1,1500,2.237742622757502,0.25,0.05357142857142857,1400,600
cp_cox_full,CP + Cox,0.9166666666666666,2.1857117535278334,0.09627976497638645,s005,21,20310434,base,Base Weibull PH,3,0.3,1.2,1,0.2,0.9,2000,0.3,0.1,1500,2.3673166752223125,0.23857142857142857,0.055714285714285716,1400,600
cp_cox_crossfit,CP + Cox (Cross-Fit),0.9183333333333333,2.2046077526528616,0.08662367784244472,s005,21,20310434,base,Base Weibull PH,3,0.3,1.2,1,0.2,0.9,2000,0.3,0.1,1500,2.3673166752223125,0.23857142857142857,0.055714285714285716,1400,600
cp_cox_full,CP + Cox,0.8783333333333333,2.086821431831927,0.09670661526425058,s005,22,20310435,base,Base Weibull PH,3,0.3,1.2,1,0.2,0.9,2000,0.3,0.1,1500,2.268781423543622,0.2557142857142857,0.060714285714285714,1400,600
cp_cox_crossfit,CP + Cox (Cross-Fit),0.8816666666666667,2.0946403283450543,0.09292712446215198,s005,22,20310435,base,Base Weibull PH,3,0.3,1.2,1,0.2,0.9,2000,0.3,0.1,1500,2.268781423543622,0.2557142857142857,0.060714285714285714,1400,600
cp_cox_full,CP + Cox,0.8983333333333333,2.1101469944747997,0.07087719931799442,s005,23,20310436,base,Base Weibull PH,3,0.3,1.2,1,0.2,0.9,2000,0.3,0.1,1500,2.261585004819394,0.2692857142857143,0.06928571428571428,1400,600
cp_cox_crossfit,CP + Cox (Cross-Fit),0.8933333333333333,2.101363463201789,0.0747537603221651,s005,23,20310436,base,Base Weibull PH,3,0.3,1.2,1,0.2,0.9,2000,0.3,0.1,1500,2.261585004819394,0.2692857142857143,0.06928571428571428,1400,600
cp_cox_full,CP + Cox,0.8866666666666667,2.138240452866648,0.0887431729631786,s005,24,20310437,base,Base Weibull PH,3,0.3,1.2,1,0.2,0.9,2000,0.3,0.1,1500,2.3162796502703427,0.26857142857142857,0.054285714285714284,1400,600
cp_cox_crossfit,CP + Cox (Cross-Fit),0.8966666666666666,2.1465102679677823,0.08465427550152434,s005,24,20310437,base,Base Weibull PH,3,0.3,1.2,1,0.2,0.9,2000,0.3,0.1,1500,2.3162796502703427,0.26857142857142857,0.054285714285714284,1400,600
cp_cox_full,CP + Cox,0.915,2.0523640268122874,0.09523686669257313,s005,25,20310438,base,Base Weibull PH,3,0.3,1.2,1,0.2,0.9,2000,0.3,0.1,1500,2.233517825079547,0.24571428571428572,0.062142857142857146,1400,600
cp_cox_crossfit,CP + Cox (Cross-Fit),0.91,2.040730163715949,0.10085531898877186,s005,25,20310438,base,Base Weibull PH,3,0.3,1.2,1,0.2,0.9,2000,0.3,0.1,1500,2.233517825079547,0.24571428571428572,0.062142857142857146,1400,600
cp_cox_full,CP + Cox,0.8966666666666666,2.148374725903743,0.07596295894601587,s005,26,20310439,base,Base Weibull PH,3,0.3,1.2,1,0.2,0.9,2000,0.3,0.1,1500,2.317515552333505,0.26357142857142857,0.055714285714285716,1400,600
cp_cox_crossfit,CP + Cox (Cross-Fit),0.8966666666666666,2.1500726859747203,0.07524777593593884,s005,26,20310439,base,Base Weibull PH,3,0.3,1.2,1,0.2,0.9,2000,0.3,0.1,1500,2.317515552333505,0.26357142857142857,0.055714285714285716,1400,600
cp_cox_full,CP + Cox,0.9183333333333333,2.0584864546095534,0.0734847488816782,s005,27,20310440,base,Base Weibull PH,3,0.3,1.2,1,0.2,0.9,2000,0.3,0.1,1500,2.221969562898768,0.27071428571428574,0.062142857142857146,1400,600
cp_cox_crossfit,CP + Cox (Cross-Fit),0.9183333333333333,2.057692566447169,0.0738271432354233,s005,27,20310440,base,Base Weibull PH,3,0.3,1.2,1,0.2,0.9,2000,0.3,0.1,1500,2.221969562898768,0.27071428571428574,0.062142857142857146,1400,600
cp_cox_full,CP + Cox,0.8866666666666667,2.1030928265105837,0.07552196151679638,s005,28,20310441,base,Base Weibull PH,3,0.3,1.2,1,0.2,0.9,2000,0.3,0.1,1500,2.2750752802343888,0.255,0.05285714285714286,1400,600
cp_cox_crossfit,CP + Cox (Cross-Fit),0.8833333333333333,2.096407089479107,0.07807032674730471,s005,28,20310441,base,Base Weibull PH,3,0.3,1.2,1,0.2,0.9,2000,0.3,0.1,1500,2.2750752802343888,0.255,0.05285714285714286,1400,600
cp_cox_full,CP + Cox,0.89,2.2057502852515976,0.08032742171709133,s005,29,20310442,base,Base Weibull PH,3,0.3,1.2,1,0.2,0.9,2000,0.3,0.1,1500,2.374563715658145,0.2571428571428571,0.054285714285714284,1400,600
cp_cox_crossfit,CP + Cox (Cross-Fit),0.91,2.2338394529117798,0.06806522717153222,s005,29,20310442,base,Base Weibull PH,3,0.3,1.2,1,0.2,0.9,2000,0.3,0.1,1500,2.374563715658145,0.2571428571428571,0.054285714285714284,1400,600
cp_cox_full,CP + Cox,0.9233333333333333,2.209838508460374,0.07699761000632195,s005,30,20310443,base,Base Weibull PH,3,0.3,1.2,1,0.2,0.9,2000,0.3,0.1,1500,2.3629552076962104,0.2507142857142857,0.05714285714285714,1400,600
cp_cox_crossfit,CP + Cox (Cross-Fit),0.915,2.1972182134780147,0.08413250969200281,s005,30,20310443,base,Base Weibull PH,3,0.3,1.2,1,0.2,0.9,2000,0.3,0.1,1500,2.3629552076962104,0.2507142857142857,0.05714285714285714,1400,600
cp_cox_full,CP + Cox,0.8883333333333333,3.264121532406468,0.08046422865621083,s006,1,20320414,base,Base Weibull PH,3,0.3,1.2,1,0.2,0.97,2000,0.3,0.1,1500,3.4602241302323202,0.19785714285714287,0.01,1400,600
cp_cox_crossfit,CP + Cox (Cross-Fit),0.89,3.2695550949681746,0.07815607374701741,s006,1,20320414,base,Base Weibull PH,3,0.3,1.2,1,0.2,0.97,2000,0.3,0.1,1500,3.4602241302323202,0.19785714285714287,0.01,1400,600
cp_cox_full,CP + Cox,0.9066666666666666,3.511867436726892,0.08413577192687094,s006,2,20320415,base,Base Weibull PH,3,0.3,1.2,1,0.2,0.97,2000,0.3,0.1,1500,3.6913306060697493,0.23142857142857143,0.012857142857142857,1400,600
cp_cox_crossfit,CP + Cox (Cross-Fit),0.9166666666666666,3.522103193955935,0.07867798527550503,s006,2,20320415,base,Base Weibull PH,3,0.3,1.2,1,0.2,0.97,2000,0.3,0.1,1500,3.6913306060697493,0.23142857142857143,0.012857142857142857,1400,600
cp_cox_full,CP + Cox,0.885,3.4340520164765187,0.06910265709946059,s006,3,20320416,base,Base Weibull PH,3,0.3,1.2,1,0.2,0.97,2000,0.3,0.1,1500,3.5936757225409384,0.19714285714285715,0.014285714285714285,1400,600
cp_cox_crossfit,CP + Cox (Cross-Fit),0.8916666666666667,3.43669630040926,0.06800612770850435,s006,3,20320416,base,Base Weibull PH,3,0.3,1.2,1,0.2,0.97,2000,0.3,0.1,1500,3.5936757225409384,0.19714285714285715,0.014285714285714285,1400,600
cp_cox_full,CP + Cox,0.9183333333333333,3.835539326742461,0.09283920649939423,s006,4,20320417,base,Base Weibull PH,3,0.3,1.2,1,0.2,0.97,2000,0.3,0.1,1500,4.0138067291819874,0.21857142857142858,0.009285714285714286,1400,600
cp_cox_crossfit,CP + Cox (Cross-Fit),0.9183333333333333,3.831691988308253,0.09471493789094138,s006,4,20320417,base,Base Weibull PH,3,0.3,1.2,1,0.2,0.97,2000,0.3,0.1,1500,4.0138067291819874,0.21857142857142858,0.009285714285714286,1400,600
cp_cox_full,CP + Cox,0.9033333333333333,3.528632638990629,0.08199015906000312,s006,5,20320418,base,Base Weibull PH,3,0.3,1.2,1,0.2,0.97,2000,0.3,0.1,1500,3.6964494423636687,0.23714285714285716,0.012857142857142857,1400,600
cp_cox_crossfit,CP + Cox (Cross-Fit),0.9033333333333333,3.5284057530295274,0.08205798965510554,s006,5,20320418,base,Base Weibull PH,3,0.3,1.2,1,0.2,0.97,2000,0.3,0.1,1500,3.6964494423636687,0.23714285714285716,0.012857142857142857,1400,600
cp_cox_full,CP + Cox,0.8583333333333333,3.434587658504429,0.08145759196823175,s006,6,20320419,base,Base Weibull PH,3,0.3,1.2,1,0.2,0.97,2000,0.3,0.1,1500,3.6147040058461917,0.20214285714285715,0.012857142857142857,1400,600
cp_cox_crossfit,CP + Cox (Cross-Fit),0.8683333333333333,3.441770691705999,0.078160434294933,s006,6,20320419,base,Base Weibull PH,3,0.3,1.2,1,0.2,0.97,2000,0.3,0.1,1500,3.6147040058461917,0.20214285714285715,0.012857142857142857,1400,600
cp_cox_full,CP + Cox,0.88,3.449039195588616,0.068599898169166,s006,7,20320420,base,Base Weibull PH,3,0.3,1.2,1,0.2,0.97,2000,0.3,0.1,1500,3.613329985584065,0.2257142857142857,0.012142857142857143,1400,600
cp_cox_crossfit,CP + Cox (Cross-Fit),0.8883333333333333,3.458213829009047,0.06424531816901408,s006,7,20320420,base,Base Weibull PH,3,0.3,1.2,1,0.2,0.97,2000,0.3,0.1,1500,3.613329985584065,0.2257142857142857,0.012142857142857143,1400,600
cp_cox_full,CP + Cox,0.9,3.769699509151554,0.07823785857203194,s006,8,20320421,base,Base Weibull PH,3,0.3,1.2,1,0.2,0.97,2000,0.3,0.1,1500,3.9423868306848635,0.21714285714285714,0.012142857142857143,1400,600
cp_cox_crossfit,CP + Cox (Cross-Fit),0.905,3.7739190899902724,0.07651013253152082,s006,8,20320421,base,Base Weibull PH,3,0.3,1.2,1,0.2,0.97,2000,0.3,0.1,1500,3.9423868306848635,0.21714285714285714,0.012142857142857143,1400,600
cp_cox_full,CP + Cox,0.885,3.3995872734985784,0.0789455692418462,s006,9,20320422,base,Base Weibull PH,3,0.3,1.2,1,0.2,0.97,2000,0.3,0.1,1500,3.5773749937889052,0.20857142857142857,0.009285714285714286,1400,600
cp_cox_crossfit,CP + Cox (Cross-Fit),0.8983333333333333,3.4209252338495517,0.06624913255370653,s006,9,20320422,base,Base Weibull PH,3,0.3,1.2,1,0.2,0.97,2000,0.3,0.1,1500,3.5773749937889052,0.20857142857142857,0.009285714285714286,1400,600
cp_cox_full,CP + Cox,0.9333333333333333,3.4484493150805178,0.0741040032588254,s006,10,20320423,base,Base Weibull PH,3,0.3,1.2,1,0.2,0.97,2000,0.3,0.1,1500,3.600181573406726,0.22,0.016428571428571428,1400,600
cp_cox_crossfit,CP + Cox (Cross-Fit),0.9366666666666666,3.4570442431068353,0.06974917624288088,s006,10,20320423,base,Base Weibull PH,3,0.3,1.2,1,0.2,0.97,2000,0.3,0.1,1500,3.600181573406726,0.22,0.016428571428571428,1400,600
cp_cox_full,CP + Cox,0.925,3.6242913376182955,0.0813061167904965,s006,11,20320424,base,Base Weibull PH,3,0.3,1.2,1,0.2,0.97,2000,0.3,0.1,1500,3.7781555264189395,0.20857142857142857,0.010714285714285714,1400,600
cp_cox_crossfit,CP + Cox (Cross-Fit),0.9266666666666666,3.634646317551874,0.07558813752996886,s006,11,20320424,base,Base Weibull PH,3,0.3,1.2,1,0.2,0.97,2000,0.3,0.1,1500,3.7781555264189395,0.20857142857142857,0.010714285714285714,1400,600
cp_cox_full,CP + Cox,0.9033333333333333,3.565481541148947,0.06282707668488499,s006,12,20320425,base,Base Weibull PH,3,0.3,1.2,1,0.2,0.97,2000,0.3,0.1,1500,3.724664614329118,0.21642857142857144,0.010714285714285714,1400,600
cp_cox_crossfit,CP + Cox (Cross-Fit),0.91,3.5791279692083378,0.05717817974237408,s006,12,20320425,base,Base Weibull PH,3,0.3,1.2,1,0.2,0.97,2000,0.3,0.1,1500,3.724664614329118,0.21642857142857144,0.010714285714285714,1400,600
cp_cox_full,CP + Cox,0.91,3.5114660588696864,0.09442264760206423,s006,13,20320426,base,Base Weibull PH,3,0.3,1.2,1,0.2,0.97,2000,0.3,0.1,1500,3.70946483263504,0.2092857142857143,0.010714285714285714,1400,600
cp_cox_crossfit,CP + Cox (Cross-Fit),0.9166666666666666,3.5206837663527657,0.08977268563292176,s006,13,20320426,base,Base Weibull PH,3,0.3,1.2,1,0.2,0.97,2000,0.3,0.1,1500,3.70946483263504,0.2092857142857143,0.010714285714285714,1400,600
cp_cox_full,CP + Cox,0.8866666666666667,3.476194278548846,0.071022973457102,s006,14,20320427,base,Base Weibull PH,3,0.3,1.2,1,0.2,0.97,2000,0.3,0.1,1500,3.630079242307526,0.22071428571428572,0.013571428571428571,1400,600
cp_cox_crossfit,CP + Cox (Cross-Fit),0.8866666666666667,3.4758805419853402,0.0711435467069186,s006,14,20320427,base,Base Weibull PH,3,0.3,1.2,1,0.2,0.97,2000,0.3,0.1,1500,3.630079242307526,0.22071428571428572,0.013571428571428571,1400,600
cp_cox_full,CP + Cox,0.9116666666666666,3.483200620360199,0.07904903404480598,s006,15,20320428,base,Base Weibull PH,3,0.3,1.2,1,0.2,0.97,2000,0.3,0.1,1500,3.6511766935379986,0.2042857142857143,0.012142857142857143,1400,600
cp_cox_crossfit,CP + Cox (Cross-Fit),0.9233333333333333,3.5021861335977817,0.0681660106851631,s006,15,20320428,base,Base Weibull PH,3,0.3,1.2,1,0.2,0.97,2000,0.3,0.1,1500,3.6511766935379986,0.2042857142857143,0.012142857142857143,1400,600
cp_cox_full,CP + Cox,0.91,3.6399283675051324,0.06756384336084278,s006,16,20320429,base,Base Weibull PH,3,0.3,1.2,1,0.2,0.97,2000,0.3,0.1,1500,3.8074544897032325,0.20142857142857143,0.009285714285714286,1400,600
cp_cox_crossfit,CP + Cox (Cross-Fit),0.91,3.6460320803059143,0.06529079479926857,s006,16,20320429,base,Base Weibull PH,3,0.3,1.2,1,0.2,0.97,2000,0.3,0.1,1500,3.8074544897032325,0.20142857142857143,0.009285714285714286,1400,600
cp_cox_full,CP + Cox,0.9216666666666666,3.590462450842654,0.06739405368317364,s006,17,20320430,base,Base Weibull PH,3,0.3,1.2,1,0.2,0.97,2000,0.3,0.1,1500,3.7624080837503793,0.21142857142857144,0.011428571428571429,1400,600
cp_cox_crossfit,CP + Cox (Cross-Fit),0.9083333333333333,3.5827080547332955,0.07033067975496957,s006,17,20320430,base,Base Weibull PH,3,0.3,1.2,1,0.2,0.97,2000,0.3,0.1,1500,3.7624080837503793,0.21142857142857144,0.011428571428571429,1400,600
cp_cox_full,CP + Cox,0.9,3.405803493832867,0.0717351503575447,s006,18,20320431,base,Base Weibull PH,3,0.3,1.2,1,0.2,0.97,2000,0.3,0.1,1500,3.5721330929655024,0.2042857142857143,0.015714285714285715,1400,600
cp_cox_crossfit,CP + Cox (Cross-Fit),0.89,3.383877350279169,0.08183973582622565,s006,18,20320431,base,Base Weibull PH,3,0.3,1.2,1,0.2,0.97,2000,0.3,0.1,1500,3.5721330929655024,0.2042857142857143,0.015714285714285715,1400,600
cp_cox_full,CP + Cox,0.8833333333333333,3.3217978560077706,0.057728732748430885,s006,19,20320432,base,Base Weibull PH,3,0.3,1.2,1,0.2,0.97,2000,0.3,0.1,1500,3.4682594184117357,0.2257142857142857,0.015714285714285715,1400,600
cp_cox_crossfit,CP + Cox (Cross-Fit),0.8866666666666667,3.323822843108623,0.05676966100965246,s006,19,20320432,base,Base Weibull PH,3,0.3,1.2,1,0.2,0.97,2000,0.3,0.1,1500,3.4682594184117357,0.2257142857142857,0.015714285714285715,1400,600
cp_cox_full,CP + Cox,0.8916666666666667,3.296674042784379,0.08593428701399368,s006,20,20320433,base,Base Weibull PH,3,0.3,1.2,1,0.2,0.97,2000,0.3,0.1,1500,3.48247451274068,0.20785714285714285,0.012142857142857143,1400,600
cp_cox_crossfit,CP + Cox (Cross-Fit),0.915,3.3346486298601623,0.0691082258107627,s006,20,20320433,base,Base Weibull PH,3,0.3,1.2,1,0.2,0.97,2000,0.3,0.1,1500,3.48247451274068,0.20785714285714285,0.012142857142857143,1400,600
cp_cox_full,CP + Cox,0.8983333333333333,3.6181122467289173,0.08944486862608059,s006,21,20320434,base,Base Weibull PH,3,0.3,1.2,1,0.2,0.97,2000,0.3,0.1,1500,3.801477593765423,0.21285714285714286,0.01,1400,600
cp_cox_crossfit,CP + Cox (Cross-Fit),0.8766666666666667,3.5903076400887017,0.10163932579259206,s006,21,20320434,base,Base Weibull PH,3,0.3,1.2,1,0.2,0.97,2000,0.3,0.1,1500,3.801477593765423,0.21285714285714286,0.01,1400,600
cp_cox_full,CP + Cox,0.8916666666666667,3.314305026930707,0.08117124554830442,s006,22,20320435,base,Base Weibull PH,3,0.3,1.2,1,0.2,0.97,2000,0.3,0.1,1500,3.4915039517754383,0.21,0.016428571428571428,1400,600
cp_cox_crossfit,CP + Cox (Cross-Fit),0.91,3.3438907087091545,0.06856645969826637,s006,22,20320435,base,Base Weibull PH,3,0.3,1.2,1,0.2,0.97,2000,0.3,0.1,1500,3.4915039517754383,0.21,0.016428571428571428,1400,600
cp_cox_full,CP + Cox,0.8933333333333333,3.4857923204207424,0.07900326264852024,s006,23,20320436,base,Base Weibull PH,3,0.3,1.2,1,0.2,0.97,2000,0.3,0.1,1500,3.664965878848771,0.20214285714285715,0.013571428571428571,1400,600
cp_cox_crossfit,CP + Cox (Cross-Fit),0.885,3.4752346232922577,0.08335769204052973,s006,23,20320436,base,Base Weibull PH,3,0.3,1.2,1,0.2,0.97,2000,0.3,0.1,1500,3.664965878848771,0.20214285714285715,0.013571428571428571,1400,600
cp_cox_full,CP + Cox,0.895,3.382277257517102,0.08884513274557011,s006,24,20320437,base,Base Weibull PH,3,0.3,1.2,1,0.2,0.97,2000,0.3,0.1,1500,3.5684917526848845,0.21214285714285713,0.007857142857142858,1400,600
cp_cox_crossfit,CP + Cox (Cross-Fit),0.8933333333333333,3.3775870038255458,0.09100626992529026,s006,24,20320437,base,Base Weibull PH,3,0.3,1.2,1,0.2,0.97,2000,0.3,0.1,1500,3.5684917526848845,0.21214285714285713,0.007857142857142858,1400,600
cp_cox_full,CP + Cox,0.895,3.3387453683986807,0.08716840382355398,s006,25,20320438,base,Base Weibull PH,3,0.3,1.2,1,0.2,0.97,2000,0.3,0.1,1500,3.5187339886694287,0.23214285714285715,0.010714285714285714,1400,600
cp_cox_crossfit,CP + Cox (Cross-Fit),0.8933333333333333,3.3346786508717114,0.08912313399485663,s006,25,20320438,base,Base Weibull PH,3,0.3,1.2,1,0.2,0.97,2000,0.3,0.1,1500,3.5187339886694287,0.23214285714285715,0.010714285714285714,1400,600
cp_cox_full,CP + Cox,0.905,3.255700580743696,0.0674811845200388,s006,26,20320439,base,Base Weibull PH,3,0.3,1.2,1,0.2,0.97,2000,0.3,0.1,1500,3.4141248620801754,0.20785714285714285,0.015,1400,600
cp_cox_crossfit,CP + Cox (Cross-Fit),0.905,3.25294067677747,0.06863019596344595,s006,26,20320439,base,Base Weibull PH,3,0.3,1.2,1,0.2,0.97,2000,0.3,0.1,1500,3.4141248620801754,0.20785714285714285,0.015,1400,600
cp_cox_full,CP + Cox,0.915,3.4781899165802224,0.06475811403893474,s006,27,20320440,base,Base Weibull PH,3,0.3,1.2,1,0.2,0.97,2000,0.3,0.1,1500,3.6377406551501754,0.21142857142857144,0.01,1400,600
cp_cox_crossfit,CP + Cox (Cross-Fit),0.9283333333333333,3.498357041388333,0.05615765240997211,s006,27,20320440,base,Base Weibull PH,3,0.3,1.2,1,0.2,0.97,2000,0.3,0.1,1500,3.6377406551501754,0.21142857142857144,0.01,1400,600
cp_cox_full,CP + Cox,0.8716666666666667,3.418725691897571,0.08650254036313333,s006,28,20320441,base,Base Weibull PH,3,0.3,1.2,1,0.2,0.97,2000,0.3,0.1,1500,3.619576356825464,0.21928571428571428,0.012857142857142857,1400,600
cp_cox_crossfit,CP + Cox (Cross-Fit),0.8833333333333333,3.430112430597162,0.08156871329513248,s006,28,20320441,base,Base Weibull PH,3,0.3,1.2,1,0.2,0.97,2000,0.3,0.1,1500,3.619576356825464,0.21928571428571428,0.012857142857142857,1400,600
cp_cox_full,CP + Cox,0.915,3.267600049164667,0.07565712524786387,s006,29,20320442,base,Base Weibull PH,3,0.3,1.2,1,0.2,0.97,2000,0.3,0.1,1500,3.4232999530366004,0.2057142857142857,0.009285714285714286,1400,600
cp_cox_crossfit,CP + Cox (Cross-Fit),0.8866666666666667,3.2308974748520782,0.092938213838744,s006,29,20320442,base,Base Weibull PH,3,0.3,1.2,1,0.2,0.97,2000,0.3,0.1,1500,3.4232999530366004,0.2057142857142857,0.009285714285714286,1400,600
cp_cox_full,CP + Cox,0.9066666666666666,3.3095674100215526,0.08498780503098805,s006,30,20320443,base,Base Weibull PH,3,0.3,1.2,1,0.2,0.97,2000,0.3,0.1,1500,3.4842668625278947,0.21285714285714286,0.014285714285714285,1400,600
cp_cox_crossfit,CP + Cox (Cross-Fit),0.9,3.3010615035158595,0.08904152602334109,s006,30,20320443,base,Base Weibull PH,3,0.3,1.2,1,0.2,0.97,2000,0.3,0.1,1500,3.4842668625278947,0.21285714285714286,0.014285714285714285,1400,600
cp_cox_full,CP + Cox,0.8883333333333333,1.159704986729424,0.05515825837475586,s007,1,20330414,base,Base Weibull PH,3,0.3,1.2,1,0.35,0.75,2000,0.3,0.1,1500,1.3211041811166357,0.4542857142857143,0.105,1400,600
cp_cox_crossfit,CP + Cox (Cross-Fit),0.895,1.1677158424247125,0.05221135640711175,s007,1,20330414,base,Base Weibull PH,3,0.3,1.2,1,0.35,0.75,2000,0.3,0.1,1500,1.3211041811166357,0.4542857142857143,0.105,1400,600
cp_cox_full,CP + Cox,0.8833333333333333,1.1563099110184418,0.059559575725907005,s007,2,20330415,base,Base Weibull PH,3,0.3,1.2,1,0.35,0.75,2000,0.3,0.1,1500,1.313033919266598,0.45,0.10928571428571429,1400,600
cp_cox_crossfit,CP + Cox (Cross-Fit),0.8833333333333333,1.1494231819524412,0.06174355284951586,s007,2,20330415,base,Base Weibull PH,3,0.3,1.2,1,0.35,0.75,2000,0.3,0.1,1500,1.313033919266598,0.45,0.10928571428571429,1400,600
cp_cox_full,CP + Cox,0.87,1.183248478042418,0.09400532557567279,s007,3,20330416,base,Base Weibull PH,3,0.3,1.2,1,0.35,0.75,2000,0.3,0.1,1500,1.3896296405725632,0.44857142857142857,0.10071428571428571,1400,600
cp_cox_crossfit,CP + Cox (Cross-Fit),0.8833333333333333,1.2072939316348201,0.08364638760907524,s007,3,20330416,base,Base Weibull PH,3,0.3,1.2,1,0.35,0.75,2000,0.3,0.1,1500,1.3896296405725632,0.44857142857142857,0.10071428571428571,1400,600
cp_cox_full,CP + Cox,0.87,1.1093052365084317,0.0738963609572522,s007,4,20330417,base,Base Weibull PH,3,0.3,1.2,1,0.35,0.75,2000,0.3,0.1,1500,1.3070932551742576,0.46714285714285714,0.11142857142857143,1400,600
cp_cox_crossfit,CP + Cox (Cross-Fit),0.8833333333333333,1.136443797990824,0.06219211692316027,s007,4,20330417,base,Base Weibull PH,3,0.3,1.2,1,0.35,0.75,2000,0.3,0.1,1500,1.3070932551742576,0.46714285714285714,0.11142857142857143,1400,600
cp_cox_full,CP + Cox,0.885,1.231746069635166,0.0867483823955291,s007,5,20330418,base,Base Weibull PH,3,0.3,1.2,1,0.35,0.75,2000,0.3,0.1,1500,1.4165500426254762,0.4592857142857143,0.13428571428571429,1400,600
cp_cox_crossfit,CP + Cox (Cross-Fit),0.9,1.2591169137578448,0.07287622724984408,s007,5,20330418,base,Base Weibull PH,3,0.3,1.2,1,0.35,0.75,2000,0.3,0.1,1500,1.4165500426254762,0.4592857142857143,0.13428571428571429,1400,600
cp_cox_full,CP + Cox,0.905,1.2008819538075854,0.07277473636888795,s007,6,20330419,base,Base Weibull PH,3,0.3,1.2,1,0.35,0.75,2000,0.3,0.1,1500,1.3678390763522734,0.4442857142857143,0.11357142857142857,1400,600
cp_cox_crossfit,CP + Cox (Cross-Fit),0.9033333333333333,1.1956430408772427,0.07522771446384842,s007,6,20330419,base,Base Weibull PH,3,0.3,1.2,1,0.35,0.75,2000,0.3,0.1,1500,1.3678390763522734,0.4442857142857143,0.11357142857142857,1400,600
cp_cox_full,CP + Cox,0.8866666666666667,1.2604543619912043,0.08928844749258032,s007,7,20330420,base,Base Weibull PH,3,0.3,1.2,1,0.35,0.75,2000,0.3,0.1,1500,1.4403401487567098,0.4657142857142857,0.105,1400,600
cp_cox_crossfit,CP + Cox (Cross-Fit),0.8783333333333333,1.2420553153838183,0.09755001228168808,s007,7,20330420,base,Base Weibull PH,3,0.3,1.2,1,0.35,0.75,2000,0.3,0.1,1500,1.4403401487567098,0.4657142857142857,0.105,1400,600
cp_cox_full,CP + Cox,0.8866666666666667,1.1847716062991955,0.07047057724469426,s007,8,20330421,base,Base Weibull PH,3,0.3,1.2,1,0.35,0.75,2000,0.3,0.1,1500,1.3639826405899467,0.465,0.10357142857142858,1400,600
cp_cox_crossfit,CP + Cox (Cross-Fit),0.9033333333333333,1.2015905044124946,0.06506984202585335,s007,8,20330421,base,Base Weibull PH,3,0.3,1.2,1,0.35,0.75,2000,0.3,0.1,1500,1.3639826405899467,0.465,0.10357142857142858,1400,600
cp_cox_full,CP + Cox,0.905,1.1722496954008217,0.07045825955070191,s007,9,20330422,base,Base Weibull PH,3,0.3,1.2,1,0.35,0.75,2000,0.3,0.1,1500,1.3222801301951388,0.47214285714285714,0.10142857142857142,1400,600
cp_cox_crossfit,CP + Cox (Cross-Fit),0.9233333333333333,1.1976743031429489,0.05834653433680375,s007,9,20330422,base,Base Weibull PH,3,0.3,1.2,1,0.35,0.75,2000,0.3,0.1,1500,1.3222801301951388,0.47214285714285714,0.10142857142857142,1400,600
cp_cox_full,CP + Cox,0.92,1.2246821312589709,0.06457919778144737,s007,10,20330423,base,Base Weibull PH,3,0.3,1.2,1,0.35,0.75,2000,0.3,0.1,1500,1.376924216707267,0.45,0.09928571428571428,1400,600
cp_cox_crossfit,CP + Cox (Cross-Fit),0.9233333333333333,1.2296976982071093,0.06251146228356512,s007,10,20330423,base,Base Weibull PH,3,0.3,1.2,1,0.35,0.75,2000,0.3,0.1,1500,1.376924216707267,0.45,0.09928571428571428,1400,600
cp_cox_full,CP + Cox,0.915,1.214812515738757,0.08317883165059854,s007,11,20330424,base,Base Weibull PH,3,0.3,1.2,1,0.35,0.75,2000,0.3,0.1,1500,1.3805385849953558,0.45,0.09785714285714285,1400,600
cp_cox_crossfit,CP + Cox (Cross-Fit),0.9183333333333333,1.2196507336708466,0.08077266650106474,s007,11,20330424,base,Base Weibull PH,3,0.3,1.2,1,0.35,0.75,2000,0.3,0.1,1500,1.3805385849953558,0.45,0.09785714285714285,1400,600
cp_cox_full,CP + Cox,0.87,1.156901949601545,0.07793398109633538,s007,12,20330425,base,Base Weibull PH,3,0.3,1.2,1,0.35,0.75,2000,0.3,0.1,1500,1.3390550174127898,0.4635714285714286,0.10785714285714286,1400,600
cp_cox_crossfit,CP + Cox (Cross-Fit),0.8816666666666667,1.171651393632231,0.07122472386316091,s007,12,20330425,base,Base Weibull PH,3,0.3,1.2,1,0.35,0.75,2000,0.3,0.1,1500,1.3390550174127898,0.4635714285714286,0.10785714285714286,1400,600
cp_cox_full,CP + Cox,0.8983333333333333,1.2381406670330541,0.08961403332890192,s007,13,20330426,base,Base Weibull PH,3,0.3,1.2,1,0.35,0.75,2000,0.3,0.1,1500,1.4159663940470024,0.4328571428571429,0.11714285714285715,1400,600
cp_cox_crossfit,CP + Cox (Cross-Fit),0.9,1.2447720703312255,0.08560474988374556,s007,13,20330426,base,Base Weibull PH,3,0.3,1.2,1,0.35,0.75,2000,0.3,0.1,1500,1.4159663940470024,0.4328571428571429,0.11714285714285715,1400,600
cp_cox_full,CP + Cox,0.8683333333333333,1.1230514500585247,0.07968441877830361,s007,14,20330427,base,Base Weibull PH,3,0.3,1.2,1,0.35,0.75,2000,0.3,0.1,1500,1.3135191394525165,0.4471428571428571,0.10071428571428571,1400,600
cp_cox_crossfit,CP + Cox (Cross-Fit),0.8733333333333333,1.1379533549561276,0.07316366193140143,s007,14,20330427,base,Base Weibull PH,3,0.3,1.2,1,0.35,0.75,2000,0.3,0.1,1500,1.3135191394525165,0.4471428571428571,0.10071428571428571,1400,600
cp_cox_full,CP + Cox,0.925,1.19721722734173,0.08269023762049961,s007,15,20330428,base,Base Weibull PH,3,0.3,1.2,1,0.35,0.75,2000,0.3,0.1,1500,1.364849091174594,0.45785714285714285,0.11071428571428571,1400,600
cp_cox_crossfit,CP + Cox (Cross-Fit),0.9316666666666666,1.215396868879598,0.07356026008581956,s007,15,20330428,base,Base Weibull PH,3,0.3,1.2,1,0.35,0.75,2000,0.3,0.1,1500,1.364849091174594,0.45785714285714285,0.11071428571428571,1400,600
cp_cox_full,CP + Cox,0.9116666666666666,1.2408970966823376,0.07052148384015347,s007,16,20330429,base,Base Weibull PH,3,0.3,1.2,1,0.35,0.75,2000,0.3,0.1,1500,1.3902177987419129,0.45,0.11285714285714285,1400,600
cp_cox_crossfit,CP + Cox (Cross-Fit),0.9133333333333333,1.2426454779948852,0.06979754990650366,s007,16,20330429,base,Base Weibull PH,3,0.3,1.2,1,0.35,0.75,2000,0.3,0.1,1500,1.3902177987419129,0.45,0.11285714285714285,1400,600
cp_cox_full,CP + Cox,0.9183333333333333,1.2038136098335754,0.07689846365402511,s007,17,20330430,base,Base Weibull PH,3,0.3,1.2,1,0.35,0.75,2000,0.3,0.1,1500,1.3664463458095684,0.4357142857142857,0.09714285714285714,1400,600
cp_cox_crossfit,CP + Cox (Cross-Fit),0.9133333333333333,1.1974146173088087,0.07958726569966536,s007,17,20330430,base,Base Weibull PH,3,0.3,1.2,1,0.35,0.75,2000,0.3,0.1,1500,1.3664463458095684,0.4357142857142857,0.09714285714285714,1400,600
cp_cox_full,CP + Cox,0.9083333333333333,1.2260637050465506,0.093746217811224275,s007,18,20330431,base,Base Weibull PH,3,0.3,1.2,1,0.35,0.75,2000,0.3,0.1,1500,1.407327580808879,0.4635714285714286,0.11428571428571428,1400,600
cp_cox_crossfit,CP + Cox (Cross-Fit),0.9233333333333333,1.256835802544162,0.07762854117504296,s007,18,20330431,base,Base Weibull PH,3,0.3,1.2,1,0.35,0.75,2000,0.3,0.1,1500,1.407327580808879,0.4635714285714286,0.11428571428571428,1400,600
cp_cox_full,CP + Cox,0.8766666666666667,1.1479801155922245,0.09563470145504403,s007,19,20330432,base,Base Weibull PH,3,0.3,1.2,1,0.35,0.75,2000,0.3,0.1,1500,1.343382402045641,0.47,0.09214285714285714,1400,600
cp_cox_crossfit,CP + Cox (Cross-Fit),0.88,1.153926429814153,0.09271230129332163,s007,19,20330432,base,Base Weibull PH,3,0.3,1.2,1,0.35,0.75,2000,0.3,0.1,1500,1.343382402045641,0.47,0.09214285714285714,1400,600
cp_cox_full,CP + Cox,0.915,1.2289536569078263,0.07041853545696546,s007,20,20330433,base,Base Weibull PH,3,0.3,1.2,1,0.35,0.75,2000,0.3,0.1,1500,1.379307528652513,0.44285714285714284,0.10642857142857143,1400,600
cp_cox_crossfit,CP + Cox (Cross-Fit),0.915,1.2277506597330183,0.07098907932792342,s007,20,20330433,base,Base Weibull PH,3,0.3,1.2,1,0.35,0.75,2000,0.3,0.1,1500,1.379307528652513,0.44285714285714284,0.10642857142857143,1400,600
cp_cox_full,CP + Cox,0.9116666666666666,1.2554227086363117,0.08034696156393047,s007,21,20330434,base,Base Weibull PH,3,0.3,1.2,1,0.35,0.75,2000,0.3,0.1,1500,1.41424635445529,0.4421428571428571,0.10642857142857143,1400,600
cp_cox_crossfit,CP + Cox (Cross-Fit),0.92,1.2636709540603845,0.07573489585207252,s007,21,20330434,base,Base Weibull PH,3,0.3,1.2,1,0.35,0.75,2000,0.3,0.1,1500,1.41424635445529,0.4421428571428571,0.10642857142857143,1400,600
cp_cox_full,CP + Cox,0.9166666666666666,1.1556235472812646,0.08383093339084736,s007,22,20330435,base,Base Weibull PH,3,0.3,1.2,1,0.35,0.75,2000,0.3,0.1,1500,1.3258221399536023,0.45785714285714285,0.10428571428571429,1400,600
cp_cox_crossfit,CP + Cox (Cross-Fit),0.9166666666666666,1.1557198047011201,0.08382708696796445,s007,22,20330435,base,Base Weibull PH,3,0.3,1.2,1,0.35,0.75,2000,0.3,0.1,1500,1.3258221399536023,0.45785714285714285,0.10428571428571429,1400,600
cp_cox_full,CP + Cox,0.8766666666666667,1.2318991044218732,0.06569067607148188,s007,23,20330436,base,Base Weibull PH,3,0.3,1.2,1,0.35,0.75,2000,0.3,0.1,1500,1.3898844692179222,0.45714285714285713,0.12071428571428572,1400,600
cp_cox_crossfit,CP + Cox (Cross-Fit),0.8683333333333333,1.2177012616514031,0.07229856505853831,s007,23,20330436,base,Base Weibull PH,3,0.3,1.2,1,0.35,0.75,2000,0.3,0.1,1500,1.3898844692179222,0.45714285714285713,0.12071428571428572,1400,600
cp_cox_full,CP + Cox,0.8783333333333333,1.2156710763316498,0.09461678237975286,s007,24,20330437,base,Base Weibull PH,3,0.3,1.2,1,0.35,0.75,2000,0.3,0.1,1500,1.4052622574217186,0.46214285714285713,0.105,1400,600
cp_cox_crossfit,CP + Cox (Cross-Fit),0.9083333333333333,1.246810203969556,0.0804540272831515,s007,24,20330437,base,Base Weibull PH,3,0.3,1.2,1,0.35,0.75,2000,0.3,0.1,1500,1.4052622574217186,0.46214285714285713,0.105,1400,600
cp_cox_full,CP + Cox,0.9033333333333333,1.1757149216374712,0.07706383454894962,s007,25,20330438,base,Base Weibull PH,3,0.3,1.2,1,0.35,0.75,2000,0.3,0.1,1500,1.3436495709424576,0.4471428571428571,0.11142857142857143,1400,600
cp_cox_crossfit,CP + Cox (Cross-Fit),0.915,1.1933146667164367,0.06742291195011307,s007,25,20330438,base,Base Weibull PH,3,0.3,1.2,1,0.35,0.75,2000,0.3,0.1,1500,1.3436495709424576,0.4471428571428571,0.11142857142857143,1400,600
cp_cox_full,CP + Cox,0.895,1.2182203461446854,0.07564411111409988,s007,26,20330439,base,Base Weibull PH,3,0.3,1.2,1,0.35,0.75,2000,0.3,0.1,1500,1.4039478984852576,0.4564285714285714,0.11428571428571428,1400,600
cp_cox_crossfit,CP + Cox (Cross-Fit),0.905,1.2296705642527561,0.07099442445938631,s007,26,20330439,base,Base Weibull PH,3,0.3,1.2,1,0.35,0.75,2000,0.3,0.1,1500,1.4039478984852576,0.4564285714285714,0.11428571428571428,1400,600
cp_cox_full,CP + Cox,0.9266666666666666,1.141826641918862,0.062183162624717105,s007,27,20330440,base,Base Weibull PH,3,0.3,1.2,1,0.35,0.75,2000,0.3,0.1,1500,1.2802924896607673,0.45357142857142857,0.1,1400,600
cp_cox_crossfit,CP + Cox (Cross-Fit),0.9266666666666666,1.145477591635489,0.0602556003144277,s007,27,20330440,base,Base Weibull PH,3,0.3,1.2,1,0.35,0.75,2000,0.3,0.1,1500,1.2802924896607673,0.45357142857142857,0.1,1400,600
cp_cox_full,CP + Cox,0.9283333333333333,1.3043875257553175,0.0774117433601622,s007,28,20330441,base,Base Weibull PH,3,0.3,1.2,1,0.35,0.75,2000,0.3,0.1,1500,1.4641508481407906,0.4542857142857143,0.09428571428571429,1400,600
cp_cox_crossfit,CP + Cox (Cross-Fit),0.9183333333333333,1.2960866994334284,0.08098137749379948,s007,28,20330441,base,Base Weibull PH,3,0.3,1.2,1,0.35,0.75,2000,0.3,0.1,1500,1.4641508481407906,0.4542857142857143,0.09428571428571429,1400,600
cp_cox_full,CP + Cox,0.925,1.1993754058306498,0.060181976459135686,s007,29,20330442,base,Base Weibull PH,3,0.3,1.2,1,0.35,0.75,2000,0.3,0.1,1500,1.3406619733935223,0.4585714285714286,0.10214285714285715,1400,600
cp_cox_crossfit,CP + Cox (Cross-Fit),0.925,1.1997134111847594,0.05998846301638766,s007,29,20330442,base,Base Weibull PH,3,0.3,1.2,1,0.35,0.75,2000,0.3,0.1,1500,1.3406619733935223,0.4585714285714286,0.10214285714285715,1400,600
cp_cox_full,CP + Cox,0.89,1.175466090374691,0.06829649044807076,s007,30,20330443,base,Base Weibull PH,3,0.3,1.2,1,0.35,0.75,2000,0.3,0.1,1500,1.3324894248552952,0.47,0.12071428571428572,1400,600
cp_cox_crossfit,CP + Cox (Cross-Fit),0.8866666666666667,1.170273297492538,0.07106562901244892,s007,30,20330443,base,Base Weibull PH,3,0.3,1.2,1,0.35,0.75,2000,0.3,0.1,1500,1.3324894248552952,0.47,0.12071428571428572,1400,600
cp_cox_full,CP + Cox,0.91,2.1197357773933363,0.0971552198190355,s008,1,20340414,base,Base Weibull PH,3,0.3,1.2,1,0.35,0.9,2000,0.3,0.1,1500,2.2816899733790046,0.37714285714285717,0.030714285714285715,1400,600
cp_cox_crossfit,CP + Cox (Cross-Fit),0.9066666666666666,2.108681216065757,0.1029243804162459,s008,1,20340414,base,Base Weibull PH,3,0.3,1.2,1,0.35,0.9,2000,0.3,0.1,1500,2.2816899733790046,0.37714285714285717,0.030714285714285715,1400,600
cp_cox_full,CP + Cox,0.8816666666666667,2.069673934315989,0.08201527795926165,s008,2,20340415,base,Base Weibull PH,3,0.3,1.2,1,0.35,0.9,2000,0.3,0.1,1500,2.2514666448063396,0.38,0.022857142857142857,1400,600
cp_cox_crossfit,CP + Cox (Cross-Fit),0.895,2.0933664740561744,0.06940359882956001,s008,2,20340415,base,Base Weibull PH,3,0.3,1.2,1,0.35,0.9,2000,0.3,0.1,1500,2.2514666448063396,0.38,0.022857142857142857,1400,600
cp_cox_full,CP + Cox,0.8883333333333333,2.0497913080435177,0.08476376422432384,s008,3,20340416,base,Base Weibull PH,3,0.3,1.2,1,0.35,0.9,2000,0.3,0.1,1500,2.233437884381536,0.395,0.02642857142857143,1400,600
cp_cox_crossfit,CP + Cox (Cross-Fit),0.8883333333333333,2.0552194047602854,0.08229551513234118,s008,3,20340416,base,Base Weibull PH,3,0.3,1.2,1,0.35,0.9,2000,0.3,0.1,1500,2.233437884381536,0.395,0.02642857142857143,1400,600
cp_cox_full,CP + Cox,0.8733333333333333,2.064279627027552,0.08458938515961432,s008,4,20340417,base,Base Weibull PH,3,0.3,1.2,1,0.35,0.9,2000,0.3,0.1,1500,2.246157803845538,0.38785714285714284,0.029285714285714286,1400,600
cp_cox_crossfit,CP + Cox (Cross-Fit),0.89,2.084867758055698,0.0760215641595912,s008,4,20340417,base,Base Weibull PH,3,0.3,1.2,1,0.35,0.9,2000,0.3,0.1,1500,2.246157803845538,0.38785714285714284,0.029285714285714286,1400,600
cp_cox_full,CP + Cox,0.91,2.068531062552487,0.07013432920886653,s008,5,20340418,base,Base Weibull PH,3,0.3,1.2,1,0.35,0.9,2000,0.3,0.1,1500,2.2231518664261505,0.38857142857142857,0.030714285714285715,1400,600
cp_cox_crossfit,CP + Cox (Cross-Fit),0.9133333333333333,2.0796271771450123,0.06547137761558502,s008,5,20340418,base,Base Weibull PH,3,0.3,1.2,1,0.35,0.9,2000,0.3,0.1,1500,2.2231518664261505,0.38857142857142857,0.030714285714285715,1400,600
cp_cox_full,CP + Cox,0.8933333333333333,2.155488439105156,0.07990943114558086,s008,6,20340419,base,Base Weibull PH,3,0.3,1.2,1,0.35,0.9,2000,0.3,0.1,1500,2.3352261418327105,0.385,0.030714285714285715,1400,600
cp_cox_crossfit,CP + Cox (Cross-Fit),0.8933333333333333,2.1617016407055014,0.07723790166038107,s008,6,20340419,base,Base Weibull PH,3,0.3,1.2,1,0.35,0.9,2000,0.3,0.1,1500,2.3352261418327105,0.385,0.030714285714285715,1400,600
cp_cox_full,CP + Cox,0.8616666666666667,2.113435586719457,0.09070701087749822,s008,7,20340420,base,Base Weibull PH,3,0.3,1.2,1,0.35,0.9,2000,0.3,0.1,1500,2.327787908182064,0.3821428571428571,0.025,1400,600
cp_cox_crossfit,CP + Cox (Cross-Fit),0.875,2.128362101577273,0.08498350796518304,s008,7,20340420,base,Base Weibull PH,3,0.3,1.2,1,0.35,0.9,2000,0.3,0.1,1500,2.327787908182064,0.3821428571428571,0.025,1400,600
cp_cox_full,CP + Cox,0.9016666666666666,2.226544476073164,0.06212310515332202,s008,8,20340421,base,Base Weibull PH,3,0.3,1.2,1,0.35,0.9,2000,0.3,0.1,1500,2.3753672130645884,0.37285714285714283,0.025,1400,600
cp_cox_crossfit,CP + Cox (Cross-Fit),0.8783333333333333,2.2028767996749057,0.070396053388498,s008,8,20340421,base,Base Weibull PH,3,0.3,1.2,1,0.35,0.9,2000,0.3,0.1,1500,2.3753672130645884,0.37285714285714283,0.025,1400,600
cp_cox_full,CP + Cox,0.905,2.2015802724770284,0.08160970112812611,s008,9,20340422,base,Base Weibull PH,3,0.3,1.2,1,0.35,0.9,2000,0.3,0.1,1500,2.3776489195535917,0.38142857142857145,0.030714285714285715,1400,600
cp_cox_crossfit,CP + Cox (Cross-Fit),0.9066666666666666,2.207475652040904,0.0787924605554598,s008,9,20340422,base,Base Weibull PH,3,0.3,1.2,1,0.35,0.9,2000,0.3,0.1,1500,2.3776489195535917,0.38142857142857145,0.030714285714285715,1400,600
cp_cox_full,CP + Cox,0.895,2.076170818741216,0.08060774346483719,s008,10,20340423,base,Base Weibull PH,3,0.3,1.2,1,0.35,0.9,2000,0.3,0.1,1500,2.2544009048706513,0.39071428571428574,0.03428571428571429,1400,600
cp_cox_crossfit,CP + Cox (Cross-Fit),0.8816666666666667,2.051043625678908,0.09053640009724195,s008,10,20340423,base,Base Weibull PH,3,0.3,1.2,1,0.35,0.9,2000,0.3,0.1,1500,2.2544009048706513,0.39071428571428574,0.03428571428571429,1400,600
cp_cox_full,CP + Cox,0.8966666666666666,2.1327659262685272,0.08921239046773687,s008,11,20340424,base,Base Weibull PH,3,0.3,1.2,1,0.35,0.9,2000,0.3,0.1,1500,2.300856021382817,0.37285714285714283,0.03142857142857143,1400,600
cp_cox_crossfit,CP + Cox (Cross-Fit),0.9033333333333333,2.142983299660056,0.08412805759244493,s008,11,20340424,base,Base Weibull PH,3,0.3,1.2,1,0.35,0.9,2000,0.3,0.1,1500,2.300856021382817,0.37285714285714283,0.03142857142857143,1400,600
cp_cox_full,CP + Cox,0.9116666666666666,2.2002298700245113,0.06592928030256102,s008,12,20340425,base,Base Weibull PH,3,0.3,1.2,1,0.35,0.9,2000,0.3,0.1,1500,2.3475190459302646,0.36714285714285716,0.025714285714285714,1400,600
cp_cox_crossfit,CP + Cox (Cross-Fit),0.905,2.185407247429803,0.07287034558016324,s008,12,20340425,base,Base Weibull PH,3,0.3,1.2,1,0.35,0.9,2000,0.3,0.1,1500,2.3475190459302646,0.36714285714285716,0.025714285714285714,1400,600
cp_cox_full,CP + Cox,0.9083333333333333,2.0318754559416883,0.06871554198343185,s008,13,20340426,base,Base Weibull PH,3,0.3,1.2,1,0.35,0.9,2000,0.3,0.1,1500,2.1950872236839025,0.37285714285714283,0.025714285714285714,1400,600
cp_cox_crossfit,CP + Cox (Cross-Fit),0.9,2.022572685983794,0.07259370850858496,s008,13,20340426,base,Base Weibull PH,3,0.3,1.2,1,0.35,0.9,2000,0.3,0.1,1500,2.1950872236839025,0.37285714285714283,0.025714285714285714,1400,600
cp_cox_full,CP + Cox,0.8733333333333333,2.2155181617212505,0.08106375073733503,s008,14,20340427,base,Base Weibull PH,3,0.3,1.2,1,0.35,0.9,2000,0.3,0.1,1500,2.416247545798342,0.37714285714285717,0.025,1400,600
cp_cox_crossfit,CP + Cox (Cross-Fit),0.8766666666666667,2.221485510247473,0.07926234328249644,s008,14,20340427,base,Base Weibull PH,3,0.3,1.2,1,0.35,0.9,2000,0.3,0.1,1500,2.416247545798342,0.37714285714285717,0.025,1400,600
cp_cox_full,CP + Cox,0.9083333333333333,2.22521800002425,0.07753832993143528,s008,15,20340428,base,Base Weibull PH,3,0.3,1.2,1,0.35,0.9,2000,0.3,0.1,1500,2.379883553172042,0.36857142857142855,0.029285714285714286,1400,600
cp_cox_crossfit,CP + Cox (Cross-Fit),0.9083333333333333,2.223204332626757,0.07847333053295846,s008,15,20340428,base,Base Weibull PH,3,0.3,1.2,1,0.35,0.9,2000,0.3,0.1,1500,2.379883553172042,0.36857142857142855,0.029285714285714286,1400,600
cp_cox_full,CP + Cox,0.8766666666666667,2.1898706613584498,0.09546575438204279,s008,16,20340429,base,Base Weibull PH,3,0.3,1.2,1,0.35,0.9,2000,0.3,0.1,1500,2.3829137704821672,0.3807142857142857,0.023571428571428573,1400,600
cp_cox_crossfit,CP + Cox (Cross-Fit),0.8766666666666667,2.1929401459890694,0.09387565392808953,s008,16,20340429,base,Base Weibull PH,3,0.3,1.2,1,0.35,0.9,2000,0.3,0.1,1500,2.3829137704821672,0.3807142857142857,0.023571428571428573,1400,600
cp_cox_full,CP + Cox,0.925,2.0989291843078832,0.06847055959704415,s008,17,20340430,base,Base Weibull PH,3,0.3,1.2,1,0.35,0.9,2000,0.3,0.1,1500,2.2673131767092265,0.38857142857142857,0.029285714285714286,1400,600
cp_cox_crossfit,CP + Cox (Cross-Fit),0.93,2.1099063898738133,0.0634844794714166,s008,17,20340430,base,Base Weibull PH,3,0.3,1.2,1,0.35,0.9,2000,0.3,0.1,1500,2.2673131767092265,0.38857142857142857,0.029285714285714286,1400,600
cp_cox_full,CP + Cox,0.915,2.174612569917374,0.08652530357840164,s008,18,20340431,base,Base Weibull PH,3,0.3,1.2,1,0.35,0.9,2000,0.3,0.1,1500,2.3541452300338275,0.38357142857142856,0.03,1400,600
cp_cox_crossfit,CP + Cox (Cross-Fit),0.9133333333333333,2.169518262394544,0.08875348521073398,s008,18,20340431,base,Base Weibull PH,3,0.3,1.2,1,0.35,0.9,2000,0.3,0.1,1500,2.3541452300338275,0.38357142857142856,0.03,1400,600
cp_cox_full,CP + Cox,0.8666666666666667,2.0444633472763987,0.0878163297775982,s008,19,20340432,base,Base Weibull PH,3,0.3,1.2,1,0.35,0.9,2000,0.3,0.1,1500,2.242821372744907,0.37285714285714283,0.04071428571428572,1400,600
cp_cox_crossfit,CP + Cox (Cross-Fit),0.88,2.0580493583557318,0.0816218971651759,s008,19,20340432,base,Base Weibull PH,3,0.3,1.2,1,0.35,0.9,2000,0.3,0.1,1500,2.242821372744907,0.37285714285714283,0.04071428571428572,1400,600
cp_cox_full,CP + Cox,0.9066666666666666,2.1342492579205588,0.06156029960373264,s008,20,20340433,base,Base Weibull PH,3,0.3,1.2,1,0.35,0.9,2000,0.3,0.1,1500,2.2873497009571175,0.40285714285714286,0.032857142857142856,1400,600
cp_cox_crossfit,CP + Cox (Cross-Fit),0.905,2.1290887978899318,0.0635350457565854,s008,20,20340433,base,Base Weibull PH,3,0.3,1.2,1,0.35,0.9,2000,0.3,0.1,1500,2.2873497009571175,0.40285714285714286,0.032857142857142856,1400,600
cp_cox_full,CP + Cox,0.9233333333333333,2.0314495509360455,0.05647023114059373,s008,21,20340434,base,Base Weibull PH,3,0.3,1.2,1,0.35,0.9,2000,0.3,0.1,1500,2.176870001868463,0.36857142857142855,0.03428571428571429,1400,600
cp_cox_crossfit,CP + Cox (Cross-Fit),0.9183333333333333,2.021314155241891,0.060520472748234494,s008,21,20340434,base,Base Weibull PH,3,0.3,1.2,1,0.35,0.9,2000,0.3,0.1,1500,2.176870001868463,0.36857142857142855,0.03428571428571429,1400,600
cp_cox_full,CP + Cox,0.875,2.083951234702524,0.09343838441243903,s008,22,20340435,base,Base Weibull PH,3,0.3,1.2,1,0.35,0.9,2000,0.3,0.1,1500,2.2655562636920834,0.40285714285714286,0.03357142857142857,1400,600
cp_cox_crossfit,CP + Cox (Cross-Fit),0.8983333333333333,2.1174773824673685,0.0762951417682771,s008,22,20340435,base,Base Weibull PH,3,0.3,1.2,1,0.35,0.9,2000,0.3,0.1,1500,2.2655562636920834,0.40285714285714286,0.03357142857142857,1400,600
cp_cox_full,CP + Cox,0.8833333333333333,2.192851796409928,0.06969350913149855,s008,23,20340436,base,Base Weibull PH,3,0.3,1.2,1,0.35,0.9,2000,0.3,0.1,1500,2.3559512524570696,0.34714285714285714,0.023571428571428573,1400,600
cp_cox_crossfit,CP + Cox (Cross-Fit),0.8833333333333333,2.191651797747942,0.07025796827437851,s008,23,20340436,base,Base Weibull PH,3,0.3,1.2,1,0.35,0.9,2000,0.3,0.1,1500,2.3559512524570696,0.34714285714285714,0.023571428571428573,1400,600
cp_cox_full,CP + Cox,0.925,2.038307419991399,0.07032179374786675,s008,24,20340437,base,Base Weibull PH,3,0.3,1.2,1,0.35,0.9,2000,0.3,0.1,1500,2.1924638741174345,0.37,0.027142857142857142,1400,600
cp_cox_crossfit,CP + Cox (Cross-Fit),0.925,2.0377835024086597,0.07056964090638845,s008,24,20340437,base,Base Weibull PH,3,0.3,1.2,1,0.35,0.9,2000,0.3,0.1,1500,2.1924638741174345,0.37,0.027142857142857142,1400,600
cp_cox_full,CP + Cox,0.8716666666666667,2.0938778808057203,0.09850778613312541,s008,25,20340438,base,Base Weibull PH,3,0.3,1.2,1,0.35,0.9,2000,0.3,0.1,1500,2.301860905808422,0.37857142857142856,0.03,1400,600
cp_cox_crossfit,CP + Cox (Cross-Fit),0.9116666666666666,2.145450831430111,0.0732346778693946,s008,25,20340438,base,Base Weibull PH,3,0.3,1.2,1,0.35,0.9,2000,0.3,0.1,1500,2.301860905808422,0.37857142857142856,0.03,1400,600
cp_cox_full,CP + Cox,0.905,2.2243338794575833,0.07777504229539386,s008,26,20340439,base,Base Weibull PH,3,0.3,1.2,1,0.35,0.9,2000,0.3,0.1,1500,2.3874134383757957,0.4014285714285714,0.02142857142857143,1400,600
cp_cox_crossfit,CP + Cox (Cross-Fit),0.8933333333333333,2.213087680968698,0.0825124761560918,s008,26,20340439,base,Base Weibull PH,3,0.3,1.2,1,0.35,0.9,2000,0.3,0.1,1500,2.3874134383757957,0.4014285714285714,0.02142857142857143,1400,600
cp_cox_full,CP + Cox,0.8716666666666667,2.0946473575180677,0.0710865427903495,s008,27,20340440,base,Base Weibull PH,3,0.3,1.2,1,0.35,0.9,2000,0.3,0.1,1500,2.262378229427673,0.38571428571428573,0.025,1400,600
cp_cox_crossfit,CP + Cox (Cross-Fit),0.8733333333333333,2.0967413795653718,0.06999944348474757,s008,27,20340440,base,Base Weibull PH,3,0.3,1.2,1,0.35,0.9,2000,0.3,0.1,1500,2.262378229427673,0.38571428571428573,0.025,1400,600
cp_cox_full,CP + Cox,0.9083333333333333,2.0695697420768644,0.06656202414361478,s008,28,20340441,base,Base Weibull PH,3,0.3,1.2,1,0.35,0.9,2000,0.3,0.1,1500,2.2252779302440975,0.38142857142857145,0.03142857142857143,1400,600
cp_cox_crossfit,CP + Cox (Cross-Fit),0.9066666666666666,2.066483609877612,0.06781028780082801,s008,28,20340441,base,Base Weibull PH,3,0.3,1.2,1,0.35,0.9,2000,0.3,0.1,1500,2.2252779302440975,0.38142857142857145,0.03142857142857143,1400,600
cp_cox_full,CP + Cox,0.91,2.048896862496452,0.07552075229395686,s008,29,20340442,base,Base Weibull PH,3,0.3,1.2,1,0.35,0.9,2000,0.3,0.1,1500,2.1981174612554977,0.38642857142857145,0.02642857142857143,1400,600
cp_cox_crossfit,CP + Cox (Cross-Fit),0.905,2.0414300506454306,0.07880396890231973,s008,29,20340442,base,Base Weibull PH,3,0.3,1.2,1,0.35,0.9,2000,0.3,0.1,1500,2.1981174612554977,0.38642857142857145,0.02642857142857143,1400,600
cp_cox_full,CP + Cox,0.9,2.1236478028886836,0.08037542859270859,s008,30,20340443,base,Base Weibull PH,3,0.3,1.2,1,0.35,0.9,2000,0.3,0.1,1500,2.2872327870983202,0.38285714285714284,0.029285714285714286,1400,600
cp_cox_crossfit,CP + Cox (Cross-Fit),0.9066666666666666,2.133694173574014,0.07613568716896112,s008,30,20340443,base,Base Weibull PH,3,0.3,1.2,1,0.35,0.9,2000,0.3,0.1,1500,2.2872327870983202,0.38285714285714284,0.029285714285714286,1400,600
cp_cox_full,CP + Cox,0.915,3.4724095362933314,0.06681623882084736,s009,1,20350414,base,Base Weibull PH,3,0.3,1.2,1,0.35,0.97,2000,0.3,0.1,1500,3.630357616128984,0.36357142857142855,0.005,1400,600
cp_cox_crossfit,CP + Cox (Cross-Fit),0.915,3.471270456915964,0.06729390660071008,s009,1,20350414,base,Base Weibull PH,3,0.3,1.2,1,0.35,0.97,2000,0.3,0.1,1500,3.630357616128984,0.36357142857142855,0.005,1400,600
cp_cox_full,CP + Cox,0.88,3.53891941515701,0.07320829642581957,s009,2,20350415,base,Base Weibull PH,3,0.3,1.2,1,0.35,0.97,2000,0.3,0.1,1500,3.702268491884756,0.36,0.007142857142857143,1400,600
cp_cox_crossfit,CP + Cox (Cross-Fit),0.8783333333333333,3.5370340172910266,0.07418019207955427,s009,2,20350415,base,Base Weibull PH,3,0.3,1.2,1,0.35,0.97,2000,0.3,0.1,1500,3.702268491884756,0.36,0.007142857142857143,1400,600
cp_cox_full,CP + Cox,0.8916666666666667,3.494031582639193,0.07624900885730437,s009,3,20350416,base,Base Weibull PH,3,0.3,1.2,1,0.35,0.97,2000,0.3,0.1,1500,3.672569213129243,0.34714285714285714,0.005,1400,600
cp_cox_crossfit,CP + Cox (Cross-Fit),0.8866666666666667,3.4813504784794613,0.08064596037467459,s009,3,20350416,base,Base Weibull PH,3,0.3,1.2,1,0.35,0.97,2000,0.3,0.1,1500,3.672569213129243,0.34714285714285714,0.005,1400,600
cp_cox_full,CP + Cox,0.8916666666666667,3.4746237720856543,0.08019825664525615,s009,4,20350417,base,Base Weibull PH,3,0.3,1.2,1,0.35,0.97,2000,0.3,0.1,1500,3.6564718022411262,0.3414285714285714,0.0035714285714285713,1400,600
cp_cox_crossfit,CP + Cox (Cross-Fit),0.9,3.4840396948378287,0.07625815062527345,s009,4,20350417,base,Base Weibull PH,3,0.3,1.2,1,0.35,0.97,2000,0.3,0.1,1500,3.6564718022411262,0.3414285714285714,0.0035714285714285713,1400,600
cp_cox_full,CP + Cox,0.895,3.471800333678911,0.08260617531795449,s009,5,20350418,base,Base Weibull PH,3,0.3,1.2,1,0.35,0.97,2000,0.3,0.1,1500,3.6635612795991634,0.345,0.002142857142857143,1400,600
cp_cox_crossfit,CP + Cox (Cross-Fit),0.89,3.4651099167189767,0.08542903016375236,s009,5,20350418,base,Base Weibull PH,3,0.3,1.2,1,0.35,0.97,2000,0.3,0.1,1500,3.6635612795991634,0.345,0.002142857142857143,1400,600
cp_cox_full,CP + Cox,0.8933333333333333,3.4474650471891986,0.07261354199037377,s009,6,20350419,base,Base Weibull PH,3,0.3,1.2,1,0.35,0.97,2000,0.3,0.1,1500,3.6208442281539033,0.3292857142857143,0.002857142857142857,1400,600
cp_cox_crossfit,CP + Cox (Cross-Fit),0.9083333333333333,3.469126221859537,0.06405967354385637,s009,6,20350419,base,Base Weibull PH,3,0.3,1.2,1,0.35,0.97,2000,0.3,0.1,1500,3.6208442281539033,0.3292857142857143,0.002857142857142857,1400,600
cp_cox_full,CP + Cox,0.8683333333333333,3.5048965880859373,0.07861889854922562,s009,7,20350420,base,Base Weibull PH,3,0.3,1.2,1,0.35,0.97,2000,0.3,0.1,1500,3.680810028786741,0.36,0.0014285714285714286,1400,600
cp_cox_crossfit,CP + Cox (Cross-Fit),0.8716666666666667,3.505155512333491,0.07849729821243911,s009,7,20350420,base,Base Weibull PH,3,0.3,1.2,1,0.35,0.97,2000,0.3,0.1,1500,3.680810028786741,0.36,0.0014285714285714286,1400,600
cp_cox_full,CP + Cox,0.9233333333333333,3.6453194238724036,0.06461363513025424,s009,8,20350421,base,Base Weibull PH,3,0.3,1.2,1,0.35,0.97,2000,0.3,0.1,1500,3.795126181248864,0.3464285714285714,0.005714285714285714,1400,600
cp_cox_crossfit,CP + Cox (Cross-Fit),0.8983333333333333,3.613043601548604,0.07785047039728683,s009,8,20350421,base,Base Weibull PH,3,0.3,1.2,1,0.35,0.97,2000,0.3,0.1,1500,3.795126181248864,0.3464285714285714,0.005714285714285714,1400,600
cp_cox_full,CP + Cox,0.905,3.457816232348901,0.07580769737647586,s009,9,20350422,base,Base Weibull PH,3,0.3,1.2,1,0.35,0.97,2000,0.3,0.1,1500,3.6166369276509474,0.3457142857142857,0.005,1400,600
cp_cox_crossfit,CP + Cox (Cross-Fit),0.915,3.467770651049818,0.07072541601360824,s009,9,20350422,base,Base Weibull PH,3,0.3,1.2,1,0.35,0.97,2000,0.3,0.1,1500,3.6166369276509474,0.3457142857142857,0.005,1400,600
cp_cox_full,CP + Cox,0.8883333333333333,3.168270883361049,0.09395044228737995,s009,10,20350423,base,Base Weibull PH,3,0.3,1.2,1,0.35,0.97,2000,0.3,0.1,1500,3.366417045653553,0.33071428571428574,0.002142857142857143,1400,600
cp_cox_crossfit,CP + Cox (Cross-Fit),0.9033333333333333,3.1864392137399578,0.0848337485232147,s009,10,20350423,base,Base Weibull PH,3,0.3,1.2,1,0.35,0.97,2000,0.3,0.1,1500,3.366417045653553,0.33071428571428574,0.002142857142857143,1400,600
cp_cox_full,CP + Cox,0.8666666666666667,3.560445196940122,0.08678395473097265,s009,11,20350424,base,Base Weibull PH,3,0.3,1.2,1,0.35,0.97,2000,0.3,0.1,1500,3.737840179110961,0.3535714285714286,0.004285714285714286,1400,600
cp_cox_crossfit,CP + Cox (Cross-Fit),0.88,3.5741001749781196,0.08034893654712394,s009,11,20350424,base,Base Weibull PH,3,0.3,1.2,1,0.35,0.97,2000,0.3,0.1,1500,3.737840179110961,0.3535714285714286,0.004285714285714286,1400,600
cp_cox_full,CP + Cox,0.8833333333333333,3.5563361665812145,0.0808642338864143,s009,12,20350425,base,Base Weibull PH,3,0.3,1.2,1,0.35,0.97,2000,0.3,0.1,1500,3.724368518081077,0.35285714285714287,0.0035714285714285713,1400,600
cp_cox_crossfit,CP + Cox (Cross-Fit),0.9066666666666666,3.587226828851746,0.06454464889554827,s009,12,20350425,base,Base Weibull PH,3,0.3,1.2,1,0.35,0.97,2000,0.3,0.1,1500,3.724368518081077,0.35285714285714287,0.0035714285714285713,1400,600
cp_cox_full,CP + Cox,0.88,3.799930755629943,0.09599732705695604,s009,13,20350426,base,Base Weibull PH,3,0.3,1.2,1,0.35,0.97,2000,0.3,0.1,1500,3.9899499806211676,0.3557142857142857,0.002142857142857143,1400,600
cp_cox_crossfit,CP + Cox (Cross-Fit),0.8783333333333333,3.7975631919850876,0.09714766801306196,s009,13,20350426,base,Base Weibull PH,3,0.3,1.2,1,0.35,0.97,2000,0.3,0.1,1500,3.9899499806211676,0.3557142857142857,0.002142857142857143,1400,600
cp_cox_full,CP + Cox,0.93,3.737746065282614,0.053427212819786705,s009,14,20350427,base,Base Weibull PH,3,0.3,1.2,1,0.35,0.97,2000,0.3,0.1,1500,3.869853944658139,0.3557142857142857,0.005,1400,600
cp_cox_crossfit,CP + Cox (Cross-Fit),0.9233333333333333,3.7147337187724996,0.06306323335797391,s009,14,20350427,base,Base Weibull PH,3,0.3,1.2,1,0.35,0.97,2000,0.3,0.1,1500,3.869853944658139,0.3557142857142857,0.005,1400,600
cp_cox_full,CP + Cox,0.8883333333333333,3.836441019361859,0.06851175074255123,s009,15,20350428,base,Base Weibull PH,3,0.3,1.2,1,0.35,0.97,2000,0.3,0.1,1500,3.996758999463732,0.3707142857142857,0.005,1400,600
cp_cox_crossfit,CP + Cox (Cross-Fit),0.8866666666666667,3.8337170696179914,0.06973457280150809,s009,15,20350428,base,Base Weibull PH,3,0.3,1.2,1,0.35,0.97,2000,0.3,0.1,1500,3.996758999463732,0.3707142857142857,0.005,1400,600
cp_cox_full,CP + Cox,0.9066666666666666,3.471088924342109,0.08602222443364647,s009,16,20350429,base,Base Weibull PH,3,0.3,1.2,1,0.35,0.97,2000,0.3,0.1,1500,3.646559072809831,0.3157142857142857,0.0064285714285714285,1400,600
cp_cox_crossfit,CP + Cox (Cross-Fit),0.925,3.494060843524827,0.07516430603909151,s009,16,20350429,base,Base Weibull PH,3,0.3,1.2,1,0.35,0.97,2000,0.3,0.1,1500,3.646559072809831,0.3157142857142857,0.0064285714285714285,1400,600
cp_cox_full,CP + Cox,0.8866666666666667,3.244742785621025,0.056271583977905035,s009,17,20350430,base,Base Weibull PH,3,0.3,1.2,1,0.35,0.97,2000,0.3,0.1,1500,3.3996047718513176,0.34214285714285714,0.005,1400,600
cp_cox_crossfit,CP + Cox (Cross-Fit),0.885,3.241315438048033,0.057740286773688594,s009,17,20350430,base,Base Weibull PH,3,0.3,1.2,1,0.35,0.97,2000,0.3,0.1,1500,3.3996047718513176,0.34214285714285714,0.005,1400,600
cp_cox_full,CP + Cox,0.8666666666666667,3.2456774234619883,0.09612785727614419,s009,18,20350431,base,Base Weibull PH,3,0.3,1.2,1,0.35,0.97,2000,0.3,0.1,1500,3.4377479169401113,0.38,7.142857142857143e-4,1400,600
cp_cox_crossfit,CP + Cox (Cross-Fit),0.87,3.2496691507275823,0.0945900284807127,s009,18,20350431,base,Base Weibull PH,3,0.3,1.2,1,0.35,0.97,2000,0.3,0.1,1500,3.4377479169401113,0.38,7.142857142857143e-4,1400,600
cp_cox_full,CP + Cox,0.885,3.276563495250351,0.09722248400658925,s009,19,20350432,base,Base Weibull PH,3,0.3,1.2,1,0.35,0.97,2000,0.3,0.1,1500,3.4712450598417695,0.3628571428571429,0.005714285714285714,1400,600
cp_cox_crossfit,CP + Cox (Cross-Fit),0.8866666666666667,3.2789682186989877,0.09612440390606294,s009,19,20350432,base,Base Weibull PH,3,0.3,1.2,1,0.35,0.97,2000,0.3,0.1,1500,3.4712450598417695,0.3628571428571429,0.005714285714285714,1400,600
cp_cox_full,CP + Cox,0.8916666666666667,3.4710924556843334,0.10194813360605724,s009,20,20350433,base,Base Weibull PH,3,0.3,1.2,1,0.35,0.97,2000,0.3,0.1,1500,3.6674091013129773,0.355,0.005714285714285714,1400,600
cp_cox_crossfit,CP + Cox (Cross-Fit),0.8866666666666667,3.468351096185772,0.103342963155861,s009,20,20350433,base,Base Weibull PH,3,0.3,1.2,1,0.35,0.97,2000,0.3,0.1,1500,3.6674091013129773,0.355,0.005714285714285714,1400,600
cp_cox_full,CP + Cox,0.8883333333333333,3.366555699659277,0.07900803851246209,s009,21,20350434,base,Base Weibull PH,3,0.3,1.2,1,0.35,0.97,2000,0.3,0.1,1500,3.5478233106744153,0.3585714285714286,0.0064285714285714285,1400,600
cp_cox_crossfit,CP + Cox (Cross-Fit),0.8983333333333333,3.3862997499239524,0.07120348839935635,s009,21,20350434,base,Base Weibull PH,3,0.3,1.2,1,0.35,0.97,2000,0.3,0.1,1500,3.5478233106744153,0.3585714285714286,0.0064285714285714285,1400,600
cp_cox_full,CP + Cox,0.92,3.4165234314192086,0.07181610701847863,s009,22,20350435,base,Base Weibull PH,3,0.3,1.2,1,0.35,0.97,2000,0.3,0.1,1500,3.566469703237465,0.3435714285714286,0.005714285714285714,1400,600
cp_cox_crossfit,CP + Cox (Cross-Fit),0.9183333333333333,3.412390891934798,0.07362486757553058,s009,22,20350435,base,Base Weibull PH,3,0.3,1.2,1,0.35,0.97,2000,0.3,0.1,1500,3.566469703237465,0.3435714285714286,0.005714285714285714,1400,600
cp_cox_full,CP + Cox,0.8933333333333333,3.3981197338852356,0.08395889031473139,s009,23,20350436,base,Base Weibull PH,3,0.3,1.2,1,0.35,0.97,2000,0.3,0.1,1500,3.57379606255474,0.36857142857142855,0.004285714285714286,1400,600
cp_cox_crossfit,CP + Cox (Cross-Fit),0.91,3.4178619959557244,0.07547932720303746,s009,23,20350436,base,Base Weibull PH,3,0.3,1.2,1,0.35,0.97,2000,0.3,0.1,1500,3.57379606255474,0.36857142857142855,0.004285714285714286,1400,600
cp_cox_full,CP + Cox,0.9233333333333333,3.680413715189518,0.06561173696323788,s009,24,20350437,base,Base Weibull PH,3,0.3,1.2,1,0.35,0.97,2000,0.3,0.1,1500,3.8265848756605805,0.32785714285714285,0.005,1400,600
cp_cox_crossfit,CP + Cox (Cross-Fit),0.9,3.6519950384695443,0.0780771610898578,s009,24,20350437,base,Base Weibull PH,3,0.3,1.2,1,0.35,0.97,2000,0.3,0.1,1500,3.8265848756605805,0.32785714285714285,0.005,1400,600
cp_cox_full,CP + Cox,0.9033333333333333,3.3305867813650436,0.07457137915926743,s009,25,20350438,base,Base Weibull PH,3,0.3,1.2,1,0.35,0.97,2000,0.3,0.1,1500,3.5082812469632314,0.37857142857142856,0.005714285714285714,1400,600
cp_cox_crossfit,CP + Cox (Cross-Fit),0.9066666666666666,3.334473430914177,0.07283526791325606,s009,25,20350438,base,Base Weibull PH,3,0.3,1.2,1,0.35,0.97,2000,0.3,0.1,1500,3.5082812469632314,0.37857142857142856,0.005714285714285714,1400,600
cp_cox_full,CP + Cox,0.9083333333333333,3.457699818442312,0.09015158678800012,s009,26,20350439,base,Base Weibull PH,3,0.3,1.2,1,0.35,0.97,2000,0.3,0.1,1500,3.6179261472497672,0.3707142857142857,0.005714285714285714,1400,600
cp_cox_crossfit,CP + Cox (Cross-Fit),0.9183333333333333,3.465925345991766,0.08641815462550012,s009,26,20350439,base,Base Weibull PH,3,0.3,1.2,1,0.35,0.97,2000,0.3,0.1,1500,3.6179261472497672,0.3707142857142857,0.005714285714285714,1400,600
cp_cox_full,CP + Cox,0.92,3.7221117930011047,0.07515188671934064,s009,27,20350440,base,Base Weibull PH,3,0.3,1.2,1,0.35,0.97,2000,0.3,0.1,1500,3.8713880197860235,0.31785714285714284,0.007857142857142858,1400,600
cp_cox_crossfit,CP + Cox (Cross-Fit),0.89,3.6783483439811997,0.09779305657331738,s009,27,20350440,base,Base Weibull PH,3,0.3,1.2,1,0.35,0.97,2000,0.3,0.1,1500,3.8713880197860235,0.31785714285714284,0.007857142857142858,1400,600
cp_cox_full,CP + Cox,0.9116666666666666,3.517749182541491,0.07529194867510786,s009,28,20350441,base,Base Weibull PH,3,0.3,1.2,1,0.35,0.97,2000,0.3,0.1,1500,3.6706592510777343,0.38,0.005,1400,600
cp_cox_crossfit,CP + Cox (Cross-Fit),0.8933333333333333,3.4988706068029902,0.08567363932833051,s009,28,20350441,base,Base Weibull PH,3,0.3,1.2,1,0.35,0.97,2000,0.3,0.1,1500,3.6706592510777343,0.38,0.005,1400,600
cp_cox_full,CP + Cox,0.8783333333333333,3.3461682426432406,0.07763768614698334,s009,29,20350442,base,Base Weibull PH,3,0.3,1.2,1,0.35,0.97,2000,0.3,0.1,1500,3.5190328758180573,0.3364285714285714,0.007142857142857143,1400,600
cp_cox_crossfit,CP + Cox (Cross-Fit),0.89,3.3603650919702717,0.07097187128365051,s009,29,20350442,base,Base Weibull PH,3,0.3,1.2,1,0.35,0.97,2000,0.3,0.1,1500,3.5190328758180573,0.3364285714285714,0.007142857142857143,1400,600
cp_cox_full,CP + Cox,0.9,3.1890699927270645,0.07198176380976813,s009,30,20350443,base,Base Weibull PH,3,0.3,1.2,1,0.35,0.97,2000,0.3,0.1,1500,3.3658052552936244,0.3585714285714286,0.005,1400,600
cp_cox_crossfit,CP + Cox (Cross-Fit),0.895,3.1834411038692823,0.07439444751630644,s009,30,20350443,base,Base Weibull PH,3,0.3,1.2,1,0.35,0.97,2000,0.3,0.1,1500,3.3658052552936244,0.3585714285714286,0.005,1400,600
cp_cox_full,CP + Cox,0.8933333333333333,1.352804271962155,0.19915578772552223,s010,1,20360414,high_dim,Higher covariate dimension,9,0.3,1.2,1,0.1,0.75,2000,0.3,0.1,1500,1.5667392250561716,0.31357142857142856,0.2007142857142857,1400,600
cp_cox_crossfit,CP + Cox (Cross-Fit),0.8983333333333333,1.3677529717213976,0.18819144178892222,s010,1,20360414,high_dim,Higher covariate dimension,9,0.3,1.2,1,0.1,0.75,2000,0.3,0.1,1500,1.5667392250561716,0.31357142857142856,0.2007142857142857,1400,600
cp_cox_full,CP + Cox,0.875,1.291451799472398,0.15540504523087567,s010,2,20360415,high_dim,Higher covariate dimension,9,0.3,1.2,1,0.1,0.75,2000,0.3,0.1,1500,1.5007545793016708,0.30714285714285716,0.21142857142857144,1400,600
cp_cox_crossfit,CP + Cox (Cross-Fit),0.8716666666666667,1.2878485715634875,0.1579102761354939,s010,2,20360415,high_dim,Higher covariate dimension,9,0.3,1.2,1,0.1,0.75,2000,0.3,0.1,1500,1.5007545793016708,0.30714285714285716,0.21142857142857144,1400,600
cp_cox_full,CP + Cox,0.8666666666666667,1.2888041744869623,0.19154664820725925,s010,3,20360416,high_dim,Higher covariate dimension,9,0.3,1.2,1,0.1,0.75,2000,0.3,0.1,1500,1.5199555800484401,0.30142857142857143,0.20142857142857143,1400,600
cp_cox_crossfit,CP + Cox (Cross-Fit),0.9,1.3238800864161062,0.16630180966216582,s010,3,20360416,high_dim,Higher covariate dimension,9,0.3,1.2,1,0.1,0.75,2000,0.3,0.1,1500,1.5199555800484401,0.30142857142857143,0.20142857142857143,1400,600
cp_cox_full,CP + Cox,0.8983333333333333,1.3139095970244867,0.20322976986919242,s010,4,20360417,high_dim,Higher covariate dimension,9,0.3,1.2,1,0.1,0.75,2000,0.3,0.1,1500,1.5222049237946922,0.29285714285714287,0.2057142857142857,1400,600
cp_cox_crossfit,CP + Cox (Cross-Fit),0.9116666666666666,1.3358230366586539,0.18537982356939814,s010,4,20360417,high_dim,Higher covariate dimension,9,0.3,1.2,1,0.1,0.75,2000,0.3,0.1,1500,1.5222049237946922,0.29285714285714287,0.2057142857142857,1400,600
cp_cox_full,CP + Cox,0.9033333333333333,1.2995660697807705,0.19865220748989268,s010,5,20360418,high_dim,Higher covariate dimension,9,0.3,1.2,1,0.1,0.75,2000,0.3,0.1,1500,1.5137679396775292,0.2892857142857143,0.19785714285714287,1400,600
cp_cox_crossfit,CP + Cox (Cross-Fit),0.8983333333333333,1.294428105918003,0.20230443125038933,s010,5,20360418,high_dim,Higher covariate dimension,9,0.3,1.2,1,0.1,0.75,2000,0.3,0.1,1500,1.5137679396775292,0.2892857142857143,0.19785714285714287,1400,600
cp_cox_full,CP + Cox,0.8916666666666667,1.3405321444071114,0.2243759500048871,s010,6,20360419,high_dim,Higher covariate dimension,9,0.3,1.2,1,0.1,0.75,2000,0.3,0.1,1500,1.578206563655301,0.2764285714285714,0.19214285714285714,1400,600
cp_cox_crossfit,CP + Cox (Cross-Fit),0.895,1.3538826218961615,0.21430105405456462,s010,6,20360419,high_dim,Higher covariate dimension,9,0.3,1.2,1,0.1,0.75,2000,0.3,0.1,1500,1.578206563655301,0.2764285714285714,0.19214285714285714,1400,600
cp_cox_full,CP + Cox,0.885,1.2779306263411856,0.178035558826883,s010,7,20360420,high_dim,Higher covariate dimension,9,0.3,1.2,1,0.1,0.75,2000,0.3,0.1,1500,1.477914961409329,0.3057142857142857,0.20357142857142857,1400,600
cp_cox_crossfit,CP + Cox (Cross-Fit),0.8716666666666667,1.2431801192674872,0.20376826396110528,s010,7,20360420,high_dim,Higher covariate dimension,9,0.3,1.2,1,0.1,0.75,2000,0.3,0.1,1500,1.477914961409329,0.3057142857142857,0.20357142857142857,1400,600
cp_cox_full,CP + Cox,0.8716666666666667,1.2564284691448842,0.20552630767852392,s010,8,20360421,high_dim,Higher covariate dimension,9,0.3,1.2,1,0.1,0.75,2000,0.3,0.1,1500,1.5005438023719917,0.3057142857142857,0.19857142857142857,1400,600
cp_cox_crossfit,CP + Cox (Cross-Fit),0.8916666666666667,1.2953765165300541,0.17614509428312722,s010,8,20360421,high_dim,Higher covariate dimension,9,0.3,1.2,1,0.1,0.75,2000,0.3,0.1,1500,1.5005438023719917,0.3057142857142857,0.19857142857142857,1400,600
cp_cox_full,CP + Cox,0.9066666666666666,1.3525274263201377,0.17616888408827586,s010,9,20360422,high_dim,Higher covariate dimension,9,0.3,1.2,1,0.1,0.75,2000,0.3,0.1,1500,1.5513621102834405,0.29928571428571427,0.19428571428571428,1400,600
cp_cox_crossfit,CP + Cox (Cross-Fit),0.9033333333333333,1.3485535232595722,0.17940302158269145,s010,9,20360422,high_dim,Higher covariate dimension,9,0.3,1.2,1,0.1,0.75,2000,0.3,0.1,1500,1.5513621102834405,0.29928571428571427,0.19428571428571428,1400,600
cp_cox_full,CP + Cox,0.9033333333333333,1.1994271288165916,0.1691321874127173,s010,10,20360423,high_dim,Higher covariate dimension,9,0.3,1.2,1,0.1,0.75,2000,0.3,0.1,1500,1.4039149409335776,0.305,0.19714285714285715,1400,600
cp_cox_crossfit,CP + Cox (Cross-Fit),0.905,1.210094489381932,0.16139739455208704,s010,10,20360423,high_dim,Higher covariate dimension,9,0.3,1.2,1,0.1,0.75,2000,0.3,0.1,1500,1.4039149409335776,0.305,0.19714285714285715,1400,600
cp_cox_full,CP + Cox,0.8983333333333333,1.3313219618890053,0.18038870837811294,s010,11,20360424,high_dim,Higher covariate dimension,9,0.3,1.2,1,0.1,0.75,2000,0.3,0.1,1500,1.5612450860766753,0.2985714285714286,0.2,1400,600
cp_cox_crossfit,CP + Cox (Cross-Fit),0.8966666666666666,1.3280539982556783,0.18260165732349326,s010,11,20360424,high_dim,Higher covariate dimension,9,0.3,1.2,1,0.1,0.75,2000,0.3,0.1,1500,1.5612450860766753,0.2985714285714286,0.2,1400,600
cp_cox_full,CP + Cox,0.9,1.3101195259519294,0.16269370612738568,s010,12,20360425,high_dim,Higher covariate dimension,9,0.3,1.2,1,0.1,0.75,2000,0.3,0.1,1500,1.5123235456400743,0.3028571428571429,0.195,1400,600
cp_cox_crossfit,CP + Cox (Cross-Fit),0.8933333333333333,1.2975448861427976,0.1712864306357266,s010,12,20360425,high_dim,Higher covariate dimension,9,0.3,1.2,1,0.1,0.75,2000,0.3,0.1,1500,1.5123235456400743,0.3028571428571429,0.195,1400,600
cp_cox_full,CP + Cox,0.8966666666666666,1.3552038948715752,0.15636781068438044,s010,13,20360426,high_dim,Higher covariate dimension,9,0.3,1.2,1,0.1,0.75,2000,0.3,0.1,1500,1.5461541854931533,0.3171428571428571,0.21142857142857144,1400,600
cp_cox_crossfit,CP + Cox (Cross-Fit),0.895,1.3467554245499356,0.1621338157828507,s010,13,20360426,high_dim,Higher covariate dimension,9,0.3,1.2,1,0.1,0.75,2000,0.3,0.1,1500,1.5461541854931533,0.3171428571428571,0.21142857142857144,1400,600
cp_cox_full,CP + Cox,0.905,1.2777594544399724,0.1866431389209211,s010,14,20360427,high_dim,Higher covariate dimension,9,0.3,1.2,1,0.1,0.75,2000,0.3,0.1,1500,1.501000326416354,0.29214285714285715,0.215,1400,600
cp_cox_crossfit,CP + Cox (Cross-Fit),0.8966666666666666,1.2607328883974427,0.19973857078802643,s010,14,20360427,high_dim,Higher covariate dimension,9,0.3,1.2,1,0.1,0.75,2000,0.3,0.1,1500,1.501000326416354,0.29214285714285715,0.215,1400,600
cp_cox_full,CP + Cox,0.8833333333333333,1.2753912205140965,0.17835699616123443,s010,15,20360428,high_dim,Higher covariate dimension,9,0.3,1.2,1,0.1,0.75,2000,0.3,0.1,1500,1.5031441621861354,0.29285714285714287,0.19285714285714287,1400,600
cp_cox_crossfit,CP + Cox (Cross-Fit),0.885,1.2760526981699316,0.1779219388862008,s010,15,20360428,high_dim,Higher covariate dimension,9,0.3,1.2,1,0.1,0.75,2000,0.3,0.1,1500,1.5031441621861354,0.29285714285714287,0.19285714285714287,1400,600
cp_cox_full,CP + Cox,0.89,1.348580960061293,0.18940414200558478,s010,16,20360429,high_dim,Higher covariate dimension,9,0.3,1.2,1,0.1,0.75,2000,0.3,0.1,1500,1.5687117450449604,0.30714285714285716,0.19071428571428573,1400,600
cp_cox_crossfit,CP + Cox (Cross-Fit),0.885,1.3348597830980473,0.19886836831846688,s010,16,20360429,high_dim,Higher covariate dimension,9,0.3,1.2,1,0.1,0.75,2000,0.3,0.1,1500,1.5687117450449604,0.30714285714285716,0.19071428571428573,1400,600
cp_cox_full,CP + Cox,0.8983333333333333,1.2952143028718288,0.18447355546613017,s010,17,20360430,high_dim,Higher covariate dimension,9,0.3,1.2,1,0.1,0.75,2000,0.3,0.1,1500,1.5058655197396489,0.295,0.20214285714285715,1400,600
cp_cox_crossfit,CP + Cox (Cross-Fit),0.9083333333333333,1.3105818696973852,0.17201854985852374,s010,17,20360430,high_dim,Higher covariate dimension,9,0.3,1.2,1,0.1,0.75,2000,0.3,0.1,1500,1.5058655197396489,0.295,0.20214285714285715,1400,600
cp_cox_full,CP + Cox,0.9133333333333333,1.271165387774184,0.17303127317373607,s010,18,20360431,high_dim,Higher covariate dimension,9,0.3,1.2,1,0.1,0.75,2000,0.3,0.1,1500,1.4477160930351751,0.3142857142857143,0.205,1400,600
cp_cox_crossfit,CP + Cox (Cross-Fit),0.9333333333333333,1.298540918250132,0.14783118638793416,s010,18,20360431,high_dim,Higher covariate dimension,9,0.3,1.2,1,0.1,0.75,2000,0.3,0.1,1500,1.4477160930351751,0.3142857142857143,0.205,1400,600
cp_cox_full,CP + Cox,0.9133333333333333,1.3724170849042463,0.15718228965386116,s010,19,20360432,high_dim,Higher covariate dimension,9,0.3,1.2,1,0.1,0.75,2000,0.3,0.1,1500,1.5483854901073866,0.3057142857142857,0.19857142857142857,1400,600
cp_cox_crossfit,CP + Cox (Cross-Fit),0.9083333333333333,1.3567162183268962,0.169030094559695,s010,19,20360432,high_dim,Higher covariate dimension,9,0.3,1.2,1,0.1,0.75,2000,0.3,0.1,1500,1.5483854901073866,0.3057142857142857,0.19857142857142857,1400,600
cp_cox_full,CP + Cox,0.8683333333333333,1.2554314162591007,0.15488254402389892,s010,20,20360433,high_dim,Higher covariate dimension,9,0.3,1.2,1,0.1,0.75,2000,0.3,0.1,1500,1.4701488161716798,0.3028571428571429,0.2042857142857143,1400,600
cp_cox_crossfit,CP + Cox (Cross-Fit),0.8866666666666667,1.2910530976910732,0.12794765689612775,s010,20,20360433,high_dim,Higher covariate dimension,9,0.3,1.2,1,0.1,0.75,2000,0.3,0.1,1500,1.4701488161716798,0.3028571428571429,0.2042857142857143,1400,600
cp_cox_full,CP + Cox,0.935,1.2716152672014158,0.14368354093516011,s010,21,20360434,high_dim,Higher covariate dimension,9,0.3,1.2,1,0.1,0.75,2000,0.3,0.1,1500,1.4383748865512713,0.2935714285714286,0.20142857142857143,1400,600
cp_cox_crossfit,CP + Cox (Cross-Fit),0.9033333333333333,1.2361277004850617,0.17105943374506283,s010,21,20360434,high_dim,Higher covariate dimension,9,0.3,1.2,1,0.1,0.75,2000,0.3,0.1,1500,1.4383748865512713,0.2935714285714286,0.20142857142857143,1400,600
cp_cox_full,CP + Cox,0.9016666666666666,1.2774857125290928,0.16109464816563374,s010,22,20360435,high_dim,Higher covariate dimension,9,0.3,1.2,1,0.1,0.75,2000,0.3,0.1,1500,1.4783253520018214,0.3057142857142857,0.20142857142857143,1400,600
cp_cox_crossfit,CP + Cox (Cross-Fit),0.9016666666666666,1.2754471587637959,0.16261344956478443,s010,22,20360435,high_dim,Higher covariate dimension,9,0.3,1.2,1,0.1,0.75,2000,0.3,0.1,1500,1.4783253520018214,0.3057142857142857,0.20142857142857143,1400,600
cp_cox_full,CP + Cox,0.9133333333333333,1.3464133479204383,0.15414606887079807,s010,23,20360436,high_dim,Higher covariate dimension,9,0.3,1.2,1,0.1,0.75,2000,0.3,0.1,1500,1.5199482242370999,0.3314285714285714,0.21357142857142858,1400,600
cp_cox_crossfit,CP + Cox (Cross-Fit),0.9266666666666666,1.3673345427961947,0.13502680420922122,s010,23,20360436,high_dim,Higher covariate dimension,9,0.3,1.2,1,0.1,0.75,2000,0.3,0.1,1500,1.5199482242370999,0.3314285714285714,0.21357142857142858,1400,600
cp_cox_full,CP + Cox,0.9166666666666666,1.3775083613670207,0.13183240643432137,s010,24,20360437,high_dim,Higher covariate dimension,9,0.3,1.2,1,0.1,0.75,2000,0.3,0.1,1500,1.5598496005681048,0.29642857142857143,0.19785714285714287,1400,600
cp_cox_crossfit,CP + Cox (Cross-Fit),0.9166666666666666,1.365723530076571,0.140610227192846,s010,24,20360437,high_dim,Higher covariate dimension,9,0.3,1.2,1,0.1,0.75,2000,0.3,0.1,1500,1.5598496005681048,0.29642857142857143,0.19785714285714287,1400,600
cp_cox_full,CP + Cox,0.925,1.3209707306035567,0.1438020491789463,s010,25,20360438,high_dim,Higher covariate dimension,9,0.3,1.2,1,0.1,0.75,2000,0.3,0.1,1500,1.4919057720027369,0.3107142857142857,0.20785714285714285,1400,600
cp_cox_crossfit,CP + Cox (Cross-Fit),0.8916666666666667,1.2624773281701698,0.1903653282679157,s010,25,20360438,high_dim,Higher covariate dimension,9,0.3,1.2,1,0.1,0.75,2000,0.3,0.1,1500,1.4919057720027369,0.3107142857142857,0.20785714285714285,1400,600
cp_cox_full,CP + Cox,0.9266666666666666,1.3749615238352706,0.1544272214544228,s010,26,20360439,high_dim,Higher covariate dimension,9,0.3,1.2,1,0.1,0.75,2000,0.3,0.1,1500,1.560692546199425,0.28714285714285714,0.20285714285714285,1400,600
cp_cox_crossfit,CP + Cox (Cross-Fit),0.9033333333333333,1.339504619486128,0.18216253543211103,s010,26,20360439,high_dim,Higher covariate dimension,9,0.3,1.2,1,0.1,0.75,2000,0.3,0.1,1500,1.560692546199425,0.28714285714285714,0.20285714285714285,1400,600
cp_cox_full,CP + Cox,0.8866666666666667,1.3565028721671628,0.18016396895247336,s010,27,20360440,high_dim,Higher covariate dimension,9,0.3,1.2,1,0.1,0.75,2000,0.3,0.1,1500,1.5541924896581394,0.3092857142857143,0.21071428571428572,1400,600
cp_cox_crossfit,CP + Cox (Cross-Fit),0.87,1.3325067167155578,0.19974695478071136,s010,27,20360440,high_dim,Higher covariate dimension,9,0.3,1.2,1,0.1,0.75,2000,0.3,0.1,1500,1.5541924896581394,0.3092857142857143,0.21071428571428572,1400,600
cp_cox_full,CP + Cox,0.9166666666666666,1.3937129123567904,0.15708086348426759,s010,28,20360441,high_dim,Higher covariate dimension,9,0.3,1.2,1,0.1,0.75,2000,0.3,0.1,1500,1.5864194633180695,0.305,0.20142857142857143,1400,600
cp_cox_crossfit,CP + Cox (Cross-Fit),0.905,1.3735830658086783,0.17212414316877778,s010,28,20360441,high_dim,Higher covariate dimension,9,0.3,1.2,1,0.1,0.75,2000,0.3,0.1,1500,1.5864194633180695,0.305,0.20142857142857143,1400,600
cp_cox_full,CP + Cox,0.885,1.3525174774341804,0.16047452653172847,s010,29,20360442,high_dim,Higher covariate dimension,9,0.3,1.2,1,0.1,0.75,2000,0.3,0.1,1500,1.5724433294232811,0.3007142857142857,0.19214285714285714,1400,600
cp_cox_crossfit,CP + Cox (Cross-Fit),0.8983333333333333,1.3680508343770699,0.15047021837992056,s010,29,20360442,high_dim,Higher covariate dimension,9,0.3,1.2,1,0.1,0.75,2000,0.3,0.1,1500,1.5724433294232811,0.3007142857142857,0.19214285714285714,1400,600
cp_cox_full,CP + Cox,0.8633333333333333,1.3362064774051625,0.165948639493512,s010,30,20360443,high_dim,Higher covariate dimension,9,0.3,1.2,1,0.1,0.75,2000,0.3,0.1,1500,1.5413498967649906,0.3157142857142857,0.21285714285714286,1400,600
cp_cox_crossfit,CP + Cox (Cross-Fit),0.865,1.3388086475655936,0.16371467038890622,s010,30,20360443,high_dim,Higher covariate dimension,9,0.3,1.2,1,0.1,0.75,2000,0.3,0.1,1500,1.5413498967649906,0.3157142857142857,0.21285714285714286,1400,600
cp_cox_full,CP + Cox,0.8683333333333333,2.6662051388692674,0.18014052201343922,s011,1,20370414,high_dim,Higher covariate dimension,9,0.3,1.2,1,0.1,0.9,2000,0.3,0.1,1500,2.9012627765541397,0.1692857142857143,0.07142857142857142,1400,600
cp_cox_crossfit,CP + Cox (Cross-Fit),0.8816666666666667,2.6909477461372076,0.16161068452117847,s011,1,20370414,high_dim,Higher covariate dimension,9,0.3,1.2,1,0.1,0.9,2000,0.3,0.1,1500,2.9012627765541397,0.1692857142857143,0.07142857142857142,1400,600
cp_cox_full,CP + Cox,0.9033333333333333,2.6916504732918876,0.18703156923131203,s011,2,20370415,high_dim,Higher covariate dimension,9,0.3,1.2,1,0.1,0.9,2000,0.3,0.1,1500,2.888744880226907,0.18,0.075,1400,600
cp_cox_crossfit,CP + Cox (Cross-Fit),0.94,2.7309398479130924,0.14951096645458667,s011,2,20370415,high_dim,Higher covariate dimension,9,0.3,1.2,1,0.1,0.9,2000,0.3,0.1,1500,2.888744880226907,0.18,0.075,1400,600
cp_cox_full,CP + Cox,0.8966666666666666,2.6748386076364907,0.1561947888420492,s011,3,20370416,high_dim,Higher covariate dimension,9,0.3,1.2,1,0.1,0.9,2000,0.3,0.1,1500,2.869150965733208,0.16857142857142857,0.07714285714285714,1400,600
cp_cox_crossfit,CP + Cox (Cross-Fit),0.905,2.6860188697745055,0.1473392744245927,s011,3,20370416,high_dim,Higher covariate dimension,9,0.3,1.2,1,0.1,0.9,2000,0.3,0.1,1500,2.869150965733208,0.16857142857142857,0.07714285714285714,1400,600
cp_cox_full,CP + Cox,0.89,2.7788618835301633,0.1623784371695055,s011,4,20370417,high_dim,Higher covariate dimension,9,0.3,1.2,1,0.1,0.9,2000,0.3,0.1,1500,2.9891520431981595,0.18142857142857144,0.07071428571428572,1400,600
cp_cox_crossfit,CP + Cox (Cross-Fit),0.9016666666666666,2.8040644416615574,0.14139666939614978,s011,4,20370417,high_dim,Higher covariate dimension,9,0.3,1.2,1,0.1,0.9,2000,0.3,0.1,1500,2.9891520431981595,0.18142857142857144,0.07071428571428572,1400,600
cp_cox_full,CP + Cox,0.8833333333333333,2.9020924323177844,0.16737807487426926,s011,5,20370418,high_dim,Higher covariate dimension,9,0.3,1.2,1,0.1,0.9,2000,0.3,0.1,1500,3.1112122315484236,0.18285714285714286,0.07928571428571428,1400,600
cp_cox_crossfit,CP + Cox (Cross-Fit),0.8866666666666667,2.91474730399707,0.15723612380108168,s011,5,20370418,high_dim,Higher covariate dimension,9,0.3,1.2,1,0.1,0.9,2000,0.3,0.1,1500,3.1112122315484236,0.18285714285714286,0.07928571428571428,1400,600
cp_cox_full,CP + Cox,0.86,2.6491116949524955,0.23159094298405528,s011,6,20370419,high_dim,Higher covariate dimension,9,0.3,1.2,1,0.1,0.9,2000,0.3,0.1,1500,2.914513875815931,0.15714285714285714,0.062142857142857146,1400,600
cp_cox_crossfit,CP + Cox (Cross-Fit),0.88,2.691164910307596,0.19667264350012226,s011,6,20370419,high_dim,Higher covariate dimension,9,0.3,1.2,1,0.1,0.9,2000,0.3,0.1,1500,2.914513875815931,0.15714285714285714,0.062142857142857146,1400,600
cp_cox_full,CP + Cox,0.9,2.566569823276715,0.12592406629462047,s011,7,20370420,high_dim,Higher covariate dimension,9,0.3,1.2,1,0.1,0.9,2000,0.3,0.1,1500,2.7421011751008897,0.17357142857142857,0.07,1400,600
cp_cox_crossfit,CP + Cox (Cross-Fit),0.8866666666666667,2.5581434904126454,0.1322003959995253,s011,7,20370420,high_dim,Higher covariate dimension,9,0.3,1.2,1,0.1,0.9,2000,0.3,0.1,1500,2.7421011751008897,0.17357142857142857,0.07,1400,600
cp_cox_full,CP + Cox,0.8833333333333333,2.6890934515617966,0.20673990652233779,s011,8,20370421,high_dim,Higher covariate dimension,9,0.3,1.2,1,0.1,0.9,2000,0.3,0.1,1500,2.932576462625964,0.185,0.08071428571428571,1400,600
cp_cox_crossfit,CP + Cox (Cross-Fit),0.8833333333333333,2.690453131143111,0.2053271107177223,s011,8,20370421,high_dim,Higher covariate dimension,9,0.3,1.2,1,0.1,0.9,2000,0.3,0.1,1500,2.932576462625964,0.185,0.08071428571428571,1400,600
cp_cox_full,CP + Cox,0.9166666666666666,2.726025941293792,0.1539355514991558,s011,9,20370422,high_dim,Higher covariate dimension,9,0.3,1.2,1,0.1,0.9,2000,0.3,0.1,1500,2.91996853855966,0.16642857142857143,0.06571428571428571,1400,600
cp_cox_crossfit,CP + Cox (Cross-Fit),0.9016666666666666,2.694955374550936,0.17702735731605201,s011,9,20370422,high_dim,Higher covariate dimension,9,0.3,1.2,1,0.1,0.9,2000,0.3,0.1,1500,2.91996853855966,0.16642857142857143,0.06571428571428571,1400,600
cp_cox_full,CP + Cox,0.9016666666666666,2.7469750742801664,0.18080784678162717,s011,10,20370423,high_dim,Higher covariate dimension,9,0.3,1.2,1,0.1,0.9,2000,0.3,0.1,1500,2.9351744460486615,0.17142857142857143,0.06714285714285714,1400,600
cp_cox_crossfit,CP + Cox (Cross-Fit),0.9,2.743248008055929,0.1838677438857596,s011,10,20370423,high_dim,Higher covariate dimension,9,0.3,1.2,1,0.1,0.9,2000,0.3,0.1,1500,2.9351744460486615,0.17142857142857143,0.06714285714285714,1400,600
cp_cox_full,CP + Cox,0.8766666666666667,2.7129757336923794,0.18505534749368438,s011,11,20370424,high_dim,Higher covariate dimension,9,0.3,1.2,1,0.1,0.9,2000,0.3,0.1,1500,2.9129572879579504,0.17857142857142858,0.07214285714285715,1400,600
cp_cox_crossfit,CP + Cox (Cross-Fit),0.8483333333333334,2.676870094899052,0.2174464628541556,s011,11,20370424,high_dim,Higher covariate dimension,9,0.3,1.2,1,0.1,0.9,2000,0.3,0.1,1500,2.9129572879579504,0.17857142857142858,0.07214285714285715,1400,600
cp_cox_full,CP + Cox,0.915,2.6721106363537235,0.12530445560113226,s011,12,20370425,high_dim,Higher covariate dimension,9,0.3,1.2,1,0.1,0.9,2000,0.3,0.1,1500,2.843648391645273,0.17857142857142858,0.07214285714285715,1400,600
cp_cox_crossfit,CP + Cox (Cross-Fit),0.915,2.668076266428434,0.1281607639993409,s011,12,20370425,high_dim,Higher covariate dimension,9,0.3,1.2,1,0.1,0.9,2000,0.3,0.1,1500,2.843648391645273,0.17857142857142858,0.07214285714285715,1400,600
cp_cox_full,CP + Cox,0.9016666666666666,2.5515347840894966,0.1803933336795575,s011,13,20370426,high_dim,Higher covariate dimension,9,0.3,1.2,1,0.1,0.9,2000,0.3,0.1,1500,2.7655945305851297,0.16142857142857142,0.06857142857142857,1400,600
cp_cox_crossfit,CP + Cox (Cross-Fit),0.8916666666666667,2.53614092857658,0.19157844738936408,s011,13,20370426,high_dim,Higher covariate dimension,9,0.3,1.2,1,0.1,0.9,2000,0.3,0.1,1500,2.7655945305851297,0.16142857142857142,0.06857142857142857,1400,600
cp_cox_full,CP + Cox,0.915,2.9538493817965805,0.17770673097274256,s011,14,20370427,high_dim,Higher covariate dimension,9,0.3,1.2,1,0.1,0.9,2000,0.3,0.1,1500,3.142343566984796,0.16428571428571428,0.06571428571428571,1400,600
cp_cox_crossfit,CP + Cox (Cross-Fit),0.9016666666666666,2.9297990668337244,0.1989797308129138,s011,14,20370427,high_dim,Higher covariate dimension,9,0.3,1.2,1,0.1,0.9,2000,0.3,0.1,1500,3.142343566984796,0.16428571428571428,0.06571428571428571,1400,600
cp_cox_full,CP + Cox,0.905,2.757187884311018,0.18095812760631852,s011,15,20370428,high_dim,Higher covariate dimension,9,0.3,1.2,1,0.1,0.9,2000,0.3,0.1,1500,2.967162773703305,0.15571428571428572,0.06857142857142857,1400,600
cp_cox_crossfit,CP + Cox (Cross-Fit),0.9133333333333333,2.791068063371499,0.15213682112159835,s011,15,20370428,high_dim,Higher covariate dimension,9,0.3,1.2,1,0.1,0.9,2000,0.3,0.1,1500,2.967162773703305,0.15571428571428572,0.06857142857142857,1400,600
cp_cox_full,CP + Cox,0.9166666666666666,2.65622644003169,0.15452490487631101,s011,16,20370429,high_dim,Higher covariate dimension,9,0.3,1.2,1,0.1,0.9,2000,0.3,0.1,1500,2.8405637076539154,0.18357142857142858,0.07785714285714286,1400,600
cp_cox_crossfit,CP + Cox (Cross-Fit),0.9233333333333333,2.6785920797609,0.13443193453016208,s011,16,20370429,high_dim,Higher covariate dimension,9,0.3,1.2,1,0.1,0.9,2000,0.3,0.1,1500,2.8405637076539154,0.18357142857142858,0.07785714285714286,1400,600
cp_cox_full,CP + Cox,0.8816666666666667,2.5499755885305295,0.17945438865342664,s011,17,20370430,high_dim,Higher covariate dimension,9,0.3,1.2,1,0.1,0.9,2000,0.3,0.1,1500,2.7616230581703283,0.1657142857142857,0.07571428571428572,1400,600
cp_cox_crossfit,CP + Cox (Cross-Fit),0.8883333333333333,2.5647773636575435,0.16708713583400955,s011,17,20370430,high_dim,Higher covariate dimension,9,0.3,1.2,1,0.1,0.9,2000,0.3,0.1,1500,2.7616230581703283,0.1657142857142857,0.07571428571428572,1400,600
cp_cox_full,CP + Cox,0.8983333333333333,2.700203087748052,0.17563149434247252,s011,18,20370431,high_dim,Higher covariate dimension,9,0.3,1.2,1,0.1,0.9,2000,0.3,0.1,1500,2.9019331560386004,0.19071428571428573,0.07714285714285714,1400,600
cp_cox_crossfit,CP + Cox (Cross-Fit),0.8833333333333333,2.6673947916869647,0.2037533741469725,s011,18,20370431,high_dim,Higher covariate dimension,9,0.3,1.2,1,0.1,0.9,2000,0.3,0.1,1500,2.9019331560386004,0.19071428571428573,0.07714285714285714,1400,600
cp_cox_full,CP + Cox,0.8933333333333333,2.741556928948782,0.16049752901305697,s011,19,20370432,high_dim,Higher covariate dimension,9,0.3,1.2,1,0.1,0.9,2000,0.3,0.1,1500,2.9361347387398617,0.18785714285714286,0.07857142857142857,1400,600
cp_cox_crossfit,CP + Cox (Cross-Fit),0.895,2.746478398185824,0.15674070252539687,s011,19,20370432,high_dim,Higher covariate dimension,9,0.3,1.2,1,0.1,0.9,2000,0.3,0.1,1500,2.9361347387398617,0.18785714285714286,0.07857142857142857,1400,600
cp_cox_full,CP + Cox,0.9083333333333333,2.703364303277611,0.14802444825720593,s011,20,20370433,high_dim,Higher covariate dimension,9,0.3,1.2,1,0.1,0.9,2000,0.3,0.1,1500,2.8942048919117003,0.16857142857142857,0.07285714285714286,1400,600
cp_cox_crossfit,CP + Cox (Cross-Fit),0.8983333333333333,2.6925678636416746,0.15615951248349272,s011,20,20370433,high_dim,Higher covariate dimension,9,0.3,1.2,1,0.1,0.9,2000,0.3,0.1,1500,2.8942048919117003,0.16857142857142857,0.07285714285714286,1400,600
cp_cox_full,CP + Cox,0.8833333333333333,2.6240527882747178,0.1855069428904471,s011,21,20370434,high_dim,Higher covariate dimension,9,0.3,1.2,1,0.1,0.9,2000,0.3,0.1,1500,2.837298042009215,0.175,0.07142857142857142,1400,600
cp_cox_crossfit,CP + Cox (Cross-Fit),0.8966666666666666,2.640711045216907,0.17083904325725052,s011,21,20370434,high_dim,Higher covariate dimension,9,0.3,1.2,1,0.1,0.9,2000,0.3,0.1,1500,2.837298042009215,0.175,0.07142857142857142,1400,600
cp_cox_full,CP + Cox,0.9266666666666666,2.7012851702667247,0.14250884772287684,s011,22,20370435,high_dim,Higher covariate dimension,9,0.3,1.2,1,0.1,0.9,2000,0.3,0.1,1500,2.8713508194298605,0.18,0.06857142857142857,1400,600
cp_cox_crossfit,CP + Cox (Cross-Fit),0.8933333333333333,2.617096042024277,0.2171885684636683,s011,22,20370435,high_dim,Higher covariate dimension,9,0.3,1.2,1,0.1,0.9,2000,0.3,0.1,1500,2.8713508194298605,0.18,0.06857142857142857,1400,600
cp_cox_full,CP + Cox,0.9033333333333333,2.695880409564572,0.18257971481729623,s011,23,20370436,high_dim,Higher covariate dimension,9,0.3,1.2,1,0.1,0.9,2000,0.3,0.1,1500,2.895975934573607,0.16857142857142857,0.07,1400,600
cp_cox_crossfit,CP + Cox (Cross-Fit),0.9116666666666666,2.7169365631787383,0.16402187955363365,s011,23,20370436,high_dim,Higher covariate dimension,9,0.3,1.2,1,0.1,0.9,2000,0.3,0.1,1500,2.895975934573607,0.16857142857142857,0.07,1400,600
cp_cox_full,CP + Cox,0.8666666666666667,2.715155812486489,0.210717806887035,s011,24,20370437,high_dim,Higher covariate dimension,9,0.3,1.2,1,0.1,0.9,2000,0.3,0.1,1500,2.9530629630927616,0.18,0.07642857142857143,1400,600
cp_cox_crossfit,CP + Cox (Cross-Fit),0.8733333333333333,2.7414302893431284,0.18776316053281877,s011,24,20370437,high_dim,Higher covariate dimension,9,0.3,1.2,1,0.1,0.9,2000,0.3,0.1,1500,2.9530629630927616,0.18,0.07642857142857143,1400,600
cp_cox_full,CP + Cox,0.88,2.6845253751872513,0.1696205667712263,s011,25,20370438,high_dim,Higher covariate dimension,9,0.3,1.2,1,0.1,0.9,2000,0.3,0.1,1500,2.8813091946857075,0.1707142857142857,0.07357142857142857,1400,600
cp_cox_crossfit,CP + Cox (Cross-Fit),0.8916666666666667,2.702959572482269,0.15473678811513034,s011,25,20370438,high_dim,Higher covariate dimension,9,0.3,1.2,1,0.1,0.9,2000,0.3,0.1,1500,2.8813091946857075,0.1707142857142857,0.07357142857142857,1400,600
cp_cox_full,CP + Cox,0.8933333333333333,2.5308165673733685,0.16479093942519135,s011,26,20370439,high_dim,Higher covariate dimension,9,0.3,1.2,1,0.1,0.9,2000,0.3,0.1,1500,2.740389683717485,0.17285714285714285,0.07857142857142857,1400,600
cp_cox_crossfit,CP + Cox (Cross-Fit),0.8933333333333333,2.537614633534054,0.1589579336967049,s011,26,20370439,high_dim,Higher covariate dimension,9,0.3,1.2,1,0.1,0.9,2000,0.3,0.1,1500,2.740389683717485,0.17285714285714285,0.07857142857142857,1400,600
cp_cox_full,CP + Cox,0.9033333333333333,3.038900851666596,0.1812280736891906,s011,27,20370440,high_dim,Higher covariate dimension,9,0.3,1.2,1,0.1,0.9,2000,0.3,0.1,1500,3.2296667553883505,0.175,0.07857142857142857,1400,600
cp_cox_crossfit,CP + Cox (Cross-Fit),0.8883333333333333,3.013225329734053,0.20829923173500434,s011,27,20370440,high_dim,Higher covariate dimension,9,0.3,1.2,1,0.1,0.9,2000,0.3,0.1,1500,3.2296667553883505,0.175,0.07857142857142857,1400,600
cp_cox_full,CP + Cox,0.9066666666666666,2.7514352948503773,0.18681868212209257,s011,28,20370441,high_dim,Higher covariate dimension,9,0.3,1.2,1,0.1,0.9,2000,0.3,0.1,1500,2.9377291305433397,0.165,0.07928571428571428,1400,600
cp_cox_crossfit,CP + Cox (Cross-Fit),0.89,2.721757998322567,0.20569795783723452,s011,28,20370441,high_dim,Higher covariate dimension,9,0.3,1.2,1,0.1,0.9,2000,0.3,0.1,1500,2.9377291305433397,0.165,0.07928571428571428,1400,600
cp_cox_full,CP + Cox,0.8966666666666666,2.6562736305598773,0.21215175924083698,s011,29,20370442,high_dim,Higher covariate dimension,9,0.3,1.2,1,0.1,0.9,2000,0.3,0.1,1500,2.8824590635607135,0.1692857142857143,0.075,1400,600
cp_cox_crossfit,CP + Cox (Cross-Fit),0.885,2.6342496547562586,0.2350972395019931,s011,29,20370442,high_dim,Higher covariate dimension,9,0.3,1.2,1,0.1,0.9,2000,0.3,0.1,1500,2.8824590635607135,0.1692857142857143,0.075,1400,600
cp_cox_full,CP + Cox,0.93,2.799431989798885,0.17382933708362933,s011,30,20370443,high_dim,Higher covariate dimension,9,0.3,1.2,1,0.1,0.9,2000,0.3,0.1,1500,2.974395170564919,0.17285714285714285,0.07357142857142857,1400,600
cp_cox_crossfit,CP + Cox (Cross-Fit),0.9233333333333333,2.7895038950374196,0.1852123784758506,s011,30,20370443,high_dim,Higher covariate dimension,9,0.3,1.2,1,0.1,0.9,2000,0.3,0.1,1500,2.974395170564919,0.17285714285714285,0.07357142857142857,1400,600
cp_cox_full,CP + Cox,0.915,5.0594971246461276,0.15416288669495817,s012,1,20380414,high_dim,Higher covariate dimension,9,0.3,1.2,1,0.1,0.97,2000,0.3,0.1,1500,5.256042653550095,0.12571428571428572,0.020714285714285713,1400,600
cp_cox_crossfit,CP + Cox (Cross-Fit),0.9166666666666666,5.061370289226967,0.15259554381062504,s012,1,20380414,high_dim,Higher covariate dimension,9,0.3,1.2,1,0.1,0.97,2000,0.3,0.1,1500,5.256042653550095,0.12571428571428572,0.020714285714285713,1400,600
cp_cox_full,CP + Cox,0.89,4.76605786550479,0.28367073965653516,s012,2,20380415,high_dim,Higher covariate dimension,9,0.3,1.2,1,0.1,0.97,2000,0.3,0.1,1500,5.006616115574292,0.13857142857142857,0.016428571428571428,1400,600
cp_cox_crossfit,CP + Cox (Cross-Fit),0.915,4.807740242371067,0.23763754711480242,s012,2,20380415,high_dim,Higher covariate dimension,9,0.3,1.2,1,0.1,0.97,2000,0.3,0.1,1500,5.006616115574292,0.13857142857142857,0.016428571428571428,1400,600
cp_cox_full,CP + Cox,0.8966666666666666,5.791202098870096,0.2381507724783422,s012,3,20380416,high_dim,Higher covariate dimension,9,0.3,1.2,1,0.1,0.97,2000,0.3,0.1,1500,6.026084515570964,0.11857142857142858,0.017142857142857144,1400,600
cp_cox_crossfit,CP + Cox (Cross-Fit),0.8983333333333333,5.795240103757602,0.2337140425223658,s012,3,20380416,high_dim,Higher covariate dimension,9,0.3,1.2,1,0.1,0.97,2000,0.3,0.1,1500,6.026084515570964,0.11857142857142858,0.017142857142857144,1400,600
cp_cox_full,CP + Cox,0.9016666666666666,5.661443691010608,0.2159087118895865,s012,4,20380417,high_dim,Higher covariate dimension,9,0.3,1.2,1,0.1,0.97,2000,0.3,0.1,1500,5.878846539260823,0.11071428571428571,0.011428571428571429,1400,600
cp_cox_crossfit,CP + Cox (Cross-Fit),0.9066666666666666,5.666324396241947,0.21112874630205827,s012,4,20380417,high_dim,Higher covariate dimension,9,0.3,1.2,1,0.1,0.97,2000,0.3,0.1,1500,5.878846539260823,0.11071428571428571,0.011428571428571429,1400,600
cp_cox_full,CP + Cox,0.885,5.5366942044782546,0.21062910617222605,s012,5,20380418,high_dim,Higher covariate dimension,9,0.3,1.2,1,0.1,0.97,2000,0.3,0.1,1500,5.757529064682971,0.1392857142857143,0.011428571428571429,1400,600
cp_cox_crossfit,CP + Cox (Cross-Fit),0.8683333333333333,5.519287806672126,0.22776135050968463,s012,5,20380418,high_dim,Higher covariate dimension,9,0.3,1.2,1,0.1,0.97,2000,0.3,0.1,1500,5.757529064682971,0.1392857142857143,0.011428571428571429,1400,600
cp_cox_full,CP + Cox,0.9133333333333333,5.109127397783078,0.18342366711326827,s012,6,20380419,high_dim,Higher covariate dimension,9,0.3,1.2,1,0.1,0.97,2000,0.3,0.1,1500,5.323010313104441,0.11571428571428571,0.017857142857142856,1400,600
cp_cox_crossfit,CP + Cox (Cross-Fit),0.9033333333333333,5.085750961682377,0.20339035573408654,s012,6,20380419,high_dim,Higher covariate dimension,9,0.3,1.2,1,0.1,0.97,2000,0.3,0.1,1500,5.323010313104441,0.11571428571428571,0.017857142857142856,1400,600
cp_cox_full,CP + Cox,0.8983333333333333,5.274330599563212,0.20029213235591584,s012,7,20380420,high_dim,Higher covariate dimension,9,0.3,1.2,1,0.1,0.97,2000,0.3,0.1,1500,5.490187045479734,0.125,0.02,1400,600
cp_cox_crossfit,CP + Cox (Cross-Fit),0.8983333333333333,5.2720018923948375,0.20307545958099646,s012,7,20380420,high_dim,Higher covariate dimension,9,0.3,1.2,1,0.1,0.97,2000,0.3,0.1,1500,5.490187045479734,0.125,0.02,1400,600
cp_cox_full,CP + Cox,0.8533333333333334,4.687540944437537,0.22219007541647545,s012,8,20380421,high_dim,Higher covariate dimension,9,0.3,1.2,1,0.1,0.97,2000,0.3,0.1,1500,4.954656512268475,0.11142857142857143,0.022857142857142857,1400,600
cp_cox_crossfit,CP + Cox (Cross-Fit),0.8883333333333333,4.757139345654563,0.16927743208196705,s012,8,20380421,high_dim,Higher covariate dimension,9,0.3,1.2,1,0.1,0.97,2000,0.3,0.1,1500,4.954656512268475,0.11142857142857143,0.022857142857142857,1400,600
cp_cox_full,CP + Cox,0.9083333333333333,5.341752598124302,0.16686463877369223,s012,9,20380422,high_dim,Higher covariate dimension,9,0.3,1.2,1,0.1,0.97,2000,0.3,0.1,1500,5.53707817706797,0.10714285714285714,0.02,1400,600
cp_cox_crossfit,CP + Cox (Cross-Fit),0.8883333333333333,5.3075288922653225,0.19373565867471307,s012,9,20380422,high_dim,Higher covariate dimension,9,0.3,1.2,1,0.1,0.97,2000,0.3,0.1,1500,5.53707817706797,0.10714285714285714,0.02,1400,600
cp_cox_full,CP + Cox,0.94,5.134413382353061,0.16386107296435887,s012,10,20380423,high_dim,Higher covariate dimension,9,0.3,1.2,1,0.1,0.97,2000,0.3,0.1,1500,5.318519272329301,0.11857142857142858,0.015,1400,600
cp_cox_crossfit,CP + Cox (Cross-Fit),0.9266666666666666,5.118708992673403,0.17669439284579816,s012,10,20380423,high_dim,Higher covariate dimension,9,0.3,1.2,1,0.1,0.97,2000,0.3,0.1,1500,5.318519272329301,0.11857142857142858,0.015,1400,600
cp_cox_full,CP + Cox,0.8833333333333333,4.764655780183265,0.15211674899095942,s012,11,20380424,high_dim,Higher covariate dimension,9,0.3,1.2,1,0.1,0.97,2000,0.3,0.1,1500,4.968252132065838,0.11928571428571429,0.017857142857142856,1400,600
cp_cox_crossfit,CP + Cox (Cross-Fit),0.8766666666666667,4.75289237306295,0.16185222307738725,s012,11,20380424,high_dim,Higher covariate dimension,9,0.3,1.2,1,0.1,0.97,2000,0.3,0.1,1500,4.968252132065838,0.11928571428571429,0.017857142857142856,1400,600
cp_cox_full,CP + Cox,0.92,4.941401125097664,0.16110013390923647,s012,12,20380425,high_dim,Higher covariate dimension,9,0.3,1.2,1,0.1,0.97,2000,0.3,0.1,1500,5.144787381646635,0.11571428571428571,0.02,1400,600
cp_cox_crossfit,CP + Cox (Cross-Fit),0.9216666666666666,4.945572090778283,0.1579562239308786,s012,12,20380425,high_dim,Higher covariate dimension,9,0.3,1.2,1,0.1,0.97,2000,0.3,0.1,1500,5.144787381646635,0.11571428571428571,0.02,1400,600
cp_cox_full,CP + Cox,0.9016666666666666,5.535602841064292,0.14988136806292215,s012,13,20380426,high_dim,Higher covariate dimension,9,0.3,1.2,1,0.1,0.97,2000,0.3,0.1,1500,5.71910950336836,0.12285714285714286,0.02,1400,600
cp_cox_crossfit,CP + Cox (Cross-Fit),0.8733333333333333,5.500037238820566,0.1813548708207366,s012,13,20380426,high_dim,Higher covariate dimension,9,0.3,1.2,1,0.1,0.97,2000,0.3,0.1,1500,5.71910950336836,0.12285714285714286,0.02,1400,600
cp_cox_full,CP + Cox,0.895,5.130013933149035,0.19736841958208012,s012,14,20380427,high_dim,Higher covariate dimension,9,0.3,1.2,1,0.1,0.97,2000,0.3,0.1,1500,5.362001244425151,0.11,0.014285714285714285,1400,600
cp_cox_crossfit,CP + Cox (Cross-Fit),0.8983333333333333,5.14143473063786,0.18740897170582527,s012,14,20380427,high_dim,Higher covariate dimension,9,0.3,1.2,1,0.1,0.97,2000,0.3,0.1,1500,5.362001244425151,0.11,0.014285714285714285,1400,600
cp_cox_full,CP + Cox,0.8783333333333333,4.847209566471727,0.15795907132808587,s012,15,20380428,high_dim,Higher covariate dimension,9,0.3,1.2,1,0.1,0.97,2000,0.3,0.1,1500,5.031280425735619,0.115,0.017857142857142856,1400,600
cp_cox_crossfit,CP + Cox (Cross-Fit),0.8733333333333333,4.8392541959035285,0.1644888469852995,s012,15,20380428,high_dim,Higher covariate dimension,9,0.3,1.2,1,0.1,0.97,2000,0.3,0.1,1500,5.031280425735619,0.115,0.017857142857142856,1400,600
cp_cox_full,CP + Cox,0.8733333333333333,5.045256678559574,0.1974277078104501,s012,16,20380429,high_dim,Higher covariate dimension,9,0.3,1.2,1,0.1,0.97,2000,0.3,0.1,1500,5.268860630230481,0.11357142857142857,0.018571428571428572,1400,600
cp_cox_crossfit,CP + Cox (Cross-Fit),0.885,5.060789972489487,0.18270575138338324,s012,16,20380429,high_dim,Higher covariate dimension,9,0.3,1.2,1,0.1,0.97,2000,0.3,0.1,1500,5.268860630230481,0.11357142857142857,0.018571428571428572,1400,600
cp_cox_full,CP + Cox,0.8666666666666667,5.5683108430123305,0.28047784603916337,s012,17,20380430,high_dim,Higher covariate dimension,9,0.3,1.2,1,0.1,0.97,2000,0.3,0.1,1500,5.803353089431926,0.10714285714285714,0.014285714285714285,1400,600
cp_cox_crossfit,CP + Cox (Cross-Fit),0.8916666666666667,5.607830636396425,0.2327663016630615,s012,17,20380430,high_dim,Higher covariate dimension,9,0.3,1.2,1,0.1,0.97,2000,0.3,0.1,1500,5.803353089431926,0.10714285714285714,0.014285714285714285,1400,600
cp_cox_full,CP + Cox,0.9166666666666666,4.7570959775861015,0.154768717757475,s012,18,20380431,high_dim,Higher covariate dimension,9,0.3,1.2,1,0.1,0.97,2000,0.3,0.1,1500,4.9479254663785674,0.11714285714285715,0.017142857142857144,1400,600
cp_cox_crossfit,CP + Cox (Cross-Fit),0.9166666666666666,4.757020298732629,0.15479534460692157,s012,18,20380431,high_dim,Higher covariate dimension,9,0.3,1.2,1,0.1,0.97,2000,0.3,0.1,1500,4.9479254663785674,0.11714285714285715,0.017142857142857144,1400,600
cp_cox_full,CP + Cox,0.9166666666666666,5.016251333979665,0.15036373693853303,s012,19,20380432,high_dim,Higher covariate dimension,9,0.3,1.2,1,0.1,0.97,2000,0.3,0.1,1500,5.186567811576206,0.12928571428571428,0.020714285714285713,1400,600
cp_cox_crossfit,CP + Cox (Cross-Fit),0.905,4.996955043864169,0.16534173058662266,s012,19,20380432,high_dim,Higher covariate dimension,9,0.3,1.2,1,0.1,0.97,2000,0.3,0.1,1500,5.186567811576206,0.12928571428571428,0.020714285714285713,1400,600
cp_cox_full,CP + Cox,0.865,5.024546346631901,0.2437916375231956,s012,20,20380433,high_dim,Higher covariate dimension,9,0.3,1.2,1,0.1,0.97,2000,0.3,0.1,1500,5.2636866206092385,0.12642857142857142,0.019285714285714285,1400,600
cp_cox_crossfit,CP + Cox (Cross-Fit),0.8866666666666667,5.0571261548006525,0.20879447018837016,s012,20,20380433,high_dim,Higher covariate dimension,9,0.3,1.2,1,0.1,0.97,2000,0.3,0.1,1500,5.2636866206092385,0.12642857142857142,0.019285714285714285,1400,600
cp_cox_full,CP + Cox,0.9083333333333333,5.087777990971946,0.16372443466140058,s012,21,20380434,high_dim,Higher covariate dimension,9,0.3,1.2,1,0.1,0.97,2000,0.3,0.1,1500,5.294577735970837,0.12357142857142857,0.017857142857142856,1400,600
cp_cox_crossfit,CP + Cox (Cross-Fit),0.93,5.116316235716961,0.14118949450949292,s012,21,20380434,high_dim,Higher covariate dimension,9,0.3,1.2,1,0.1,0.97,2000,0.3,0.1,1500,5.294577735970837,0.12357142857142857,0.017857142857142856,1400,600
cp_cox_full,CP + Cox,0.9166666666666666,4.584839606857992,0.14347695346804662,s012,22,20380435,high_dim,Higher covariate dimension,9,0.3,1.2,1,0.1,0.97,2000,0.3,0.1,1500,4.77953050728445,0.11214285714285714,0.018571428571428572,1400,600
cp_cox_crossfit,CP + Cox (Cross-Fit),0.9083333333333333,4.560096067663106,0.16266827612038431,s012,22,20380435,high_dim,Higher covariate dimension,9,0.3,1.2,1,0.1,0.97,2000,0.3,0.1,1500,4.77953050728445,0.11214285714285714,0.018571428571428572,1400,600
cp_cox_full,CP + Cox,0.8966666666666666,5.365168611816722,0.1727974552036652,s012,23,20380436,high_dim,Higher covariate dimension,9,0.3,1.2,1,0.1,0.97,2000,0.3,0.1,1500,5.575500498435544,0.10714285714285714,0.020714285714285713,1400,600
cp_cox_crossfit,CP + Cox (Cross-Fit),0.8966666666666666,5.36482764282616,0.17301032166890545,s012,23,20380436,high_dim,Higher covariate dimension,9,0.3,1.2,1,0.1,0.97,2000,0.3,0.1,1500,5.575500498435544,0.10714285714285714,0.020714285714285713,1400,600
cp_cox_full,CP + Cox,0.8833333333333333,5.373255539921861,0.18224067193437407,s012,24,20380437,high_dim,Higher covariate dimension,9,0.3,1.2,1,0.1,0.97,2000,0.3,0.1,1500,5.58104509826427,0.12571428571428572,0.014285714285714285,1400,600
cp_cox_crossfit,CP + Cox (Cross-Fit),0.8783333333333333,5.3678752683740285,0.18672555424623738,s012,24,20380437,high_dim,Higher covariate dimension,9,0.3,1.2,1,0.1,0.97,2000,0.3,0.1,1500,5.58104509826427,0.12571428571428572,0.014285714285714285,1400,600
cp_cox_full,CP + Cox,0.885,5.782878631584499,0.2055538078881641,s012,25,20380438,high_dim,Higher covariate dimension,9,0.3,1.2,1,0.1,0.97,2000,0.3,0.1,1500,5.9923961325105735,0.12214285714285714,0.017142857142857144,1400,600
cp_cox_crossfit,CP + Cox (Cross-Fit),0.885,5.78053019714913,0.20790909027993737,s012,25,20380438,high_dim,Higher covariate dimension,9,0.3,1.2,1,0.1,0.97,2000,0.3,0.1,1500,5.9923961325105735,0.12214285714285714,0.017142857142857144,1400,600
cp_cox_full,CP + Cox,0.8866666666666667,5.004130303018889,0.16594606418056185,s012,26,20380439,high_dim,Higher covariate dimension,9,0.3,1.2,1,0.1,0.97,2000,0.3,0.1,1500,5.199061131083354,0.11857142857142858,0.017857142857142856,1400,600
cp_cox_crossfit,CP + Cox (Cross-Fit),0.8866666666666667,5.0025230402337275,0.16722944369447112,s012,26,20380439,high_dim,Higher covariate dimension,9,0.3,1.2,1,0.1,0.97,2000,0.3,0.1,1500,5.199061131083354,0.11857142857142858,0.017857142857142856,1400,600
cp_cox_full,CP + Cox,0.8983333333333333,5.790247401457435,0.17671651436529592,s012,27,20380440,high_dim,Higher covariate dimension,9,0.3,1.2,1,0.1,0.97,2000,0.3,0.1,1500,5.9951768139848785,0.11428571428571428,0.017142857142857144,1400,600
cp_cox_crossfit,CP + Cox (Cross-Fit),0.9016666666666666,5.797007970572893,0.17142505104148842,s012,27,20380440,high_dim,Higher covariate dimension,9,0.3,1.2,1,0.1,0.97,2000,0.3,0.1,1500,5.9951768139848785,0.11428571428571428,0.017142857142857144,1400,600
cp_cox_full,CP + Cox,0.8816666666666667,5.396815232618416,0.16015199789742163,s012,28,20380441,high_dim,Higher covariate dimension,9,0.3,1.2,1,0.1,0.97,2000,0.3,0.1,1500,5.600723193910021,0.12714285714285714,0.015714285714285715,1400,600
cp_cox_crossfit,CP + Cox (Cross-Fit),0.8883333333333333,5.40606026857048,0.15294948555120333,s012,28,20380441,high_dim,Higher covariate dimension,9,0.3,1.2,1,0.1,0.97,2000,0.3,0.1,1500,5.600723193910021,0.12714285714285714,0.015714285714285715,1400,600
cp_cox_full,CP + Cox,0.8433333333333334,5.242431377251062,0.18125040808375487,s012,29,20380442,high_dim,Higher covariate dimension,9,0.3,1.2,1,0.1,0.97,2000,0.3,0.1,1500,5.471276442476029,0.12785714285714286,0.014285714285714285,1400,600
cp_cox_crossfit,CP + Cox (Cross-Fit),0.8633333333333333,5.265013393870904,0.16350779272735674,s012,29,20380442,high_dim,Higher covariate dimension,9,0.3,1.2,1,0.1,0.97,2000,0.3,0.1,1500,5.471276442476029,0.12785714285714286,0.014285714285714285,1400,600
cp_cox_full,CP + Cox,0.875,4.798333578455654,0.199651885062844,s012,30,20380443,high_dim,Higher covariate dimension,9,0.3,1.2,1,0.1,0.97,2000,0.3,0.1,1500,5.019806337680809,0.12214285714285714,0.017857142857142856,1400,600
cp_cox_crossfit,CP + Cox (Cross-Fit),0.875,4.799263510917892,0.19892450979250753,s012,30,20380443,high_dim,Higher covariate dimension,9,0.3,1.2,1,0.1,0.97,2000,0.3,0.1,1500,5.019806337680809,0.12214285714285714,0.017857142857142856,1400,600
cp_cox_full,CP + Cox,0.9083333333333333,1.259954292219218,0.15318924054891989,s013,1,20390414,high_dim,Higher covariate dimension,9,0.3,1.2,1,0.2,0.75,2000,0.3,0.1,1500,1.457492376278445,0.36142857142857143,0.16714285714285715,1400,600
cp_cox_crossfit,CP + Cox (Cross-Fit),0.9233333333333333,1.2795866784503735,0.1403668050694352,s013,1,20390414,high_dim,Higher covariate dimension,9,0.3,1.2,1,0.2,0.75,2000,0.3,0.1,1500,1.457492376278445,0.36142857142857143,0.16714285714285715,1400,600
cp_cox_full,CP + Cox,0.9033333333333333,1.2546582754550293,0.1731778258267744,s013,2,20390415,high_dim,Higher covariate dimension,9,0.3,1.2,1,0.2,0.75,2000,0.3,0.1,1500,1.455604022987351,0.34,0.14785714285714285,1400,600
cp_cox_crossfit,CP + Cox (Cross-Fit),0.9233333333333333,1.2808165643468568,0.15164516176504567,s013,2,20390415,high_dim,Higher covariate dimension,9,0.3,1.2,1,0.2,0.75,2000,0.3,0.1,1500,1.455604022987351,0.34,0.14785714285714285,1400,600
cp_cox_full,CP + Cox,0.8966666666666666,1.3085996116852077,0.18962641672533415,s013,3,20390416,high_dim,Higher covariate dimension,9,0.3,1.2,1,0.2,0.75,2000,0.3,0.1,1500,1.5323321267290244,0.3492857142857143,0.17,1400,600
cp_cox_crossfit,CP + Cox (Cross-Fit),0.9033333333333333,1.3179631888841608,0.1826504848249797,s013,3,20390416,high_dim,Higher covariate dimension,9,0.3,1.2,1,0.2,0.75,2000,0.3,0.1,1500,1.5323321267290244,0.3492857142857143,0.17,1400,600
cp_cox_full,CP + Cox,0.89,1.3127924444915564,0.1737594152200383,s013,4,20390417,high_dim,Higher covariate dimension,9,0.3,1.2,1,0.2,0.75,2000,0.3,0.1,1500,1.521724073248175,0.37,0.16214285714285714,1400,600
cp_cox_crossfit,CP + Cox (Cross-Fit),0.9,1.328626463478618,0.1614297757024322,s013,4,20390417,high_dim,Higher covariate dimension,9,0.3,1.2,1,0.2,0.75,2000,0.3,0.1,1500,1.521724073248175,0.37,0.16214285714285714,1400,600
cp_cox_full,CP + Cox,0.8716666666666667,1.349050901888289,0.14096620994526587,s013,5,20390418,high_dim,Higher covariate dimension,9,0.3,1.2,1,0.2,0.75,2000,0.3,0.1,1500,1.5479413803807338,0.36,0.15,1400,600
cp_cox_crossfit,CP + Cox (Cross-Fit),0.8716666666666667,1.3323967539110406,0.15317278682426635,s013,5,20390418,high_dim,Higher covariate dimension,9,0.3,1.2,1,0.2,0.75,2000,0.3,0.1,1500,1.5479413803807338,0.36,0.15,1400,600
cp_cox_full,CP + Cox,0.9166666666666666,1.2884647609832889,0.14055350777588746,s013,6,20390419,high_dim,Higher covariate dimension,9,0.3,1.2,1,0.2,0.75,2000,0.3,0.1,1500,1.4547321028340234,0.37714285714285717,0.155,1400,600
cp_cox_crossfit,CP + Cox (Cross-Fit),0.9216666666666666,1.3019983168332432,0.12929874219819484,s013,6,20390419,high_dim,Higher covariate dimension,9,0.3,1.2,1,0.2,0.75,2000,0.3,0.1,1500,1.4547321028340234,0.37714285714285717,0.155,1400,600
cp_cox_full,CP + Cox,0.9283333333333333,1.3631493530316645,0.1937687777161177,s013,7,20390420,high_dim,Higher covariate dimension,9,0.3,1.2,1,0.2,0.75,2000,0.3,0.1,1500,1.5693880079003324,0.37285714285714283,0.16642857142857143,1400,600
cp_cox_crossfit,CP + Cox (Cross-Fit),0.9333333333333333,1.3821900593092376,0.17823311766464217,s013,7,20390420,high_dim,Higher covariate dimension,9,0.3,1.2,1,0.2,0.75,2000,0.3,0.1,1500,1.5693880079003324,0.37285714285714283,0.16642857142857143,1400,600
cp_cox_full,CP + Cox,0.9266666666666666,1.3422371205074848,0.17346190101249692,s013,8,20390421,high_dim,Higher covariate dimension,9,0.3,1.2,1,0.2,0.75,2000,0.3,0.1,1500,1.5422375577343925,0.3578571428571429,0.16285714285714287,1400,600
cp_cox_crossfit,CP + Cox (Cross-Fit),0.93,1.3524598680160083,0.16522844448004037,s013,8,20390421,high_dim,Higher covariate dimension,9,0.3,1.2,1,0.2,0.75,2000,0.3,0.1,1500,1.5422375577343925,0.3578571428571429,0.16285714285714287,1400,600
cp_cox_full,CP + Cox,0.9266666666666666,1.336991573673297,0.13670600070735198,s013,9,20390422,high_dim,Higher covariate dimension,9,0.3,1.2,1,0.2,0.75,2000,0.3,0.1,1500,1.5182689162700123,0.3485714285714286,0.16071428571428573,1400,600
cp_cox_crossfit,CP + Cox (Cross-Fit),0.9216666666666666,1.3303550291525421,0.14158388344768535,s013,9,20390422,high_dim,Higher covariate dimension,9,0.3,1.2,1,0.2,0.75,2000,0.3,0.1,1500,1.5182689162700123,0.3485714285714286,0.16071428571428573,1400,600
cp_cox_full,CP + Cox,0.8966666666666666,1.3086044042770313,0.1662369296709787,s013,10,20390423,high_dim,Higher covariate dimension,9,0.3,1.2,1,0.2,0.75,2000,0.3,0.1,1500,1.498499901987687,0.36357142857142855,0.16428571428571428,1400,600
cp_cox_crossfit,CP + Cox (Cross-Fit),0.8833333333333333,1.2782961429198982,0.19236848806295168,s013,10,20390423,high_dim,Higher covariate dimension,9,0.3,1.2,1,0.2,0.75,2000,0.3,0.1,1500,1.498499901987687,0.36357142857142855,0.16428571428571428,1400,600
cp_cox_full,CP + Cox,0.8716666666666667,1.2549640754254525,0.21160665810499524,s013,11,20390424,high_dim,Higher covariate dimension,9,0.3,1.2,1,0.2,0.75,2000,0.3,0.1,1500,1.494056137308129,0.37142857142857144,0.15714285714285714,1400,600
cp_cox_crossfit,CP + Cox (Cross-Fit),0.8866666666666667,1.2724660925971,0.19680091728402366,s013,11,20390424,high_dim,Higher covariate dimension,9,0.3,1.2,1,0.2,0.75,2000,0.3,0.1,1500,1.494056137308129,0.37142857142857144,0.15714285714285714,1400,600
cp_cox_full,CP + Cox,0.9133333333333333,1.27855214618957,0.16509749757077483,s013,12,20390425,high_dim,Higher covariate dimension,9,0.3,1.2,1,0.2,0.75,2000,0.3,0.1,1500,1.4793437726035341,0.35714285714285715,0.16142857142857142,1400,600
cp_cox_crossfit,CP + Cox (Cross-Fit),0.9233333333333333,1.298385716295015,0.15162439696724486,s013,12,20390425,high_dim,Higher covariate dimension,9,0.3,1.2,1,0.2,0.75,2000,0.3,0.1,1500,1.4793437726035341,0.35714285714285715,0.16142857142857142,1400,600
cp_cox_full,CP + Cox,0.9116666666666666,1.3537911089788268,0.18721456064174657,s013,13,20390426,high_dim,Higher covariate dimension,9,0.3,1.2,1,0.2,0.75,2000,0.3,0.1,1500,1.5634754775680326,0.35642857142857143,0.15142857142857144,1400,600
cp_cox_crossfit,CP + Cox (Cross-Fit),0.8983333333333333,1.3394898108645095,0.1982406214184116,s013,13,20390426,high_dim,Higher covariate dimension,9,0.3,1.2,1,0.2,0.75,2000,0.3,0.1,1500,1.5634754775680326,0.35642857142857143,0.15142857142857144,1400,600
cp_cox_full,CP + Cox,0.9016666666666666,1.2102256753678238,0.16314105850353328,s013,14,20390427,high_dim,Higher covariate dimension,9,0.3,1.2,1,0.2,0.75,2000,0.3,0.1,1500,1.4140277095025882,0.3628571428571429,0.15857142857142856,1400,600
cp_cox_crossfit,CP + Cox (Cross-Fit),0.895,1.199134433817947,0.1710359762901347,s013,14,20390427,high_dim,Higher covariate dimension,9,0.3,1.2,1,0.2,0.75,2000,0.3,0.1,1500,1.4140277095025882,0.3628571428571429,0.15857142857142856,1400,600
cp_cox_full,CP + Cox,0.8983333333333333,1.2939683348553144,0.1660659919744677,s013,15,20390428,high_dim,Higher covariate dimension,9,0.3,1.2,1,0.2,0.75,2000,0.3,0.1,1500,1.504008055783581,0.35928571428571426,0.1657142857142857,1400,600
cp_cox_crossfit,CP + Cox (Cross-Fit),0.895,1.2917707977740605,0.16780858282354952,s013,15,20390428,high_dim,Higher covariate dimension,9,0.3,1.2,1,0.2,0.75,2000,0.3,0.1,1500,1.504008055783581,0.35928571428571426,0.1657142857142857,1400,600
cp_cox_full,CP + Cox,0.9133333333333333,1.3187310799077383,0.21187806570107784,s013,16,20390429,high_dim,Higher covariate dimension,9,0.3,1.2,1,0.2,0.75,2000,0.3,0.1,1500,1.5241465443200404,0.3578571428571429,0.16285714285714287,1400,600
cp_cox_crossfit,CP + Cox (Cross-Fit),0.9216666666666666,1.3357099122789529,0.19826251849664428,s013,16,20390429,high_dim,Higher covariate dimension,9,0.3,1.2,1,0.2,0.75,2000,0.3,0.1,1500,1.5241465443200404,0.3578571428571429,0.16285714285714287,1400,600
cp_cox_full,CP + Cox,0.9066666666666666,1.274494795187095,0.18509087661013052,s013,17,20390430,high_dim,Higher covariate dimension,9,0.3,1.2,1,0.2,0.75,2000,0.3,0.1,1500,1.477481196555435,0.36714285714285716,0.17714285714285713,1400,600
cp_cox_crossfit,CP + Cox (Cross-Fit),0.91,1.2818831096548626,0.17861753767351096,s013,17,20390430,high_dim,Higher covariate dimension,9,0.3,1.2,1,0.2,0.75,2000,0.3,0.1,1500,1.477481196555435,0.36714285714285716,0.17714285714285713,1400,600
cp_cox_full,CP + Cox,0.8716666666666667,1.2058400262069626,0.18672714191398104,s013,18,20390431,high_dim,Higher covariate dimension,9,0.3,1.2,1,0.2,0.75,2000,0.3,0.1,1500,1.4209591208043384,0.37,0.16428571428571428,1400,600
cp_cox_crossfit,CP + Cox (Cross-Fit),0.8833333333333333,1.2238380196168857,0.17015535755145564,s013,18,20390431,high_dim,Higher covariate dimension,9,0.3,1.2,1,0.2,0.75,2000,0.3,0.1,1500,1.4209591208043384,0.37,0.16428571428571428,1400,600
cp_cox_full,CP + Cox,0.91,1.3289898349709957,0.16367528630658593,s013,19,20390432,high_dim,Higher covariate dimension,9,0.3,1.2,1,0.2,0.75,2000,0.3,0.1,1500,1.5140031866070458,0.3464285714285714,0.14142857142857143,1400,600
cp_cox_crossfit,CP + Cox (Cross-Fit),0.905,1.3235173808928227,0.16833135062986168,s013,19,20390432,high_dim,Higher covariate dimension,9,0.3,1.2,1,0.2,0.75,2000,0.3,0.1,1500,1.5140031866070458,0.3464285714285714,0.14142857142857143,1400,600
cp_cox_full,CP + Cox,0.8983333333333333,1.2603801182857237,0.18961951922726164,s013,20,20390433,high_dim,Higher covariate dimension,9,0.3,1.2,1,0.2,0.75,2000,0.3,0.1,1500,1.472199237040928,0.3514285714285714,0.15214285714285714,1400,600
cp_cox_crossfit,CP + Cox (Cross-Fit),0.9116666666666666,1.2930043028345726,0.16349304753536106,s013,20,20390433,high_dim,Higher covariate dimension,9,0.3,1.2,1,0.2,0.75,2000,0.3,0.1,1500,1.472199237040928,0.3514285714285714,0.15214285714285714,1400,600
cp_cox_full,CP + Cox,0.91,1.2962193168592857,0.19369779164117173,s013,21,20390434,high_dim,Higher covariate dimension,9,0.3,1.2,1,0.2,0.75,2000,0.3,0.1,1500,1.5045991462349453,0.37,0.16642857142857143,1400,600
cp_cox_crossfit,CP + Cox (Cross-Fit),0.8566666666666667,1.2199844436899252,0.2514525114032877,s013,21,20390434,high_dim,Higher covariate dimension,9,0.3,1.2,1,0.2,0.75,2000,0.3,0.1,1500,1.5045991462349453,0.37,0.16642857142857143,1400,600
cp_cox_full,CP + Cox,0.9083333333333333,1.2105236948584184,0.15420656565638036,s013,22,20390435,high_dim,Higher covariate dimension,9,0.3,1.2,1,0.2,0.75,2000,0.3,0.1,1500,1.396479606655803,0.3442857142857143,0.155,1400,600
cp_cox_crossfit,CP + Cox (Cross-Fit),0.9116666666666666,1.2180790239228076,0.1484308883483308,s013,22,20390435,high_dim,Higher covariate dimension,9,0.3,1.2,1,0.2,0.75,2000,0.3,0.1,1500,1.396479606655803,0.3442857142857143,0.155,1400,600
cp_cox_full,CP + Cox,0.9,1.3786458696190524,0.18286436120917648,s013,23,20390436,high_dim,Higher covariate dimension,9,0.3,1.2,1,0.2,0.75,2000,0.3,0.1,1500,1.5843505720147673,0.35,0.165,1400,600
cp_cox_crossfit,CP + Cox (Cross-Fit),0.8966666666666666,1.3730131252820956,0.1882578605616019,s013,23,20390436,high_dim,Higher covariate dimension,9,0.3,1.2,1,0.2,0.75,2000,0.3,0.1,1500,1.5843505720147673,0.35,0.165,1400,600
cp_cox_full,CP + Cox,0.9133333333333333,1.3313201757947914,0.19436804422272008,s013,24,20390437,high_dim,Higher covariate dimension,9,0.3,1.2,1,0.2,0.75,2000,0.3,0.1,1500,1.5273264869237826,0.35428571428571426,0.16285714285714287,1400,600
cp_cox_crossfit,CP + Cox (Cross-Fit),0.91,1.3286618484387243,0.19601023576904691,s013,24,20390437,high_dim,Higher covariate dimension,9,0.3,1.2,1,0.2,0.75,2000,0.3,0.1,1500,1.5273264869237826,0.35428571428571426,0.16285714285714287,1400,600
cp_cox_full,CP + Cox,0.9183333333333333,1.3446325593042867,0.15550623422172702,s013,25,20390438,high_dim,Higher covariate dimension,9,0.3,1.2,1,0.2,0.75,2000,0.3,0.1,1500,1.5235933756203863,0.36428571428571427,0.16357142857142856,1400,600
cp_cox_crossfit,CP + Cox (Cross-Fit),0.91,1.321122448057853,0.1766853397722665,s013,25,20390438,high_dim,Higher covariate dimension,9,0.3,1.2,1,0.2,0.75,2000,0.3,0.1,1500,1.5235933756203863,0.36428571428571427,0.16357142857142856,1400,600
cp_cox_full,CP + Cox,0.9083333333333333,1.3463824760443603,0.17161210921974995,s013,26,20390439,high_dim,Higher covariate dimension,9,0.3,1.2,1,0.2,0.75,2000,0.3,0.1,1500,1.5516667073452737,0.3557142857142857,0.16357142857142856,1400,600
cp_cox_crossfit,CP + Cox (Cross-Fit),0.9166666666666666,1.3647785549185436,0.15765376868259964,s013,26,20390439,high_dim,Higher covariate dimension,9,0.3,1.2,1,0.2,0.75,2000,0.3,0.1,1500,1.5516667073452737,0.3557142857142857,0.16357142857142856,1400,600
cp_cox_full,CP + Cox,0.9166666666666666,1.3505962937813245,0.19538619831182497,s013,27,20390440,high_dim,Higher covariate dimension,9,0.3,1.2,1,0.2,0.75,2000,0.3,0.1,1500,1.5440263728814152,0.36714285714285716,0.16428571428571428,1400,600
cp_cox_crossfit,CP + Cox (Cross-Fit),0.92,1.3623875760231912,0.1844523850926348,s013,27,20390440,high_dim,Higher covariate dimension,9,0.3,1.2,1,0.2,0.75,2000,0.3,0.1,1500,1.5440263728814152,0.36714285714285716,0.16428571428571428,1400,600
cp_cox_full,CP + Cox,0.88,1.4255460494881618,0.1926626868261098,s013,28,20390441,high_dim,Higher covariate dimension,9,0.3,1.2,1,0.2,0.75,2000,0.3,0.1,1500,1.6329106908264648,0.375,0.1692857142857143,1400,600
cp_cox_crossfit,CP + Cox (Cross-Fit),0.9016666666666666,1.4485158191690841,0.17313160335672062,s013,28,20390441,high_dim,Higher covariate dimension,9,0.3,1.2,1,0.2,0.75,2000,0.3,0.1,1500,1.6329106908264648,0.375,0.1692857142857143,1400,600
cp_cox_full,CP + Cox,0.9283333333333333,1.354072626957837,0.17391984568067162,s013,29,20390442,high_dim,Higher covariate dimension,9,0.3,1.2,1,0.2,0.75,2000,0.3,0.1,1500,1.5372231450496794,0.35714285714285715,0.16142857142857142,1400,600
cp_cox_crossfit,CP + Cox (Cross-Fit),0.9366666666666666,1.3656117932945304,0.16395614354085836,s013,29,20390442,high_dim,Higher covariate dimension,9,0.3,1.2,1,0.2,0.75,2000,0.3,0.1,1500,1.5372231450496794,0.35714285714285715,0.16142857142857142,1400,600
cp_cox_full,CP + Cox,0.895,1.2261483613858055,0.1376833494633292,s013,30,20390443,high_dim,Higher covariate dimension,9,0.3,1.2,1,0.2,0.75,2000,0.3,0.1,1500,1.405185636633634,0.36142857142857143,0.16714285714285715,1400,600
cp_cox_crossfit,CP + Cox (Cross-Fit),0.9016666666666666,1.2362515925059465,0.1301514456034152,s013,30,20390443,high_dim,Higher covariate dimension,9,0.3,1.2,1,0.2,0.75,2000,0.3,0.1,1500,1.405185636633634,0.36142857142857143,0.16714285714285715,1400,600
cp_cox_full,CP + Cox,0.9033333333333333,2.7845536623414144,0.22109883659557683,s014,1,20400414,high_dim,Higher covariate dimension,9,0.3,1.2,1,0.2,0.9,2000,0.3,0.1,1500,3.014188275747817,0.25785714285714284,0.047142857142857146,1400,600
cp_cox_crossfit,CP + Cox (Cross-Fit),0.905,2.787996162691069,0.2179603622934579,s014,1,20400414,high_dim,Higher covariate dimension,9,0.3,1.2,1,0.2,0.9,2000,0.3,0.1,1500,3.014188275747817,0.25785714285714284,0.047142857142857146,1400,600
cp_cox_full,CP + Cox,0.8883333333333333,2.802970466076505,0.22429204850398368,s014,2,20400415,high_dim,Higher covariate dimension,9,0.3,1.2,1,0.2,0.9,2000,0.3,0.1,1500,3.0524589038610546,0.2392857142857143,0.05071428571428571,1400,600
cp_cox_crossfit,CP + Cox (Cross-Fit),0.8933333333333333,2.811563296730918,0.21594099048228688,s014,2,20400415,high_dim,Higher covariate dimension,9,0.3,1.2,1,0.2,0.9,2000,0.3,0.1,1500,3.0524589038610546,0.2392857142857143,0.05071428571428571,1400,600
cp_cox_full,CP + Cox,0.8866666666666667,2.478525447051835,0.21957210424829435,s014,3,20400416,high_dim,Higher covariate dimension,9,0.3,1.2,1,0.2,0.9,2000,0.3,0.1,1500,2.681648557077606,0.24857142857142858,0.05857142857142857,1400,600
cp_cox_crossfit,CP + Cox (Cross-Fit),0.8866666666666667,2.4778524042397447,0.22016499483268542,s014,3,20400416,high_dim,Higher covariate dimension,9,0.3,1.2,1,0.2,0.9,2000,0.3,0.1,1500,2.681648557077606,0.24857142857142858,0.05857142857142857,1400,600
cp_cox_full,CP + Cox,0.9116666666666666,2.7070228139497585,0.16480741797125092,s014,4,20400417,high_dim,Higher covariate dimension,9,0.3,1.2,1,0.2,0.9,2000,0.3,0.1,1500,2.898057177095958,0.24857142857142858,0.05142857142857143,1400,600
cp_cox_crossfit,CP + Cox (Cross-Fit),0.9066666666666666,2.69298532044902,0.17730308283719617,s014,4,20400417,high_dim,Higher covariate dimension,9,0.3,1.2,1,0.2,0.9,2000,0.3,0.1,1500,2.898057177095958,0.24857142857142858,0.05142857142857143,1400,600
cp_cox_full,CP + Cox,0.8933333333333333,2.470731666217634,0.16781841289552138,s014,5,20400418,high_dim,Higher covariate dimension,9,0.3,1.2,1,0.2,0.9,2000,0.3,0.1,1500,2.669658711085532,0.2621428571428571,0.04642857142857143,1400,600
cp_cox_crossfit,CP + Cox (Cross-Fit),0.8983333333333333,2.483886980971629,0.15665687313062857,s014,5,20400418,high_dim,Higher covariate dimension,9,0.3,1.2,1,0.2,0.9,2000,0.3,0.1,1500,2.669658711085532,0.2621428571428571,0.04642857142857143,1400,600
cp_cox_full,CP + Cox,0.89,2.8850591642679593,0.1857789797009399,s014,6,20400419,high_dim,Higher covariate dimension,9,0.3,1.2,1,0.2,0.9,2000,0.3,0.1,1500,3.0765926754985347,0.26,0.04857142857142857,1400,600
cp_cox_crossfit,CP + Cox (Cross-Fit),0.865,2.8549279210564853,0.2162260861850087,s014,6,20400419,high_dim,Higher covariate dimension,9,0.3,1.2,1,0.2,0.9,2000,0.3,0.1,1500,3.0765926754985347,0.26,0.04857142857142857,1400,600
cp_cox_full,CP + Cox,0.9083333333333333,2.7624314551366336,0.17790310571722448,s014,7,20400420,high_dim,Higher covariate dimension,9,0.3,1.2,1,0.2,0.9,2000,0.3,0.1,1500,2.975297121339165,0.23,0.056428571428571425,1400,600
cp_cox_crossfit,CP + Cox (Cross-Fit),0.9033333333333333,2.7568298687649335,0.1829888212052175,s014,7,20400420,high_dim,Higher covariate dimension,9,0.3,1.2,1,0.2,0.9,2000,0.3,0.1,1500,2.975297121339165,0.23,0.056428571428571425,1400,600
cp_cox_full,CP + Cox,0.9083333333333333,2.724660752449547,0.1522395309439203,s014,8,20400421,high_dim,Higher covariate dimension,9,0.3,1.2,1,0.2,0.9,2000,0.3,0.1,1500,2.9027060663177364,0.24857142857142858,0.055714285714285716,1400,600
cp_cox_crossfit,CP + Cox (Cross-Fit),0.9016666666666666,2.7143983227475643,0.16065687455028724,s014,8,20400421,high_dim,Higher covariate dimension,9,0.3,1.2,1,0.2,0.9,2000,0.3,0.1,1500,2.9027060663177364,0.24857142857142858,0.055714285714285716,1400,600
cp_cox_full,CP + Cox,0.88,2.4750858615490015,0.19932717323885324,s014,9,20400422,high_dim,Higher covariate dimension,9,0.3,1.2,1,0.2,0.9,2000,0.3,0.1,1500,2.6955438211001557,0.24,0.045714285714285714,1400,600
cp_cox_crossfit,CP + Cox (Cross-Fit),0.8816666666666667,2.4768328365383994,0.19778760210856056,s014,9,20400422,high_dim,Higher covariate dimension,9,0.3,1.2,1,0.2,0.9,2000,0.3,0.1,1500,2.6955438211001557,0.24,0.045714285714285714,1400,600
cp_cox_full,CP + Cox,0.9016666666666666,3.0785684500525328,0.15777827271997905,s014,10,20400423,high_dim,Higher covariate dimension,9,0.3,1.2,1,0.2,0.9,2000,0.3,0.1,1500,3.2570733499735876,0.24857142857142858,0.04285714285714286,1400,600
cp_cox_crossfit,CP + Cox (Cross-Fit),0.905,3.087338648659959,0.15031396151967538,s014,10,20400423,high_dim,Higher covariate dimension,9,0.3,1.2,1,0.2,0.9,2000,0.3,0.1,1500,3.2570733499735876,0.24857142857142858,0.04285714285714286,1400,600
cp_cox_full,CP + Cox,0.8816666666666667,2.7841321163204342,0.17944071914630388,s014,11,20400424,high_dim,Higher covariate dimension,9,0.3,1.2,1,0.2,0.9,2000,0.3,0.1,1500,3.0120165577418607,0.24928571428571428,0.04214285714285714,1400,600
cp_cox_crossfit,CP + Cox (Cross-Fit),0.895,2.806915669916901,0.16137572706500508,s014,11,20400424,high_dim,Higher covariate dimension,9,0.3,1.2,1,0.2,0.9,2000,0.3,0.1,1500,3.0120165577418607,0.24928571428571428,0.04214285714285714,1400,600
cp_cox_full,CP + Cox,0.9033333333333333,2.655376881548707,0.15650984176662328,s014,12,20400425,high_dim,Higher covariate dimension,9,0.3,1.2,1,0.2,0.9,2000,0.3,0.1,1500,2.836299034621819,0.2571428571428571,0.04428571428571428,1400,600
cp_cox_crossfit,CP + Cox (Cross-Fit),0.9016666666666666,2.6501178594190233,0.16171266512530952,s014,12,20400425,high_dim,Higher covariate dimension,9,0.3,1.2,1,0.2,0.9,2000,0.3,0.1,1500,2.836299034621819,0.2571428571428571,0.04428571428571428,1400,600
cp_cox_full,CP + Cox,0.8933333333333333,2.7051206683938114,0.17043207036173635,s014,13,20400426,high_dim,Higher covariate dimension,9,0.3,1.2,1,0.2,0.9,2000,0.3,0.1,1500,2.891134181470056,0.24357142857142858,0.04071428571428572,1400,600
cp_cox_crossfit,CP + Cox (Cross-Fit),0.9,2.715103701880215,0.16096693603686632,s014,13,20400426,high_dim,Higher covariate dimension,9,0.3,1.2,1,0.2,0.9,2000,0.3,0.1,1500,2.891134181470056,0.24357142857142858,0.04071428571428572,1400,600
cp_cox_full,CP + Cox,0.895,2.653046779418023,0.18403439006661335,s014,14,20400427,high_dim,Higher covariate dimension,9,0.3,1.2,1,0.2,0.9,2000,0.3,0.1,1500,2.876484514080494,0.24214285714285713,0.04357142857142857,1400,600
cp_cox_crossfit,CP + Cox (Cross-Fit),0.8983333333333333,2.6572843139020117,0.180902783714151,s014,14,20400427,high_dim,Higher covariate dimension,9,0.3,1.2,1,0.2,0.9,2000,0.3,0.1,1500,2.876484514080494,0.24214285714285713,0.04357142857142857,1400,600
cp_cox_full,CP + Cox,0.905,2.700968357101004,0.19882051610278687,s014,15,20400428,high_dim,Higher covariate dimension,9,0.3,1.2,1,0.2,0.9,2000,0.3,0.1,1500,2.921227579064456,0.26,0.047857142857142855,1400,600
cp_cox_crossfit,CP + Cox (Cross-Fit),0.905,2.709513097561102,0.1912113313759347,s014,15,20400428,high_dim,Higher covariate dimension,9,0.3,1.2,1,0.2,0.9,2000,0.3,0.1,1500,2.921227579064456,0.26,0.047857142857142855,1400,600
cp_cox_full,CP + Cox,0.8666666666666667,2.6141653460081624,0.16917931067805267,s014,16,20400429,high_dim,Higher covariate dimension,9,0.3,1.2,1,0.2,0.9,2000,0.3,0.1,1500,2.835936205913402,0.23857142857142857,0.05071428571428571,1400,600
cp_cox_crossfit,CP + Cox (Cross-Fit),0.875,2.6300862764104593,0.15640967505063563,s014,16,20400429,high_dim,Higher covariate dimension,9,0.3,1.2,1,0.2,0.9,2000,0.3,0.1,1500,2.835936205913402,0.23857142857142857,0.05071428571428571,1400,600
cp_cox_full,CP + Cox,0.92,2.7177511978550886,0.13906120364519625,s014,17,20400430,high_dim,Higher covariate dimension,9,0.3,1.2,1,0.2,0.9,2000,0.3,0.1,1500,2.878317452970643,0.23142857142857143,0.04,1400,600
cp_cox_crossfit,CP + Cox (Cross-Fit),0.905,2.696768763109704,0.15550827642415666,s014,17,20400430,high_dim,Higher covariate dimension,9,0.3,1.2,1,0.2,0.9,2000,0.3,0.1,1500,2.878317452970643,0.23142857142857143,0.04,1400,600
cp_cox_full,CP + Cox,0.91,2.715497621221995,0.17542007694151182,s014,18,20400431,high_dim,Higher covariate dimension,9,0.3,1.2,1,0.2,0.9,2000,0.3,0.1,1500,2.9146577768815876,0.25,0.05714285714285714,1400,600
cp_cox_crossfit,CP + Cox (Cross-Fit),0.9116666666666666,2.7332323425398894,0.16109748553499403,s014,18,20400431,high_dim,Higher covariate dimension,9,0.3,1.2,1,0.2,0.9,2000,0.3,0.1,1500,2.9146577768815876,0.25,0.05714285714285714,1400,600
cp_cox_full,CP + Cox,0.915,2.5487846481126972,0.14897813812953536,s014,19,20400432,high_dim,Higher covariate dimension,9,0.3,1.2,1,0.2,0.9,2000,0.3,0.1,1500,2.730720169305905,0.25,0.05285714285714286,1400,600
cp_cox_crossfit,CP + Cox (Cross-Fit),0.9233333333333333,2.5714102845609923,0.1307572739662212,s014,19,20400432,high_dim,Higher covariate dimension,9,0.3,1.2,1,0.2,0.9,2000,0.3,0.1,1500,2.730720169305905,0.25,0.05285714285714286,1400,600
cp_cox_full,CP + Cox,0.8966666666666666,2.419549791361446,0.1742639771581118,s014,20,20400433,high_dim,Higher covariate dimension,9,0.3,1.2,1,0.2,0.9,2000,0.3,0.1,1500,2.615248315439514,0.23285714285714285,0.055714285714285716,1400,600
cp_cox_crossfit,CP + Cox (Cross-Fit),0.8983333333333333,2.424459733542591,0.16967056912070758,s014,20,20400433,high_dim,Higher covariate dimension,9,0.3,1.2,1,0.2,0.9,2000,0.3,0.1,1500,2.615248315439514,0.23285714285714285,0.055714285714285716,1400,600
cp_cox_full,CP + Cox,0.8966666666666666,2.6913202336223065,0.15823140686995216,s014,21,20400434,high_dim,Higher covariate dimension,9,0.3,1.2,1,0.2,0.9,2000,0.3,0.1,1500,2.8935342948316523,0.245,0.04642857142857143,1400,600
cp_cox_crossfit,CP + Cox (Cross-Fit),0.8966666666666666,2.687826307420305,0.16111649596732291,s014,21,20400434,high_dim,Higher covariate dimension,9,0.3,1.2,1,0.2,0.9,2000,0.3,0.1,1500,2.8935342948316523,0.245,0.04642857142857143,1400,600
cp_cox_full,CP + Cox,0.8816666666666667,2.7059244708418366,0.18326598766129862,s014,22,20400435,high_dim,Higher covariate dimension,9,0.3,1.2,1,0.2,0.9,2000,0.3,0.1,1500,2.912662954197502,0.25142857142857145,0.04357142857142857,1400,600
cp_cox_crossfit,CP + Cox (Cross-Fit),0.89,2.7313900014717225,0.1607154194861394,s014,22,20400435,high_dim,Higher covariate dimension,9,0.3,1.2,1,0.2,0.9,2000,0.3,0.1,1500,2.912662954197502,0.25142857142857145,0.04357142857142857,1400,600
cp_cox_full,CP + Cox,0.915,2.870934807201481,0.1647802148728638,s014,23,20400436,high_dim,Higher covariate dimension,9,0.3,1.2,1,0.2,0.9,2000,0.3,0.1,1500,3.0772813601717863,0.235,0.04857142857142857,1400,600
cp_cox_crossfit,CP + Cox (Cross-Fit),0.8916666666666667,2.834191452977296,0.19353995580860142,s014,23,20400436,high_dim,Higher covariate dimension,9,0.3,1.2,1,0.2,0.9,2000,0.3,0.1,1500,3.0772813601717863,0.235,0.04857142857142857,1400,600
cp_cox_full,CP + Cox,0.8783333333333333,2.6830898724379946,0.22743688708348242,s014,24,20400437,high_dim,Higher covariate dimension,9,0.3,1.2,1,0.2,0.9,2000,0.3,0.1,1500,2.9465169914141995,0.24,0.05,1400,600
cp_cox_crossfit,CP + Cox (Cross-Fit),0.885,2.704750003737861,0.20892840537025603,s014,24,20400437,high_dim,Higher covariate dimension,9,0.3,1.2,1,0.2,0.9,2000,0.3,0.1,1500,2.9465169914141995,0.24,0.05,1400,600
cp_cox_full,CP + Cox,0.8966666666666666,2.704771480169402,0.16325422064545353,s014,25,20400438,high_dim,Higher covariate dimension,9,0.3,1.2,1,0.2,0.9,2000,0.3,0.1,1500,2.8873069967928275,0.23857142857142857,0.056428571428571425,1400,600
cp_cox_crossfit,CP + Cox (Cross-Fit),0.9133333333333333,2.7325302919384646,0.138632459937772,s014,25,20400438,high_dim,Higher covariate dimension,9,0.3,1.2,1,0.2,0.9,2000,0.3,0.1,1500,2.8873069967928275,0.23857142857142857,0.056428571428571425,1400,600
cp_cox_full,CP + Cox,0.8916666666666667,2.690049373386979,0.17580307298719086,s014,26,20400439,high_dim,Higher covariate dimension,9,0.3,1.2,1,0.2,0.9,2000,0.3,0.1,1500,2.9283993265825936,0.24642857142857144,0.04428571428571428,1400,600
cp_cox_crossfit,CP + Cox (Cross-Fit),0.8966666666666666,2.7038427287330347,0.16592150979626175,s014,26,20400439,high_dim,Higher covariate dimension,9,0.3,1.2,1,0.2,0.9,2000,0.3,0.1,1500,2.9283993265825936,0.24642857142857144,0.04428571428571428,1400,600
cp_cox_full,CP + Cox,0.92,2.7810656001628535,0.14561645647790505,s014,27,20400440,high_dim,Higher covariate dimension,9,0.3,1.2,1,0.2,0.9,2000,0.3,0.1,1500,2.9553781901107476,0.25142857142857145,0.045714285714285714,1400,600
cp_cox_crossfit,CP + Cox (Cross-Fit),0.9166666666666666,2.765512336250459,0.15840692557398833,s014,27,20400440,high_dim,Higher covariate dimension,9,0.3,1.2,1,0.2,0.9,2000,0.3,0.1,1500,2.9553781901107476,0.25142857142857145,0.045714285714285714,1400,600
cp_cox_full,CP + Cox,0.8916666666666667,2.683997005100994,0.19320719299367012,s014,28,20400441,high_dim,Higher covariate dimension,9,0.3,1.2,1,0.2,0.9,2000,0.3,0.1,1500,2.910605141906209,0.25857142857142856,0.04928571428571429,1400,600
cp_cox_crossfit,CP + Cox (Cross-Fit),0.905,2.7134935880010977,0.1684900217473869,s014,28,20400441,high_dim,Higher covariate dimension,9,0.3,1.2,1,0.2,0.9,2000,0.3,0.1,1500,2.910605141906209,0.25857142857142856,0.04928571428571429,1400,600
cp_cox_full,CP + Cox,0.87,2.7495969865086693,0.18373119556816297,s014,29,20400442,high_dim,Higher covariate dimension,9,0.3,1.2,1,0.2,0.9,2000,0.3,0.1,1500,2.9719726434414944,0.26,0.039285714285714285,1400,600
cp_cox_crossfit,CP + Cox (Cross-Fit),0.8716666666666667,2.755503477866497,0.1779919001939679,s014,29,20400442,high_dim,Higher covariate dimension,9,0.3,1.2,1,0.2,0.9,2000,0.3,0.1,1500,2.9719726434414944,0.26,0.039285714285714285,1400,600
cp_cox_full,CP + Cox,0.91,2.721885402131199,0.1676398502598709,s014,30,20400443,high_dim,Higher covariate dimension,9,0.3,1.2,1,0.2,0.9,2000,0.3,0.1,1500,2.903298111021293,0.25214285714285717,0.04928571428571429,1400,600
cp_cox_crossfit,CP + Cox (Cross-Fit),0.91,2.7178175933162545,0.1712274075144055,s014,30,20400443,high_dim,Higher covariate dimension,9,0.3,1.2,1,0.2,0.9,2000,0.3,0.1,1500,2.903298111021293,0.25214285714285717,0.04928571428571429,1400,600
cp_cox_full,CP + Cox,0.865,5.290530800647692,0.21780257822553045,s015,1,20410414,high_dim,Higher covariate dimension,9,0.3,1.2,1,0.2,0.97,2000,0.3,0.1,1500,5.5327769215516955,0.21214285714285713,0.012857142857142857,1400,600
cp_cox_crossfit,CP + Cox (Cross-Fit),0.91,5.3592195005587016,0.15587745688881952,s015,1,20410414,high_dim,Higher covariate dimension,9,0.3,1.2,1,0.2,0.97,2000,0.3,0.1,1500,5.5327769215516955,0.21214285714285713,0.012857142857142857,1400,600
cp_cox_full,CP + Cox,0.9,5.191415698709193,0.16238186818509479,s015,2,20410415,high_dim,Higher covariate dimension,9,0.3,1.2,1,0.2,0.97,2000,0.3,0.1,1500,5.391653797309119,0.21571428571428572,0.008571428571428572,1400,600
cp_cox_crossfit,CP + Cox (Cross-Fit),0.9066666666666666,5.209153828045652,0.14747454189587397,s015,2,20410415,high_dim,Higher covariate dimension,9,0.3,1.2,1,0.2,0.97,2000,0.3,0.1,1500,5.391653797309119,0.21571428571428572,0.008571428571428572,1400,600
cp_cox_full,CP + Cox,0.9016666666666666,5.9331597503696605,0.199174556697462,s015,3,20410416,high_dim,Higher covariate dimension,9,0.3,1.2,1,0.2,0.97,2000,0.3,0.1,1500,6.173900531328064,0.20785714285714285,0.007857142857142858,1400,600
cp_cox_crossfit,CP + Cox (Cross-Fit),0.9233333333333333,5.9687783753199115,0.16783414012468106,s015,3,20410416,high_dim,Higher covariate dimension,9,0.3,1.2,1,0.2,0.97,2000,0.3,0.1,1500,6.173900531328064,0.20785714285714285,0.007857142857142858,1400,600
cp_cox_full,CP + Cox,0.9116666666666666,5.302956164194896,0.18374316178608824,s015,4,20410417,high_dim,Higher covariate dimension,9,0.3,1.2,1,0.2,0.97,2000,0.3,0.1,1500,5.526300244793387,0.21785714285714286,0.005714285714285714,1400,600
cp_cox_crossfit,CP + Cox (Cross-Fit),0.9116666666666666,5.29990968587665,0.18613591640172414,s015,4,20410417,high_dim,Higher covariate dimension,9,0.3,1.2,1,0.2,0.97,2000,0.3,0.1,1500,5.526300244793387,0.21785714285714286,0.005714285714285714,1400,600
cp_cox_full,CP + Cox,0.885,5.528916829931961,0.148332987569583,s015,5,20410418,high_dim,Higher covariate dimension,9,0.3,1.2,1,0.2,0.97,2000,0.3,0.1,1500,5.7155274752582885,0.22214285714285714,0.009285714285714286,1400,600
cp_cox_crossfit,CP + Cox (Cross-Fit),0.885,5.530086164537931,0.1473537261284956,s015,5,20410418,high_dim,Higher covariate dimension,9,0.3,1.2,1,0.2,0.97,2000,0.3,0.1,1500,5.7155274752582885,0.22214285714285714,0.009285714285714286,1400,600
cp_cox_full,CP + Cox,0.9066666666666666,4.960625358802885,0.17858011114154873,s015,6,20410419,high_dim,Higher covariate dimension,9,0.3,1.2,1,0.2,0.97,2000,0.3,0.1,1500,5.192178361746429,0.19071428571428573,0.012142857142857143,1400,600
cp_cox_crossfit,CP + Cox (Cross-Fit),0.91,4.969100774229873,0.17194438044338295,s015,6,20410419,high_dim,Higher covariate dimension,9,0.3,1.2,1,0.2,0.97,2000,0.3,0.1,1500,5.192178361746429,0.19071428571428573,0.012142857142857143,1400,600
cp_cox_full,CP + Cox,0.8683333333333333,4.738441958564305,0.2242105979694177,s015,7,20410420,high_dim,Higher covariate dimension,9,0.3,1.2,1,0.2,0.97,2000,0.3,0.1,1500,4.9743277733274285,0.23285714285714285,0.009285714285714286,1400,600
cp_cox_crossfit,CP + Cox (Cross-Fit),0.89,4.7688336831262435,0.1972965078307175,s015,7,20410420,high_dim,Higher covariate dimension,9,0.3,1.2,1,0.2,0.97,2000,0.3,0.1,1500,4.9743277733274285,0.23285714285714285,0.009285714285714286,1400,600
cp_cox_full,CP + Cox,0.91,4.9204693654295255,0.1998572753691404,s015,8,20410421,high_dim,Higher covariate dimension,9,0.3,1.2,1,0.2,0.97,2000,0.3,0.1,1500,5.121494144762436,0.20785714285714285,0.009285714285714286,1400,600
cp_cox_crossfit,CP + Cox (Cross-Fit),0.9216666666666666,4.946225628424102,0.17460261431153168,s015,8,20410421,high_dim,Higher covariate dimension,9,0.3,1.2,1,0.2,0.97,2000,0.3,0.1,1500,5.121494144762436,0.20785714285714285,0.009285714285714286,1400,600
cp_cox_full,CP + Cox,0.93,4.803500871831407,0.1571697995192924,s015,9,20410422,high_dim,Higher covariate dimension,9,0.3,1.2,1,0.2,0.97,2000,0.3,0.1,1500,4.987033979949599,0.2042857142857143,0.011428571428571429,1400,600
cp_cox_crossfit,CP + Cox (Cross-Fit),0.8966666666666666,4.745595274850629,0.20647544208243523,s015,9,20410422,high_dim,Higher covariate dimension,9,0.3,1.2,1,0.2,0.97,2000,0.3,0.1,1500,4.987033979949599,0.2042857142857143,0.011428571428571429,1400,600
cp_cox_full,CP + Cox,0.92,4.783826329388785,0.16526662819172927,s015,10,20410423,high_dim,Higher covariate dimension,9,0.3,1.2,1,0.2,0.97,2000,0.3,0.1,1500,4.983591587592249,0.195,0.010714285714285714,1400,600
cp_cox_crossfit,CP + Cox (Cross-Fit),0.8983333333333333,4.757507131512687,0.18536673767292094,s015,10,20410423,high_dim,Higher covariate dimension,9,0.3,1.2,1,0.2,0.97,2000,0.3,0.1,1500,4.983591587592249,0.195,0.010714285714285714,1400,600
cp_cox_full,CP + Cox,0.915,4.8606515866830025,0.16080508152360803,s015,11,20410424,high_dim,Higher covariate dimension,9,0.3,1.2,1,0.2,0.97,2000,0.3,0.1,1500,5.039989131546132,0.19642857142857142,0.012142857142857143,1400,600
cp_cox_crossfit,CP + Cox (Cross-Fit),0.9066666666666666,4.847480300450355,0.17382935164564495,s015,11,20410424,high_dim,Higher covariate dimension,9,0.3,1.2,1,0.2,0.97,2000,0.3,0.1,1500,5.039989131546132,0.19642857142857142,0.012142857142857143,1400,600
cp_cox_full,CP + Cox,0.9316666666666666,5.142829830389598,0.15213128613580387,s015,12,20410425,high_dim,Higher covariate dimension,9,0.3,1.2,1,0.2,0.97,2000,0.3,0.1,1500,5.308765792769912,0.19428571428571428,0.01,1400,600
cp_cox_crossfit,CP + Cox (Cross-Fit),0.92,5.130177827742254,0.1639795989999033,s015,12,20410425,high_dim,Higher covariate dimension,9,0.3,1.2,1,0.2,0.97,2000,0.3,0.1,1500,5.308765792769912,0.19428571428571428,0.01,1400,600
cp_cox_full,CP + Cox,0.8983333333333333,5.127852759439053,0.14928702291317433,s015,13,20410426,high_dim,Higher covariate dimension,9,0.3,1.2,1,0.2,0.97,2000,0.3,0.1,1500,5.305719173645359,0.22285714285714286,0.010714285714285714,1400,600
cp_cox_crossfit,CP + Cox (Cross-Fit),0.9033333333333333,5.137093466098727,0.14164794463822247,s015,13,20410426,high_dim,Higher covariate dimension,9,0.3,1.2,1,0.2,0.97,2000,0.3,0.1,1500,5.305719173645359,0.22285714285714286,0.010714285714285714,1400,600
cp_cox_full,CP + Cox,0.895,4.760899988801205,0.18789458976633927,s015,14,20410427,high_dim,Higher covariate dimension,9,0.3,1.2,1,0.2,0.97,2000,0.3,0.1,1500,4.970118178820762,0.21142857142857144,0.012142857142857143,1400,600
cp_cox_crossfit,CP + Cox (Cross-Fit),0.9116666666666666,4.782475028640891,0.16797694622178388,s015,14,20410427,high_dim,Higher covariate dimension,9,0.3,1.2,1,0.2,0.97,2000,0.3,0.1,1500,4.970118178820762,0.21142857142857144,0.012142857142857143,1400,600
cp_cox_full,CP + Cox,0.9166666666666666,5.3202896656380405,0.1478904287321608,s015,15,20410428,high_dim,Higher covariate dimension,9,0.3,1.2,1,0.2,0.97,2000,0.3,0.1,1500,5.517828401684569,0.20285714285714285,0.011428571428571429,1400,600
cp_cox_crossfit,CP + Cox (Cross-Fit),0.92,5.330215843847606,0.13946811328703806,s015,15,20410428,high_dim,Higher covariate dimension,9,0.3,1.2,1,0.2,0.97,2000,0.3,0.1,1500,5.517828401684569,0.20285714285714285,0.011428571428571429,1400,600
cp_cox_full,CP + Cox,0.8833333333333333,5.00899548828016,0.19012916064403848,s015,16,20410429,high_dim,Higher covariate dimension,9,0.3,1.2,1,0.2,0.97,2000,0.3,0.1,1500,5.228672360118728,0.2057142857142857,0.01,1400,600
cp_cox_crossfit,CP + Cox (Cross-Fit),0.895,5.024338419654483,0.176462843259864,s015,16,20410429,high_dim,Higher covariate dimension,9,0.3,1.2,1,0.2,0.97,2000,0.3,0.1,1500,5.228672360118728,0.2057142857142857,0.01,1400,600
cp_cox_full,CP + Cox,0.9066666666666666,5.348972989956777,0.163711355217174,s015,17,20410430,high_dim,Higher covariate dimension,9,0.3,1.2,1,0.2,0.97,2000,0.3,0.1,1500,5.545737594447499,0.21214285714285713,0.009285714285714286,1400,600
cp_cox_crossfit,CP + Cox (Cross-Fit),0.9066666666666666,5.3504625774968355,0.162347728093999,s015,17,20410430,high_dim,Higher covariate dimension,9,0.3,1.2,1,0.2,0.97,2000,0.3,0.1,1500,5.545737594447499,0.21214285714285713,0.009285714285714286,1400,600
cp_cox_full,CP + Cox,0.8983333333333333,5.5031912752663255,0.2260242748878279,s015,18,20410431,high_dim,Higher covariate dimension,9,0.3,1.2,1,0.2,0.97,2000,0.3,0.1,1500,5.730767670528826,0.22142857142857142,0.008571428571428572,1400,600
cp_cox_crossfit,CP + Cox (Cross-Fit),0.9133333333333333,5.536692957200369,0.19298929735251744,s015,18,20410431,high_dim,Higher covariate dimension,9,0.3,1.2,1,0.2,0.97,2000,0.3,0.1,1500,5.730767670528826,0.22142857142857142,0.008571428571428572,1400,600
cp_cox_full,CP + Cox,0.93,4.930440646993527,0.11874807502758093,s015,19,20410432,high_dim,Higher covariate dimension,9,0.3,1.2,1,0.2,0.97,2000,0.3,0.1,1500,5.08242967767642,0.22785714285714287,0.0064285714285714285,1400,600
cp_cox_crossfit,CP + Cox (Cross-Fit),0.9,4.8765567203922515,0.1619984363252081,s015,19,20410432,high_dim,Higher covariate dimension,9,0.3,1.2,1,0.2,0.97,2000,0.3,0.1,1500,5.08242967767642,0.22785714285714287,0.0064285714285714285,1400,600
cp_cox_full,CP + Cox,0.8933333333333333,5.010121341776517,0.1857570738689338,s015,20,20410433,high_dim,Higher covariate dimension,9,0.3,1.2,1,0.2,0.97,2000,0.3,0.1,1500,5.231745468522441,0.20357142857142857,0.007857142857142858,1400,600
cp_cox_crossfit,CP + Cox (Cross-Fit),0.8933333333333333,5.008293056922511,0.18723196116233468,s015,20,20410433,high_dim,Higher covariate dimension,9,0.3,1.2,1,0.2,0.97,2000,0.3,0.1,1500,5.231745468522441,0.20357142857142857,0.007857142857142858,1400,600
cp_cox_full,CP + Cox,0.8983333333333333,5.327803776607822,0.17140128350707245,s015,21,20410434,high_dim,Higher covariate dimension,9,0.3,1.2,1,0.2,0.97,2000,0.3,0.1,1500,5.537092128001854,0.20642857142857143,0.005714285714285714,1400,600
cp_cox_crossfit,CP + Cox (Cross-Fit),0.9083333333333333,5.340794483799306,0.16095879541041969,s015,21,20410434,high_dim,Higher covariate dimension,9,0.3,1.2,1,0.2,0.97,2000,0.3,0.1,1500,5.537092128001854,0.20642857142857143,0.005714285714285714,1400,600
cp_cox_full,CP + Cox,0.8933333333333333,5.335645674407541,0.22053918850136264,s015,22,20410435,high_dim,Higher covariate dimension,9,0.3,1.2,1,0.2,0.97,2000,0.3,0.1,1500,5.562478307943572,0.2057142857142857,0.011428571428571429,1400,600
cp_cox_crossfit,CP + Cox (Cross-Fit),0.8933333333333333,5.331650088997789,0.22443898743962534,s015,22,20410435,high_dim,Higher covariate dimension,9,0.3,1.2,1,0.2,0.97,2000,0.3,0.1,1500,5.562478307943572,0.2057142857142857,0.011428571428571429,1400,600
cp_cox_full,CP + Cox,0.91,5.981294454386129,0.17798162656731759,s015,23,20410436,high_dim,Higher covariate dimension,9,0.3,1.2,1,0.2,0.97,2000,0.3,0.1,1500,6.1886834724187505,0.20714285714285716,0.008571428571428572,1400,600
cp_cox_crossfit,CP + Cox (Cross-Fit),0.9,5.962487832482012,0.19453348601644654,s015,23,20410436,high_dim,Higher covariate dimension,9,0.3,1.2,1,0.2,0.97,2000,0.3,0.1,1500,6.1886834724187505,0.20714285714285716,0.008571428571428572,1400,600
cp_cox_full,CP + Cox,0.885,5.35967761322204,0.22287688062753225,s015,24,20410437,high_dim,Higher covariate dimension,9,0.3,1.2,1,0.2,0.97,2000,0.3,0.1,1500,5.601717620429119,0.2007142857142857,0.010714285714285714,1400,600
cp_cox_crossfit,CP + Cox (Cross-Fit),0.9016666666666666,5.397877941811342,0.1891456283266543,s015,24,20410437,high_dim,Higher covariate dimension,9,0.3,1.2,1,0.2,0.97,2000,0.3,0.1,1500,5.601717620429119,0.2007142857142857,0.010714285714285714,1400,600
cp_cox_full,CP + Cox,0.8783333333333333,5.297387349111367,0.18548340797765817,s015,25,20410438,high_dim,Higher covariate dimension,9,0.3,1.2,1,0.2,0.97,2000,0.3,0.1,1500,5.518489350263684,0.20642857142857143,0.010714285714285714,1400,600
cp_cox_crossfit,CP + Cox (Cross-Fit),0.8833333333333333,5.310312205542103,0.17508460213108779,s015,25,20410438,high_dim,Higher covariate dimension,9,0.3,1.2,1,0.2,0.97,2000,0.3,0.1,1500,5.518489350263684,0.20642857142857143,0.010714285714285714,1400,600
cp_cox_full,CP + Cox,0.895,4.90217544269019,0.1920562979407942,s015,26,20410439,high_dim,Higher covariate dimension,9,0.3,1.2,1,0.2,0.97,2000,0.3,0.1,1500,5.124266919718965,0.20214285714285715,0.01,1400,600
cp_cox_crossfit,CP + Cox (Cross-Fit),0.8983333333333333,4.906596397909466,0.1881772278979651,s015,26,20410439,high_dim,Higher covariate dimension,9,0.3,1.2,1,0.2,0.97,2000,0.3,0.1,1500,5.124266919718965,0.20214285714285715,0.01,1400,600
cp_cox_full,CP + Cox,0.8916666666666667,4.715970976661652,0.20510106975393663,s015,27,20410440,high_dim,Higher covariate dimension,9,0.3,1.2,1,0.2,0.97,2000,0.3,0.1,1500,4.945583054855213,0.2092857142857143,0.008571428571428572,1400,600
cp_cox_crossfit,CP + Cox (Cross-Fit),0.905,4.747230549130456,0.17652996837017346,s015,27,20410440,high_dim,Higher covariate dimension,9,0.3,1.2,1,0.2,0.97,2000,0.3,0.1,1500,4.945583054855213,0.2092857142857143,0.008571428571428572,1400,600
cp_cox_full,CP + Cox,0.905,5.403932107730758,0.20945346499431997,s015,28,20410441,high_dim,Higher covariate dimension,9,0.3,1.2,1,0.2,0.97,2000,0.3,0.1,1500,5.610111715328411,0.2,0.005,1400,600
cp_cox_crossfit,CP + Cox (Cross-Fit),0.905,5.395852360561649,0.218076771896684,s015,28,20410441,high_dim,Higher covariate dimension,9,0.3,1.2,1,0.2,0.97,2000,0.3,0.1,1500,5.610111715328411,0.2,0.005,1400,600
cp_cox_full,CP + Cox,0.9233333333333333,5.132520430337409,0.1534696149197864,s015,29,20410442,high_dim,Higher covariate dimension,9,0.3,1.2,1,0.2,0.97,2000,0.3,0.1,1500,5.328509875676543,0.22785714285714287,0.009285714285714286,1400,600
cp_cox_crossfit,CP + Cox (Cross-Fit),0.9133333333333333,5.12168587360695,0.16193898965371784,s015,29,20410442,high_dim,Higher covariate dimension,9,0.3,1.2,1,0.2,0.97,2000,0.3,0.1,1500,5.328509875676543,0.22785714285714287,0.009285714285714286,1400,600
cp_cox_full,CP + Cox,0.905,5.382898720871683,0.20145936403535114,s015,30,20410443,high_dim,Higher covariate dimension,9,0.3,1.2,1,0.2,0.97,2000,0.3,0.1,1500,5.591325981118289,0.20785714285714285,0.008571428571428572,1400,600
cp_cox_crossfit,CP + Cox (Cross-Fit),0.915,5.403396231850415,0.18151285891043836,s015,30,20410443,high_dim,Higher covariate dimension,9,0.3,1.2,1,0.2,0.97,2000,0.3,0.1,1500,5.591325981118289,0.20785714285714285,0.008571428571428572,1400,600
cp_cox_full,CP + Cox,0.9083333333333333,1.3732920085373121,0.16326065429467437,s016,1,20420414,high_dim,Higher covariate dimension,9,0.3,1.2,1,0.35,0.75,2000,0.3,0.1,1500,1.573522856563097,0.4492857142857143,0.10214285714285715,1400,600
cp_cox_crossfit,CP + Cox (Cross-Fit),0.9116666666666666,1.3821179454612984,0.15543393195861033,s016,1,20420414,high_dim,Higher covariate dimension,9,0.3,1.2,1,0.35,0.75,2000,0.3,0.1,1500,1.573522856563097,0.4492857142857143,0.10214285714285715,1400,600
cp_cox_full,CP + Cox,0.885,1.2502190191418994,0.21426334372502656,s016,2,20420415,high_dim,Higher covariate dimension,9,0.3,1.2,1,0.35,0.75,2000,0.3,0.1,1500,1.482167505778984,0.44642857142857145,0.09357142857142857,1400,600
cp_cox_crossfit,CP + Cox (Cross-Fit),0.9016666666666666,1.2758561875712555,0.19548287800337122,s016,2,20420415,high_dim,Higher covariate dimension,9,0.3,1.2,1,0.35,0.75,2000,0.3,0.1,1500,1.482167505778984,0.44642857142857145,0.09357142857142857,1400,600
cp_cox_full,CP + Cox,0.915,1.2679611903740307,0.16756365628300762,s016,3,20420416,high_dim,Higher covariate dimension,9,0.3,1.2,1,0.35,0.75,2000,0.3,0.1,1500,1.4746846455035716,0.44642857142857145,0.095,1400,600
cp_cox_crossfit,CP + Cox (Cross-Fit),0.9166666666666666,1.2778530438413642,0.1614099285741793,s016,3,20420416,high_dim,Higher covariate dimension,9,0.3,1.2,1,0.35,0.75,2000,0.3,0.1,1500,1.4746846455035716,0.44642857142857145,0.095,1400,600
cp_cox_full,CP + Cox,0.915,1.226459566474416,0.17441958924924503,s016,4,20420417,high_dim,Higher covariate dimension,9,0.3,1.2,1,0.35,0.75,2000,0.3,0.1,1500,1.4315410793720358,0.44571428571428573,0.10642857142857143,1400,600
cp_cox_crossfit,CP + Cox (Cross-Fit),0.9233333333333333,1.2369440619727354,0.1666129992686703,s016,4,20420417,high_dim,Higher covariate dimension,9,0.3,1.2,1,0.35,0.75,2000,0.3,0.1,1500,1.4315410793720358,0.44571428571428573,0.10642857142857143,1400,600
cp_cox_full,CP + Cox,0.9133333333333333,1.3566666463869108,0.14750451295712624,s016,5,20420418,high_dim,Higher covariate dimension,9,0.3,1.2,1,0.35,0.75,2000,0.3,0.1,1500,1.53348996916397,0.4521428571428571,0.095,1400,600
cp_cox_crossfit,CP + Cox (Cross-Fit),0.9033333333333333,1.3419669717697855,0.16027305149277707,s016,5,20420418,high_dim,Higher covariate dimension,9,0.3,1.2,1,0.35,0.75,2000,0.3,0.1,1500,1.53348996916397,0.4521428571428571,0.095,1400,600
cp_cox_full,CP + Cox,0.885,1.3369374837495436,0.15900886110016807,s016,6,20420419,high_dim,Higher covariate dimension,9,0.3,1.2,1,0.35,0.75,2000,0.3,0.1,1500,1.5309574948493023,0.44285714285714284,0.09714285714285714,1400,600
cp_cox_crossfit,CP + Cox (Cross-Fit),0.87,1.3044444665885402,0.18604174186809258,s016,6,20420419,high_dim,Higher covariate dimension,9,0.3,1.2,1,0.35,0.75,2000,0.3,0.1,1500,1.5309574948493023,0.44285714285714284,0.09714285714285714,1400,600
cp_cox_full,CP + Cox,0.9033333333333333,1.2944435559061052,0.20658864581617897,s016,7,20420420,high_dim,Higher covariate dimension,9,0.3,1.2,1,0.35,0.75,2000,0.3,0.1,1500,1.5308987769838731,0.43857142857142856,0.10357142857142858,1400,600
cp_cox_crossfit,CP + Cox (Cross-Fit),0.8866666666666667,1.2797818455227659,0.21573093130606225,s016,7,20420420,high_dim,Higher covariate dimension,9,0.3,1.2,1,0.35,0.75,2000,0.3,0.1,1500,1.5308987769838731,0.43857142857142856,0.10357142857142858,1400,600
cp_cox_full,CP + Cox,0.8866666666666667,1.3589523573163147,0.23214906310723152,s016,8,20420421,high_dim,Higher covariate dimension,9,0.3,1.2,1,0.35,0.75,2000,0.3,0.1,1500,1.6114478260645724,0.4357142857142857,0.10285714285714286,1400,600
cp_cox_crossfit,CP + Cox (Cross-Fit),0.8816666666666667,1.3553737779334467,0.23453885068288086,s016,8,20420421,high_dim,Higher covariate dimension,9,0.3,1.2,1,0.35,0.75,2000,0.3,0.1,1500,1.6114478260645724,0.4357142857142857,0.10285714285714286,1400,600
cp_cox_full,CP + Cox,0.865,1.2488652214464036,0.1809934832497682,s016,9,20420422,high_dim,Higher covariate dimension,9,0.3,1.2,1,0.35,0.75,2000,0.3,0.1,1500,1.466242330435774,0.4592857142857143,0.11642857142857142,1400,600
cp_cox_crossfit,CP + Cox (Cross-Fit),0.89,1.284728565942902,0.1528631215265251,s016,9,20420422,high_dim,Higher covariate dimension,9,0.3,1.2,1,0.35,0.75,2000,0.3,0.1,1500,1.466242330435774,0.4592857142857143,0.11642857142857142,1400,600
cp_cox_full,CP + Cox,0.8983333333333333,1.3016594165260025,0.1917958247613108,s016,10,20420423,high_dim,Higher covariate dimension,9,0.3,1.2,1,0.35,0.75,2000,0.3,0.1,1500,1.5067980612309468,0.445,0.11357142857142857,1400,600
cp_cox_crossfit,CP + Cox (Cross-Fit),0.905,1.3112916495613642,0.18476219534151064,s016,10,20420423,high_dim,Higher covariate dimension,9,0.3,1.2,1,0.35,0.75,2000,0.3,0.1,1500,1.5067980612309468,0.445,0.11357142857142857,1400,600
cp_cox_full,CP + Cox,0.905,1.250858977269679,0.15616371056229666,s016,11,20420424,high_dim,Higher covariate dimension,9,0.3,1.2,1,0.35,0.75,2000,0.3,0.1,1500,1.4457607981462357,0.4471428571428571,0.08642857142857142,1400,600
cp_cox_crossfit,CP + Cox (Cross-Fit),0.92,1.2803611892936002,0.13287500262984916,s016,11,20420424,high_dim,Higher covariate dimension,9,0.3,1.2,1,0.35,0.75,2000,0.3,0.1,1500,1.4457607981462357,0.4471428571428571,0.08642857142857142,1400,600
cp_cox_full,CP + Cox,0.8866666666666667,1.2482838657298587,0.19583282586527304,s016,12,20420425,high_dim,Higher covariate dimension,9,0.3,1.2,1,0.35,0.75,2000,0.3,0.1,1500,1.4744715228845555,0.4664285714285714,0.09214285714285714,1400,600
cp_cox_crossfit,CP + Cox (Cross-Fit),0.885,1.2444528499424676,0.19839671683211,s016,12,20420425,high_dim,Higher covariate dimension,9,0.3,1.2,1,0.35,0.75,2000,0.3,0.1,1500,1.4744715228845555,0.4664285714285714,0.09214285714285714,1400,600
cp_cox_full,CP + Cox,0.905,1.3472022045470482,0.17531065874510607,s016,13,20420426,high_dim,Higher covariate dimension,9,0.3,1.2,1,0.35,0.75,2000,0.3,0.1,1500,1.539667689235792,0.4514285714285714,0.10071428571428571,1400,600
cp_cox_crossfit,CP + Cox (Cross-Fit),0.9116666666666666,1.3610806948234722,0.16284103987887996,s016,13,20420426,high_dim,Higher covariate dimension,9,0.3,1.2,1,0.35,0.75,2000,0.3,0.1,1500,1.539667689235792,0.4514285714285714,0.10071428571428571,1400,600
cp_cox_full,CP + Cox,0.8633333333333333,1.1873728372723424,0.18616566520462643,s016,14,20420427,high_dim,Higher covariate dimension,9,0.3,1.2,1,0.35,0.75,2000,0.3,0.1,1500,1.4176095170218936,0.4521428571428571,0.105,1400,600
cp_cox_crossfit,CP + Cox (Cross-Fit),0.865,1.1888918229506156,0.18524438559533604,s016,14,20420427,high_dim,Higher covariate dimension,9,0.3,1.2,1,0.35,0.75,2000,0.3,0.1,1500,1.4176095170218936,0.4521428571428571,0.105,1400,600
cp_cox_full,CP + Cox,0.9216666666666666,1.3060328764097127,0.13901121677726397,s016,15,20420428,high_dim,Higher covariate dimension,9,0.3,1.2,1,0.35,0.75,2000,0.3,0.1,1500,1.4850585313512215,0.4635714285714286,0.10785714285714286,1400,600
cp_cox_crossfit,CP + Cox (Cross-Fit),0.9216666666666666,1.3033741987970044,0.14101074648590425,s016,15,20420428,high_dim,Higher covariate dimension,9,0.3,1.2,1,0.35,0.75,2000,0.3,0.1,1500,1.4850585313512215,0.4635714285714286,0.10785714285714286,1400,600
cp_cox_full,CP + Cox,0.87,1.3358168381160156,0.16933581823994776,s016,16,20420429,high_dim,Higher covariate dimension,9,0.3,1.2,1,0.35,0.75,2000,0.3,0.1,1500,1.5604121039182477,0.455,0.09142857142857143,1400,600
cp_cox_crossfit,CP + Cox (Cross-Fit),0.8766666666666667,1.3455505725756844,0.1622932753033222,s016,16,20420429,high_dim,Higher covariate dimension,9,0.3,1.2,1,0.35,0.75,2000,0.3,0.1,1500,1.5604121039182477,0.455,0.09142857142857143,1400,600
cp_cox_full,CP + Cox,0.9,1.311127779862411,0.16785173598055203,s016,17,20420430,high_dim,Higher covariate dimension,9,0.3,1.2,1,0.35,0.75,2000,0.3,0.1,1500,1.5172076737228961,0.44,0.08642857142857142,1400,600
cp_cox_crossfit,CP + Cox (Cross-Fit),0.9133333333333333,1.3332964782883698,0.1536087129186015,s016,17,20420430,high_dim,Higher covariate dimension,9,0.3,1.2,1,0.35,0.75,2000,0.3,0.1,1500,1.5172076737228961,0.44,0.08642857142857142,1400,600
cp_cox_full,CP + Cox,0.8716666666666667,1.3486990505137104,0.17191870414100388,s016,18,20420431,high_dim,Higher covariate dimension,9,0.3,1.2,1,0.35,0.75,2000,0.3,0.1,1500,1.5634330224391628,0.4564285714285714,0.08785714285714286,1400,600
cp_cox_crossfit,CP + Cox (Cross-Fit),0.885,1.37588303131619,0.14882810486395084,s016,18,20420431,high_dim,Higher covariate dimension,9,0.3,1.2,1,0.35,0.75,2000,0.3,0.1,1500,1.5634330224391628,0.4564285714285714,0.08785714285714286,1400,600
cp_cox_full,CP + Cox,0.9333333333333333,1.4224806691041827,0.18904773470634925,s016,19,20420432,high_dim,Higher covariate dimension,9,0.3,1.2,1,0.35,0.75,2000,0.3,0.1,1500,1.6275745481571398,0.43714285714285717,0.095,1400,600
cp_cox_crossfit,CP + Cox (Cross-Fit),0.9416666666666667,1.4349353227614534,0.17976453619124633,s016,19,20420432,high_dim,Higher covariate dimension,9,0.3,1.2,1,0.35,0.75,2000,0.3,0.1,1500,1.6275745481571398,0.43714285714285717,0.095,1400,600
cp_cox_full,CP + Cox,0.915,1.3549703098275871,0.17628821724571664,s016,20,20420433,high_dim,Higher covariate dimension,9,0.3,1.2,1,0.35,0.75,2000,0.3,0.1,1500,1.5621293729387522,0.465,0.08571428571428572,1400,600
cp_cox_crossfit,CP + Cox (Cross-Fit),0.92,1.3663598053637898,0.16621396206316905,s016,20,20420433,high_dim,Higher covariate dimension,9,0.3,1.2,1,0.35,0.75,2000,0.3,0.1,1500,1.5621293729387522,0.465,0.08571428571428572,1400,600
cp_cox_full,CP + Cox,0.9016666666666666,1.3200456747485803,0.18505653445087894,s016,21,20420434,high_dim,Higher covariate dimension,9,0.3,1.2,1,0.35,0.75,2000,0.3,0.1,1500,1.5413658615683608,0.45,0.10357142857142858,1400,600
cp_cox_crossfit,CP + Cox (Cross-Fit),0.8833333333333333,1.2886501831271309,0.20931600953376592,s016,21,20420434,high_dim,Higher covariate dimension,9,0.3,1.2,1,0.35,0.75,2000,0.3,0.1,1500,1.5413658615683608,0.45,0.10357142857142858,1400,600
cp_cox_full,CP + Cox,0.9066666666666666,1.4058853236689286,0.17171797602398095,s016,22,20420435,high_dim,Higher covariate dimension,9,0.3,1.2,1,0.35,0.75,2000,0.3,0.1,1500,1.5977091558962282,0.44785714285714284,0.10428571428571429,1400,600
cp_cox_crossfit,CP + Cox (Cross-Fit),0.915,1.4162390981749184,0.16491561321163806,s016,22,20420435,high_dim,Higher covariate dimension,9,0.3,1.2,1,0.35,0.75,2000,0.3,0.1,1500,1.5977091558962282,0.44785714285714284,0.10428571428571429,1400,600
cp_cox_full,CP + Cox,0.8883333333333333,1.3170238577917481,0.22862803105132778,s016,23,20420436,high_dim,Higher covariate dimension,9,0.3,1.2,1,0.35,0.75,2000,0.3,0.1,1500,1.5621311328626772,0.44571428571428573,0.09571428571428571,1400,600
cp_cox_crossfit,CP + Cox (Cross-Fit),0.8883333333333333,1.3156544220911377,0.22975491046823784,s016,23,20420436,high_dim,Higher covariate dimension,9,0.3,1.2,1,0.35,0.75,2000,0.3,0.1,1500,1.5621311328626772,0.44571428571428573,0.09571428571428571,1400,600
cp_cox_full,CP + Cox,0.8983333333333333,1.3685091461847283,0.2045299947836019,s016,24,20420437,high_dim,Higher covariate dimension,9,0.3,1.2,1,0.35,0.75,2000,0.3,0.1,1500,1.5982154918934206,0.44571428571428573,0.10285714285714286,1400,600
cp_cox_crossfit,CP + Cox (Cross-Fit),0.91,1.3819061331370983,0.1939762923059563,s016,24,20420437,high_dim,Higher covariate dimension,9,0.3,1.2,1,0.35,0.75,2000,0.3,0.1,1500,1.5982154918934206,0.44571428571428573,0.10285714285714286,1400,600
cp_cox_full,CP + Cox,0.9116666666666666,1.3081286402195786,0.13839018401240682,s016,25,20420438,high_dim,Higher covariate dimension,9,0.3,1.2,1,0.35,0.75,2000,0.3,0.1,1500,1.4880058986717661,0.4392857142857143,0.10428571428571429,1400,600
cp_cox_crossfit,CP + Cox (Cross-Fit),0.9233333333333333,1.3239986069003724,0.1275770957597499,s016,25,20420438,high_dim,Higher covariate dimension,9,0.3,1.2,1,0.35,0.75,2000,0.3,0.1,1500,1.4880058986717661,0.4392857142857143,0.10428571428571429,1400,600
cp_cox_full,CP + Cox,0.895,1.3472309415255388,0.18555440116855,s016,26,20420439,high_dim,Higher covariate dimension,9,0.3,1.2,1,0.35,0.75,2000,0.3,0.1,1500,1.565834588699893,0.4542857142857143,0.09928571428571428,1400,600
cp_cox_crossfit,CP + Cox (Cross-Fit),0.9033333333333333,1.3622562482222236,0.17392816841327477,s016,26,20420439,high_dim,Higher covariate dimension,9,0.3,1.2,1,0.35,0.75,2000,0.3,0.1,1500,1.565834588699893,0.4542857142857143,0.09928571428571428,1400,600
cp_cox_full,CP + Cox,0.8816666666666667,1.214631887758419,0.15991407234553026,s016,27,20420440,high_dim,Higher covariate dimension,9,0.3,1.2,1,0.35,0.75,2000,0.3,0.1,1500,1.411348141694673,0.47,0.09642857142857143,1400,600
cp_cox_crossfit,CP + Cox (Cross-Fit),0.8783333333333333,1.2058032073000675,0.16652682013720546,s016,27,20420440,high_dim,Higher covariate dimension,9,0.3,1.2,1,0.35,0.75,2000,0.3,0.1,1500,1.411348141694673,0.47,0.09642857142857143,1400,600
cp_cox_full,CP + Cox,0.9016666666666666,1.2665681023351383,0.14986626050281002,s016,28,20420441,high_dim,Higher covariate dimension,9,0.3,1.2,1,0.35,0.75,2000,0.3,0.1,1500,1.4685690252119037,0.4542857142857143,0.10785714285714286,1400,600
cp_cox_crossfit,CP + Cox (Cross-Fit),0.9,1.2621582841116628,0.15288718258569856,s016,28,20420441,high_dim,Higher covariate dimension,9,0.3,1.2,1,0.35,0.75,2000,0.3,0.1,1500,1.4685690252119037,0.4542857142857143,0.10785714285714286,1400,600
cp_cox_full,CP + Cox,0.8933333333333333,1.409143112434906,0.19282046872241096,s016,29,20420442,high_dim,Higher covariate dimension,9,0.3,1.2,1,0.35,0.75,2000,0.3,0.1,1500,1.6253939369017258,0.45357142857142857,0.07571428571428572,1400,600
cp_cox_crossfit,CP + Cox (Cross-Fit),0.895,1.4156050797277957,0.18782024776055076,s016,29,20420442,high_dim,Higher covariate dimension,9,0.3,1.2,1,0.35,0.75,2000,0.3,0.1,1500,1.6253939369017258,0.45357142857142857,0.07571428571428572,1400,600
cp_cox_full,CP + Cox,0.91,1.3150726684556844,0.14219796891605582,s016,30,20420443,high_dim,Higher covariate dimension,9,0.3,1.2,1,0.35,0.75,2000,0.3,0.1,1500,1.5033663557079904,0.44285714285714284,0.08857142857142856,1400,600
cp_cox_crossfit,CP + Cox (Cross-Fit),0.91,1.3133206242570774,0.14356316871785163,s016,30,20420443,high_dim,Higher covariate dimension,9,0.3,1.2,1,0.35,0.75,2000,0.3,0.1,1500,1.5033663557079904,0.44285714285714284,0.08857142857142856,1400,600
cp_cox_full,CP + Cox,0.9033333333333333,2.691208980977776,0.19650171595700164,s017,1,20430414,high_dim,Higher covariate dimension,9,0.3,1.2,1,0.35,0.9,2000,0.3,0.1,1500,2.9109614055858892,0.37714285714285717,0.025,1400,600
cp_cox_crossfit,CP + Cox (Cross-Fit),0.9183333333333333,2.712682389660787,0.17808889155416618,s017,1,20430414,high_dim,Higher covariate dimension,9,0.3,1.2,1,0.35,0.9,2000,0.3,0.1,1500,2.9109614055858892,0.37714285714285717,0.025,1400,600
cp_cox_full,CP + Cox,0.8733333333333333,2.8067218892244163,0.18953597292070293,s017,2,20430415,high_dim,Higher covariate dimension,9,0.3,1.2,1,0.35,0.9,2000,0.3,0.1,1500,3.0334842403711426,0.37642857142857145,0.020714285714285713,1400,600
cp_cox_crossfit,CP + Cox (Cross-Fit),0.8983333333333333,2.84517725677589,0.1571276342607984,s017,2,20430415,high_dim,Higher covariate dimension,9,0.3,1.2,1,0.35,0.9,2000,0.3,0.1,1500,3.0334842403711426,0.37642857142857145,0.020714285714285713,1400,600
cp_cox_full,CP + Cox,0.9116666666666666,2.7254877278146283,0.17203108175099283,s017,3,20430416,high_dim,Higher covariate dimension,9,0.3,1.2,1,0.35,0.9,2000,0.3,0.1,1500,2.922420786453001,0.3628571428571429,0.02,1400,600
cp_cox_crossfit,CP + Cox (Cross-Fit),0.9066666666666666,2.718538767017022,0.1774215347448757,s017,3,20430416,high_dim,Higher covariate dimension,9,0.3,1.2,1,0.35,0.9,2000,0.3,0.1,1500,2.922420786453001,0.3628571428571429,0.02,1400,600
cp_cox_full,CP + Cox,0.855,2.704667908999835,0.1715867648413958,s017,4,20430417,high_dim,Higher covariate dimension,9,0.3,1.2,1,0.35,0.9,2000,0.3,0.1,1500,2.9388644010052216,0.3628571428571429,0.02,1400,600
cp_cox_crossfit,CP + Cox (Cross-Fit),0.9,2.7660079881057182,0.12927521117823737,s017,4,20430417,high_dim,Higher covariate dimension,9,0.3,1.2,1,0.35,0.9,2000,0.3,0.1,1500,2.9388644010052216,0.3628571428571429,0.02,1400,600
cp_cox_full,CP + Cox,0.92,2.645906100850432,0.17161628589676722,s017,5,20430418,high_dim,Higher covariate dimension,9,0.3,1.2,1,0.35,0.9,2000,0.3,0.1,1500,2.8207116701541697,0.37142857142857144,0.022857142857142857,1400,600
cp_cox_crossfit,CP + Cox (Cross-Fit),0.9083333333333333,2.631277372801435,0.18467261354804373,s017,5,20430418,high_dim,Higher covariate dimension,9,0.3,1.2,1,0.35,0.9,2000,0.3,0.1,1500,2.8207116701541697,0.37142857142857144,0.022857142857142857,1400,600
cp_cox_full,CP + Cox,0.915,2.8621215389000194,0.2018495136518852,s017,6,20430419,high_dim,Higher covariate dimension,9,0.3,1.2,1,0.35,0.9,2000,0.3,0.1,1500,3.0805934768445837,0.37285714285714283,0.018571428571428572,1400,600
cp_cox_crossfit,CP + Cox (Cross-Fit),0.9333333333333333,2.8842971663819363,0.1817074978891509,s017,6,20430419,high_dim,Higher covariate dimension,9,0.3,1.2,1,0.35,0.9,2000,0.3,0.1,1500,3.0805934768445837,0.37285714285714283,0.018571428571428572,1400,600
cp_cox_full,CP + Cox,0.9333333333333333,2.7020506425190787,0.15237847817712236,s017,7,20430420,high_dim,Higher covariate dimension,9,0.3,1.2,1,0.35,0.9,2000,0.3,0.1,1500,2.875841658868792,0.37142857142857144,0.02214285714285714,1400,600
cp_cox_crossfit,CP + Cox (Cross-Fit),0.9333333333333333,2.700939905911501,0.15335102620971974,s017,7,20430420,high_dim,Higher covariate dimension,9,0.3,1.2,1,0.35,0.9,2000,0.3,0.1,1500,2.875841658868792,0.37142857142857144,0.02214285714285714,1400,600
cp_cox_full,CP + Cox,0.915,2.6265221505524314,0.17113859669950252,s017,8,20430421,high_dim,Higher covariate dimension,9,0.3,1.2,1,0.35,0.9,2000,0.3,0.1,1500,2.818170669157632,0.38642857142857145,0.017857142857142856,1400,600
cp_cox_crossfit,CP + Cox (Cross-Fit),0.9183333333333333,2.647474784666505,0.15183765413150863,s017,8,20430421,high_dim,Higher covariate dimension,9,0.3,1.2,1,0.35,0.9,2000,0.3,0.1,1500,2.818170669157632,0.38642857142857145,0.017857142857142856,1400,600
cp_cox_full,CP + Cox,0.88,2.8654017174020363,0.18628885751990432,s017,9,20430422,high_dim,Higher covariate dimension,9,0.3,1.2,1,0.35,0.9,2000,0.3,0.1,1500,3.0840425715461657,0.3678571428571429,0.017142857142857144,1400,600
cp_cox_crossfit,CP + Cox (Cross-Fit),0.8783333333333333,2.8607589775775,0.19108762023903536,s017,9,20430422,high_dim,Higher covariate dimension,9,0.3,1.2,1,0.35,0.9,2000,0.3,0.1,1500,3.0840425715461657,0.3678571428571429,0.017142857142857144,1400,600
cp_cox_full,CP + Cox,0.925,2.6904350007831197,0.14986560493253925,s017,10,20430423,high_dim,Higher covariate dimension,9,0.3,1.2,1,0.35,0.9,2000,0.3,0.1,1500,2.875234533569256,0.36857142857142855,0.020714285714285713,1400,600
cp_cox_crossfit,CP + Cox (Cross-Fit),0.9216666666666666,2.6878994392317623,0.15182350008922244,s017,10,20430423,high_dim,Higher covariate dimension,9,0.3,1.2,1,0.35,0.9,2000,0.3,0.1,1500,2.875234533569256,0.36857142857142855,0.020714285714285713,1400,600
cp_cox_full,CP + Cox,0.9283333333333333,2.72658805973214,0.22118476158341827,s017,11,20430424,high_dim,Higher covariate dimension,9,0.3,1.2,1,0.35,0.9,2000,0.3,0.1,1500,2.9488877495507784,0.34714285714285714,0.015,1400,600
cp_cox_crossfit,CP + Cox (Cross-Fit),0.9283333333333333,2.720468635940694,0.2263677402785764,s017,11,20430424,high_dim,Higher covariate dimension,9,0.3,1.2,1,0.35,0.9,2000,0.3,0.1,1500,2.9488877495507784,0.34714285714285714,0.015,1400,600
cp_cox_full,CP + Cox,0.91,2.7913757115291746,0.17089981619738553,s017,12,20430425,high_dim,Higher covariate dimension,9,0.3,1.2,1,0.35,0.9,2000,0.3,0.1,1500,2.9834619527078554,0.37642857142857145,0.020714285714285713,1400,600
cp_cox_crossfit,CP + Cox (Cross-Fit),0.9133333333333333,2.7960709324398842,0.16676584595136582,s017,12,20430425,high_dim,Higher covariate dimension,9,0.3,1.2,1,0.35,0.9,2000,0.3,0.1,1500,2.9834619527078554,0.37642857142857145,0.020714285714285713,1400,600
cp_cox_full,CP + Cox,0.9,2.6712582673106637,0.1703966330659359,s017,13,20430426,high_dim,Higher covariate dimension,9,0.3,1.2,1,0.35,0.9,2000,0.3,0.1,1500,2.8622793807730376,0.3871428571428571,0.02642857142857143,1400,600
cp_cox_crossfit,CP + Cox (Cross-Fit),0.9,2.6703422584816416,0.1710969191115611,s017,13,20430426,high_dim,Higher covariate dimension,9,0.3,1.2,1,0.35,0.9,2000,0.3,0.1,1500,2.8622793807730376,0.3871428571428571,0.02642857142857143,1400,600
cp_cox_full,CP + Cox,0.9016666666666666,2.7203810222739024,0.18987528287689256,s017,14,20430427,high_dim,Higher covariate dimension,9,0.3,1.2,1,0.35,0.9,2000,0.3,0.1,1500,2.925382290517856,0.3742857142857143,0.02642857142857143,1400,600
cp_cox_crossfit,CP + Cox (Cross-Fit),0.8883333333333333,2.7022021435316663,0.20730886776047158,s017,14,20430427,high_dim,Higher covariate dimension,9,0.3,1.2,1,0.35,0.9,2000,0.3,0.1,1500,2.925382290517856,0.3742857142857143,0.02642857142857143,1400,600
cp_cox_full,CP + Cox,0.9283333333333333,2.850861886005821,0.1386725771830431,s017,15,20430428,high_dim,Higher covariate dimension,9,0.3,1.2,1,0.35,0.9,2000,0.3,0.1,1500,3.016487397466819,0.3657142857142857,0.02214285714285714,1400,600
cp_cox_crossfit,CP + Cox (Cross-Fit),0.9033333333333333,2.8205052086449136,0.16273423014844574,s017,15,20430428,high_dim,Higher covariate dimension,9,0.3,1.2,1,0.35,0.9,2000,0.3,0.1,1500,3.016487397466819,0.3657142857142857,0.02214285714285714,1400,600
cp_cox_full,CP + Cox,0.9083333333333333,2.6721248944120393,0.19010944570791977,s017,16,20430429,high_dim,Higher covariate dimension,9,0.3,1.2,1,0.35,0.9,2000,0.3,0.1,1500,2.892439001017845,0.3585714285714286,0.02,1400,600
cp_cox_crossfit,CP + Cox (Cross-Fit),0.9466666666666667,2.729682998661261,0.14045082398824138,s017,16,20430429,high_dim,Higher covariate dimension,9,0.3,1.2,1,0.35,0.9,2000,0.3,0.1,1500,2.892439001017845,0.3585714285714286,0.02,1400,600
cp_cox_full,CP + Cox,0.9033333333333333,2.8033286839281844,0.1549539892955386,s017,17,20430430,high_dim,Higher covariate dimension,9,0.3,1.2,1,0.35,0.9,2000,0.3,0.1,1500,2.988775254631189,0.37785714285714284,0.02,1400,600
cp_cox_crossfit,CP + Cox (Cross-Fit),0.9133333333333333,2.8192097538448384,0.142267142451265,s017,17,20430430,high_dim,Higher covariate dimension,9,0.3,1.2,1,0.35,0.9,2000,0.3,0.1,1500,2.988775254631189,0.37785714285714284,0.02,1400,600
cp_cox_full,CP + Cox,0.9083333333333333,2.712619711512955,0.18028087615206279,s017,18,20430431,high_dim,Higher covariate dimension,9,0.3,1.2,1,0.35,0.9,2000,0.3,0.1,1500,2.9215671895065065,0.37,0.022857142857142857,1400,600
cp_cox_crossfit,CP + Cox (Cross-Fit),0.91,2.720001356524249,0.1739212285277881,s017,18,20430431,high_dim,Higher covariate dimension,9,0.3,1.2,1,0.35,0.9,2000,0.3,0.1,1500,2.9215671895065065,0.37,0.022857142857142857,1400,600
cp_cox_full,CP + Cox,0.895,2.6087495222183525,0.1961182719697958,s017,19,20430432,high_dim,Higher covariate dimension,9,0.3,1.2,1,0.35,0.9,2000,0.3,0.1,1500,2.8469819147852573,0.37785714285714284,0.025714285714285714,1400,600
cp_cox_crossfit,CP + Cox (Cross-Fit),0.9083333333333333,2.652857863626505,0.15686699272409432,s017,19,20430432,high_dim,Higher covariate dimension,9,0.3,1.2,1,0.35,0.9,2000,0.3,0.1,1500,2.8469819147852573,0.37785714285714284,0.025714285714285714,1400,600
cp_cox_full,CP + Cox,0.9133333333333333,2.7972570112678476,0.16946835704461033,s017,20,20430433,high_dim,Higher covariate dimension,9,0.3,1.2,1,0.35,0.9,2000,0.3,0.1,1500,2.997181198569158,0.3892857142857143,0.025714285714285714,1400,600
cp_cox_crossfit,CP + Cox (Cross-Fit),0.9116666666666666,2.789648020140306,0.17575293475118894,s017,20,20430433,high_dim,Higher covariate dimension,9,0.3,1.2,1,0.35,0.9,2000,0.3,0.1,1500,2.997181198569158,0.3892857142857143,0.025714285714285714,1400,600
cp_cox_full,CP + Cox,0.8983333333333333,2.7612877355498604,0.1798327737056033,s017,21,20430434,high_dim,Higher covariate dimension,9,0.3,1.2,1,0.35,0.9,2000,0.3,0.1,1500,2.9842192142328736,0.35,0.024285714285714285,1400,600
cp_cox_crossfit,CP + Cox (Cross-Fit),0.9133333333333333,2.779244011820064,0.16558421710030272,s017,21,20430434,high_dim,Higher covariate dimension,9,0.3,1.2,1,0.35,0.9,2000,0.3,0.1,1500,2.9842192142328736,0.35,0.024285714285714285,1400,600
cp_cox_full,CP + Cox,0.9016666666666666,2.577462339917741,0.12297330853826668,s017,22,20430435,high_dim,Higher covariate dimension,9,0.3,1.2,1,0.35,0.9,2000,0.3,0.1,1500,2.7508363081269622,0.3871428571428571,0.015714285714285715,1400,600
cp_cox_crossfit,CP + Cox (Cross-Fit),0.9016666666666666,2.573536521058059,0.12552480933938936,s017,22,20430435,high_dim,Higher covariate dimension,9,0.3,1.2,1,0.35,0.9,2000,0.3,0.1,1500,2.7508363081269622,0.3871428571428571,0.015714285714285715,1400,600
cp_cox_full,CP + Cox,0.915,2.6208646328555023,0.20733985445899056,s017,23,20430436,high_dim,Higher covariate dimension,9,0.3,1.2,1,0.35,0.9,2000,0.3,0.1,1500,2.8324681863925765,0.34214285714285714,0.024285714285714285,1400,600
cp_cox_crossfit,CP + Cox (Cross-Fit),0.915,2.62029915097326,0.20787516663255626,s017,23,20430436,high_dim,Higher covariate dimension,9,0.3,1.2,1,0.35,0.9,2000,0.3,0.1,1500,2.8324681863925765,0.34214285714285714,0.024285714285714285,1400,600
cp_cox_full,CP + Cox,0.8883333333333333,2.6974977035342063,0.15879318426911976,s017,24,20430437,high_dim,Higher covariate dimension,9,0.3,1.2,1,0.35,0.9,2000,0.3,0.1,1500,2.8890314964086996,0.3678571428571429,0.017857142857142856,1400,600
cp_cox_crossfit,CP + Cox (Cross-Fit),0.88,2.681664738507366,0.172679048959188,s017,24,20430437,high_dim,Higher covariate dimension,9,0.3,1.2,1,0.35,0.9,2000,0.3,0.1,1500,2.8890314964086996,0.3678571428571429,0.017857142857142856,1400,600
cp_cox_full,CP + Cox,0.8833333333333333,2.643282140822607,0.1769368690680803,s017,25,20430438,high_dim,Higher covariate dimension,9,0.3,1.2,1,0.35,0.9,2000,0.3,0.1,1500,2.8501278164617596,0.3792857142857143,0.02,1400,600
cp_cox_crossfit,CP + Cox (Cross-Fit),0.8783333333333333,2.631458214757417,0.18724393091171607,s017,25,20430438,high_dim,Higher covariate dimension,9,0.3,1.2,1,0.35,0.9,2000,0.3,0.1,1500,2.8501278164617596,0.3792857142857143,0.02,1400,600
cp_cox_full,CP + Cox,0.9083333333333333,2.631592542901515,0.17041004197914408,s017,26,20430439,high_dim,Higher covariate dimension,9,0.3,1.2,1,0.35,0.9,2000,0.3,0.1,1500,2.832106314654042,0.36857142857142855,0.020714285714285713,1400,600
cp_cox_crossfit,CP + Cox (Cross-Fit),0.905,2.628137007357135,0.17290016988766949,s017,26,20430439,high_dim,Higher covariate dimension,9,0.3,1.2,1,0.35,0.9,2000,0.3,0.1,1500,2.832106314654042,0.36857142857142855,0.020714285714285713,1400,600
cp_cox_full,CP + Cox,0.8966666666666666,2.675755704692366,0.20965356963918713,s017,27,20430440,high_dim,Higher covariate dimension,9,0.3,1.2,1,0.35,0.9,2000,0.3,0.1,1500,2.9007666112456216,0.36714285714285716,0.019285714285714285,1400,600
cp_cox_crossfit,CP + Cox (Cross-Fit),0.905,2.6868181729534975,0.19976139809623253,s017,27,20430440,high_dim,Higher covariate dimension,9,0.3,1.2,1,0.35,0.9,2000,0.3,0.1,1500,2.9007666112456216,0.36714285714285716,0.019285714285714285,1400,600
cp_cox_full,CP + Cox,0.8566666666666667,2.6206011225588,0.21038890694738957,s017,28,20430441,high_dim,Higher covariate dimension,9,0.3,1.2,1,0.35,0.9,2000,0.3,0.1,1500,2.8497768533015644,0.3707142857142857,0.024285714285714285,1400,600
cp_cox_crossfit,CP + Cox (Cross-Fit),0.8433333333333334,2.6074795191775344,0.22242519055629006,s017,28,20430441,high_dim,Higher covariate dimension,9,0.3,1.2,1,0.35,0.9,2000,0.3,0.1,1500,2.8497768533015644,0.3707142857142857,0.024285714285714285,1400,600
cp_cox_full,CP + Cox,0.91,2.7578894299860464,0.1731259474226002,s017,29,20430442,high_dim,Higher covariate dimension,9,0.3,1.2,1,0.35,0.9,2000,0.3,0.1,1500,2.9559636759100787,0.3535714285714286,0.02142857142857143,1400,600
cp_cox_crossfit,CP + Cox (Cross-Fit),0.915,2.766622761196997,0.16513483587963296,s017,29,20430442,high_dim,Higher covariate dimension,9,0.3,1.2,1,0.35,0.9,2000,0.3,0.1,1500,2.9559636759100787,0.3535714285714286,0.02142857142857143,1400,600
cp_cox_full,CP + Cox,0.9166666666666666,2.59834279973076,0.15857157804847494,s017,30,20430443,high_dim,Higher covariate dimension,9,0.3,1.2,1,0.35,0.9,2000,0.3,0.1,1500,2.7914053684243854,0.3464285714285714,0.025714285714285714,1400,600
cp_cox_crossfit,CP + Cox (Cross-Fit),0.92,2.6047377475816136,0.15297608342017505,s017,30,20430443,high_dim,Higher covariate dimension,9,0.3,1.2,1,0.35,0.9,2000,0.3,0.1,1500,2.7914053684243854,0.3464285714285714,0.025714285714285714,1400,600
cp_cox_full,CP + Cox,0.905,5.09163465395765,0.20532485399408773,s018,1,20440414,high_dim,Higher covariate dimension,9,0.3,1.2,1,0.35,0.97,2000,0.3,0.1,1500,5.330092196784047,0.3585714285714286,0.002857142857142857,1400,600
cp_cox_crossfit,CP + Cox (Cross-Fit),0.905,5.0942109758187195,0.203319578712568,s018,1,20440414,high_dim,Higher covariate dimension,9,0.3,1.2,1,0.35,0.97,2000,0.3,0.1,1500,5.330092196784047,0.3585714285714286,0.002857142857142857,1400,600
cp_cox_full,CP + Cox,0.8983333333333333,4.880178695358504,0.18264325713043858,s018,2,20440415,high_dim,Higher covariate dimension,9,0.3,1.2,1,0.35,0.97,2000,0.3,0.1,1500,5.102668797168922,0.3364285714285714,0.0014285714285714286,1400,600
cp_cox_crossfit,CP + Cox (Cross-Fit),0.8983333333333333,4.881784485695294,0.1814512003679826,s018,2,20440415,high_dim,Higher covariate dimension,9,0.3,1.2,1,0.35,0.97,2000,0.3,0.1,1500,5.102668797168922,0.3364285714285714,0.0014285714285714286,1400,600
cp_cox_full,CP + Cox,0.89,5.19359081080812,0.22856463568980226,s018,3,20440416,high_dim,Higher covariate dimension,9,0.3,1.2,1,0.35,0.97,2000,0.3,0.1,1500,5.408450660623978,0.35285714285714287,7.142857142857143e-4,1400,600
cp_cox_crossfit,CP + Cox (Cross-Fit),0.8783333333333333,5.168104868931906,0.25290445166220976,s018,3,20440416,high_dim,Higher covariate dimension,9,0.3,1.2,1,0.35,0.97,2000,0.3,0.1,1500,5.408450660623978,0.35285714285714287,7.142857142857143e-4,1400,600
cp_cox_full,CP + Cox,0.905,5.2219771690874595,0.1862724580487641,s018,4,20440417,high_dim,Higher covariate dimension,9,0.3,1.2,1,0.35,0.97,2000,0.3,0.1,1500,5.432726767425899,0.35642857142857143,7.142857142857143e-4,1400,600
cp_cox_crossfit,CP + Cox (Cross-Fit),0.9133333333333333,5.234134098901582,0.1760658744717612,s018,4,20440417,high_dim,Higher covariate dimension,9,0.3,1.2,1,0.35,0.97,2000,0.3,0.1,1500,5.432726767425899,0.35642857142857143,7.142857142857143e-4,1400,600
cp_cox_full,CP + Cox,0.9083333333333333,4.988344749239434,0.18994476163065172,s018,5,20440418,high_dim,Higher covariate dimension,9,0.3,1.2,1,0.35,0.97,2000,0.3,0.1,1500,5.1823066507349385,0.3492857142857143,0.0014285714285714286,1400,600
cp_cox_crossfit,CP + Cox (Cross-Fit),0.9033333333333333,4.984101806795738,0.19407880950461537,s018,5,20440418,high_dim,Higher covariate dimension,9,0.3,1.2,1,0.35,0.97,2000,0.3,0.1,1500,5.1823066507349385,0.3492857142857143,0.0014285714285714286,1400,600
cp_cox_full,CP + Cox,0.8883333333333333,5.09278160893397,0.16943820774169596,s018,6,20440419,high_dim,Higher covariate dimension,9,0.3,1.2,1,0.35,0.97,2000,0.3,0.1,1500,5.2922707123205575,0.3678571428571429,0,1400,600
cp_cox_crossfit,CP + Cox (Cross-Fit),0.875,5.078235169748391,0.181987337083345,s018,6,20440419,high_dim,Higher covariate dimension,9,0.3,1.2,1,0.35,0.97,2000,0.3,0.1,1500,5.2922707123205575,0.3678571428571429,0,1400,600
cp_cox_full,CP + Cox,0.91,5.627762894404784,0.16544519216757822,s018,7,20440420,high_dim,Higher covariate dimension,9,0.3,1.2,1,0.35,0.97,2000,0.3,0.1,1500,5.818612822641795,0.34285714285714286,7.142857142857143e-4,1400,600
cp_cox_crossfit,CP + Cox (Cross-Fit),0.9083333333333333,5.6250195209227645,0.1680544100285613,s018,7,20440420,high_dim,Higher covariate dimension,9,0.3,1.2,1,0.35,0.97,2000,0.3,0.1,1500,5.818612822641795,0.34285714285714286,7.142857142857143e-4,1400,600
cp_cox_full,CP + Cox,0.8966666666666666,4.749367467763777,0.16608634856155846,s018,8,20440421,high_dim,Higher covariate dimension,9,0.3,1.2,1,0.35,0.97,2000,0.3,0.1,1500,4.9472926020083525,0.36214285714285716,7.142857142857143e-4,1400,600
cp_cox_crossfit,CP + Cox (Cross-Fit),0.9116666666666666,4.775028725191463,0.1440288850380644,s018,8,20440421,high_dim,Higher covariate dimension,9,0.3,1.2,1,0.35,0.97,2000,0.3,0.1,1500,4.9472926020083525,0.36214285714285716,7.142857142857143e-4,1400,600
cp_cox_full,CP + Cox,0.9133333333333333,4.6963083321421175,0.18552153388869905,s018,9,20440422,high_dim,Higher covariate dimension,9,0.3,1.2,1,0.35,0.97,2000,0.3,0.1,1500,4.9049816868520235,0.32071428571428573,0.002857142857142857,1400,600
cp_cox_crossfit,CP + Cox (Cross-Fit),0.9183333333333333,4.717038429236472,0.16721636084941857,s018,9,20440422,high_dim,Higher covariate dimension,9,0.3,1.2,1,0.35,0.97,2000,0.3,0.1,1500,4.9049816868520235,0.32071428571428573,0.002857142857142857,1400,600
cp_cox_full,CP + Cox,0.915,5.396916352310968,0.1791062903394011,s018,10,20440423,high_dim,Higher covariate dimension,9,0.3,1.2,1,0.35,0.97,2000,0.3,0.1,1500,5.587784103176057,0.3242857142857143,7.142857142857143e-4,1400,600
cp_cox_crossfit,CP + Cox (Cross-Fit),0.8916666666666667,5.3732794280906235,0.20132729514687578,s018,10,20440423,high_dim,Higher covariate dimension,9,0.3,1.2,1,0.35,0.97,2000,0.3,0.1,1500,5.587784103176057,0.3242857142857143,7.142857142857143e-4,1400,600
cp_cox_full,CP + Cox,0.9183333333333333,5.634400254663931,0.22890352124469185,s018,11,20440424,high_dim,Higher covariate dimension,9,0.3,1.2,1,0.35,0.97,2000,0.3,0.1,1500,5.86725567778698,0.3364285714285714,7.142857142857143e-4,1400,600
cp_cox_crossfit,CP + Cox (Cross-Fit),0.9066666666666666,5.600954379527261,0.26220173820809706,s018,11,20440424,high_dim,Higher covariate dimension,9,0.3,1.2,1,0.35,0.97,2000,0.3,0.1,1500,5.86725567778698,0.3364285714285714,7.142857142857143e-4,1400,600
cp_cox_full,CP + Cox,0.8866666666666667,5.1649667396307155,0.1491854579831654,s018,12,20440425,high_dim,Higher covariate dimension,9,0.3,1.2,1,0.35,0.97,2000,0.3,0.1,1500,5.363587206446443,0.3392857142857143,7.142857142857143e-4,1400,600
cp_cox_crossfit,CP + Cox (Cross-Fit),0.9,5.189450901778497,0.12963658724406607,s018,12,20440425,high_dim,Higher covariate dimension,9,0.3,1.2,1,0.35,0.97,2000,0.3,0.1,1500,5.363587206446443,0.3392857142857143,7.142857142857143e-4,1400,600
cp_cox_full,CP + Cox,0.915,5.09110395907614,0.16342775259854853,s018,13,20440426,high_dim,Higher covariate dimension,9,0.3,1.2,1,0.35,0.97,2000,0.3,0.1,1500,5.2802189378017195,0.35428571428571426,0.0014285714285714286,1400,600
cp_cox_crossfit,CP + Cox (Cross-Fit),0.9033333333333333,5.0641573080337565,0.18650815464434678,s018,13,20440426,high_dim,Higher covariate dimension,9,0.3,1.2,1,0.35,0.97,2000,0.3,0.1,1500,5.2802189378017195,0.35428571428571426,0.0014285714285714286,1400,600
cp_cox_full,CP + Cox,0.915,5.104809680403643,0.1520880423001508,s018,14,20440427,high_dim,Higher covariate dimension,9,0.3,1.2,1,0.35,0.97,2000,0.3,0.1,1500,5.276537575880386,0.3607142857142857,0.002857142857142857,1400,600
cp_cox_crossfit,CP + Cox (Cross-Fit),0.9166666666666666,5.115140761947786,0.14177827617624483,s018,14,20440427,high_dim,Higher covariate dimension,9,0.3,1.2,1,0.35,0.97,2000,0.3,0.1,1500,5.276537575880386,0.3607142857142857,0.002857142857142857,1400,600
cp_cox_full,CP + Cox,0.885,4.984180260670049,0.18422662834104592,s018,15,20440428,high_dim,Higher covariate dimension,9,0.3,1.2,1,0.35,0.97,2000,0.3,0.1,1500,5.220040707294054,0.36357142857142855,0.0014285714285714286,1400,600
cp_cox_crossfit,CP + Cox (Cross-Fit),0.9083333333333333,5.02108389725276,0.15746393093030317,s018,15,20440428,high_dim,Higher covariate dimension,9,0.3,1.2,1,0.35,0.97,2000,0.3,0.1,1500,5.220040707294054,0.36357142857142855,0.0014285714285714286,1400,600
cp_cox_full,CP + Cox,0.8766666666666667,5.607290850554837,0.18908046988304206,s018,16,20440429,high_dim,Higher covariate dimension,9,0.3,1.2,1,0.35,0.97,2000,0.3,0.1,1500,5.824096754374139,0.36,7.142857142857143e-4,1400,600
cp_cox_crossfit,CP + Cox (Cross-Fit),0.8933333333333333,5.636603945156787,0.1657252582465596,s018,16,20440429,high_dim,Higher covariate dimension,9,0.3,1.2,1,0.35,0.97,2000,0.3,0.1,1500,5.824096754374139,0.36,7.142857142857143e-4,1400,600
cp_cox_full,CP + Cox,0.8733333333333333,5.8321447126617265,0.21211538383750939,s018,17,20440430,high_dim,Higher covariate dimension,9,0.3,1.2,1,0.35,0.97,2000,0.3,0.1,1500,6.067705256017152,0.37214285714285716,7.142857142857143e-4,1400,600
cp_cox_crossfit,CP + Cox (Cross-Fit),0.8733333333333333,5.832099362035764,0.21214401194746457,s018,17,20440430,high_dim,Higher covariate dimension,9,0.3,1.2,1,0.35,0.97,2000,0.3,0.1,1500,6.067705256017152,0.37214285714285716,7.142857142857143e-4,1400,600
cp_cox_full,CP + Cox,0.8733333333333333,5.544004803013089,0.18396103123784271,s018,18,20440431,high_dim,Higher covariate dimension,9,0.3,1.2,1,0.35,0.97,2000,0.3,0.1,1500,5.752054647183737,0.37642857142857145,0.002857142857142857,1400,600
cp_cox_crossfit,CP + Cox (Cross-Fit),0.8666666666666667,5.52106777844479,0.20408476219874172,s018,18,20440431,high_dim,Higher covariate dimension,9,0.3,1.2,1,0.35,0.97,2000,0.3,0.1,1500,5.752054647183737,0.37642857142857145,0.002857142857142857,1400,600
cp_cox_full,CP + Cox,0.895,5.1124003307602095,0.17472523824082264,s018,19,20440432,high_dim,Higher covariate dimension,9,0.3,1.2,1,0.35,0.97,2000,0.3,0.1,1500,5.30650702716122,0.3557142857142857,0.0035714285714285713,1400,600
cp_cox_crossfit,CP + Cox (Cross-Fit),0.895,5.113915758940499,0.1731983788614475,s018,19,20440432,high_dim,Higher covariate dimension,9,0.3,1.2,1,0.35,0.97,2000,0.3,0.1,1500,5.30650702716122,0.3557142857142857,0.0035714285714285713,1400,600
cp_cox_full,CP + Cox,0.8616666666666667,5.1509839161818904,0.20829683485293962,s018,20,20440433,high_dim,Higher covariate dimension,9,0.3,1.2,1,0.35,0.97,2000,0.3,0.1,1500,5.382772503786936,0.37,0.002142857142857143,1400,600
cp_cox_crossfit,CP + Cox (Cross-Fit),0.8633333333333333,5.152709258543293,0.20664681967998344,s018,20,20440433,high_dim,Higher covariate dimension,9,0.3,1.2,1,0.35,0.97,2000,0.3,0.1,1500,5.382772503786936,0.37,0.002142857142857143,1400,600
cp_cox_full,CP + Cox,0.9233333333333333,5.254640641796353,0.20820314180683397,s018,21,20440434,high_dim,Higher covariate dimension,9,0.3,1.2,1,0.35,0.97,2000,0.3,0.1,1500,5.4583309341968285,0.3492857142857143,0.002142857142857143,1400,600
cp_cox_crossfit,CP + Cox (Cross-Fit),0.9216666666666666,5.248530496409078,0.21307084031172058,s018,21,20440434,high_dim,Higher covariate dimension,9,0.3,1.2,1,0.35,0.97,2000,0.3,0.1,1500,5.4583309341968285,0.3492857142857143,0.002142857142857143,1400,600
cp_cox_full,CP + Cox,0.8883333333333333,5.642185935020434,0.21054344961110896,s018,22,20440435,high_dim,Higher covariate dimension,9,0.3,1.2,1,0.35,0.97,2000,0.3,0.1,1500,5.8740441251723485,0.3707142857142857,0.0014285714285714286,1400,600
cp_cox_crossfit,CP + Cox (Cross-Fit),0.8933333333333333,5.647148374813658,0.20609433975092262,s018,22,20440435,high_dim,Higher covariate dimension,9,0.3,1.2,1,0.35,0.97,2000,0.3,0.1,1500,5.8740441251723485,0.3707142857142857,0.0014285714285714286,1400,600
cp_cox_full,CP + Cox,0.8783333333333333,5.445008770310705,0.20547184858203538,s018,23,20440436,high_dim,Higher covariate dimension,9,0.3,1.2,1,0.35,0.97,2000,0.3,0.1,1500,5.666063643557323,0.335,0.004285714285714286,1400,600
cp_cox_crossfit,CP + Cox (Cross-Fit),0.87,5.4322970383291205,0.21759974981740077,s018,23,20440436,high_dim,Higher covariate dimension,9,0.3,1.2,1,0.35,0.97,2000,0.3,0.1,1500,5.666063643557323,0.335,0.004285714285714286,1400,600
cp_cox_full,CP + Cox,0.8866666666666667,4.94863698346967,0.19452313304110963,s018,24,20440437,high_dim,Higher covariate dimension,9,0.3,1.2,1,0.35,0.97,2000,0.3,0.1,1500,5.182684642296065,0.36,0.0014285714285714286,1400,600
cp_cox_crossfit,CP + Cox (Cross-Fit),0.9166666666666666,5.005299639548835,0.14769936799180822,s018,24,20440437,high_dim,Higher covariate dimension,9,0.3,1.2,1,0.35,0.97,2000,0.3,0.1,1500,5.182684642296065,0.36,0.0014285714285714286,1400,600
cp_cox_full,CP + Cox,0.925,4.598925691016399,0.15250629388728318,s018,25,20440438,high_dim,Higher covariate dimension,9,0.3,1.2,1,0.35,0.97,2000,0.3,0.1,1500,4.781795321488414,0.345,0,1400,600
cp_cox_crossfit,CP + Cox (Cross-Fit),0.93,4.614427131675763,0.13980364298964307,s018,25,20440438,high_dim,Higher covariate dimension,9,0.3,1.2,1,0.35,0.97,2000,0.3,0.1,1500,4.781795321488414,0.345,0,1400,600
cp_cox_full,CP + Cox,0.9116666666666666,5.214367743242852,0.15735018012709642,s018,26,20440439,high_dim,Higher covariate dimension,9,0.3,1.2,1,0.35,0.97,2000,0.3,0.1,1500,5.4079623040584615,0.3492857142857143,0.002142857142857143,1400,600
cp_cox_crossfit,CP + Cox (Cross-Fit),0.925,5.235841721801942,0.14036232999708798,s018,26,20440439,high_dim,Higher covariate dimension,9,0.3,1.2,1,0.35,0.97,2000,0.3,0.1,1500,5.4079623040584615,0.3492857142857143,0.002142857142857143,1400,600
cp_cox_full,CP + Cox,0.9,5.395580541118343,0.1756638502477477,s018,27,20440440,high_dim,Higher covariate dimension,9,0.3,1.2,1,0.35,0.97,2000,0.3,0.1,1500,5.607426420331909,0.3492857142857143,0.0035714285714285713,1400,600
cp_cox_crossfit,CP + Cox (Cross-Fit),0.9066666666666666,5.406487590371312,0.1671950069514678,s018,27,20440440,high_dim,Higher covariate dimension,9,0.3,1.2,1,0.35,0.97,2000,0.3,0.1,1500,5.607426420331909,0.3492857142857143,0.0035714285714285713,1400,600
cp_cox_full,CP + Cox,0.8833333333333333,5.06844117275797,0.25249569584554576,s018,28,20440441,high_dim,Higher covariate dimension,9,0.3,1.2,1,0.35,0.97,2000,0.3,0.1,1500,5.3030926247620735,0.3678571428571429,0.002857142857142857,1400,600
cp_cox_crossfit,CP + Cox (Cross-Fit),0.885,5.078609388134072,0.24452633397545814,s018,28,20440441,high_dim,Higher covariate dimension,9,0.3,1.2,1,0.35,0.97,2000,0.3,0.1,1500,5.3030926247620735,0.3678571428571429,0.002857142857142857,1400,600
cp_cox_full,CP + Cox,0.8933333333333333,5.003022693784036,0.30515664097185796,s018,29,20440442,high_dim,Higher covariate dimension,9,0.3,1.2,1,0.35,0.97,2000,0.3,0.1,1500,5.241786480173009,0.34714285714285714,0.002857142857142857,1400,600
cp_cox_crossfit,CP + Cox (Cross-Fit),0.9,5.019063290491054,0.27896076291012184,s018,29,20440442,high_dim,Higher covariate dimension,9,0.3,1.2,1,0.35,0.97,2000,0.3,0.1,1500,5.241786480173009,0.34714285714285714,0.002857142857142857,1400,600
cp_cox_full,CP + Cox,0.8966666666666666,4.6492388971983996,0.16196654360626697,s018,30,20440443,high_dim,Higher covariate dimension,9,0.3,1.2,1,0.35,0.97,2000,0.3,0.1,1500,4.847487562893949,0.35214285714285715,0.002857142857142857,1400,600
cp_cox_crossfit,CP + Cox (Cross-Fit),0.8983333333333333,4.657117915442284,0.1558576028181266,s018,30,20440443,high_dim,Higher covariate dimension,9,0.3,1.2,1,0.35,0.97,2000,0.3,0.1,1500,4.847487562893949,0.35214285714285715,0.002857142857142857,1400,600
cp_cox_full,CP + Cox,0.8866666666666667,0.9594941557742579,0.09344214926597406,s019,1,20450414,high_shape,Higher Weibull shape,3,0.3,1.8,1,0.1,0.75,2000,0.3,0.1,1500,1.243092747847442,0.30642857142857144,0.21428571428571427,1400,600
cp_cox_crossfit,CP + Cox (Cross-Fit),0.89,0.9630824313379852,0.09210787693436866,s019,1,20450414,high_shape,Higher Weibull shape,3,0.3,1.8,1,0.1,0.75,2000,0.3,0.1,1500,1.243092747847442,0.30642857142857144,0.21428571428571427,1400,600
cp_cox_full,CP + Cox,0.9033333333333333,0.9289586970369503,0.09986578728997868,s019,2,20450415,high_shape,Higher Weibull shape,3,0.3,1.8,1,0.1,0.75,2000,0.3,0.1,1500,1.212427241640058,0.30714285714285716,0.20857142857142857,1400,600
cp_cox_crossfit,CP + Cox (Cross-Fit),0.9066666666666666,0.9323814374918431,0.09889363081163707,s019,2,20450415,high_shape,Higher Weibull shape,3,0.3,1.8,1,0.1,0.75,2000,0.3,0.1,1500,1.212427241640058,0.30714285714285716,0.20857142857142857,1400,600
cp_cox_full,CP + Cox,0.905,0.9403736218371386,0.09913347993029316,s019,3,20450416,high_shape,Higher Weibull shape,3,0.3,1.8,1,0.1,0.75,2000,0.3,0.1,1500,1.2396101365142917,0.31,0.2057142857142857,1400,600
cp_cox_crossfit,CP + Cox (Cross-Fit),0.925,0.9673842152627672,0.09138159327564443,s019,3,20450416,high_shape,Higher Weibull shape,3,0.3,1.8,1,0.1,0.75,2000,0.3,0.1,1500,1.2396101365142917,0.31,0.2057142857142857,1400,600
cp_cox_full,CP + Cox,0.895,0.9507913159510502,0.0888704086837603,s019,4,20450417,high_shape,Higher Weibull shape,3,0.3,1.8,1,0.1,0.75,2000,0.3,0.1,1500,1.2615648095593368,0.33,0.21571428571428572,1400,600
cp_cox_crossfit,CP + Cox (Cross-Fit),0.9233333333333333,1.0035370194220854,0.07107080038385424,s019,4,20450417,high_shape,Higher Weibull shape,3,0.3,1.8,1,0.1,0.75,2000,0.3,0.1,1500,1.2615648095593368,0.33,0.21571428571428572,1400,600
cp_cox_full,CP + Cox,0.9083333333333333,0.8620456922248672,0.09147124382034076,s019,5,20450418,high_shape,Higher Weibull shape,3,0.3,1.8,1,0.1,0.75,2000,0.3,0.1,1500,1.1782545006810243,0.3107142857142857,0.22142857142857142,1400,600
cp_cox_crossfit,CP + Cox (Cross-Fit),0.925,0.8909982102085197,0.08120892463155521,s019,5,20450418,high_shape,Higher Weibull shape,3,0.3,1.8,1,0.1,0.75,2000,0.3,0.1,1500,1.1782545006810243,0.3107142857142857,0.22142857142857142,1400,600
cp_cox_full,CP + Cox,0.8933333333333333,0.9365499626159136,0.10161898666106435,s019,6,20450419,high_shape,Higher Weibull shape,3,0.3,1.8,1,0.1,0.75,2000,0.3,0.1,1500,1.2609273517778736,0.30857142857142855,0.21428571428571427,1400,600
cp_cox_crossfit,CP + Cox (Cross-Fit),0.9016666666666666,0.9544351618253593,0.09572355703201929,s019,6,20450419,high_shape,Higher Weibull shape,3,0.3,1.8,1,0.1,0.75,2000,0.3,0.1,1500,1.2609273517778736,0.30857142857142855,0.21428571428571427,1400,600
cp_cox_full,CP + Cox,0.9033333333333333,0.9805328320639605,0.07270224287001541,s019,7,20450420,high_shape,Higher Weibull shape,3,0.3,1.8,1,0.1,0.75,2000,0.3,0.1,1500,1.2593101594023293,0.31142857142857144,0.19857142857142857,1400,600
cp_cox_crossfit,CP + Cox (Cross-Fit),0.89,0.9646240745216391,0.07547742841397509,s019,7,20450420,high_shape,Higher Weibull shape,3,0.3,1.8,1,0.1,0.75,2000,0.3,0.1,1500,1.2593101594023293,0.31142857142857144,0.19857142857142857,1400,600
cp_cox_full,CP + Cox,0.8816666666666667,0.9407015444333484,0.09631953079022572,s019,8,20450421,high_shape,Higher Weibull shape,3,0.3,1.8,1,0.1,0.75,2000,0.3,0.1,1500,1.2289507194665676,0.3078571428571429,0.20214285714285715,1400,600
cp_cox_crossfit,CP + Cox (Cross-Fit),0.8833333333333333,0.9459678686340177,0.09466043035760202,s019,8,20450421,high_shape,Higher Weibull shape,3,0.3,1.8,1,0.1,0.75,2000,0.3,0.1,1500,1.2289507194665676,0.3078571428571429,0.20214285714285715,1400,600
cp_cox_full,CP + Cox,0.8983333333333333,0.8891910923689293,0.09799586755223849,s019,9,20450422,high_shape,Higher Weibull shape,3,0.3,1.8,1,0.1,0.75,2000,0.3,0.1,1500,1.1960146347529763,0.30428571428571427,0.2092857142857143,1400,600
cp_cox_crossfit,CP + Cox (Cross-Fit),0.9033333333333333,0.8973182965506445,0.09566100569770832,s019,9,20450422,high_shape,Higher Weibull shape,3,0.3,1.8,1,0.1,0.75,2000,0.3,0.1,1500,1.1960146347529763,0.30428571428571427,0.2092857142857143,1400,600
cp_cox_full,CP + Cox,0.8983333333333333,0.9255042199139897,0.07896344545213932,s019,10,20450423,high_shape,Higher Weibull shape,3,0.3,1.8,1,0.1,0.75,2000,0.3,0.1,1500,1.2104345462579893,0.31214285714285717,0.20214285714285715,1400,600
cp_cox_crossfit,CP + Cox (Cross-Fit),0.8883333333333333,0.909817436674293,0.08342959783495815,s019,10,20450423,high_shape,Higher Weibull shape,3,0.3,1.8,1,0.1,0.75,2000,0.3,0.1,1500,1.2104345462579893,0.31214285714285717,0.20214285714285715,1400,600
cp_cox_full,CP + Cox,0.905,0.9193496832570961,0.09441296771271566,s019,11,20450424,high_shape,Higher Weibull shape,3,0.3,1.8,1,0.1,0.75,2000,0.3,0.1,1500,1.211732465530375,0.3171428571428571,0.22428571428571428,1400,600
cp_cox_crossfit,CP + Cox (Cross-Fit),0.905,0.9172102356469289,0.09499711608507966,s019,11,20450424,high_shape,Higher Weibull shape,3,0.3,1.8,1,0.1,0.75,2000,0.3,0.1,1500,1.211732465530375,0.3171428571428571,0.22428571428571428,1400,600
cp_cox_full,CP + Cox,0.8933333333333333,0.9384960813965838,0.08798514646170875,s019,12,20450425,high_shape,Higher Weibull shape,3,0.3,1.8,1,0.1,0.75,2000,0.3,0.1,1500,1.2313342317685754,0.315,0.21285714285714286,1400,600
cp_cox_crossfit,CP + Cox (Cross-Fit),0.9216666666666666,0.9789378083619146,0.07502411028109848,s019,12,20450425,high_shape,Higher Weibull shape,3,0.3,1.8,1,0.1,0.75,2000,0.3,0.1,1500,1.2313342317685754,0.315,0.21285714285714286,1400,600
cp_cox_full,CP + Cox,0.8933333333333333,0.940111482150684,0.10527278229033162,s019,13,20450426,high_shape,Higher Weibull shape,3,0.3,1.8,1,0.1,0.75,2000,0.3,0.1,1500,1.243787360826035,0.32571428571428573,0.22357142857142856,1400,600
cp_cox_crossfit,CP + Cox (Cross-Fit),0.885,0.9291459993552194,0.10882375964016626,s019,13,20450426,high_shape,Higher Weibull shape,3,0.3,1.8,1,0.1,0.75,2000,0.3,0.1,1500,1.243787360826035,0.32571428571428573,0.22357142857142856,1400,600
cp_cox_full,CP + Cox,0.88,0.9313463970144814,0.07948611465933622,s019,14,20450427,high_shape,Higher Weibull shape,3,0.3,1.8,1,0.1,0.75,2000,0.3,0.1,1500,1.2345128209690446,0.31142857142857144,0.2092857142857143,1400,600
cp_cox_crossfit,CP + Cox (Cross-Fit),0.88,0.9417515746345874,0.07639223648319872,s019,14,20450427,high_shape,Higher Weibull shape,3,0.3,1.8,1,0.1,0.75,2000,0.3,0.1,1500,1.2345128209690446,0.31142857142857144,0.2092857142857143,1400,600
cp_cox_full,CP + Cox,0.8366666666666667,0.9062766225921537,0.10283797377716228,s019,15,20450428,high_shape,Higher Weibull shape,3,0.3,1.8,1,0.1,0.75,2000,0.3,0.1,1500,1.250128496123508,0.32357142857142857,0.20857142857142857,1400,600
cp_cox_crossfit,CP + Cox (Cross-Fit),0.8483333333333334,0.9218912646657302,0.09840929422649568,s019,15,20450428,high_shape,Higher Weibull shape,3,0.3,1.8,1,0.1,0.75,2000,0.3,0.1,1500,1.250128496123508,0.32357142857142857,0.20857142857142857,1400,600
cp_cox_full,CP + Cox,0.9,0.9294705795167879,0.09591436521565674,s019,16,20450429,high_shape,Higher Weibull shape,3,0.3,1.8,1,0.1,0.75,2000,0.3,0.1,1500,1.2232887624172348,0.3242857142857143,0.23142857142857143,1400,600
cp_cox_crossfit,CP + Cox (Cross-Fit),0.9,0.938533079616542,0.09292556711801997,s019,16,20450429,high_shape,Higher Weibull shape,3,0.3,1.8,1,0.1,0.75,2000,0.3,0.1,1500,1.2232887624172348,0.3242857142857143,0.23142857142857143,1400,600
cp_cox_full,CP + Cox,0.885,0.9033534313580127,0.08876615260676989,s019,17,20450430,high_shape,Higher Weibull shape,3,0.3,1.8,1,0.1,0.75,2000,0.3,0.1,1500,1.2331471676641579,0.315,0.21142857142857144,1400,600
cp_cox_crossfit,CP + Cox (Cross-Fit),0.8916666666666667,0.9264437155063399,0.08104562681681836,s019,17,20450430,high_shape,Higher Weibull shape,3,0.3,1.8,1,0.1,0.75,2000,0.3,0.1,1500,1.2331471676641579,0.315,0.21142857142857144,1400,600
cp_cox_full,CP + Cox,0.905,0.941834436741975,0.07187202130644485,s019,18,20450431,high_shape,Higher Weibull shape,3,0.3,1.8,1,0.1,0.75,2000,0.3,0.1,1500,1.2233733994121594,0.33,0.2092857142857143,1400,600
cp_cox_crossfit,CP + Cox (Cross-Fit),0.885,0.9129157584758208,0.07871485478714069,s019,18,20450431,high_shape,Higher Weibull shape,3,0.3,1.8,1,0.1,0.75,2000,0.3,0.1,1500,1.2233733994121594,0.33,0.2092857142857143,1400,600
cp_cox_full,CP + Cox,0.9083333333333333,0.9376895772112873,0.08815754256862898,s019,19,20450432,high_shape,Higher Weibull shape,3,0.3,1.8,1,0.1,0.75,2000,0.3,0.1,1500,1.2398604137095768,0.3242857142857143,0.205,1400,600
cp_cox_crossfit,CP + Cox (Cross-Fit),0.9116666666666666,0.9441588753070437,0.08654732593287344,s019,19,20450432,high_shape,Higher Weibull shape,3,0.3,1.8,1,0.1,0.75,2000,0.3,0.1,1500,1.2398604137095768,0.3242857142857143,0.205,1400,600
cp_cox_full,CP + Cox,0.875,0.8756650004951059,0.111294496838209,s019,20,20450433,high_shape,Higher Weibull shape,3,0.3,1.8,1,0.1,0.75,2000,0.3,0.1,1500,1.19915344447809,0.3107142857142857,0.21571428571428572,1400,600
cp_cox_crossfit,CP + Cox (Cross-Fit),0.88,0.8885302928408345,0.10798145562883305,s019,20,20450433,high_shape,Higher Weibull shape,3,0.3,1.8,1,0.1,0.75,2000,0.3,0.1,1500,1.19915344447809,0.3107142857142857,0.21571428571428572,1400,600
cp_cox_full,CP + Cox,0.89,0.9556021237143902,0.08822760170379502,s019,21,20450434,high_shape,Higher Weibull shape,3,0.3,1.8,1,0.1,0.75,2000,0.3,0.1,1500,1.2612712767976826,0.32,0.20714285714285716,1400,600
cp_cox_crossfit,CP + Cox (Cross-Fit),0.8916666666666667,0.9624442933257066,0.08601426385056775,s019,21,20450434,high_shape,Higher Weibull shape,3,0.3,1.8,1,0.1,0.75,2000,0.3,0.1,1500,1.2612712767976826,0.32,0.20714285714285716,1400,600
cp_cox_full,CP + Cox,0.9066666666666666,0.9783118722812926,0.06555154936637617,s019,22,20450435,high_shape,Higher Weibull shape,3,0.3,1.8,1,0.1,0.75,2000,0.3,0.1,1500,1.2566621864116985,0.2985714285714286,0.2057142857142857,1400,600
cp_cox_crossfit,CP + Cox (Cross-Fit),0.91,0.9909254725392799,0.06255386500949674,s019,22,20450435,high_shape,Higher Weibull shape,3,0.3,1.8,1,0.1,0.75,2000,0.3,0.1,1500,1.2566621864116985,0.2985714285714286,0.2057142857142857,1400,600
cp_cox_full,CP + Cox,0.9166666666666666,0.9556823246033844,0.10556546278823895,s019,23,20450436,high_shape,Higher Weibull shape,3,0.3,1.8,1,0.1,0.75,2000,0.3,0.1,1500,1.2429729437048884,0.30857142857142855,0.20857142857142857,1400,600
cp_cox_crossfit,CP + Cox (Cross-Fit),0.9166666666666666,0.9605766377895169,0.10411796076000399,s019,23,20450436,high_shape,Higher Weibull shape,3,0.3,1.8,1,0.1,0.75,2000,0.3,0.1,1500,1.2429729437048884,0.30857142857142855,0.20857142857142857,1400,600
cp_cox_full,CP + Cox,0.9,0.9383978382864195,0.07972228023376952,s019,24,20450437,high_shape,Higher Weibull shape,3,0.3,1.8,1,0.1,0.75,2000,0.3,0.1,1500,1.226647055582865,0.30428571428571427,0.21285714285714286,1400,600
cp_cox_crossfit,CP + Cox (Cross-Fit),0.8983333333333333,0.9318896744430512,0.08104222444893684,s019,24,20450437,high_shape,Higher Weibull shape,3,0.3,1.8,1,0.1,0.75,2000,0.3,0.1,1500,1.226647055582865,0.30428571428571427,0.21285714285714286,1400,600
cp_cox_full,CP + Cox,0.9033333333333333,0.9657694540138161,0.08515448275328015,s019,25,20450438,high_shape,Higher Weibull shape,3,0.3,1.8,1,0.1,0.75,2000,0.3,0.1,1500,1.2729916194486401,0.3078571428571429,0.21642857142857144,1400,600
cp_cox_crossfit,CP + Cox (Cross-Fit),0.905,0.9670380286175189,0.08476445240104806,s019,25,20450438,high_shape,Higher Weibull shape,3,0.3,1.8,1,0.1,0.75,2000,0.3,0.1,1500,1.2729916194486401,0.3078571428571429,0.21642857142857144,1400,600
cp_cox_full,CP + Cox,0.9016666666666666,0.9135606550665983,0.08505588378297531,s019,26,20450439,high_shape,Higher Weibull shape,3,0.3,1.8,1,0.1,0.75,2000,0.3,0.1,1500,1.2043096453912752,0.31142857142857144,0.22285714285714286,1400,600
cp_cox_crossfit,CP + Cox (Cross-Fit),0.9,0.9107381402405648,0.0858184726462278,s019,26,20450439,high_shape,Higher Weibull shape,3,0.3,1.8,1,0.1,0.75,2000,0.3,0.1,1500,1.2043096453912752,0.31142857142857144,0.22285714285714286,1400,600
cp_cox_full,CP + Cox,0.9033333333333333,0.9283476052320477,0.08877441128022437,s019,27,20450440,high_shape,Higher Weibull shape,3,0.3,1.8,1,0.1,0.75,2000,0.3,0.1,1500,1.2312917572547022,0.3171428571428571,0.21428571428571427,1400,600
cp_cox_crossfit,CP + Cox (Cross-Fit),0.8966666666666666,0.9163515209262175,0.09198571747999412,s019,27,20450440,high_shape,Higher Weibull shape,3,0.3,1.8,1,0.1,0.75,2000,0.3,0.1,1500,1.2312917572547022,0.3171428571428571,0.21428571428571427,1400,600
cp_cox_full,CP + Cox,0.85,0.925122694617887,0.10239069673597904,s019,28,20450441,high_shape,Higher Weibull shape,3,0.3,1.8,1,0.1,0.75,2000,0.3,0.1,1500,1.284460921128011,0.29714285714285715,0.205,1400,600
cp_cox_crossfit,CP + Cox (Cross-Fit),0.84,0.9127571111328958,0.10547991845678008,s019,28,20450441,high_shape,Higher Weibull shape,3,0.3,1.8,1,0.1,0.75,2000,0.3,0.1,1500,1.284460921128011,0.29714285714285715,0.205,1400,600
cp_cox_full,CP + Cox,0.8983333333333333,0.981324533011088,0.09399316394428996,s019,29,20450442,high_shape,Higher Weibull shape,3,0.3,1.8,1,0.1,0.75,2000,0.3,0.1,1500,1.2840802146456591,0.30642857142857144,0.21357142857142858,1400,600
cp_cox_crossfit,CP + Cox (Cross-Fit),0.895,0.9721245781117185,0.09752457541182756,s019,29,20450442,high_shape,Higher Weibull shape,3,0.3,1.8,1,0.1,0.75,2000,0.3,0.1,1500,1.2840802146456591,0.30642857142857144,0.21357142857142858,1400,600
cp_cox_full,CP + Cox,0.92,0.9368602949508398,0.08133626947091581,s019,30,20450443,high_shape,Higher Weibull shape,3,0.3,1.8,1,0.1,0.75,2000,0.3,0.1,1500,1.2192845012799038,0.31,0.21642857142857144,1400,600
cp_cox_crossfit,CP + Cox (Cross-Fit),0.9216666666666666,0.9393421570285699,0.08059693129222452,s019,30,20450443,high_shape,Higher Weibull shape,3,0.3,1.8,1,0.1,0.75,2000,0.3,0.1,1500,1.2192845012799038,0.31,0.21642857142857144,1400,600
cp_cox_full,CP + Cox,0.9066666666666666,1.496792498186216,0.08690411214695813,s020,1,20460414,high_shape,Higher Weibull shape,3,0.3,1.8,1,0.1,0.9,2000,0.3,0.1,1500,1.7838653896775503,0.19071428571428573,0.08857142857142856,1400,600
cp_cox_crossfit,CP + Cox (Cross-Fit),0.89,1.4783338238290231,0.0919878812693206,s020,1,20460414,high_shape,Higher Weibull shape,3,0.3,1.8,1,0.1,0.9,2000,0.3,0.1,1500,1.7838653896775503,0.19071428571428573,0.08857142857142856,1400,600
cp_cox_full,CP + Cox,0.9466666666666667,1.4612735756633344,0.09690913872998738,s020,2,20460415,high_shape,Higher Weibull shape,3,0.3,1.8,1,0.1,0.9,2000,0.3,0.1,1500,1.757632794352273,0.17357142857142857,0.07928571428571428,1400,600
cp_cox_crossfit,CP + Cox (Cross-Fit),0.9483333333333334,1.4673923104765207,0.09510568189067231,s020,2,20460415,high_shape,Higher Weibull shape,3,0.3,1.8,1,0.1,0.9,2000,0.3,0.1,1500,1.757632794352273,0.17357142857142857,0.07928571428571428,1400,600
cp_cox_full,CP + Cox,0.9033333333333333,1.4595368219126,0.0636112484294595,s020,3,20460416,high_shape,Higher Weibull shape,3,0.3,1.8,1,0.1,0.9,2000,0.3,0.1,1500,1.7265137658325562,0.195,0.08714285714285715,1400,600
cp_cox_crossfit,CP + Cox (Cross-Fit),0.9,1.4491182314936404,0.06626590187640088,s020,3,20460416,high_shape,Higher Weibull shape,3,0.3,1.8,1,0.1,0.9,2000,0.3,0.1,1500,1.7265137658325562,0.195,0.08714285714285715,1400,600
cp_cox_full,CP + Cox,0.8933333333333333,1.4181737561782402,0.0898095532833237,s020,4,20460417,high_shape,Higher Weibull shape,3,0.3,1.8,1,0.1,0.9,2000,0.3,0.1,1500,1.7157967314914204,0.18357142857142858,0.08214285714285714,1400,600
cp_cox_crossfit,CP + Cox (Cross-Fit),0.8933333333333333,1.4197557960050962,0.08932699113552378,s020,4,20460417,high_shape,Higher Weibull shape,3,0.3,1.8,1,0.1,0.9,2000,0.3,0.1,1500,1.7157967314914204,0.18357142857142858,0.08214285714285714,1400,600
cp_cox_full,CP + Cox,0.9083333333333333,1.5184703550865049,0.08835509985740915,s020,5,20460418,high_shape,Higher Weibull shape,3,0.3,1.8,1,0.1,0.9,2000,0.3,0.1,1500,1.8011952997933878,0.18642857142857142,0.08357142857142857,1400,600
cp_cox_crossfit,CP + Cox (Cross-Fit),0.8983333333333333,1.496875821506535,0.09607064173882639,s020,5,20460418,high_shape,Higher Weibull shape,3,0.3,1.8,1,0.1,0.9,2000,0.3,0.1,1500,1.8011952997933878,0.18642857142857142,0.08357142857142857,1400,600
cp_cox_full,CP + Cox,0.9083333333333333,1.426940965844966,0.08408535625394212,s020,6,20460419,high_shape,Higher Weibull shape,3,0.3,1.8,1,0.1,0.9,2000,0.3,0.1,1500,1.7006897227598916,0.18928571428571428,0.08357142857142857,1400,600
cp_cox_crossfit,CP + Cox (Cross-Fit),0.905,1.4067977388294068,0.09208606483922174,s020,6,20460419,high_shape,Higher Weibull shape,3,0.3,1.8,1,0.1,0.9,2000,0.3,0.1,1500,1.7006897227598916,0.18928571428571428,0.08357142857142857,1400,600
cp_cox_full,CP + Cox,0.915,1.4608318297730734,0.08676555460442706,s020,7,20460420,high_shape,Higher Weibull shape,3,0.3,1.8,1,0.1,0.9,2000,0.3,0.1,1500,1.770932970863817,0.18357142857142858,0.08357142857142857,1400,600
cp_cox_crossfit,CP + Cox (Cross-Fit),0.925,1.4783823777219254,0.08031490883979633,s020,7,20460420,high_shape,Higher Weibull shape,3,0.3,1.8,1,0.1,0.9,2000,0.3,0.1,1500,1.770932970863817,0.18357142857142858,0.08357142857142857,1400,600
cp_cox_full,CP + Cox,0.8766666666666667,1.4123842188056357,0.07803118653206598,s020,8,20460421,high_shape,Higher Weibull shape,3,0.3,1.8,1,0.1,0.9,2000,0.3,0.1,1500,1.7261530163017873,0.17857142857142858,0.07642857142857143,1400,600
cp_cox_crossfit,CP + Cox (Cross-Fit),0.9,1.4438254734979397,0.0737053081775808,s020,8,20460421,high_shape,Higher Weibull shape,3,0.3,1.8,1,0.1,0.9,2000,0.3,0.1,1500,1.7261530163017873,0.17857142857142858,0.07642857142857143,1400,600
cp_cox_full,CP + Cox,0.8883333333333333,1.4664624530919332,0.08385478370700214,s020,9,20460422,high_shape,Higher Weibull shape,3,0.3,1.8,1,0.1,0.9,2000,0.3,0.1,1500,1.7700733313890855,0.2007142857142857,0.07714285714285714,1400,600
cp_cox_crossfit,CP + Cox (Cross-Fit),0.8883333333333333,1.4691739284712182,0.0829665501267115,s020,9,20460422,high_shape,Higher Weibull shape,3,0.3,1.8,1,0.1,0.9,2000,0.3,0.1,1500,1.7700733313890855,0.2007142857142857,0.07714285714285714,1400,600
cp_cox_full,CP + Cox,0.895,1.3875728755910395,0.10918431138739641,s020,10,20460423,high_shape,Higher Weibull shape,3,0.3,1.8,1,0.1,0.9,2000,0.3,0.1,1500,1.711300177428941,0.185,0.07714285714285714,1400,600
cp_cox_crossfit,CP + Cox (Cross-Fit),0.8966666666666666,1.398299094833882,0.10571416147016101,s020,10,20460423,high_shape,Higher Weibull shape,3,0.3,1.8,1,0.1,0.9,2000,0.3,0.1,1500,1.711300177428941,0.185,0.07714285714285714,1400,600
cp_cox_full,CP + Cox,0.905,1.5032336617717301,0.09411775745533496,s020,11,20460424,high_shape,Higher Weibull shape,3,0.3,1.8,1,0.1,0.9,2000,0.3,0.1,1500,1.797258514081144,0.18857142857142858,0.07642857142857143,1400,600
cp_cox_crossfit,CP + Cox (Cross-Fit),0.8966666666666666,1.4842794830856196,0.1004712007002446,s020,11,20460424,high_shape,Higher Weibull shape,3,0.3,1.8,1,0.1,0.9,2000,0.3,0.1,1500,1.797258514081144,0.18857142857142858,0.07642857142857143,1400,600
cp_cox_full,CP + Cox,0.8833333333333333,1.5138117744709467,0.09276962540190085,s020,12,20460425,high_shape,Higher Weibull shape,3,0.3,1.8,1,0.1,0.9,2000,0.3,0.1,1500,1.812605783452761,0.18857142857142858,0.08214285714285714,1400,600
cp_cox_crossfit,CP + Cox (Cross-Fit),0.9066666666666666,1.5441641953173275,0.08155979634965654,s020,12,20460425,high_shape,Higher Weibull shape,3,0.3,1.8,1,0.1,0.9,2000,0.3,0.1,1500,1.812605783452761,0.18857142857142858,0.08214285714285714,1400,600
cp_cox_full,CP + Cox,0.9166666666666666,1.3825798408928665,0.07653940147440436,s020,13,20460426,high_shape,Higher Weibull shape,3,0.3,1.8,1,0.1,0.9,2000,0.3,0.1,1500,1.6723520323390266,0.19428571428571428,0.08357142857142857,1400,600
cp_cox_crossfit,CP + Cox (Cross-Fit),0.9033333333333333,1.3625883367405989,0.08191095634254883,s020,13,20460426,high_shape,Higher Weibull shape,3,0.3,1.8,1,0.1,0.9,2000,0.3,0.1,1500,1.6723520323390266,0.19428571428571428,0.08357142857142857,1400,600
cp_cox_full,CP + Cox,0.8916666666666667,1.3911350214309648,0.11100092716862979,s020,14,20460427,high_shape,Higher Weibull shape,3,0.3,1.8,1,0.1,0.9,2000,0.3,0.1,1500,1.731621549250917,0.17785714285714285,0.07785714285714286,1400,600
cp_cox_crossfit,CP + Cox (Cross-Fit),0.91,1.4144823590233109,0.10407225495309601,s020,14,20460427,high_shape,Higher Weibull shape,3,0.3,1.8,1,0.1,0.9,2000,0.3,0.1,1500,1.731621549250917,0.17785714285714285,0.07785714285714286,1400,600
cp_cox_full,CP + Cox,0.875,1.3930152822194872,0.0915583817748877,s020,15,20460428,high_shape,Higher Weibull shape,3,0.3,1.8,1,0.1,0.9,2000,0.3,0.1,1500,1.7000414422796517,0.18071428571428572,0.07142857142857142,1400,600
cp_cox_crossfit,CP + Cox (Cross-Fit),0.9,1.4290942701813483,0.08243197852240847,s020,15,20460428,high_shape,Higher Weibull shape,3,0.3,1.8,1,0.1,0.9,2000,0.3,0.1,1500,1.7000414422796517,0.18071428571428572,0.07142857142857142,1400,600
cp_cox_full,CP + Cox,0.8716666666666667,1.4018760320156105,0.10822627394960449,s020,16,20460429,high_shape,Higher Weibull shape,3,0.3,1.8,1,0.1,0.9,2000,0.3,0.1,1500,1.7392935970470003,0.18642857142857142,0.07714285714285714,1400,600
cp_cox_crossfit,CP + Cox (Cross-Fit),0.87,1.3944517649445614,0.11067406861767823,s020,16,20460429,high_shape,Higher Weibull shape,3,0.3,1.8,1,0.1,0.9,2000,0.3,0.1,1500,1.7392935970470003,0.18642857142857142,0.07714285714285714,1400,600
cp_cox_full,CP + Cox,0.88,1.4560271126161723,0.08773061385830805,s020,17,20460430,high_shape,Higher Weibull shape,3,0.3,1.8,1,0.1,0.9,2000,0.3,0.1,1500,1.7416873338692285,0.18928571428571428,0.08857142857142856,1400,600
cp_cox_crossfit,CP + Cox (Cross-Fit),0.89,1.4621608399649377,0.08582785538049642,s020,17,20460430,high_shape,Higher Weibull shape,3,0.3,1.8,1,0.1,0.9,2000,0.3,0.1,1500,1.7416873338692285,0.18928571428571428,0.08857142857142856,1400,600
cp_cox_full,CP + Cox,0.895,1.4342542443307724,0.08608552143723698,s020,18,20460431,high_shape,Higher Weibull shape,3,0.3,1.8,1,0.1,0.9,2000,0.3,0.1,1500,1.7546365224241796,0.1707142857142857,0.075,1400,600
cp_cox_crossfit,CP + Cox (Cross-Fit),0.9166666666666666,1.458185683707881,0.079824940584326,s020,18,20460431,high_shape,Higher Weibull shape,3,0.3,1.8,1,0.1,0.9,2000,0.3,0.1,1500,1.7546365224241796,0.1707142857142857,0.075,1400,600
cp_cox_full,CP + Cox,0.9033333333333333,1.460879714325985,0.07911496988094222,s020,19,20460432,high_shape,Higher Weibull shape,3,0.3,1.8,1,0.1,0.9,2000,0.3,0.1,1500,1.7468499061102005,0.1707142857142857,0.08357142857142857,1400,600
cp_cox_crossfit,CP + Cox (Cross-Fit),0.895,1.4516409975410753,0.08158089145895848,s020,19,20460432,high_shape,Higher Weibull shape,3,0.3,1.8,1,0.1,0.9,2000,0.3,0.1,1500,1.7468499061102005,0.1707142857142857,0.08357142857142857,1400,600
cp_cox_full,CP + Cox,0.8916666666666667,1.4858090185443755,0.07574461066374402,s020,20,20460433,high_shape,Higher Weibull shape,3,0.3,1.8,1,0.1,0.9,2000,0.3,0.1,1500,1.7555756545520727,0.1657142857142857,0.07,1400,600
cp_cox_crossfit,CP + Cox (Cross-Fit),0.8866666666666667,1.4832967566356612,0.07646665792978023,s020,20,20460433,high_shape,Higher Weibull shape,3,0.3,1.8,1,0.1,0.9,2000,0.3,0.1,1500,1.7555756545520727,0.1657142857142857,0.07,1400,600
cp_cox_full,CP + Cox,0.9083333333333333,1.447771708413386,0.08170832201074475,s020,21,20460434,high_shape,Higher Weibull shape,3,0.3,1.8,1,0.1,0.9,2000,0.3,0.1,1500,1.7493210571286866,0.1757142857142857,0.07357142857142857,1400,600
cp_cox_crossfit,CP + Cox (Cross-Fit),0.9183333333333333,1.4584100566132319,0.07809773343437872,s020,21,20460434,high_shape,Higher Weibull shape,3,0.3,1.8,1,0.1,0.9,2000,0.3,0.1,1500,1.7493210571286866,0.1757142857142857,0.07357142857142857,1400,600
cp_cox_full,CP + Cox,0.9016666666666666,1.4255132039337037,0.08880503394996526,s020,22,20460435,high_shape,Higher Weibull shape,3,0.3,1.8,1,0.1,0.9,2000,0.3,0.1,1500,1.750757865181166,0.17214285714285715,0.08928571428571429,1400,600
cp_cox_crossfit,CP + Cox (Cross-Fit),0.9016666666666666,1.43217201257917,0.08709016432199598,s020,22,20460435,high_shape,Higher Weibull shape,3,0.3,1.8,1,0.1,0.9,2000,0.3,0.1,1500,1.750757865181166,0.17214285714285715,0.08928571428571429,1400,600
cp_cox_full,CP + Cox,0.8833333333333333,1.5017783487437593,0.08447095352281034,s020,23,20460436,high_shape,Higher Weibull shape,3,0.3,1.8,1,0.1,0.9,2000,0.3,0.1,1500,1.80001954904842,0.17357142857142857,0.07642857142857143,1400,600
cp_cox_crossfit,CP + Cox (Cross-Fit),0.8733333333333333,1.4879930012508056,0.08778903284073891,s020,23,20460436,high_shape,Higher Weibull shape,3,0.3,1.8,1,0.1,0.9,2000,0.3,0.1,1500,1.80001954904842,0.17357142857142857,0.07642857142857143,1400,600
cp_cox_full,CP + Cox,0.9033333333333333,1.4562285982710779,0.11074749451790147,s020,24,20460437,high_shape,Higher Weibull shape,3,0.3,1.8,1,0.1,0.9,2000,0.3,0.1,1500,1.7754504154735877,0.17285714285714285,0.085,1400,600
cp_cox_crossfit,CP + Cox (Cross-Fit),0.9066666666666666,1.4642695672538444,0.10839703055045206,s020,24,20460437,high_shape,Higher Weibull shape,3,0.3,1.8,1,0.1,0.9,2000,0.3,0.1,1500,1.7754504154735877,0.17285714285714285,0.085,1400,600
cp_cox_full,CP + Cox,0.89,1.4833089036843623,0.07994080081423852,s020,25,20460438,high_shape,Higher Weibull shape,3,0.3,1.8,1,0.1,0.9,2000,0.3,0.1,1500,1.7762659784921175,0.18142857142857144,0.07857142857142857,1400,600
cp_cox_crossfit,CP + Cox (Cross-Fit),0.9066666666666666,1.5051222020332213,0.07349345166561046,s020,25,20460438,high_shape,Higher Weibull shape,3,0.3,1.8,1,0.1,0.9,2000,0.3,0.1,1500,1.7762659784921175,0.18142857142857144,0.07857142857142857,1400,600
cp_cox_full,CP + Cox,0.9033333333333333,1.4884236175046897,0.09157990140395639,s020,26,20460439,high_shape,Higher Weibull shape,3,0.3,1.8,1,0.1,0.9,2000,0.3,0.1,1500,1.7995188731706255,0.18285714285714286,0.07714285714285714,1400,600
cp_cox_crossfit,CP + Cox (Cross-Fit),0.8966666666666666,1.4759551905553838,0.0955177944225253,s020,26,20460439,high_shape,Higher Weibull shape,3,0.3,1.8,1,0.1,0.9,2000,0.3,0.1,1500,1.7995188731706255,0.18285714285714286,0.07714285714285714,1400,600
cp_cox_full,CP + Cox,0.8966666666666666,1.4931664461356882,0.09773037630398984,s020,27,20460440,high_shape,Higher Weibull shape,3,0.3,1.8,1,0.1,0.9,2000,0.3,0.1,1500,1.7985591289154663,0.18571428571428572,0.07785714285714286,1400,600
cp_cox_crossfit,CP + Cox (Cross-Fit),0.8783333333333333,1.4668720082685776,0.10482116151457875,s020,27,20460440,high_shape,Higher Weibull shape,3,0.3,1.8,1,0.1,0.9,2000,0.3,0.1,1500,1.7985591289154663,0.18571428571428572,0.07785714285714286,1400,600
cp_cox_full,CP + Cox,0.9066666666666666,1.5132539057070722,0.08424455796330162,s020,28,20460441,high_shape,Higher Weibull shape,3,0.3,1.8,1,0.1,0.9,2000,0.3,0.1,1500,1.7931322656130808,0.18214285714285713,0.07571428571428572,1400,600
cp_cox_crossfit,CP + Cox (Cross-Fit),0.9033333333333333,1.496038219833708,0.0891273117724096,s020,28,20460441,high_shape,Higher Weibull shape,3,0.3,1.8,1,0.1,0.9,2000,0.3,0.1,1500,1.7931322656130808,0.18214285714285713,0.07571428571428572,1400,600
cp_cox_full,CP + Cox,0.9066666666666666,1.4469251868738089,0.0696073324323946,s020,29,20460442,high_shape,Higher Weibull shape,3,0.3,1.8,1,0.1,0.9,2000,0.3,0.1,1500,1.7125829635699354,0.17714285714285713,0.07,1400,600
cp_cox_crossfit,CP + Cox (Cross-Fit),0.9066666666666666,1.4512137662816729,0.0682285671596607,s020,29,20460442,high_shape,Higher Weibull shape,3,0.3,1.8,1,0.1,0.9,2000,0.3,0.1,1500,1.7125829635699354,0.17714285714285713,0.07,1400,600
cp_cox_full,CP + Cox,0.9133333333333333,1.4358859794307355,0.08352069059383013,s020,30,20460443,high_shape,Higher Weibull shape,3,0.3,1.8,1,0.1,0.9,2000,0.3,0.1,1500,1.7287526773760975,0.175,0.08,1400,600
cp_cox_crossfit,CP + Cox (Cross-Fit),0.9,1.4151818826431322,0.09039987988238528,s020,30,20460443,high_shape,Higher Weibull shape,3,0.3,1.8,1,0.1,0.9,2000,0.3,0.1,1500,1.7287526773760975,0.175,0.08,1400,600
cp_cox_full,CP + Cox,0.865,1.971959253390116,0.08641714821693544,s021,1,20470414,high_shape,Higher Weibull shape,3,0.3,1.8,1,0.1,0.97,2000,0.3,0.1,1500,2.3020579922268447,0.12214285714285714,0.025714285714285714,1400,600
cp_cox_crossfit,CP + Cox (Cross-Fit),0.875,1.986647665675343,0.08177430791578036,s021,1,20470414,high_shape,Higher Weibull shape,3,0.3,1.8,1,0.1,0.97,2000,0.3,0.1,1500,2.3020579922268447,0.12214285714285714,0.025714285714285714,1400,600
cp_cox_full,CP + Cox,0.9166666666666666,2.201307549783374,0.09093318795253262,s021,2,20470415,high_shape,Higher Weibull shape,3,0.3,1.8,1,0.1,0.97,2000,0.3,0.1,1500,2.4922225109564473,0.12285714285714286,0.024285714285714285,1400,600
cp_cox_crossfit,CP + Cox (Cross-Fit),0.9266666666666666,2.2254388767802484,0.0847356817214044,s021,2,20470415,high_shape,Higher Weibull shape,3,0.3,1.8,1,0.1,0.97,2000,0.3,0.1,1500,2.4922225109564473,0.12285714285714286,0.024285714285714285,1400,600
cp_cox_full,CP + Cox,0.9066666666666666,2.0599522094452087,0.10211405579149459,s021,3,20470416,high_shape,Higher Weibull shape,3,0.3,1.8,1,0.1,0.97,2000,0.3,0.1,1500,2.350186489827243,0.12857142857142856,0.022857142857142857,1400,600
cp_cox_crossfit,CP + Cox (Cross-Fit),0.9033333333333333,2.057992468620339,0.1029615056086872,s021,3,20470416,high_shape,Higher Weibull shape,3,0.3,1.8,1,0.1,0.97,2000,0.3,0.1,1500,2.350186489827243,0.12857142857142856,0.022857142857142857,1400,600
cp_cox_full,CP + Cox,0.9033333333333333,2.1568767502531645,0.0892717368230131,s021,4,20470417,high_shape,Higher Weibull shape,3,0.3,1.8,1,0.1,0.97,2000,0.3,0.1,1500,2.434763706991829,0.13642857142857143,0.022857142857142857,1400,600
cp_cox_crossfit,CP + Cox (Cross-Fit),0.9033333333333333,2.1517089738025184,0.09068834874516461,s021,4,20470417,high_shape,Higher Weibull shape,3,0.3,1.8,1,0.1,0.97,2000,0.3,0.1,1500,2.434763706991829,0.13642857142857143,0.022857142857142857,1400,600
cp_cox_full,CP + Cox,0.8916666666666667,1.9955063629108376,0.08788679091154213,s021,5,20470418,high_shape,Higher Weibull shape,3,0.3,1.8,1,0.1,0.97,2000,0.3,0.1,1500,2.2904329086094006,0.12357142857142857,0.023571428571428573,1400,600
cp_cox_crossfit,CP + Cox (Cross-Fit),0.8933333333333333,2.004196727010627,0.08471768901891047,s021,5,20470418,high_shape,Higher Weibull shape,3,0.3,1.8,1,0.1,0.97,2000,0.3,0.1,1500,2.2904329086094006,0.12357142857142857,0.023571428571428573,1400,600
cp_cox_full,CP + Cox,0.9133333333333333,2.025753200389616,0.08219462482032265,s021,6,20470419,high_shape,Higher Weibull shape,3,0.3,1.8,1,0.1,0.97,2000,0.3,0.1,1500,2.334020317897257,0.12714285714285714,0.023571428571428573,1400,600
cp_cox_crossfit,CP + Cox (Cross-Fit),0.92,2.0433279864041345,0.07717376577365827,s021,6,20470419,high_shape,Higher Weibull shape,3,0.3,1.8,1,0.1,0.97,2000,0.3,0.1,1500,2.334020317897257,0.12714285714285714,0.023571428571428573,1400,600
cp_cox_full,CP + Cox,0.915,2.0122350348336377,0.08088966142602816,s021,7,20470420,high_shape,Higher Weibull shape,3,0.3,1.8,1,0.1,0.97,2000,0.3,0.1,1500,2.2824089062732846,0.12142857142857143,0.02214285714285714,1400,600
cp_cox_crossfit,CP + Cox (Cross-Fit),0.9083333333333333,2.002897133619069,0.08419784438665687,s021,7,20470420,high_shape,Higher Weibull shape,3,0.3,1.8,1,0.1,0.97,2000,0.3,0.1,1500,2.2824089062732846,0.12142857142857143,0.02214285714285714,1400,600
cp_cox_full,CP + Cox,0.9033333333333333,1.9996544792576325,0.0983823939745291,s021,8,20470421,high_shape,Higher Weibull shape,3,0.3,1.8,1,0.1,0.97,2000,0.3,0.1,1500,2.2892485419851427,0.125,0.027857142857142858,1400,600
cp_cox_crossfit,CP + Cox (Cross-Fit),0.8883333333333333,1.9597950298544045,0.11407018054566001,s021,8,20470421,high_shape,Higher Weibull shape,3,0.3,1.8,1,0.1,0.97,2000,0.3,0.1,1500,2.2892485419851427,0.125,0.027857142857142858,1400,600
cp_cox_full,CP + Cox,0.8883333333333333,2.131950534917738,0.09251216730125404,s021,9,20470422,high_shape,Higher Weibull shape,3,0.3,1.8,1,0.1,0.97,2000,0.3,0.1,1500,2.4642577622447432,0.13142857142857142,0.020714285714285713,1400,600
cp_cox_crossfit,CP + Cox (Cross-Fit),0.8916666666666667,2.1377627747749135,0.09111101194673463,s021,9,20470422,high_shape,Higher Weibull shape,3,0.3,1.8,1,0.1,0.97,2000,0.3,0.1,1500,2.4642577622447432,0.13142857142857142,0.020714285714285713,1400,600
cp_cox_full,CP + Cox,0.9133333333333333,2.139366398219115,0.08650800050417118,s021,10,20470423,high_shape,Higher Weibull shape,3,0.3,1.8,1,0.1,0.97,2000,0.3,0.1,1500,2.4265474953291344,0.11357142857142857,0.02,1400,600
cp_cox_crossfit,CP + Cox (Cross-Fit),0.8933333333333333,2.1148762066046376,0.09338271545702376,s021,10,20470423,high_shape,Higher Weibull shape,3,0.3,1.8,1,0.1,0.97,2000,0.3,0.1,1500,2.4265474953291344,0.11357142857142857,0.02,1400,600
cp_cox_full,CP + Cox,0.9133333333333333,1.9771242326815721,0.08586098850794904,s021,11,20470424,high_shape,Higher Weibull shape,3,0.3,1.8,1,0.1,0.97,2000,0.3,0.1,1500,2.2597464215078236,0.12642857142857142,0.022857142857142857,1400,600
cp_cox_crossfit,CP + Cox (Cross-Fit),0.92,1.9797719938947618,0.08494959205850476,s021,11,20470424,high_shape,Higher Weibull shape,3,0.3,1.8,1,0.1,0.97,2000,0.3,0.1,1500,2.2597464215078236,0.12642857142857142,0.022857142857142857,1400,600
cp_cox_full,CP + Cox,0.8916666666666667,1.9577286208007096,0.09026108863595367,s021,12,20470425,high_shape,Higher Weibull shape,3,0.3,1.8,1,0.1,0.97,2000,0.3,0.1,1500,2.2789964652635515,0.12928571428571428,0.027857142857142858,1400,600
cp_cox_crossfit,CP + Cox (Cross-Fit),0.9083333333333333,1.989682316677664,0.08288824369153405,s021,12,20470425,high_shape,Higher Weibull shape,3,0.3,1.8,1,0.1,0.97,2000,0.3,0.1,1500,2.2789964652635515,0.12928571428571428,0.027857142857142858,1400,600
cp_cox_full,CP + Cox,0.9133333333333333,1.9292381631092197,0.09013557140860119,s021,13,20470426,high_shape,Higher Weibull shape,3,0.3,1.8,1,0.1,0.97,2000,0.3,0.1,1500,2.2522442949700783,0.13285714285714287,0.02642857142857143,1400,600
cp_cox_crossfit,CP + Cox (Cross-Fit),0.915,1.939784098725754,0.0872390280705314,s021,13,20470426,high_shape,Higher Weibull shape,3,0.3,1.8,1,0.1,0.97,2000,0.3,0.1,1500,2.2522442949700783,0.13285714285714287,0.02642857142857143,1400,600
cp_cox_full,CP + Cox,0.8966666666666666,2.192637548433645,0.07773064749370127,s021,14,20470427,high_shape,Higher Weibull shape,3,0.3,1.8,1,0.1,0.97,2000,0.3,0.1,1500,2.4934900686374437,0.12785714285714286,0.020714285714285713,1400,600
cp_cox_crossfit,CP + Cox (Cross-Fit),0.8966666666666666,2.194370419049697,0.07722891874237428,s021,14,20470427,high_shape,Higher Weibull shape,3,0.3,1.8,1,0.1,0.97,2000,0.3,0.1,1500,2.4934900686374437,0.12785714285714286,0.020714285714285713,1400,600
cp_cox_full,CP + Cox,0.9033333333333333,2.048473118069668,0.08883874387545869,s021,15,20470428,high_shape,Higher Weibull shape,3,0.3,1.8,1,0.1,0.97,2000,0.3,0.1,1500,2.329829744438499,0.13071428571428573,0.02142857142857143,1400,600
cp_cox_crossfit,CP + Cox (Cross-Fit),0.9,2.036937973587464,0.09289552430628123,s021,15,20470428,high_shape,Higher Weibull shape,3,0.3,1.8,1,0.1,0.97,2000,0.3,0.1,1500,2.329829744438499,0.13071428571428573,0.02142857142857143,1400,600
cp_cox_full,CP + Cox,0.905,2.023941695178543,0.09279832545977482,s021,16,20470429,high_shape,Higher Weibull shape,3,0.3,1.8,1,0.1,0.97,2000,0.3,0.1,1500,2.318056078280238,0.13142857142857142,0.022857142857142857,1400,600
cp_cox_crossfit,CP + Cox (Cross-Fit),0.9166666666666666,2.041229360511406,0.08760226815064623,s021,16,20470429,high_shape,Higher Weibull shape,3,0.3,1.8,1,0.1,0.97,2000,0.3,0.1,1500,2.318056078280238,0.13142857142857142,0.022857142857142857,1400,600
cp_cox_full,CP + Cox,0.8783333333333333,2.0734594805235647,0.090585968641986,s021,17,20470430,high_shape,Higher Weibull shape,3,0.3,1.8,1,0.1,0.97,2000,0.3,0.1,1500,2.390400752059064,0.13142857142857142,0.020714285714285713,1400,600
cp_cox_crossfit,CP + Cox (Cross-Fit),0.895,2.0911843351641655,0.08488498853882008,s021,17,20470430,high_shape,Higher Weibull shape,3,0.3,1.8,1,0.1,0.97,2000,0.3,0.1,1500,2.390400752059064,0.13142857142857142,0.020714285714285713,1400,600
cp_cox_full,CP + Cox,0.925,2.0975173810265275,0.07081063090352467,s021,18,20470431,high_shape,Higher Weibull shape,3,0.3,1.8,1,0.1,0.97,2000,0.3,0.1,1500,2.3625533901800746,0.13642857142857143,0.02214285714285714,1400,600
cp_cox_crossfit,CP + Cox (Cross-Fit),0.9183333333333333,2.0913392751898865,0.07305625457148883,s021,18,20470431,high_shape,Higher Weibull shape,3,0.3,1.8,1,0.1,0.97,2000,0.3,0.1,1500,2.3625533901800746,0.13642857142857143,0.02214285714285714,1400,600
cp_cox_full,CP + Cox,0.9116666666666666,2.0403403628912584,0.06648754791481695,s021,19,20470432,high_shape,Higher Weibull shape,3,0.3,1.8,1,0.1,0.97,2000,0.3,0.1,1500,2.3178468622247625,0.12714285714285714,0.02142857142857143,1400,600
cp_cox_crossfit,CP + Cox (Cross-Fit),0.905,2.0186884834482823,0.07353858254472385,s021,19,20470432,high_shape,Higher Weibull shape,3,0.3,1.8,1,0.1,0.97,2000,0.3,0.1,1500,2.3178468622247625,0.12714285714285714,0.02142857142857143,1400,600
cp_cox_full,CP + Cox,0.91,2.043851695309371,0.08068447436154186,s021,20,20470433,high_shape,Higher Weibull shape,3,0.3,1.8,1,0.1,0.97,2000,0.3,0.1,1500,2.342661726328151,0.13714285714285715,0.027142857142857142,1400,600
cp_cox_crossfit,CP + Cox (Cross-Fit),0.91,2.041393258671234,0.08130737864514784,s021,20,20470433,high_shape,Higher Weibull shape,3,0.3,1.8,1,0.1,0.97,2000,0.3,0.1,1500,2.342661726328151,0.13714285714285715,0.027142857142857142,1400,600
cp_cox_full,CP + Cox,0.8583333333333333,2.0563410112592986,0.10387357427999522,s021,21,20470434,high_shape,Higher Weibull shape,3,0.3,1.8,1,0.1,0.97,2000,0.3,0.1,1500,2.3904413069270225,0.12357142857142857,0.02214285714285714,1400,600
cp_cox_crossfit,CP + Cox (Cross-Fit),0.875,2.0843660988603334,0.09505790116355427,s021,21,20470434,high_shape,Higher Weibull shape,3,0.3,1.8,1,0.1,0.97,2000,0.3,0.1,1500,2.3904413069270225,0.12357142857142857,0.02214285714285714,1400,600
cp_cox_full,CP + Cox,0.91,2.0471862734785464,0.1058991450272292,s021,22,20470435,high_shape,Higher Weibull shape,3,0.3,1.8,1,0.1,0.97,2000,0.3,0.1,1500,2.3563244669359182,0.12357142857142857,0.017857142857142856,1400,600
cp_cox_crossfit,CP + Cox (Cross-Fit),0.925,2.066185609780668,0.09972991623775919,s021,22,20470435,high_shape,Higher Weibull shape,3,0.3,1.8,1,0.1,0.97,2000,0.3,0.1,1500,2.3563244669359182,0.12357142857142857,0.017857142857142856,1400,600
cp_cox_full,CP + Cox,0.91,1.9957174053772195,0.07255471008970389,s021,23,20470436,high_shape,Higher Weibull shape,3,0.3,1.8,1,0.1,0.97,2000,0.3,0.1,1500,2.2798493422815316,0.12714285714285714,0.019285714285714285,1400,600
cp_cox_crossfit,CP + Cox (Cross-Fit),0.9116666666666666,2.006519301028969,0.0696379500518861,s021,23,20470436,high_shape,Higher Weibull shape,3,0.3,1.8,1,0.1,0.97,2000,0.3,0.1,1500,2.2798493422815316,0.12714285714285714,0.019285714285714285,1400,600
cp_cox_full,CP + Cox,0.89,2.1439631402613926,0.08837855023148831,s021,24,20470437,high_shape,Higher Weibull shape,3,0.3,1.8,1,0.1,0.97,2000,0.3,0.1,1500,2.453583944499667,0.12428571428571429,0.02214285714285714,1400,600
cp_cox_crossfit,CP + Cox (Cross-Fit),0.88,2.1306148894047046,0.09103270512047465,s021,24,20470437,high_shape,Higher Weibull shape,3,0.3,1.8,1,0.1,0.97,2000,0.3,0.1,1500,2.453583944499667,0.12428571428571429,0.02214285714285714,1400,600
cp_cox_full,CP + Cox,0.9016666666666666,2.1058496758922156,0.07870764665065243,s021,25,20470438,high_shape,Higher Weibull shape,3,0.3,1.8,1,0.1,0.97,2000,0.3,0.1,1500,2.3873355515632166,0.13,0.023571428571428573,1400,600
cp_cox_crossfit,CP + Cox (Cross-Fit),0.8933333333333333,2.0890316822666777,0.08317711817345969,s021,25,20470438,high_shape,Higher Weibull shape,3,0.3,1.8,1,0.1,0.97,2000,0.3,0.1,1500,2.3873355515632166,0.13,0.023571428571428573,1400,600
cp_cox_full,CP + Cox,0.89,2.1706454060164955,0.09075027735032365,s021,26,20470439,high_shape,Higher Weibull shape,3,0.3,1.8,1,0.1,0.97,2000,0.3,0.1,1500,2.46600081391444,0.12428571428571429,0.022857142857142857,1400,600
cp_cox_crossfit,CP + Cox (Cross-Fit),0.8866666666666667,2.169018248136317,0.0912052571700723,s021,26,20470439,high_shape,Higher Weibull shape,3,0.3,1.8,1,0.1,0.97,2000,0.3,0.1,1500,2.46600081391444,0.12428571428571429,0.022857142857142857,1400,600
cp_cox_full,CP + Cox,0.8683333333333333,2.0846526225532243,0.10234357227459998,s021,27,20470440,high_shape,Higher Weibull shape,3,0.3,1.8,1,0.1,0.97,2000,0.3,0.1,1500,2.4237860101534157,0.12928571428571428,0.018571428571428572,1400,600
cp_cox_crossfit,CP + Cox (Cross-Fit),0.8683333333333333,2.08012397713813,0.1038420653841025,s021,27,20470440,high_shape,Higher Weibull shape,3,0.3,1.8,1,0.1,0.97,2000,0.3,0.1,1500,2.4237860101534157,0.12928571428571428,0.018571428571428572,1400,600
cp_cox_full,CP + Cox,0.87,2.0530978817474557,0.11051606974841398,s021,28,20470441,high_shape,Higher Weibull shape,3,0.3,1.8,1,0.1,0.97,2000,0.3,0.1,1500,2.4059492937422635,0.12642857142857142,0.023571428571428573,1400,600
cp_cox_crossfit,CP + Cox (Cross-Fit),0.9033333333333333,2.1165198255649593,0.0932490122133566,s021,28,20470441,high_shape,Higher Weibull shape,3,0.3,1.8,1,0.1,0.97,2000,0.3,0.1,1500,2.4059492937422635,0.12642857142857142,0.023571428571428573,1400,600
cp_cox_full,CP + Cox,0.9,2.186474002947574,0.08503657226223463,s021,29,20470442,high_shape,Higher Weibull shape,3,0.3,1.8,1,0.1,0.97,2000,0.3,0.1,1500,2.4656559266812046,0.12214285714285714,0.019285714285714285,1400,600
cp_cox_crossfit,CP + Cox (Cross-Fit),0.9,2.187733762759047,0.08449051617651004,s021,29,20470442,high_shape,Higher Weibull shape,3,0.3,1.8,1,0.1,0.97,2000,0.3,0.1,1500,2.4656559266812046,0.12214285714285714,0.019285714285714285,1400,600
cp_cox_full,CP + Cox,0.8866666666666667,1.9718347086620969,0.08641086093403862,s021,30,20470443,high_shape,Higher Weibull shape,3,0.3,1.8,1,0.1,0.97,2000,0.3,0.1,1500,2.2703818098950475,0.13428571428571429,0.020714285714285713,1400,600
cp_cox_crossfit,CP + Cox (Cross-Fit),0.8966666666666666,1.9888763926547721,0.08095399305029063,s021,30,20470443,high_shape,Higher Weibull shape,3,0.3,1.8,1,0.1,0.97,2000,0.3,0.1,1500,2.2703818098950475,0.13428571428571429,0.020714285714285713,1400,600
cp_cox_full,CP + Cox,0.8866666666666667,0.9287262547534598,0.08110306558324476,s022,1,20480414,high_shape,Higher Weibull shape,3,0.3,1.8,1,0.2,0.75,2000,0.3,0.1,1500,1.216322270998673,0.36357142857142855,0.1757142857142857,1400,600
cp_cox_crossfit,CP + Cox (Cross-Fit),0.8916666666666667,0.9391880298000983,0.07866875393630321,s022,1,20480414,high_shape,Higher Weibull shape,3,0.3,1.8,1,0.2,0.75,2000,0.3,0.1,1500,1.216322270998673,0.36357142857142855,0.1757142857142857,1400,600
cp_cox_full,CP + Cox,0.91,0.978311791890385,0.08454213439396384,s022,2,20480415,high_shape,Higher Weibull shape,3,0.3,1.8,1,0.2,0.75,2000,0.3,0.1,1500,1.250346970159768,0.36857142857142855,0.18214285714285713,1400,600
cp_cox_crossfit,CP + Cox (Cross-Fit),0.9216666666666666,0.9948521783337201,0.07857126879132358,s022,2,20480415,high_shape,Higher Weibull shape,3,0.3,1.8,1,0.2,0.75,2000,0.3,0.1,1500,1.250346970159768,0.36857142857142855,0.18214285714285713,1400,600
cp_cox_full,CP + Cox,0.9066666666666666,0.9392221416540124,0.09410310442441959,s022,3,20480416,high_shape,Higher Weibull shape,3,0.3,1.8,1,0.2,0.75,2000,0.3,0.1,1500,1.2447334593520984,0.3742857142857143,0.18,1400,600
cp_cox_crossfit,CP + Cox (Cross-Fit),0.91,0.9435539546697886,0.09263971363800463,s022,3,20480416,high_shape,Higher Weibull shape,3,0.3,1.8,1,0.2,0.75,2000,0.3,0.1,1500,1.2447334593520984,0.3742857142857143,0.18,1400,600
cp_cox_full,CP + Cox,0.9033333333333333,0.9197216277128857,0.0841012528342113,s022,4,20480417,high_shape,Higher Weibull shape,3,0.3,1.8,1,0.2,0.75,2000,0.3,0.1,1500,1.2334289576812039,0.36642857142857144,0.16714285714285715,1400,600
cp_cox_crossfit,CP + Cox (Cross-Fit),0.9016666666666666,0.9180654343313124,0.08454951206871014,s022,4,20480417,high_shape,Higher Weibull shape,3,0.3,1.8,1,0.2,0.75,2000,0.3,0.1,1500,1.2334289576812039,0.36642857142857144,0.16714285714285715,1400,600
cp_cox_full,CP + Cox,0.8983333333333333,0.911833685267071,0.09074274835561433,s022,5,20480418,high_shape,Higher Weibull shape,3,0.3,1.8,1,0.2,0.75,2000,0.3,0.1,1500,1.2472673029621093,0.3557142857142857,0.16857142857142857,1400,600
cp_cox_crossfit,CP + Cox (Cross-Fit),0.91,0.9423028101931031,0.08284576264680005,s022,5,20480418,high_shape,Higher Weibull shape,3,0.3,1.8,1,0.2,0.75,2000,0.3,0.1,1500,1.2472673029621093,0.3557142857142857,0.16857142857142857,1400,600
cp_cox_full,CP + Cox,0.8883333333333333,0.9272823212665585,0.08403878326021022,s022,6,20480419,high_shape,Higher Weibull shape,3,0.3,1.8,1,0.2,0.75,2000,0.3,0.1,1500,1.234741198996399,0.3692857142857143,0.16142857142857142,1400,600
cp_cox_crossfit,CP + Cox (Cross-Fit),0.9016666666666666,0.948933757392023,0.07668797162862466,s022,6,20480419,high_shape,Higher Weibull shape,3,0.3,1.8,1,0.2,0.75,2000,0.3,0.1,1500,1.234741198996399,0.3692857142857143,0.16142857142857142,1400,600
cp_cox_full,CP + Cox,0.89,0.9118449369190447,0.08709259579357748,s022,7,20480420,high_shape,Higher Weibull shape,3,0.3,1.8,1,0.2,0.75,2000,0.3,0.1,1500,1.2111059009912815,0.3807142857142857,0.1657142857142857,1400,600
cp_cox_crossfit,CP + Cox (Cross-Fit),0.885,0.9001655390061987,0.09101093153914248,s022,7,20480420,high_shape,Higher Weibull shape,3,0.3,1.8,1,0.2,0.75,2000,0.3,0.1,1500,1.2111059009912815,0.3807142857142857,0.1657142857142857,1400,600
cp_cox_full,CP + Cox,0.875,0.8989901414429975,0.0896261376888174,s022,8,20480421,high_shape,Higher Weibull shape,3,0.3,1.8,1,0.2,0.75,2000,0.3,0.1,1500,1.2317864016374944,0.37142857142857144,0.18571428571428572,1400,600
cp_cox_crossfit,CP + Cox (Cross-Fit),0.8633333333333333,0.8838182606273159,0.09297132578663626,s022,8,20480421,high_shape,Higher Weibull shape,3,0.3,1.8,1,0.2,0.75,2000,0.3,0.1,1500,1.2317864016374944,0.37142857142857144,0.18571428571428572,1400,600
cp_cox_full,CP + Cox,0.9066666666666666,0.9359294524894309,0.0895106517043903,s022,9,20480422,high_shape,Higher Weibull shape,3,0.3,1.8,1,0.2,0.75,2000,0.3,0.1,1500,1.2518579408491626,0.3821428571428571,0.17642857142857143,1400,600
cp_cox_crossfit,CP + Cox (Cross-Fit),0.9066666666666666,0.9353982809430413,0.08966936131822555,s022,9,20480422,high_shape,Higher Weibull shape,3,0.3,1.8,1,0.2,0.75,2000,0.3,0.1,1500,1.2518579408491626,0.3821428571428571,0.17642857142857143,1400,600
cp_cox_full,CP + Cox,0.905,0.9612789772563498,0.0801282412060957,s022,10,20480423,high_shape,Higher Weibull shape,3,0.3,1.8,1,0.2,0.75,2000,0.3,0.1,1500,1.2595651565349923,0.34714285714285714,0.18428571428571427,1400,600
cp_cox_crossfit,CP + Cox (Cross-Fit),0.915,0.9846824928043708,0.07154296071938777,s022,10,20480423,high_shape,Higher Weibull shape,3,0.3,1.8,1,0.2,0.75,2000,0.3,0.1,1500,1.2595651565349923,0.34714285714285714,0.18428571428571427,1400,600
cp_cox_full,CP + Cox,0.8816666666666667,0.943643836843082,0.09086626861467578,s022,11,20480424,high_shape,Higher Weibull shape,3,0.3,1.8,1,0.2,0.75,2000,0.3,0.1,1500,1.254115804482438,0.36857142857142855,0.18357142857142858,1400,600
cp_cox_crossfit,CP + Cox (Cross-Fit),0.89,0.9519015591097596,0.08898151369270452,s022,11,20480424,high_shape,Higher Weibull shape,3,0.3,1.8,1,0.2,0.75,2000,0.3,0.1,1500,1.254115804482438,0.36857142857142855,0.18357142857142858,1400,600
cp_cox_full,CP + Cox,0.8916666666666667,0.9038102970473095,0.08476906012470836,s022,12,20480425,high_shape,Higher Weibull shape,3,0.3,1.8,1,0.2,0.75,2000,0.3,0.1,1500,1.2021505802092236,0.3842857142857143,0.16428571428571428,1400,600
cp_cox_crossfit,CP + Cox (Cross-Fit),0.8866666666666667,0.884327191053143,0.08972674578911505,s022,12,20480425,high_shape,Higher Weibull shape,3,0.3,1.8,1,0.2,0.75,2000,0.3,0.1,1500,1.2021505802092236,0.3842857142857143,0.16428571428571428,1400,600
cp_cox_full,CP + Cox,0.8883333333333333,0.9393306482513715,0.08465236029209279,s022,13,20480426,high_shape,Higher Weibull shape,3,0.3,1.8,1,0.2,0.75,2000,0.3,0.1,1500,1.2462094016700482,0.37285714285714283,0.1707142857142857,1400,600
cp_cox_crossfit,CP + Cox (Cross-Fit),0.8816666666666667,0.9279125634102823,0.08817328867516001,s022,13,20480426,high_shape,Higher Weibull shape,3,0.3,1.8,1,0.2,0.75,2000,0.3,0.1,1500,1.2462094016700482,0.37285714285714283,0.1707142857142857,1400,600
cp_cox_full,CP + Cox,0.9183333333333333,0.9399988348336651,0.10434375045441557,s022,14,20480427,high_shape,Higher Weibull shape,3,0.3,1.8,1,0.2,0.75,2000,0.3,0.1,1500,1.2354568503583945,0.3871428571428571,0.1757142857142857,1400,600
cp_cox_crossfit,CP + Cox (Cross-Fit),0.9233333333333333,0.9478571081482152,0.10111972100849774,s022,14,20480427,high_shape,Higher Weibull shape,3,0.3,1.8,1,0.2,0.75,2000,0.3,0.1,1500,1.2354568503583945,0.3871428571428571,0.1757142857142857,1400,600
cp_cox_full,CP + Cox,0.8916666666666667,0.9437694652004845,0.10180704800759684,s022,15,20480428,high_shape,Higher Weibull shape,3,0.3,1.8,1,0.2,0.75,2000,0.3,0.1,1500,1.2605266106318473,0.3692857142857143,0.18571428571428572,1400,600
cp_cox_crossfit,CP + Cox (Cross-Fit),0.905,0.9782110668358898,0.08974663085712885,s022,15,20480428,high_shape,Higher Weibull shape,3,0.3,1.8,1,0.2,0.75,2000,0.3,0.1,1500,1.2605266106318473,0.3692857142857143,0.18571428571428572,1400,600
cp_cox_full,CP + Cox,0.8883333333333333,0.9437509117515047,0.09485014758031407,s022,16,20480429,high_shape,Higher Weibull shape,3,0.3,1.8,1,0.2,0.75,2000,0.3,0.1,1500,1.2606370133669675,0.3628571428571429,0.16714285714285715,1400,600
cp_cox_crossfit,CP + Cox (Cross-Fit),0.8966666666666666,0.9613619465152601,0.08942051018943976,s022,16,20480429,high_shape,Higher Weibull shape,3,0.3,1.8,1,0.2,0.75,2000,0.3,0.1,1500,1.2606370133669675,0.3628571428571429,0.16714285714285715,1400,600
cp_cox_full,CP + Cox,0.8966666666666666,0.9189649932311971,0.09678554269608,s022,17,20480430,high_shape,Higher Weibull shape,3,0.3,1.8,1,0.2,0.75,2000,0.3,0.1,1500,1.2295548781714536,0.3914285714285714,0.17857142857142858,1400,600
cp_cox_crossfit,CP + Cox (Cross-Fit),0.9033333333333333,0.9435661046990749,0.08890202433377042,s022,17,20480430,high_shape,Higher Weibull shape,3,0.3,1.8,1,0.2,0.75,2000,0.3,0.1,1500,1.2295548781714536,0.3914285714285714,0.17857142857142858,1400,600
cp_cox_full,CP + Cox,0.9083333333333333,0.9119195193700419,0.07688672594352071,s022,18,20480431,high_shape,Higher Weibull shape,3,0.3,1.8,1,0.2,0.75,2000,0.3,0.1,1500,1.1977397367556275,0.3914285714285714,0.1657142857142857,1400,600
cp_cox_crossfit,CP + Cox (Cross-Fit),0.9266666666666666,0.9359445464538537,0.06982628846045738,s022,18,20480431,high_shape,Higher Weibull shape,3,0.3,1.8,1,0.2,0.75,2000,0.3,0.1,1500,1.1977397367556275,0.3914285714285714,0.1657142857142857,1400,600
cp_cox_full,CP + Cox,0.885,0.9308630633405037,0.09665164666886629,s022,19,20480432,high_shape,Higher Weibull shape,3,0.3,1.8,1,0.2,0.75,2000,0.3,0.1,1500,1.2461552571519705,0.37142857142857144,0.17214285714285715,1400,600
cp_cox_crossfit,CP + Cox (Cross-Fit),0.8983333333333333,0.9491111453482162,0.09215917059284551,s022,19,20480432,high_shape,Higher Weibull shape,3,0.3,1.8,1,0.2,0.75,2000,0.3,0.1,1500,1.2461552571519705,0.37142857142857144,0.17214285714285715,1400,600
cp_cox_full,CP + Cox,0.8716666666666667,0.9286909264478285,0.10153525201429953,s022,20,20480433,high_shape,Higher Weibull shape,3,0.3,1.8,1,0.2,0.75,2000,0.3,0.1,1500,1.2552668651482084,0.3607142857142857,0.17785714285714285,1400,600
cp_cox_crossfit,CP + Cox (Cross-Fit),0.8933333333333333,0.9622324370656741,0.09150169321491265,s022,20,20480433,high_shape,Higher Weibull shape,3,0.3,1.8,1,0.2,0.75,2000,0.3,0.1,1500,1.2552668651482084,0.3607142857142857,0.17785714285714285,1400,600
cp_cox_full,CP + Cox,0.9333333333333333,0.9979655846994668,0.10095906494946481,s022,21,20480434,high_shape,Higher Weibull shape,3,0.3,1.8,1,0.2,0.75,2000,0.3,0.1,1500,1.253696843959204,0.3607142857142857,0.16785714285714284,1400,600
cp_cox_crossfit,CP + Cox (Cross-Fit),0.9183333333333333,0.9652443033750229,0.1120420918076975,s022,21,20480434,high_shape,Higher Weibull shape,3,0.3,1.8,1,0.2,0.75,2000,0.3,0.1,1500,1.253696843959204,0.3607142857142857,0.16785714285714284,1400,600
cp_cox_full,CP + Cox,0.88,0.941671373385185,0.08811763835291458,s022,22,20480435,high_shape,Higher Weibull shape,3,0.3,1.8,1,0.2,0.75,2000,0.3,0.1,1500,1.2396917641726692,0.3585714285714286,0.1757142857142857,1400,600
cp_cox_crossfit,CP + Cox (Cross-Fit),0.8733333333333333,0.9341918749569328,0.0900072921329244,s022,22,20480435,high_shape,Higher Weibull shape,3,0.3,1.8,1,0.2,0.75,2000,0.3,0.1,1500,1.2396917641726692,0.3585714285714286,0.1757142857142857,1400,600
cp_cox_full,CP + Cox,0.9083333333333333,0.9695820543486241,0.0967561924631617,s022,23,20480436,high_shape,Higher Weibull shape,3,0.3,1.8,1,0.2,0.75,2000,0.3,0.1,1500,1.2683727373822307,0.39285714285714285,0.165,1400,600
cp_cox_crossfit,CP + Cox (Cross-Fit),0.91,0.9761640409701262,0.0939731033830326,s022,23,20480436,high_shape,Higher Weibull shape,3,0.3,1.8,1,0.2,0.75,2000,0.3,0.1,1500,1.2683727373822307,0.39285714285714285,0.165,1400,600
cp_cox_full,CP + Cox,0.8966666666666666,0.9203341076156846,0.08564161603409842,s022,24,20480437,high_shape,Higher Weibull shape,3,0.3,1.8,1,0.2,0.75,2000,0.3,0.1,1500,1.2302488034174677,0.37142857142857144,0.17285714285714285,1400,600
cp_cox_crossfit,CP + Cox (Cross-Fit),0.8983333333333333,0.9272225775396523,0.08406252499146773,s022,24,20480437,high_shape,Higher Weibull shape,3,0.3,1.8,1,0.2,0.75,2000,0.3,0.1,1500,1.2302488034174677,0.37142857142857144,0.17285714285714285,1400,600
cp_cox_full,CP + Cox,0.8933333333333333,0.9144708617238962,0.0982980169151639,s022,25,20480438,high_shape,Higher Weibull shape,3,0.3,1.8,1,0.2,0.75,2000,0.3,0.1,1500,1.2197042652123868,0.38285714285714284,0.17214285714285715,1400,600
cp_cox_crossfit,CP + Cox (Cross-Fit),0.915,0.9492533726228322,0.08659284729722315,s022,25,20480438,high_shape,Higher Weibull shape,3,0.3,1.8,1,0.2,0.75,2000,0.3,0.1,1500,1.2197042652123868,0.38285714285714284,0.17214285714285715,1400,600
cp_cox_full,CP + Cox,0.8983333333333333,0.972552153415016,0.08534619742885076,s022,26,20480439,high_shape,Higher Weibull shape,3,0.3,1.8,1,0.2,0.75,2000,0.3,0.1,1500,1.272800017534915,0.37642857142857145,0.17857142857142858,1400,600
cp_cox_crossfit,CP + Cox (Cross-Fit),0.8983333333333333,0.9769327785196493,0.08381271944236658,s022,26,20480439,high_shape,Higher Weibull shape,3,0.3,1.8,1,0.2,0.75,2000,0.3,0.1,1500,1.272800017534915,0.37642857142857145,0.17857142857142858,1400,600
cp_cox_full,CP + Cox,0.9116666666666666,0.9883388816690412,0.06761578869511367,s022,27,20480440,high_shape,Higher Weibull shape,3,0.3,1.8,1,0.2,0.75,2000,0.3,0.1,1500,1.2771232380051931,0.37357142857142855,0.16714285714285715,1400,600
cp_cox_crossfit,CP + Cox (Cross-Fit),0.8983333333333333,0.972143404346787,0.07101633105348354,s022,27,20480440,high_shape,Higher Weibull shape,3,0.3,1.8,1,0.2,0.75,2000,0.3,0.1,1500,1.2771232380051931,0.37357142857142855,0.16714285714285715,1400,600
cp_cox_full,CP + Cox,0.9016666666666666,0.9203353914289746,0.11904527603026749,s022,28,20480441,high_shape,Higher Weibull shape,3,0.3,1.8,1,0.2,0.75,2000,0.3,0.1,1500,1.25124535200206,0.3921428571428571,0.16857142857142857,1400,600
cp_cox_crossfit,CP + Cox (Cross-Fit),0.92,0.9421643257901067,0.11232520454386272,s022,28,20480441,high_shape,Higher Weibull shape,3,0.3,1.8,1,0.2,0.75,2000,0.3,0.1,1500,1.25124535200206,0.3921428571428571,0.16857142857142857,1400,600
cp_cox_full,CP + Cox,0.905,0.9665094524204908,0.0990869522618484,s022,29,20480442,high_shape,Higher Weibull shape,3,0.3,1.8,1,0.2,0.75,2000,0.3,0.1,1500,1.2720535406526061,0.3807142857142857,0.15571428571428572,1400,600
cp_cox_crossfit,CP + Cox (Cross-Fit),0.895,0.9459265059436955,0.1047077790837163,s022,29,20480442,high_shape,Higher Weibull shape,3,0.3,1.8,1,0.2,0.75,2000,0.3,0.1,1500,1.2720535406526061,0.3807142857142857,0.15571428571428572,1400,600
cp_cox_full,CP + Cox,0.92,0.9261563019444352,0.07449376331845034,s022,30,20480443,high_shape,Higher Weibull shape,3,0.3,1.8,1,0.2,0.75,2000,0.3,0.1,1500,1.2005931981729867,0.37642857142857145,0.17857142857142858,1400,600
cp_cox_crossfit,CP + Cox (Cross-Fit),0.9083333333333333,0.9110240576551053,0.07940108802094112,s022,30,20480443,high_shape,Higher Weibull shape,3,0.3,1.8,1,0.2,0.75,2000,0.3,0.1,1500,1.2005931981729867,0.37642857142857145,0.17857142857142858,1400,600
cp_cox_full,CP + Cox,0.91,1.4571253021562118,0.08242974633294058,s023,1,20490414,high_shape,Higher Weibull shape,3,0.3,1.8,1,0.2,0.9,2000,0.3,0.1,1500,1.7431825340071514,0.275,0.060714285714285714,1400,600
cp_cox_crossfit,CP + Cox (Cross-Fit),0.8933333333333333,1.4285546911730167,0.08946005777198833,s023,1,20490414,high_shape,Higher Weibull shape,3,0.3,1.8,1,0.2,0.9,2000,0.3,0.1,1500,1.7431825340071514,0.275,0.060714285714285714,1400,600
cp_cox_full,CP + Cox,0.895,1.4750163010592725,0.09190218946249479,s023,2,20490415,high_shape,Higher Weibull shape,3,0.3,1.8,1,0.2,0.9,2000,0.3,0.1,1500,1.7634644057448776,0.26071428571428573,0.05285714285714286,1400,600
cp_cox_crossfit,CP + Cox (Cross-Fit),0.895,1.479172470513379,0.09083479716189569,s023,2,20490415,high_shape,Higher Weibull shape,3,0.3,1.8,1,0.2,0.9,2000,0.3,0.1,1500,1.7634644057448776,0.26071428571428573,0.05285714285714286,1400,600
cp_cox_full,CP + Cox,0.9016666666666666,1.4522234947762689,0.10709023577009859,s023,3,20490416,high_shape,Higher Weibull shape,3,0.3,1.8,1,0.2,0.9,2000,0.3,0.1,1500,1.7682025000113837,0.28285714285714286,0.055,1400,600
cp_cox_crossfit,CP + Cox (Cross-Fit),0.9016666666666666,1.4510548101530205,0.10742956475856004,s023,3,20490416,high_shape,Higher Weibull shape,3,0.3,1.8,1,0.2,0.9,2000,0.3,0.1,1500,1.7682025000113837,0.28285714285714286,0.055,1400,600
cp_cox_full,CP + Cox,0.9116666666666666,1.468623037077555,0.07717734979742502,s023,4,20490417,high_shape,Higher Weibull shape,3,0.3,1.8,1,0.2,0.9,2000,0.3,0.1,1500,1.7398925292280496,0.26285714285714284,0.06428571428571428,1400,600
cp_cox_crossfit,CP + Cox (Cross-Fit),0.8983333333333333,1.450561225103544,0.08397792456731897,s023,4,20490417,high_shape,Higher Weibull shape,3,0.3,1.8,1,0.2,0.9,2000,0.3,0.1,1500,1.7398925292280496,0.26285714285714284,0.06428571428571428,1400,600
cp_cox_full,CP + Cox,0.895,1.4323808688412913,0.09812338188698089,s023,5,20490418,high_shape,Higher Weibull shape,3,0.3,1.8,1,0.2,0.9,2000,0.3,0.1,1500,1.7610423222124356,0.2742857142857143,0.06428571428571428,1400,600
cp_cox_crossfit,CP + Cox (Cross-Fit),0.8983333333333333,1.4354296859999456,0.09727656997511767,s023,5,20490418,high_shape,Higher Weibull shape,3,0.3,1.8,1,0.2,0.9,2000,0.3,0.1,1500,1.7610423222124356,0.2742857142857143,0.06428571428571428,1400,600
cp_cox_full,CP + Cox,0.89,1.4282291333274344,0.07992282272619039,s023,6,20490419,high_shape,Higher Weibull shape,3,0.3,1.8,1,0.2,0.9,2000,0.3,0.1,1500,1.719034699007985,0.27785714285714286,0.06142857142857143,1400,600
cp_cox_crossfit,CP + Cox (Cross-Fit),0.89,1.4288047624728224,0.07970483698546381,s023,6,20490419,high_shape,Higher Weibull shape,3,0.3,1.8,1,0.2,0.9,2000,0.3,0.1,1500,1.719034699007985,0.27785714285714286,0.06142857142857143,1400,600
cp_cox_full,CP + Cox,0.9133333333333333,1.4071170330070015,0.0937960431979262,s023,7,20490420,high_shape,Higher Weibull shape,3,0.3,1.8,1,0.2,0.9,2000,0.3,0.1,1500,1.7187216213533008,0.23142857142857143,0.06142857142857143,1400,600
cp_cox_crossfit,CP + Cox (Cross-Fit),0.9216666666666666,1.4268185301007958,0.08746472646556062,s023,7,20490420,high_shape,Higher Weibull shape,3,0.3,1.8,1,0.2,0.9,2000,0.3,0.1,1500,1.7187216213533008,0.23142857142857143,0.06142857142857143,1400,600
cp_cox_full,CP + Cox,0.8983333333333333,1.4309809315551476,0.08672346858351358,s023,8,20490421,high_shape,Higher Weibull shape,3,0.3,1.8,1,0.2,0.9,2000,0.3,0.1,1500,1.7315096147355702,0.25642857142857145,0.06571428571428571,1400,600
cp_cox_crossfit,CP + Cox (Cross-Fit),0.88,1.392612516209173,0.09756984582166113,s023,8,20490421,high_shape,Higher Weibull shape,3,0.3,1.8,1,0.2,0.9,2000,0.3,0.1,1500,1.7315096147355702,0.25642857142857145,0.06571428571428571,1400,600
cp_cox_full,CP + Cox,0.9116666666666666,1.4884573846337898,0.07623987912392131,s023,9,20490422,high_shape,Higher Weibull shape,3,0.3,1.8,1,0.2,0.9,2000,0.3,0.1,1500,1.7694124687167747,0.2814285714285714,0.062142857142857146,1400,600
cp_cox_crossfit,CP + Cox (Cross-Fit),0.9,1.4544492692112543,0.08615900602673832,s023,9,20490422,high_shape,Higher Weibull shape,3,0.3,1.8,1,0.2,0.9,2000,0.3,0.1,1500,1.7694124687167747,0.2814285714285714,0.062142857142857146,1400,600
cp_cox_full,CP + Cox,0.915,1.4417447805880756,0.07831854337770591,s023,10,20490423,high_shape,Higher Weibull shape,3,0.3,1.8,1,0.2,0.9,2000,0.3,0.1,1500,1.7374493375166995,0.255,0.06285714285714286,1400,600
cp_cox_crossfit,CP + Cox (Cross-Fit),0.91,1.4371167594379695,0.07968166861201252,s023,10,20490423,high_shape,Higher Weibull shape,3,0.3,1.8,1,0.2,0.9,2000,0.3,0.1,1500,1.7374493375166995,0.255,0.06285714285714286,1400,600
cp_cox_full,CP + Cox,0.885,1.380913301415496,0.07983871537957134,s023,11,20490424,high_shape,Higher Weibull shape,3,0.3,1.8,1,0.2,0.9,2000,0.3,0.1,1500,1.704076557941612,0.25142857142857145,0.060714285714285714,1400,600
cp_cox_crossfit,CP + Cox (Cross-Fit),0.8833333333333333,1.3760010819988022,0.08114126637862569,s023,11,20490424,high_shape,Higher Weibull shape,3,0.3,1.8,1,0.2,0.9,2000,0.3,0.1,1500,1.704076557941612,0.25142857142857145,0.060714285714285714,1400,600
cp_cox_full,CP + Cox,0.865,1.4374889704687175,0.09227536647472101,s023,12,20490425,high_shape,Higher Weibull shape,3,0.3,1.8,1,0.2,0.9,2000,0.3,0.1,1500,1.7606119380654353,0.27785714285714286,0.075,1400,600
cp_cox_crossfit,CP + Cox (Cross-Fit),0.875,1.4510021025980668,0.0881718803689044,s023,12,20490425,high_shape,Higher Weibull shape,3,0.3,1.8,1,0.2,0.9,2000,0.3,0.1,1500,1.7606119380654353,0.27785714285714286,0.075,1400,600
cp_cox_full,CP + Cox,0.8933333333333333,1.4236337145231772,0.09318960977628464,s023,13,20490426,high_shape,Higher Weibull shape,3,0.3,1.8,1,0.2,0.9,2000,0.3,0.1,1500,1.7396817438199477,0.2757142857142857,0.06571428571428571,1400,600
cp_cox_crossfit,CP + Cox (Cross-Fit),0.8933333333333333,1.4235694803086731,0.0932094629873949,s023,13,20490426,high_shape,Higher Weibull shape,3,0.3,1.8,1,0.2,0.9,2000,0.3,0.1,1500,1.7396817438199477,0.2757142857142857,0.06571428571428571,1400,600
cp_cox_full,CP + Cox,0.905,1.4723969212461614,0.08842481058184405,s023,14,20490427,high_shape,Higher Weibull shape,3,0.3,1.8,1,0.2,0.9,2000,0.3,0.1,1500,1.7630363865597887,0.28785714285714287,0.060714285714285714,1400,600
cp_cox_crossfit,CP + Cox (Cross-Fit),0.915,1.4851724434311766,0.08430388964968905,s023,14,20490427,high_shape,Higher Weibull shape,3,0.3,1.8,1,0.2,0.9,2000,0.3,0.1,1500,1.7630363865597887,0.28785714285714287,0.060714285714285714,1400,600
cp_cox_full,CP + Cox,0.8966666666666666,1.3749910910496435,0.12367445404924542,s023,15,20490428,high_shape,Higher Weibull shape,3,0.3,1.8,1,0.2,0.9,2000,0.3,0.1,1500,1.7046535415043227,0.28785714285714287,0.06714285714285714,1400,600
cp_cox_crossfit,CP + Cox (Cross-Fit),0.9083333333333333,1.4006498411051256,0.11605118922655186,s023,15,20490428,high_shape,Higher Weibull shape,3,0.3,1.8,1,0.2,0.9,2000,0.3,0.1,1500,1.7046535415043227,0.28785714285714287,0.06714285714285714,1400,600
cp_cox_full,CP + Cox,0.9,1.3891320608794462,0.08168540319712939,s023,16,20490429,high_shape,Higher Weibull shape,3,0.3,1.8,1,0.2,0.9,2000,0.3,0.1,1500,1.6929912481136062,0.25285714285714284,0.05928571428571429,1400,600
cp_cox_crossfit,CP + Cox (Cross-Fit),0.905,1.4018270858380533,0.0780184234603981,s023,16,20490429,high_shape,Higher Weibull shape,3,0.3,1.8,1,0.2,0.9,2000,0.3,0.1,1500,1.6929912481136062,0.25285714285714284,0.05928571428571429,1400,600
cp_cox_full,CP + Cox,0.9116666666666666,1.4235557856207322,0.09659007375810068,s023,17,20490430,high_shape,Higher Weibull shape,3,0.3,1.8,1,0.2,0.9,2000,0.3,0.1,1500,1.7421796285363382,0.2714285714285714,0.06285714285714286,1400,600
cp_cox_crossfit,CP + Cox (Cross-Fit),0.9233333333333333,1.450065597546776,0.08813063366519751,s023,17,20490430,high_shape,Higher Weibull shape,3,0.3,1.8,1,0.2,0.9,2000,0.3,0.1,1500,1.7421796285363382,0.2714285714285714,0.06285714285714286,1400,600
cp_cox_full,CP + Cox,0.905,1.4610061730563075,0.09195321544020113,s023,18,20490431,high_shape,Higher Weibull shape,3,0.3,1.8,1,0.2,0.9,2000,0.3,0.1,1500,1.7393557216870463,0.25857142857142856,0.055,1400,600
cp_cox_crossfit,CP + Cox (Cross-Fit),0.9066666666666666,1.4640010102798466,0.09098645865541173,s023,18,20490431,high_shape,Higher Weibull shape,3,0.3,1.8,1,0.2,0.9,2000,0.3,0.1,1500,1.7393557216870463,0.25857142857142856,0.055,1400,600
cp_cox_full,CP + Cox,0.9,1.481140083543971,0.09138747597960924,s023,19,20490432,high_shape,Higher Weibull shape,3,0.3,1.8,1,0.2,0.9,2000,0.3,0.1,1500,1.7843756380249383,0.2764285714285714,0.07,1400,600
cp_cox_crossfit,CP + Cox (Cross-Fit),0.9,1.4778096322163,0.09244753662415424,s023,19,20490432,high_shape,Higher Weibull shape,3,0.3,1.8,1,0.2,0.9,2000,0.3,0.1,1500,1.7843756380249383,0.2764285714285714,0.07,1400,600
cp_cox_full,CP + Cox,0.8966666666666666,1.482592248912818,0.09518094730271913,s023,20,20490433,high_shape,Higher Weibull shape,3,0.3,1.8,1,0.2,0.9,2000,0.3,0.1,1500,1.7812347704919227,0.27071428571428574,0.062142857142857146,1400,600
cp_cox_crossfit,CP + Cox (Cross-Fit),0.9,1.4938862359119796,0.09164841836046458,s023,20,20490433,high_shape,Higher Weibull shape,3,0.3,1.8,1,0.2,0.9,2000,0.3,0.1,1500,1.7812347704919227,0.27071428571428574,0.062142857142857146,1400,600
cp_cox_full,CP + Cox,0.865,1.4130099436260188,0.10403126849504042,s023,21,20490434,high_shape,Higher Weibull shape,3,0.3,1.8,1,0.2,0.9,2000,0.3,0.1,1500,1.728408485277008,0.27071428571428574,0.06428571428571428,1400,600
cp_cox_crossfit,CP + Cox (Cross-Fit),0.86,1.4033816386370395,0.10635543097266494,s023,21,20490434,high_shape,Higher Weibull shape,3,0.3,1.8,1,0.2,0.9,2000,0.3,0.1,1500,1.728408485277008,0.27071428571428574,0.06428571428571428,1400,600
cp_cox_full,CP + Cox,0.92,1.4650116773615416,0.08581066064170526,s023,22,20490435,high_shape,Higher Weibull shape,3,0.3,1.8,1,0.2,0.9,2000,0.3,0.1,1500,1.7364222751981224,0.25857142857142856,0.062142857142857146,1400,600
cp_cox_crossfit,CP + Cox (Cross-Fit),0.9066666666666666,1.4549272674647833,0.08944695393726214,s023,22,20490435,high_shape,Higher Weibull shape,3,0.3,1.8,1,0.2,0.9,2000,0.3,0.1,1500,1.7364222751981224,0.25857142857142856,0.062142857142857146,1400,600
cp_cox_full,CP + Cox,0.885,1.3967772272604595,0.0890370717390577,s023,23,20490436,high_shape,Higher Weibull shape,3,0.3,1.8,1,0.2,0.9,2000,0.3,0.1,1500,1.7023262939430779,0.2857142857142857,0.06928571428571428,1400,600
cp_cox_crossfit,CP + Cox (Cross-Fit),0.885,1.3981438032349092,0.08862476577147782,s023,23,20490436,high_shape,Higher Weibull shape,3,0.3,1.8,1,0.2,0.9,2000,0.3,0.1,1500,1.7023262939430779,0.2857142857142857,0.06928571428571428,1400,600
cp_cox_full,CP + Cox,0.8966666666666666,1.4278757725601336,0.09619753665871761,s023,24,20490437,high_shape,Higher Weibull shape,3,0.3,1.8,1,0.2,0.9,2000,0.3,0.1,1500,1.7431715191656578,0.2592857142857143,0.055,1400,600
cp_cox_crossfit,CP + Cox (Cross-Fit),0.9016666666666666,1.4378020811770826,0.09360365918146185,s023,24,20490437,high_shape,Higher Weibull shape,3,0.3,1.8,1,0.2,0.9,2000,0.3,0.1,1500,1.7431715191656578,0.2592857142857143,0.055,1400,600
cp_cox_full,CP + Cox,0.8783333333333333,1.4745366128768054,0.09815054222869492,s023,25,20490438,high_shape,Higher Weibull shape,3,0.3,1.8,1,0.2,0.9,2000,0.3,0.1,1500,1.7881117308792955,0.27,0.06428571428571428,1400,600
cp_cox_crossfit,CP + Cox (Cross-Fit),0.8783333333333333,1.476501886821421,0.09757476026906292,s023,25,20490438,high_shape,Higher Weibull shape,3,0.3,1.8,1,0.2,0.9,2000,0.3,0.1,1500,1.7881117308792955,0.27,0.06428571428571428,1400,600
cp_cox_full,CP + Cox,0.89,1.44409500095529,0.08680698063533632,s023,26,20490439,high_shape,Higher Weibull shape,3,0.3,1.8,1,0.2,0.9,2000,0.3,0.1,1500,1.7534576651352332,0.23642857142857143,0.054285714285714284,1400,600
cp_cox_crossfit,CP + Cox (Cross-Fit),0.895,1.4556640816835835,0.08368355511388652,s023,26,20490439,high_shape,Higher Weibull shape,3,0.3,1.8,1,0.2,0.9,2000,0.3,0.1,1500,1.7534576651352332,0.23642857142857143,0.054285714285714284,1400,600
cp_cox_full,CP + Cox,0.9083333333333333,1.4226680122585313,0.08003507863902046,s023,27,20490440,high_shape,Higher Weibull shape,3,0.3,1.8,1,0.2,0.9,2000,0.3,0.1,1500,1.7121304090166014,0.2714285714285714,0.06928571428571428,1400,600
cp_cox_crossfit,CP + Cox (Cross-Fit),0.8866666666666667,1.3870103597068155,0.09107408341124051,s023,27,20490440,high_shape,Higher Weibull shape,3,0.3,1.8,1,0.2,0.9,2000,0.3,0.1,1500,1.7121304090166014,0.2714285714285714,0.06928571428571428,1400,600
cp_cox_full,CP + Cox,0.91,1.4590604864105938,0.07882166865220451,s023,28,20490441,high_shape,Higher Weibull shape,3,0.3,1.8,1,0.2,0.9,2000,0.3,0.1,1500,1.738023689429992,0.2757142857142857,0.07285714285714286,1400,600
cp_cox_crossfit,CP + Cox (Cross-Fit),0.9016666666666666,1.4496235412421483,0.0821193723238749,s023,28,20490441,high_shape,Higher Weibull shape,3,0.3,1.8,1,0.2,0.9,2000,0.3,0.1,1500,1.738023689429992,0.2757142857142857,0.07285714285714286,1400,600
cp_cox_full,CP + Cox,0.8966666666666666,1.493985656630582,0.091709538577646,s023,29,20490442,high_shape,Higher Weibull shape,3,0.3,1.8,1,0.2,0.9,2000,0.3,0.1,1500,1.7899107837890638,0.24285714285714285,0.065,1400,600
cp_cox_crossfit,CP + Cox (Cross-Fit),0.9083333333333333,1.5138037214638127,0.08620232810474744,s023,29,20490442,high_shape,Higher Weibull shape,3,0.3,1.8,1,0.2,0.9,2000,0.3,0.1,1500,1.7899107837890638,0.24285714285714285,0.065,1400,600
cp_cox_full,CP + Cox,0.89,1.4098460977353757,0.07922719237500321,s023,30,20490443,high_shape,Higher Weibull shape,3,0.3,1.8,1,0.2,0.9,2000,0.3,0.1,1500,1.716811322537624,0.26285714285714284,0.06785714285714285,1400,600
cp_cox_crossfit,CP + Cox (Cross-Fit),0.89,1.4002475919463464,0.08148528671363411,s023,30,20490443,high_shape,Higher Weibull shape,3,0.3,1.8,1,0.2,0.9,2000,0.3,0.1,1500,1.716811322537624,0.26285714285714284,0.06785714285714285,1400,600
cp_cox_full,CP + Cox,0.9016666666666666,1.9429163135173357,0.08346065464016865,s024,1,20500414,high_shape,Higher Weibull shape,3,0.3,1.8,1,0.2,0.97,2000,0.3,0.1,1500,2.241585491340897,0.21785714285714286,0.022857142857142857,1400,600
cp_cox_crossfit,CP + Cox (Cross-Fit),0.9183333333333333,1.973295416659412,0.07384605809393766,s024,1,20500414,high_shape,Higher Weibull shape,3,0.3,1.8,1,0.2,0.97,2000,0.3,0.1,1500,2.241585491340897,0.21785714285714286,0.022857142857142857,1400,600
cp_cox_full,CP + Cox,0.8883333333333333,2.0679270726633487,0.08602379169408911,s024,2,20500415,high_shape,Higher Weibull shape,3,0.3,1.8,1,0.2,0.97,2000,0.3,0.1,1500,2.3638851267063172,0.2092857142857143,0.019285714285714285,1400,600
cp_cox_crossfit,CP + Cox (Cross-Fit),0.8933333333333333,2.075804625562858,0.08384340756561844,s024,2,20500415,high_shape,Higher Weibull shape,3,0.3,1.8,1,0.2,0.97,2000,0.3,0.1,1500,2.3638851267063172,0.2092857142857143,0.019285714285714285,1400,600
cp_cox_full,CP + Cox,0.89,2.0045830038480124,0.07747390110076986,s024,3,20500416,high_shape,Higher Weibull shape,3,0.3,1.8,1,0.2,0.97,2000,0.3,0.1,1500,2.2904733894768223,0.235,0.02,1400,600
cp_cox_crossfit,CP + Cox (Cross-Fit),0.885,1.9950802600614772,0.08105212851104485,s024,3,20500416,high_shape,Higher Weibull shape,3,0.3,1.8,1,0.2,0.97,2000,0.3,0.1,1500,2.2904733894768223,0.235,0.02,1400,600
cp_cox_full,CP + Cox,0.915,2.0291784241931543,0.07466526475199656,s024,4,20500417,high_shape,Higher Weibull shape,3,0.3,1.8,1,0.2,0.97,2000,0.3,0.1,1500,2.3110462239676535,0.21214285714285713,0.014285714285714285,1400,600
cp_cox_crossfit,CP + Cox (Cross-Fit),0.92,2.0345273516521676,0.07324812201695044,s024,4,20500417,high_shape,Higher Weibull shape,3,0.3,1.8,1,0.2,0.97,2000,0.3,0.1,1500,2.3110462239676535,0.21214285714285713,0.014285714285714285,1400,600
cp_cox_full,CP + Cox,0.8966666666666666,1.9236718047268826,0.10072109292494388,s024,5,20500418,high_shape,Higher Weibull shape,3,0.3,1.8,1,0.2,0.97,2000,0.3,0.1,1500,2.2265095272338704,0.20857142857142857,0.019285714285714285,1400,600
cp_cox_crossfit,CP + Cox (Cross-Fit),0.9066666666666666,1.9377494134042816,0.09664323754415688,s024,5,20500418,high_shape,Higher Weibull shape,3,0.3,1.8,1,0.2,0.97,2000,0.3,0.1,1500,2.2265095272338704,0.20857142857142857,0.019285714285714285,1400,600
cp_cox_full,CP + Cox,0.8783333333333333,2.054186074019292,0.09888491212018913,s024,6,20500419,high_shape,Higher Weibull shape,3,0.3,1.8,1,0.2,0.97,2000,0.3,0.1,1500,2.389819441738123,0.21428571428571427,0.014285714285714285,1400,600
cp_cox_crossfit,CP + Cox (Cross-Fit),0.8966666666666666,2.0825278814184705,0.09101569941256644,s024,6,20500419,high_shape,Higher Weibull shape,3,0.3,1.8,1,0.2,0.97,2000,0.3,0.1,1500,2.389819441738123,0.21428571428571427,0.014285714285714285,1400,600
cp_cox_full,CP + Cox,0.9133333333333333,2.138630724442408,0.07439281444357833,s024,7,20500420,high_shape,Higher Weibull shape,3,0.3,1.8,1,0.2,0.97,2000,0.3,0.1,1500,2.4171480550419187,0.21142857142857144,0.018571428571428572,1400,600
cp_cox_crossfit,CP + Cox (Cross-Fit),0.9216666666666666,2.1549231240676074,0.06871084949952609,s024,7,20500420,high_shape,Higher Weibull shape,3,0.3,1.8,1,0.2,0.97,2000,0.3,0.1,1500,2.4171480550419187,0.21142857142857144,0.018571428571428572,1400,600
cp_cox_full,CP + Cox,0.915,2.0135370818282294,0.07510871858707717,s024,8,20500421,high_shape,Higher Weibull shape,3,0.3,1.8,1,0.2,0.97,2000,0.3,0.1,1500,2.2922573425379635,0.22071428571428572,0.015714285714285715,1400,600
cp_cox_crossfit,CP + Cox (Cross-Fit),0.91,2.0091583534032664,0.07631897153285279,s024,8,20500421,high_shape,Higher Weibull shape,3,0.3,1.8,1,0.2,0.97,2000,0.3,0.1,1500,2.2922573425379635,0.22071428571428572,0.015714285714285715,1400,600
cp_cox_full,CP + Cox,0.89,2.090113819572855,0.09151110063857128,s024,9,20500422,high_shape,Higher Weibull shape,3,0.3,1.8,1,0.2,0.97,2000,0.3,0.1,1500,2.40486968164904,0.20142857142857143,0.02,1400,600
cp_cox_crossfit,CP + Cox (Cross-Fit),0.8883333333333333,2.0853606918353758,0.09293742038918014,s024,9,20500422,high_shape,Higher Weibull shape,3,0.3,1.8,1,0.2,0.97,2000,0.3,0.1,1500,2.40486968164904,0.20142857142857143,0.02,1400,600
cp_cox_full,CP + Cox,0.8916666666666667,2.1851989378180083,0.08407761937378755,s024,10,20500423,high_shape,Higher Weibull shape,3,0.3,1.8,1,0.2,0.97,2000,0.3,0.1,1500,2.481057613653658,0.21571428571428572,0.018571428571428572,1400,600
cp_cox_crossfit,CP + Cox (Cross-Fit),0.895,2.1884980020030227,0.08313192772707571,s024,10,20500423,high_shape,Higher Weibull shape,3,0.3,1.8,1,0.2,0.97,2000,0.3,0.1,1500,2.481057613653658,0.21571428571428572,0.018571428571428572,1400,600
cp_cox_full,CP + Cox,0.905,2.0828311894780773,0.07769731708433436,s024,11,20500424,high_shape,Higher Weibull shape,3,0.3,1.8,1,0.2,0.97,2000,0.3,0.1,1500,2.382056685195372,0.19214285714285714,0.012857142857142857,1400,600
cp_cox_crossfit,CP + Cox (Cross-Fit),0.9033333333333333,2.0786851417965266,0.0788214799244429,s024,11,20500424,high_shape,Higher Weibull shape,3,0.3,1.8,1,0.2,0.97,2000,0.3,0.1,1500,2.382056685195372,0.19214285714285714,0.012857142857142857,1400,600
cp_cox_full,CP + Cox,0.8966666666666666,2.1715393423302496,0.09427196522966347,s024,12,20500425,high_shape,Higher Weibull shape,3,0.3,1.8,1,0.2,0.97,2000,0.3,0.1,1500,2.4839585741109804,0.22071428571428572,0.015,1400,600
cp_cox_crossfit,CP + Cox (Cross-Fit),0.9166666666666666,2.1943894377571422,0.08790932148744784,s024,12,20500425,high_shape,Higher Weibull shape,3,0.3,1.8,1,0.2,0.97,2000,0.3,0.1,1500,2.4839585741109804,0.22071428571428572,0.015,1400,600
cp_cox_full,CP + Cox,0.875,2.0126452864015194,0.10077351592987867,s024,13,20500426,high_shape,Higher Weibull shape,3,0.3,1.8,1,0.2,0.97,2000,0.3,0.1,1500,2.325451730622169,0.235,0.02,1400,600
cp_cox_crossfit,CP + Cox (Cross-Fit),0.875,2.011742987212802,0.10107960741086951,s024,13,20500426,high_shape,Higher Weibull shape,3,0.3,1.8,1,0.2,0.97,2000,0.3,0.1,1500,2.325451730622169,0.235,0.02,1400,600
cp_cox_full,CP + Cox,0.9133333333333333,2.063570484724811,0.10516144476829657,s024,14,20500427,high_shape,Higher Weibull shape,3,0.3,1.8,1,0.2,0.97,2000,0.3,0.1,1500,2.3593268081284173,0.21428571428571427,0.015,1400,600
cp_cox_crossfit,CP + Cox (Cross-Fit),0.9183333333333333,2.0716203310164523,0.10244147493916948,s024,14,20500427,high_shape,Higher Weibull shape,3,0.3,1.8,1,0.2,0.97,2000,0.3,0.1,1500,2.3593268081284173,0.21428571428571427,0.015,1400,600
cp_cox_full,CP + Cox,0.905,2.0790069494431305,0.08813637451635763,s024,15,20500428,high_shape,Higher Weibull shape,3,0.3,1.8,1,0.2,0.97,2000,0.3,0.1,1500,2.3791540058082568,0.19642857142857142,0.017142857142857144,1400,600
cp_cox_crossfit,CP + Cox (Cross-Fit),0.8966666666666666,2.0728228789836334,0.0899446274249183,s024,15,20500428,high_shape,Higher Weibull shape,3,0.3,1.8,1,0.2,0.97,2000,0.3,0.1,1500,2.3791540058082568,0.19642857142857142,0.017142857142857144,1400,600
cp_cox_full,CP + Cox,0.9233333333333333,2.0056993326526276,0.062472294804149175,s024,16,20500429,high_shape,Higher Weibull shape,3,0.3,1.8,1,0.2,0.97,2000,0.3,0.1,1500,2.244659767064092,0.21857142857142858,0.014285714285714285,1400,600
cp_cox_crossfit,CP + Cox (Cross-Fit),0.8833333333333333,1.9468401508070858,0.07505627378854021,s024,16,20500429,high_shape,Higher Weibull shape,3,0.3,1.8,1,0.2,0.97,2000,0.3,0.1,1500,2.244659767064092,0.21857142857142858,0.014285714285714285,1400,600
cp_cox_full,CP + Cox,0.9083333333333333,1.990837471424138,0.09869344388359903,s024,17,20500430,high_shape,Higher Weibull shape,3,0.3,1.8,1,0.2,0.97,2000,0.3,0.1,1500,2.2925623212220874,0.2007142857142857,0.024285714285714285,1400,600
cp_cox_crossfit,CP + Cox (Cross-Fit),0.935,2.0300117484376723,0.08683528682978923,s024,17,20500430,high_shape,Higher Weibull shape,3,0.3,1.8,1,0.2,0.97,2000,0.3,0.1,1500,2.2925623212220874,0.2007142857142857,0.024285714285714285,1400,600
cp_cox_full,CP + Cox,0.8833333333333333,2.0478073175827736,0.0779867332151497,s024,18,20500431,high_shape,Higher Weibull shape,3,0.3,1.8,1,0.2,0.97,2000,0.3,0.1,1500,2.340907949186322,0.22714285714285715,0.017857142857142856,1400,600
cp_cox_crossfit,CP + Cox (Cross-Fit),0.88,2.0424237211014007,0.07966187350020677,s024,18,20500431,high_shape,Higher Weibull shape,3,0.3,1.8,1,0.2,0.97,2000,0.3,0.1,1500,2.340907949186322,0.22714285714285715,0.017857142857142856,1400,600
cp_cox_full,CP + Cox,0.905,2.1677145384564436,0.09228598531676023,s024,19,20500432,high_shape,Higher Weibull shape,3,0.3,1.8,1,0.2,0.97,2000,0.3,0.1,1500,2.451533033460204,0.2,0.016428571428571428,1400,600
cp_cox_crossfit,CP + Cox (Cross-Fit),0.9083333333333333,2.1734473374418655,0.09059226489030207,s024,19,20500432,high_shape,Higher Weibull shape,3,0.3,1.8,1,0.2,0.97,2000,0.3,0.1,1500,2.451533033460204,0.2,0.016428571428571428,1400,600
cp_cox_full,CP + Cox,0.915,2.0127946832555126,0.09965549045564451,s024,20,20500433,high_shape,Higher Weibull shape,3,0.3,1.8,1,0.2,0.97,2000,0.3,0.1,1500,2.3389002015385305,0.2307142857142857,0.016428571428571428,1400,600
cp_cox_crossfit,CP + Cox (Cross-Fit),0.9116666666666666,1.9982126657576897,0.10442192521886284,s024,20,20500433,high_shape,Higher Weibull shape,3,0.3,1.8,1,0.2,0.97,2000,0.3,0.1,1500,2.3389002015385305,0.2307142857142857,0.016428571428571428,1400,600
cp_cox_full,CP + Cox,0.915,2.195993772172237,0.09578229611993927,s024,21,20500434,high_shape,Higher Weibull shape,3,0.3,1.8,1,0.2,0.97,2000,0.3,0.1,1500,2.475537987824143,0.24285714285714285,0.017857142857142856,1400,600
cp_cox_crossfit,CP + Cox (Cross-Fit),0.9116666666666666,2.1855754731512396,0.09940324976199058,s024,21,20500434,high_shape,Higher Weibull shape,3,0.3,1.8,1,0.2,0.97,2000,0.3,0.1,1500,2.475537987824143,0.24285714285714285,0.017857142857142856,1400,600
cp_cox_full,CP + Cox,0.925,2.052633288634519,0.08442636411007173,s024,22,20500435,high_shape,Higher Weibull shape,3,0.3,1.8,1,0.2,0.97,2000,0.3,0.1,1500,2.3295454528881483,0.21428571428571427,0.016428571428571428,1400,600
cp_cox_crossfit,CP + Cox (Cross-Fit),0.9066666666666666,2.0306648958074964,0.09169012957486995,s024,22,20500435,high_shape,Higher Weibull shape,3,0.3,1.8,1,0.2,0.97,2000,0.3,0.1,1500,2.3295454528881483,0.21428571428571427,0.016428571428571428,1400,600
cp_cox_full,CP + Cox,0.8883333333333333,2.0568489369567344,0.09003554242914846,s024,23,20500436,high_shape,Higher Weibull shape,3,0.3,1.8,1,0.2,0.97,2000,0.3,0.1,1500,2.3691832841477547,0.22714285714285715,0.017142857142857144,1400,600
cp_cox_crossfit,CP + Cox (Cross-Fit),0.8983333333333333,2.0750925867971164,0.08251052782772467,s024,23,20500436,high_shape,Higher Weibull shape,3,0.3,1.8,1,0.2,0.97,2000,0.3,0.1,1500,2.3691832841477547,0.22714285714285715,0.017142857142857144,1400,600
cp_cox_full,CP + Cox,0.9066666666666666,2.027524524291289,0.08265298961709662,s024,24,20500437,high_shape,Higher Weibull shape,3,0.3,1.8,1,0.2,0.97,2000,0.3,0.1,1500,2.346829523869737,0.22,0.015,1400,600
cp_cox_crossfit,CP + Cox (Cross-Fit),0.9116666666666666,2.041152246705849,0.07921624935726876,s024,24,20500437,high_shape,Higher Weibull shape,3,0.3,1.8,1,0.2,0.97,2000,0.3,0.1,1500,2.346829523869737,0.22,0.015,1400,600
cp_cox_full,CP + Cox,0.9233333333333333,1.9975800342940158,0.08428056625799794,s024,25,20500438,high_shape,Higher Weibull shape,3,0.3,1.8,1,0.2,0.97,2000,0.3,0.1,1500,2.2923715628258834,0.21428571428571427,0.012142857142857143,1400,600
cp_cox_crossfit,CP + Cox (Cross-Fit),0.9183333333333333,1.9888823608502486,0.08676145910740728,s024,25,20500438,high_shape,Higher Weibull shape,3,0.3,1.8,1,0.2,0.97,2000,0.3,0.1,1500,2.2923715628258834,0.21428571428571427,0.012142857142857143,1400,600
cp_cox_full,CP + Cox,0.9116666666666666,2.064478229942517,0.0925340126512028,s024,26,20500439,high_shape,Higher Weibull shape,3,0.3,1.8,1,0.2,0.97,2000,0.3,0.1,1500,2.352490170317544,0.24142857142857144,0.019285714285714285,1400,600
cp_cox_crossfit,CP + Cox (Cross-Fit),0.9,2.048658272731004,0.09766095061214917,s024,26,20500439,high_shape,Higher Weibull shape,3,0.3,1.8,1,0.2,0.97,2000,0.3,0.1,1500,2.352490170317544,0.24142857142857144,0.019285714285714285,1400,600
cp_cox_full,CP + Cox,0.9233333333333333,2.0153332654426985,0.0769665761374133,s024,27,20500440,high_shape,Higher Weibull shape,3,0.3,1.8,1,0.2,0.97,2000,0.3,0.1,1500,2.2969691210420593,0.19785714285714287,0.019285714285714285,1400,600
cp_cox_crossfit,CP + Cox (Cross-Fit),0.92,2.0139371742044125,0.07726212078619857,s024,27,20500440,high_shape,Higher Weibull shape,3,0.3,1.8,1,0.2,0.97,2000,0.3,0.1,1500,2.2969691210420593,0.19785714285714287,0.019285714285714285,1400,600
cp_cox_full,CP + Cox,0.8766666666666667,1.9754572887845254,0.09244974879225587,s024,28,20500441,high_shape,Higher Weibull shape,3,0.3,1.8,1,0.2,0.97,2000,0.3,0.1,1500,2.2800471920458496,0.2092857142857143,0.016428571428571428,1400,600
cp_cox_crossfit,CP + Cox (Cross-Fit),0.8916666666666667,1.997053821457471,0.08817124437599884,s024,28,20500441,high_shape,Higher Weibull shape,3,0.3,1.8,1,0.2,0.97,2000,0.3,0.1,1500,2.2800471920458496,0.2092857142857143,0.016428571428571428,1400,600
cp_cox_full,CP + Cox,0.8983333333333333,1.9879038962849358,0.0907307732084881,s024,29,20500442,high_shape,Higher Weibull shape,3,0.3,1.8,1,0.2,0.97,2000,0.3,0.1,1500,2.2790699885008614,0.215,0.019285714285714285,1400,600
cp_cox_crossfit,CP + Cox (Cross-Fit),0.8683333333333333,1.9503974990396418,0.10026595313765085,s024,29,20500442,high_shape,Higher Weibull shape,3,0.3,1.8,1,0.2,0.97,2000,0.3,0.1,1500,2.2790699885008614,0.215,0.019285714285714285,1400,600
cp_cox_full,CP + Cox,0.93,2.110733980777251,0.08040366861216898,s024,30,20500443,high_shape,Higher Weibull shape,3,0.3,1.8,1,0.2,0.97,2000,0.3,0.1,1500,2.3854130570424066,0.21357142857142858,0.015714285714285715,1400,600
cp_cox_crossfit,CP + Cox (Cross-Fit),0.9233333333333333,2.0976630603854005,0.08514813835687562,s024,30,20500443,high_shape,Higher Weibull shape,3,0.3,1.8,1,0.2,0.97,2000,0.3,0.1,1500,2.3854130570424066,0.21357142857142858,0.015714285714285715,1400,600
cp_cox_full,CP + Cox,0.92,0.9408219081252207,0.09291066630205841,s025,1,20510414,high_shape,Higher Weibull shape,3,0.3,1.8,1,0.35,0.75,2000,0.3,0.1,1500,1.2156440315801116,0.4521428571428571,0.12071428571428572,1400,600
cp_cox_crossfit,CP + Cox (Cross-Fit),0.9216666666666666,0.9436234056236099,0.09187771441749246,s025,1,20510414,high_shape,Higher Weibull shape,3,0.3,1.8,1,0.35,0.75,2000,0.3,0.1,1500,1.2156440315801116,0.4521428571428571,0.12071428571428572,1400,600
cp_cox_full,CP + Cox,0.9033333333333333,0.9801564335167252,0.07913667610665366,s025,2,20510415,high_shape,Higher Weibull shape,3,0.3,1.8,1,0.35,0.75,2000,0.3,0.1,1500,1.2865691820103218,0.4764285714285714,0.10928571428571429,1400,600
cp_cox_crossfit,CP + Cox (Cross-Fit),0.9233333333333333,1.0093785766272116,0.07009884713157814,s025,2,20510415,high_shape,Higher Weibull shape,3,0.3,1.8,1,0.35,0.75,2000,0.3,0.1,1500,1.2865691820103218,0.4764285714285714,0.10928571428571429,1400,600
cp_cox_full,CP + Cox,0.895,0.9482222791833339,0.0760570284556524,s025,3,20510416,high_shape,Higher Weibull shape,3,0.3,1.8,1,0.35,0.75,2000,0.3,0.1,1500,1.243368409279839,0.48214285714285715,0.12071428571428572,1400,600
cp_cox_crossfit,CP + Cox (Cross-Fit),0.8833333333333333,0.931213238983568,0.0812024959265316,s025,3,20510416,high_shape,Higher Weibull shape,3,0.3,1.8,1,0.35,0.75,2000,0.3,0.1,1500,1.243368409279839,0.48214285714285715,0.12071428571428572,1400,600
cp_cox_full,CP + Cox,0.9,0.9334677216326032,0.09797204204873759,s025,4,20510417,high_shape,Higher Weibull shape,3,0.3,1.8,1,0.35,0.75,2000,0.3,0.1,1500,1.2282008578743975,0.45285714285714285,0.12285714285714286,1400,600
cp_cox_crossfit,CP + Cox (Cross-Fit),0.91,0.9473596630938066,0.09300018255353427,s025,4,20510417,high_shape,Higher Weibull shape,3,0.3,1.8,1,0.35,0.75,2000,0.3,0.1,1500,1.2282008578743975,0.45285714285714285,0.12285714285714286,1400,600
cp_cox_full,CP + Cox,0.9066666666666666,0.935690415964328,0.0843057591834672,s025,5,20510418,high_shape,Higher Weibull shape,3,0.3,1.8,1,0.35,0.75,2000,0.3,0.1,1500,1.2109353909025251,0.4835714285714286,0.13071428571428573,1400,600
cp_cox_crossfit,CP + Cox (Cross-Fit),0.905,0.929656707206776,0.08624744918283613,s025,5,20510418,high_shape,Higher Weibull shape,3,0.3,1.8,1,0.35,0.75,2000,0.3,0.1,1500,1.2109353909025251,0.4835714285714286,0.13071428571428573,1400,600
cp_cox_full,CP + Cox,0.88,0.9632287906090568,0.08549999553401222,s025,6,20510419,high_shape,Higher Weibull shape,3,0.3,1.8,1,0.35,0.75,2000,0.3,0.1,1500,1.245082640601113,0.485,0.11857142857142858,1400,600
cp_cox_crossfit,CP + Cox (Cross-Fit),0.8816666666666667,0.97056858423521,0.08370074243137283,s025,6,20510419,high_shape,Higher Weibull shape,3,0.3,1.8,1,0.35,0.75,2000,0.3,0.1,1500,1.245082640601113,0.485,0.11857142857142858,1400,600
cp_cox_full,CP + Cox,0.8983333333333333,0.953792632608755,0.09062671043074921,s025,7,20510420,high_shape,Higher Weibull shape,3,0.3,1.8,1,0.35,0.75,2000,0.3,0.1,1500,1.2576501121882908,0.4785714285714286,0.1357142857142857,1400,600
cp_cox_crossfit,CP + Cox (Cross-Fit),0.9,0.9579309216440981,0.08907048557157747,s025,7,20510420,high_shape,Higher Weibull shape,3,0.3,1.8,1,0.35,0.75,2000,0.3,0.1,1500,1.2576501121882908,0.4785714285714286,0.1357142857142857,1400,600
cp_cox_full,CP + Cox,0.9016666666666666,0.9190052488741408,0.08632789711204851,s025,8,20510421,high_shape,Higher Weibull shape,3,0.3,1.8,1,0.35,0.75,2000,0.3,0.1,1500,1.2064763493163781,0.4585714285714286,0.11928571428571429,1400,600
cp_cox_crossfit,CP + Cox (Cross-Fit),0.9,0.9139782898575171,0.08759351647354593,s025,8,20510421,high_shape,Higher Weibull shape,3,0.3,1.8,1,0.35,0.75,2000,0.3,0.1,1500,1.2064763493163781,0.4585714285714286,0.11928571428571429,1400,600
cp_cox_full,CP + Cox,0.92,0.9653137050526045,0.07737229143302697,s025,9,20510422,high_shape,Higher Weibull shape,3,0.3,1.8,1,0.35,0.75,2000,0.3,0.1,1500,1.238991581391751,0.46785714285714286,0.11571428571428571,1400,600
cp_cox_crossfit,CP + Cox (Cross-Fit),0.915,0.9551695761384744,0.0805800096841703,s025,9,20510422,high_shape,Higher Weibull shape,3,0.3,1.8,1,0.35,0.75,2000,0.3,0.1,1500,1.238991581391751,0.46785714285714286,0.11571428571428571,1400,600
cp_cox_full,CP + Cox,0.8983333333333333,0.9248085736609898,0.08635514946440304,s025,10,20510423,high_shape,Higher Weibull shape,3,0.3,1.8,1,0.35,0.75,2000,0.3,0.1,1500,1.2423987800598,0.4542857142857143,0.12714285714285714,1400,600
cp_cox_crossfit,CP + Cox (Cross-Fit),0.9116666666666666,0.9395864176680565,0.08203202880670239,s025,10,20510423,high_shape,Higher Weibull shape,3,0.3,1.8,1,0.35,0.75,2000,0.3,0.1,1500,1.2423987800598,0.4542857142857143,0.12714285714285714,1400,600
cp_cox_full,CP + Cox,0.9183333333333333,0.9648149304988585,0.08306832856055693,s025,11,20510424,high_shape,Higher Weibull shape,3,0.3,1.8,1,0.35,0.75,2000,0.3,0.1,1500,1.2285223822869447,0.46214285714285713,0.13785714285714284,1400,600
cp_cox_crossfit,CP + Cox (Cross-Fit),0.91,0.9477909142381418,0.08882963104555815,s025,11,20510424,high_shape,Higher Weibull shape,3,0.3,1.8,1,0.35,0.75,2000,0.3,0.1,1500,1.2285223822869447,0.46214285714285713,0.13785714285714284,1400,600
cp_cox_full,CP + Cox,0.905,0.9505953372502556,0.09874210509825215,s025,12,20510425,high_shape,Higher Weibull shape,3,0.3,1.8,1,0.35,0.75,2000,0.3,0.1,1500,1.255675676601914,0.48214285714285715,0.13,1400,600
cp_cox_crossfit,CP + Cox (Cross-Fit),0.9066666666666666,0.9527896638656812,0.09832422059627345,s025,12,20510425,high_shape,Higher Weibull shape,3,0.3,1.8,1,0.35,0.75,2000,0.3,0.1,1500,1.255675676601914,0.48214285714285715,0.13,1400,600
cp_cox_full,CP + Cox,0.8883333333333333,0.9106130846031055,0.07205815464334824,s025,13,20510426,high_shape,Higher Weibull shape,3,0.3,1.8,1,0.35,0.75,2000,0.3,0.1,1500,1.2191248593711188,0.45071428571428573,0.12214285714285714,1400,600
cp_cox_crossfit,CP + Cox (Cross-Fit),0.8883333333333333,0.9101535484832446,0.07222462359392837,s025,13,20510426,high_shape,Higher Weibull shape,3,0.3,1.8,1,0.35,0.75,2000,0.3,0.1,1500,1.2191248593711188,0.45071428571428573,0.12214285714285714,1400,600
cp_cox_full,CP + Cox,0.9133333333333333,0.932927745981113,0.09029699224112124,s025,14,20510427,high_shape,Higher Weibull shape,3,0.3,1.8,1,0.35,0.75,2000,0.3,0.1,1500,1.2126422709792637,0.4714285714285714,0.11714285714285715,1400,600
cp_cox_crossfit,CP + Cox (Cross-Fit),0.925,0.9493880668691613,0.08412622357571117,s025,14,20510427,high_shape,Higher Weibull shape,3,0.3,1.8,1,0.35,0.75,2000,0.3,0.1,1500,1.2126422709792637,0.4714285714285714,0.11714285714285715,1400,600
cp_cox_full,CP + Cox,0.9116666666666666,0.9430522765230104,0.08660558827713681,s025,15,20510428,high_shape,Higher Weibull shape,3,0.3,1.8,1,0.35,0.75,2000,0.3,0.1,1500,1.241664066219071,0.48,0.12,1400,600
cp_cox_crossfit,CP + Cox (Cross-Fit),0.9116666666666666,0.9430604638992505,0.08660164043097873,s025,15,20510428,high_shape,Higher Weibull shape,3,0.3,1.8,1,0.35,0.75,2000,0.3,0.1,1500,1.241664066219071,0.48,0.12,1400,600
cp_cox_full,CP + Cox,0.9033333333333333,0.88287146344221,0.0941511519624699,s025,16,20510429,high_shape,Higher Weibull shape,3,0.3,1.8,1,0.35,0.75,2000,0.3,0.1,1500,1.1787562842685526,0.47214285714285714,0.12142857142857143,1400,600
cp_cox_crossfit,CP + Cox (Cross-Fit),0.905,0.8911312754132328,0.09168234517765787,s025,16,20510429,high_shape,Higher Weibull shape,3,0.3,1.8,1,0.35,0.75,2000,0.3,0.1,1500,1.1787562842685526,0.47214285714285714,0.12142857142857143,1400,600
cp_cox_full,CP + Cox,0.89,0.9243670615387474,0.10010035283587494,s025,17,20510430,high_shape,Higher Weibull shape,3,0.3,1.8,1,0.35,0.75,2000,0.3,0.1,1500,1.259185926915079,0.4742857142857143,0.11928571428571429,1400,600
cp_cox_crossfit,CP + Cox (Cross-Fit),0.905,0.9607677311378976,0.09009618552241244,s025,17,20510430,high_shape,Higher Weibull shape,3,0.3,1.8,1,0.35,0.75,2000,0.3,0.1,1500,1.259185926915079,0.4742857142857143,0.11928571428571429,1400,600
cp_cox_full,CP + Cox,0.8833333333333333,0.9149842602879902,0.10656661503123151,s025,18,20510431,high_shape,Higher Weibull shape,3,0.3,1.8,1,0.35,0.75,2000,0.3,0.1,1500,1.2726743860283585,0.47785714285714287,0.12142857142857143,1400,600
cp_cox_crossfit,CP + Cox (Cross-Fit),0.8883333333333333,0.9306552476980691,0.1025456628519991,s025,18,20510431,high_shape,Higher Weibull shape,3,0.3,1.8,1,0.35,0.75,2000,0.3,0.1,1500,1.2726743860283585,0.47785714285714287,0.12142857142857143,1400,600
cp_cox_full,CP + Cox,0.895,0.9247547338267925,0.09208089701591618,s025,19,20510432,high_shape,Higher Weibull shape,3,0.3,1.8,1,0.35,0.75,2000,0.3,0.1,1500,1.250449217203496,0.47714285714285715,0.12071428571428572,1400,600
cp_cox_crossfit,CP + Cox (Cross-Fit),0.8983333333333333,0.9391955947156473,0.08821800918522871,s025,19,20510432,high_shape,Higher Weibull shape,3,0.3,1.8,1,0.35,0.75,2000,0.3,0.1,1500,1.250449217203496,0.47714285714285715,0.12071428571428572,1400,600
cp_cox_full,CP + Cox,0.8783333333333333,0.9380965941437212,0.09852439070957413,s025,20,20510433,high_shape,Higher Weibull shape,3,0.3,1.8,1,0.35,0.75,2000,0.3,0.1,1500,1.2439673890521548,0.5021428571428571,0.13642857142857143,1400,600
cp_cox_crossfit,CP + Cox (Cross-Fit),0.89,0.967469617044612,0.08711566713191386,s025,20,20510433,high_shape,Higher Weibull shape,3,0.3,1.8,1,0.35,0.75,2000,0.3,0.1,1500,1.2439673890521548,0.5021428571428571,0.13642857142857143,1400,600
cp_cox_full,CP + Cox,0.9033333333333333,0.9283506116636326,0.10494511905284486,s025,21,20510434,high_shape,Higher Weibull shape,3,0.3,1.8,1,0.35,0.75,2000,0.3,0.1,1500,1.259181209597998,0.47714285714285715,0.1357142857142857,1400,600
cp_cox_crossfit,CP + Cox (Cross-Fit),0.8866666666666667,0.8895576598317851,0.11569105872816084,s025,21,20510434,high_shape,Higher Weibull shape,3,0.3,1.8,1,0.35,0.75,2000,0.3,0.1,1500,1.259181209597998,0.47714285714285715,0.1357142857142857,1400,600
cp_cox_full,CP + Cox,0.9083333333333333,0.9853935136951816,0.07253317643335179,s025,22,20510435,high_shape,Higher Weibull shape,3,0.3,1.8,1,0.35,0.75,2000,0.3,0.1,1500,1.2790650828114556,0.445,0.11714285714285715,1400,600
cp_cox_crossfit,CP + Cox (Cross-Fit),0.9016666666666666,0.9797619009828822,0.07386258154786705,s025,22,20510435,high_shape,Higher Weibull shape,3,0.3,1.8,1,0.35,0.75,2000,0.3,0.1,1500,1.2790650828114556,0.445,0.11714285714285715,1400,600
cp_cox_full,CP + Cox,0.8916666666666667,0.8718486293963482,0.10937429618594113,s025,23,20510436,high_shape,Higher Weibull shape,3,0.3,1.8,1,0.35,0.75,2000,0.3,0.1,1500,1.2017977052810391,0.47714285714285715,0.11928571428571429,1400,600
cp_cox_crossfit,CP + Cox (Cross-Fit),0.8966666666666666,0.8937311919780662,0.10179760010320381,s025,23,20510436,high_shape,Higher Weibull shape,3,0.3,1.8,1,0.35,0.75,2000,0.3,0.1,1500,1.2017977052810391,0.47714285714285715,0.11928571428571429,1400,600
cp_cox_full,CP + Cox,0.9016666666666666,0.9202840049730188,0.08803789339712052,s025,24,20510437,high_shape,Higher Weibull shape,3,0.3,1.8,1,0.35,0.75,2000,0.3,0.1,1500,1.2269663752850557,0.465,0.11857142857142858,1400,600
cp_cox_crossfit,CP + Cox (Cross-Fit),0.8916666666666667,0.9075005661027943,0.09166328228250283,s025,24,20510437,high_shape,Higher Weibull shape,3,0.3,1.8,1,0.35,0.75,2000,0.3,0.1,1500,1.2269663752850557,0.465,0.11857142857142858,1400,600
cp_cox_full,CP + Cox,0.8716666666666667,0.9453885491458146,0.07945894516265224,s025,25,20510438,high_shape,Higher Weibull shape,3,0.3,1.8,1,0.35,0.75,2000,0.3,0.1,1500,1.2786150681311228,0.4735714285714286,0.10428571428571429,1400,600
cp_cox_crossfit,CP + Cox (Cross-Fit),0.8866666666666667,0.9691474708835881,0.07505023537173029,s025,25,20510438,high_shape,Higher Weibull shape,3,0.3,1.8,1,0.35,0.75,2000,0.3,0.1,1500,1.2786150681311228,0.4735714285714286,0.10428571428571429,1400,600
cp_cox_full,CP + Cox,0.8833333333333333,0.9626089771553262,0.09916383964066955,s025,26,20510439,high_shape,Higher Weibull shape,3,0.3,1.8,1,0.35,0.75,2000,0.3,0.1,1500,1.2880441996399603,0.4642857142857143,0.12785714285714286,1400,600
cp_cox_crossfit,CP + Cox (Cross-Fit),0.9,0.9825731729778635,0.091729576949331093,s025,26,20510439,high_shape,Higher Weibull shape,3,0.3,1.8,1,0.35,0.75,2000,0.3,0.1,1500,1.2880441996399603,0.4642857142857143,0.12785714285714286,1400,600
cp_cox_full,CP + Cox,0.8816666666666667,0.9297639273604104,0.09599666677731714,s025,27,20510440,high_shape,Higher Weibull shape,3,0.3,1.8,1,0.35,0.75,2000,0.3,0.1,1500,1.2365173561597476,0.4757142857142857,0.13,1400,600
cp_cox_crossfit,CP + Cox (Cross-Fit),0.8716666666666667,0.9163150881708708,0.10026636802379163,s025,27,20510440,high_shape,Higher Weibull shape,3,0.3,1.8,1,0.35,0.75,2000,0.3,0.1,1500,1.2365173561597476,0.4757142857142857,0.13,1400,600
cp_cox_full,CP + Cox,0.855,0.9223327899480502,0.082737321977521,s025,28,20510441,high_shape,Higher Weibull shape,3,0.3,1.8,1,0.35,0.75,2000,0.3,0.1,1500,1.253899489812969,0.46285714285714286,0.11142857142857143,1400,600
cp_cox_crossfit,CP + Cox (Cross-Fit),0.87,0.9451255016303513,0.07825274244451352,s025,28,20510441,high_shape,Higher Weibull shape,3,0.3,1.8,1,0.35,0.75,2000,0.3,0.1,1500,1.253899489812969,0.46285714285714286,0.11142857142857143,1400,600
cp_cox_full,CP + Cox,0.9183333333333333,0.9874527975570078,0.09420803985736667,s025,29,20510442,high_shape,Higher Weibull shape,3,0.3,1.8,1,0.35,0.75,2000,0.3,0.1,1500,1.2774512137174001,0.44857142857142857,0.11714285714285715,1400,600
cp_cox_crossfit,CP + Cox (Cross-Fit),0.915,0.9836615216800474,0.0956313514736299,s025,29,20510442,high_shape,Higher Weibull shape,3,0.3,1.8,1,0.35,0.75,2000,0.3,0.1,1500,1.2774512137174001,0.44857142857142857,0.11714285714285715,1400,600
cp_cox_full,CP + Cox,0.91,0.9352209183272159,0.11372247535052252,s025,30,20510443,high_shape,Higher Weibull shape,3,0.3,1.8,1,0.35,0.75,2000,0.3,0.1,1500,1.2478515225700715,0.4614285714285714,0.12928571428571428,1400,600
cp_cox_crossfit,CP + Cox (Cross-Fit),0.9066666666666666,0.9211391037192593,0.11883787958922398,s025,30,20510443,high_shape,Higher Weibull shape,3,0.3,1.8,1,0.35,0.75,2000,0.3,0.1,1500,1.2478515225700715,0.4614285714285714,0.12928571428571428,1400,600
cp_cox_full,CP + Cox,0.92,1.471672454684284,0.07676950173150356,s026,1,20520414,high_shape,Higher Weibull shape,3,0.3,1.8,1,0.35,0.9,2000,0.3,0.1,1500,1.739591216272723,0.3964285714285714,0.047142857142857146,1400,600
cp_cox_crossfit,CP + Cox (Cross-Fit),0.9116666666666666,1.459286323824213,0.08053175071506825,s026,1,20520414,high_shape,Higher Weibull shape,3,0.3,1.8,1,0.35,0.9,2000,0.3,0.1,1500,1.739591216272723,0.3964285714285714,0.047142857142857146,1400,600
cp_cox_full,CP + Cox,0.905,1.4372720867360265,0.07934126363865962,s026,2,20520415,high_shape,Higher Weibull shape,3,0.3,1.8,1,0.35,0.9,2000,0.3,0.1,1500,1.7225324029455598,0.38142857142857145,0.03214285714285714,1400,600
cp_cox_crossfit,CP + Cox (Cross-Fit),0.9133333333333333,1.4473089732510203,0.07675975869704232,s026,2,20520415,high_shape,Higher Weibull shape,3,0.3,1.8,1,0.35,0.9,2000,0.3,0.1,1500,1.7225324029455598,0.38142857142857145,0.03214285714285714,1400,600
cp_cox_full,CP + Cox,0.8766666666666667,1.4071018790048124,0.08322649112650492,s026,3,20520416,high_shape,Higher Weibull shape,3,0.3,1.8,1,0.35,0.9,2000,0.3,0.1,1500,1.7288454504146904,0.3807142857142857,0.04428571428571428,1400,600
cp_cox_crossfit,CP + Cox (Cross-Fit),0.8916666666666667,1.4423396195726939,0.07344256196517747,s026,3,20520416,high_shape,Higher Weibull shape,3,0.3,1.8,1,0.35,0.9,2000,0.3,0.1,1500,1.7288454504146904,0.3807142857142857,0.04428571428571428,1400,600
cp_cox_full,CP + Cox,0.8916666666666667,1.4190630458144486,0.08652342714918562,s026,4,20520417,high_shape,Higher Weibull shape,3,0.3,1.8,1,0.35,0.9,2000,0.3,0.1,1500,1.7200732702954797,0.38357142857142856,0.04214285714285714,1400,600
cp_cox_crossfit,CP + Cox (Cross-Fit),0.8933333333333333,1.4221466631871067,0.08566857610589722,s026,4,20520417,high_shape,Higher Weibull shape,3,0.3,1.8,1,0.35,0.9,2000,0.3,0.1,1500,1.7200732702954797,0.38357142857142856,0.04214285714285714,1400,600
cp_cox_full,CP + Cox,0.895,1.448913977993079,0.09604584891068214,s026,5,20520418,high_shape,Higher Weibull shape,3,0.3,1.8,1,0.35,0.9,2000,0.3,0.1,1500,1.7526794983063556,0.395,0.04857142857142857,1400,600
cp_cox_crossfit,CP + Cox (Cross-Fit),0.8833333333333333,1.4229692482053538,0.10306863358352562,s026,5,20520418,high_shape,Higher Weibull shape,3,0.3,1.8,1,0.35,0.9,2000,0.3,0.1,1500,1.7526794983063556,0.395,0.04857142857142857,1400,600
cp_cox_full,CP + Cox,0.8866666666666667,1.4283992593971722,0.0926308206996682,s026,6,20520419,high_shape,Higher Weibull shape,3,0.3,1.8,1,0.35,0.9,2000,0.3,0.1,1500,1.7371518982119232,0.39285714285714285,0.037142857142857144,1400,600
cp_cox_crossfit,CP + Cox (Cross-Fit),0.8933333333333333,1.434421400687755,0.09013698146901775,s026,6,20520419,high_shape,Higher Weibull shape,3,0.3,1.8,1,0.35,0.9,2000,0.3,0.1,1500,1.7371518982119232,0.39285714285714285,0.037142857142857144,1400,600
cp_cox_full,CP + Cox,0.8816666666666667,1.4162653261085303,0.07016868685930767,s026,7,20520420,high_shape,Higher Weibull shape,3,0.3,1.8,1,0.35,0.9,2000,0.3,0.1,1500,1.7165660180490359,0.39357142857142857,0.03785714285714286,1400,600
cp_cox_crossfit,CP + Cox (Cross-Fit),0.875,1.4021187247439288,0.07393758411099798,s026,7,20520420,high_shape,Higher Weibull shape,3,0.3,1.8,1,0.35,0.9,2000,0.3,0.1,1500,1.7165660180490359,0.39357142857142857,0.03785714285714286,1400,600
cp_cox_full,CP + Cox,0.9066666666666666,1.425084085659793,0.08915570859862679,s026,8,20520421,high_shape,Higher Weibull shape,3,0.3,1.8,1,0.35,0.9,2000,0.3,0.1,1500,1.7153790593958596,0.385,0.04285714285714286,1400,600
cp_cox_crossfit,CP + Cox (Cross-Fit),0.9183333333333333,1.4474172342910285,0.08233364823942718,s026,8,20520421,high_shape,Higher Weibull shape,3,0.3,1.8,1,0.35,0.9,2000,0.3,0.1,1500,1.7153790593958596,0.385,0.04285714285714286,1400,600
cp_cox_full,CP + Cox,0.9033333333333333,1.4382056006576225,0.08712887095780077,s026,9,20520422,high_shape,Higher Weibull shape,3,0.3,1.8,1,0.35,0.9,2000,0.3,0.1,1500,1.7322416235570437,0.375,0.03428571428571429,1400,600
cp_cox_crossfit,CP + Cox (Cross-Fit),0.905,1.4412251006077959,0.08641524956501073,s026,9,20520422,high_shape,Higher Weibull shape,3,0.3,1.8,1,0.35,0.9,2000,0.3,0.1,1500,1.7322416235570437,0.375,0.03428571428571429,1400,600
cp_cox_full,CP + Cox,0.8766666666666667,1.4587001491110292,0.09603885471880423,s026,10,20520423,high_shape,Higher Weibull shape,3,0.3,1.8,1,0.35,0.9,2000,0.3,0.1,1500,1.7655629848233858,0.375,0.03857142857142857,1400,600
cp_cox_crossfit,CP + Cox (Cross-Fit),0.905,1.4988570781459785,0.08269136432365083,s026,10,20520423,high_shape,Higher Weibull shape,3,0.3,1.8,1,0.35,0.9,2000,0.3,0.1,1500,1.7655629848233858,0.375,0.03857142857142857,1400,600
cp_cox_full,CP + Cox,0.915,1.4510318153276078,0.07300123134016025,s026,11,20520424,high_shape,Higher Weibull shape,3,0.3,1.8,1,0.35,0.9,2000,0.3,0.1,1500,1.7283945172763029,0.3757142857142857,0.04285714285714286,1400,600
cp_cox_crossfit,CP + Cox (Cross-Fit),0.9116666666666666,1.4453802601681252,0.07444578913890768,s026,11,20520424,high_shape,Higher Weibull shape,3,0.3,1.8,1,0.35,0.9,2000,0.3,0.1,1500,1.7283945172763029,0.3757142857142857,0.04285714285714286,1400,600
cp_cox_full,CP + Cox,0.9083333333333333,1.4124460024602281,0.09685519656004221,s026,12,20520425,high_shape,Higher Weibull shape,3,0.3,1.8,1,0.35,0.9,2000,0.3,0.1,1500,1.7173381677418091,0.38642857142857145,0.047142857142857146,1400,600
cp_cox_crossfit,CP + Cox (Cross-Fit),0.9166666666666666,1.4229839299335818,0.09419809075677228,s026,12,20520425,high_shape,Higher Weibull shape,3,0.3,1.8,1,0.35,0.9,2000,0.3,0.1,1500,1.7173381677418091,0.38642857142857145,0.047142857142857146,1400,600
cp_cox_full,CP + Cox,0.9166666666666666,1.5040105759875628,0.08028996213625571,s026,13,20520426,high_shape,Higher Weibull shape,3,0.3,1.8,1,0.35,0.9,2000,0.3,0.1,1500,1.7862117721619082,0.37785714285714284,0.041428571428571426,1400,600
cp_cox_crossfit,CP + Cox (Cross-Fit),0.905,1.4851960747496904,0.08508748788507452,s026,13,20520426,high_shape,Higher Weibull shape,3,0.3,1.8,1,0.35,0.9,2000,0.3,0.1,1500,1.7862117721619082,0.37785714285714284,0.041428571428571426,1400,600
cp_cox_full,CP + Cox,0.8966666666666666,1.4439865306686737,0.08077557507862657,s026,14,20520427,high_shape,Higher Weibull shape,3,0.3,1.8,1,0.35,0.9,2000,0.3,0.1,1500,1.7433520026669165,0.36214285714285716,0.04285714285714286,1400,600
cp_cox_crossfit,CP + Cox (Cross-Fit),0.9216666666666666,1.4778293852753113,0.06836171693623706,s026,14,20520427,high_shape,Higher Weibull shape,3,0.3,1.8,1,0.35,0.9,2000,0.3,0.1,1500,1.7433520026669165,0.36214285714285716,0.04285714285714286,1400,600
cp_cox_full,CP + Cox,0.875,1.3386047439389361,0.10789447358737331,s026,15,20520428,high_shape,Higher Weibull shape,3,0.3,1.8,1,0.35,0.9,2000,0.3,0.1,1500,1.6714953380322921,0.3992857142857143,0.045714285714285714,1400,600
cp_cox_crossfit,CP + Cox (Cross-Fit),0.89,1.3709187015973292,0.09748136811681682,s026,15,20520428,high_shape,Higher Weibull shape,3,0.3,1.8,1,0.35,0.9,2000,0.3,0.1,1500,1.6714953380322921,0.3992857142857143,0.045714285714285714,1400,600
cp_cox_full,CP + Cox,0.9,1.409296620611484,0.07888544988421818,s026,16,20520429,high_shape,Higher Weibull shape,3,0.3,1.8,1,0.35,0.9,2000,0.3,0.1,1500,1.7219762047937184,0.3742857142857143,0.035,1400,600
cp_cox_crossfit,CP + Cox (Cross-Fit),0.89,1.3891040768939853,0.08270915507695326,s026,16,20520429,high_shape,Higher Weibull shape,3,0.3,1.8,1,0.35,0.9,2000,0.3,0.1,1500,1.7219762047937184,0.3742857142857143,0.035,1400,600
cp_cox_full,CP + Cox,0.895,1.4745524966298886,0.10027168248565732,s026,17,20520430,high_shape,Higher Weibull shape,3,0.3,1.8,1,0.35,0.9,2000,0.3,0.1,1500,1.7687596062782769,0.36857142857142855,0.03357142857142857,1400,600
cp_cox_crossfit,CP + Cox (Cross-Fit),0.9183333333333333,1.4940310517503483,0.09371480162465744,s026,17,20520430,high_shape,Higher Weibull shape,3,0.3,1.8,1,0.35,0.9,2000,0.3,0.1,1500,1.7687596062782769,0.36857142857142855,0.03357142857142857,1400,600
cp_cox_full,CP + Cox,0.9216666666666666,1.4429995318509974,0.08717357615606663,s026,18,20520431,high_shape,Higher Weibull shape,3,0.3,1.8,1,0.35,0.9,2000,0.3,0.1,1500,1.741858748528089,0.3871428571428571,0.04071428571428572,1400,600
cp_cox_crossfit,CP + Cox (Cross-Fit),0.9216666666666666,1.4467748502994997,0.08626275178630918,s026,18,20520431,high_shape,Higher Weibull shape,3,0.3,1.8,1,0.35,0.9,2000,0.3,0.1,1500,1.741858748528089,0.3871428571428571,0.04071428571428572,1400,600
cp_cox_full,CP + Cox,0.88,1.390363133971185,0.08499857745279112,s026,19,20520432,high_shape,Higher Weibull shape,3,0.3,1.8,1,0.35,0.9,2000,0.3,0.1,1500,1.7071599141920446,0.3692857142857143,0.03785714285714286,1400,600
cp_cox_crossfit,CP + Cox (Cross-Fit),0.895,1.4089126941238383,0.08013377325039996,s026,19,20520432,high_shape,Higher Weibull shape,3,0.3,1.8,1,0.35,0.9,2000,0.3,0.1,1500,1.7071599141920446,0.3692857142857143,0.03785714285714286,1400,600
cp_cox_full,CP + Cox,0.8833333333333333,1.4220999402602537,0.0838437716518048,s026,20,20520433,high_shape,Higher Weibull shape,3,0.3,1.8,1,0.35,0.9,2000,0.3,0.1,1500,1.730363499351897,0.375,0.04285714285714286,1400,600
cp_cox_crossfit,CP + Cox (Cross-Fit),0.87,1.4034107796402593,0.08857985602166724,s026,20,20520433,high_shape,Higher Weibull shape,3,0.3,1.8,1,0.35,0.9,2000,0.3,0.1,1500,1.730363499351897,0.375,0.04285714285714286,1400,600
cp_cox_full,CP + Cox,0.8883333333333333,1.411215428151871,0.08500675082510244,s026,21,20520434,high_shape,Higher Weibull shape,3,0.3,1.8,1,0.35,0.9,2000,0.3,0.1,1500,1.7112311986138171,0.3942857142857143,0.041428571428571426,1400,600
cp_cox_crossfit,CP + Cox (Cross-Fit),0.89,1.4194599057794077,0.08207316612892675,s026,21,20520434,high_shape,Higher Weibull shape,3,0.3,1.8,1,0.35,0.9,2000,0.3,0.1,1500,1.7112311986138171,0.3942857142857143,0.041428571428571426,1400,600
cp_cox_full,CP + Cox,0.9233333333333333,1.5189918543870997,0.0663332327547989,s026,22,20520435,high_shape,Higher Weibull shape,3,0.3,1.8,1,0.35,0.9,2000,0.3,0.1,1500,1.7859479635165545,0.3807142857142857,0.03642857142857143,1400,600
cp_cox_crossfit,CP + Cox (Cross-Fit),0.9233333333333333,1.5222055749556334,0.06529273177067568,s026,22,20520435,high_shape,Higher Weibull shape,3,0.3,1.8,1,0.35,0.9,2000,0.3,0.1,1500,1.7859479635165545,0.3807142857142857,0.03642857142857143,1400,600
cp_cox_full,CP + Cox,0.9016666666666666,1.4713862802745514,0.1025173633387522,s026,23,20520436,high_shape,Higher Weibull shape,3,0.3,1.8,1,0.35,0.9,2000,0.3,0.1,1500,1.7799865865888789,0.3821428571428571,0.04857142857142857,1400,600
cp_cox_crossfit,CP + Cox (Cross-Fit),0.9083333333333333,1.4821729307967713,0.09958880991635724,s026,23,20520436,high_shape,Higher Weibull shape,3,0.3,1.8,1,0.35,0.9,2000,0.3,0.1,1500,1.7799865865888789,0.3821428571428571,0.04857142857142857,1400,600
cp_cox_full,CP + Cox,0.895,1.4342978481172421,0.10460618054610972,s026,24,20520437,high_shape,Higher Weibull shape,3,0.3,1.8,1,0.35,0.9,2000,0.3,0.1,1500,1.7599171427192934,0.39357142857142857,0.03642857142857143,1400,600
cp_cox_crossfit,CP + Cox (Cross-Fit),0.9166666666666666,1.4637339766343027,0.09620379092080551,s026,24,20520437,high_shape,Higher Weibull shape,3,0.3,1.8,1,0.35,0.9,2000,0.3,0.1,1500,1.7599171427192934,0.39357142857142857,0.03642857142857143,1400,600
cp_cox_full,CP + Cox,0.91,1.473301827987322,0.10092374480901059,s026,25,20520438,high_shape,Higher Weibull shape,3,0.3,1.8,1,0.35,0.9,2000,0.3,0.1,1500,1.7741575300702122,0.37785714285714284,0.03785714285714286,1400,600
cp_cox_crossfit,CP + Cox (Cross-Fit),0.915,1.4833713918935771,0.0971748593898549,s026,25,20520438,high_shape,Higher Weibull shape,3,0.3,1.8,1,0.35,0.9,2000,0.3,0.1,1500,1.7741575300702122,0.37785714285714284,0.03785714285714286,1400,600
cp_cox_full,CP + Cox,0.8633333333333333,1.421558645327123,0.10917899643616784,s026,26,20520439,high_shape,Higher Weibull shape,3,0.3,1.8,1,0.35,0.9,2000,0.3,0.1,1500,1.7407679743445237,0.38571428571428573,0.03642857142857143,1400,600
cp_cox_crossfit,CP + Cox (Cross-Fit),0.8616666666666667,1.4166299139691418,0.11125399618719937,s026,26,20520439,high_shape,Higher Weibull shape,3,0.3,1.8,1,0.35,0.9,2000,0.3,0.1,1500,1.7407679743445237,0.38571428571428573,0.03642857142857143,1400,600
cp_cox_full,CP + Cox,0.895,1.4635028451604242,0.07268879280390225,s026,27,20520440,high_shape,Higher Weibull shape,3,0.3,1.8,1,0.35,0.9,2000,0.3,0.1,1500,1.7827978155228728,0.36142857142857143,0.03357142857142857,1400,600
cp_cox_crossfit,CP + Cox (Cross-Fit),0.8916666666666667,1.4578616909317768,0.07390953731977078,s026,27,20520440,high_shape,Higher Weibull shape,3,0.3,1.8,1,0.35,0.9,2000,0.3,0.1,1500,1.7827978155228728,0.36142857142857143,0.03357142857142857,1400,600
cp_cox_full,CP + Cox,0.9,1.4285988799277092,0.07925119039494513,s026,28,20520441,high_shape,Higher Weibull shape,3,0.3,1.8,1,0.35,0.9,2000,0.3,0.1,1500,1.7146844188098314,0.3871428571428571,0.05357142857142857,1400,600
cp_cox_crossfit,CP + Cox (Cross-Fit),0.9,1.4266385165277276,0.07995136730850963,s026,28,20520441,high_shape,Higher Weibull shape,3,0.3,1.8,1,0.35,0.9,2000,0.3,0.1,1500,1.7146844188098314,0.3871428571428571,0.05357142857142857,1400,600
cp_cox_full,CP + Cox,0.895,1.4476541160842085,0.0874549074205679,s026,29,20520442,high_shape,Higher Weibull shape,3,0.3,1.8,1,0.35,0.9,2000,0.3,0.1,1500,1.748795365146011,0.39714285714285713,0.039285714285714285,1400,600
cp_cox_crossfit,CP + Cox (Cross-Fit),0.89,1.4402685203569963,0.08930556582561117,s026,29,20520442,high_shape,Higher Weibull shape,3,0.3,1.8,1,0.35,0.9,2000,0.3,0.1,1500,1.748795365146011,0.39714285714285713,0.039285714285714285,1400,600
cp_cox_full,CP + Cox,0.905,1.3973359023748813,0.10182383504530254,s026,30,20520443,high_shape,Higher Weibull shape,3,0.3,1.8,1,0.35,0.9,2000,0.3,0.1,1500,1.7057011657981456,0.3992857142857143,0.047142857142857146,1400,600
cp_cox_crossfit,CP + Cox (Cross-Fit),0.925,1.4157542645983263,0.09449244471443956,s026,30,20520443,high_shape,Higher Weibull shape,3,0.3,1.8,1,0.35,0.9,2000,0.3,0.1,1500,1.7057011657981456,0.3992857142857143,0.047142857142857146,1400,600
cp_cox_full,CP + Cox,0.8833333333333333,2.0003477473725684,0.09592669670299554,s027,1,20530414,high_shape,Higher Weibull shape,3,0.3,1.8,1,0.35,0.97,2000,0.3,0.1,1500,2.3282985741150948,0.36642857142857144,0.002857142857142857,1400,600
cp_cox_crossfit,CP + Cox (Cross-Fit),0.885,2.0025514589924778,0.09545540926016628,s027,1,20530414,high_shape,Higher Weibull shape,3,0.3,1.8,1,0.35,0.97,2000,0.3,0.1,1500,2.3282985741150948,0.36642857142857144,0.002857142857142857,1400,600
cp_cox_full,CP + Cox,0.8716666666666667,2.058934142797586,0.0770129221855147,s027,2,20530415,high_shape,Higher Weibull shape,3,0.3,1.8,1,0.35,0.97,2000,0.3,0.1,1500,2.3510076352407214,0.3692857142857143,0.007857142857142858,1400,600
cp_cox_crossfit,CP + Cox (Cross-Fit),0.8866666666666667,2.0809004470222474,0.07010437849842918,s027,2,20530415,high_shape,Higher Weibull shape,3,0.3,1.8,1,0.35,0.97,2000,0.3,0.1,1500,2.3510076352407214,0.3692857142857143,0.007857142857142858,1400,600
cp_cox_full,CP + Cox,0.9033333333333333,2.1170333578991682,0.07821023038147072,s027,3,20530416,high_shape,Higher Weibull shape,3,0.3,1.8,1,0.35,0.97,2000,0.3,0.1,1500,2.4149695468838197,0.3585714285714286,0.004285714285714286,1400,600
cp_cox_crossfit,CP + Cox (Cross-Fit),0.9,2.113460957042336,0.0790092557423124,s027,3,20530416,high_shape,Higher Weibull shape,3,0.3,1.8,1,0.35,0.97,2000,0.3,0.1,1500,2.4149695468838197,0.3585714285714286,0.004285714285714286,1400,600
cp_cox_full,CP + Cox,0.8933333333333333,1.9459378076314544,0.0945742038669964,s027,4,20530417,high_shape,Higher Weibull shape,3,0.3,1.8,1,0.35,0.97,2000,0.3,0.1,1500,2.245284349580317,0.37214285714285716,0.010714285714285714,1400,600
cp_cox_crossfit,CP + Cox (Cross-Fit),0.895,1.9509470432995892,0.09308604985428377,s027,4,20530417,high_shape,Higher Weibull shape,3,0.3,1.8,1,0.35,0.97,2000,0.3,0.1,1500,2.245284349580317,0.37214285714285716,0.010714285714285714,1400,600
cp_cox_full,CP + Cox,0.8816666666666667,1.9996767007481386,0.08864558206610974,s027,5,20530418,high_shape,Higher Weibull shape,3,0.3,1.8,1,0.35,0.97,2000,0.3,0.1,1500,2.285132072713642,0.37214285714285716,0.010714285714285714,1400,600
cp_cox_crossfit,CP + Cox (Cross-Fit),0.8766666666666667,1.984381948657167,0.09381701720059014,s027,5,20530418,high_shape,Higher Weibull shape,3,0.3,1.8,1,0.35,0.97,2000,0.3,0.1,1500,2.285132072713642,0.37214285714285716,0.010714285714285714,1400,600
cp_cox_full,CP + Cox,0.9166666666666666,2.169159385391999,0.08715480440426793,s027,6,20530419,high_shape,Higher Weibull shape,3,0.3,1.8,1,0.35,0.97,2000,0.3,0.1,1500,2.4623791281040117,0.35,0.0064285714285714285,1400,600
cp_cox_crossfit,CP + Cox (Cross-Fit),0.915,2.1600937786800807,0.09022914301299065,s027,6,20530419,high_shape,Higher Weibull shape,3,0.3,1.8,1,0.35,0.97,2000,0.3,0.1,1500,2.4623791281040117,0.35,0.0064285714285714285,1400,600
cp_cox_full,CP + Cox,0.9116666666666666,2.0282884094094458,0.07895238682270293,s027,7,20530420,high_shape,Higher Weibull shape,3,0.3,1.8,1,0.35,0.97,2000,0.3,0.1,1500,2.3246171438168384,0.36214285714285716,0.007142857142857143,1400,600
cp_cox_crossfit,CP + Cox (Cross-Fit),0.9116666666666666,2.0302233212778167,0.07828077741951366,s027,7,20530420,high_shape,Higher Weibull shape,3,0.3,1.8,1,0.35,0.97,2000,0.3,0.1,1500,2.3246171438168384,0.36214285714285716,0.007142857142857143,1400,600
cp_cox_full,CP + Cox,0.905,2.0549690904377735,0.08907762244331542,s027,8,20530421,high_shape,Higher Weibull shape,3,0.3,1.8,1,0.35,0.97,2000,0.3,0.1,1500,2.3436077285726102,0.37214285714285716,0.009285714285714286,1400,600
cp_cox_crossfit,CP + Cox (Cross-Fit),0.9,2.042763376075187,0.09309213049084582,s027,8,20530421,high_shape,Higher Weibull shape,3,0.3,1.8,1,0.35,0.97,2000,0.3,0.1,1500,2.3436077285726102,0.37214285714285716,0.009285714285714286,1400,600
cp_cox_full,CP + Cox,0.8816666666666667,2.0984777880500527,0.11544444034026928,s027,9,20530422,high_shape,Higher Weibull shape,3,0.3,1.8,1,0.35,0.97,2000,0.3,0.1,1500,2.433550403907063,0.3442857142857143,0.012142857142857143,1400,600
cp_cox_crossfit,CP + Cox (Cross-Fit),0.9016666666666666,2.1306611235077417,0.10531032561220513,s027,9,20530422,high_shape,Higher Weibull shape,3,0.3,1.8,1,0.35,0.97,2000,0.3,0.1,1500,2.433550403907063,0.3442857142857143,0.012142857142857143,1400,600
cp_cox_full,CP + Cox,0.905,2.078252196774358,0.08208233962612597,s027,10,20530423,high_shape,Higher Weibull shape,3,0.3,1.8,1,0.35,0.97,2000,0.3,0.1,1500,2.3811402939665545,0.365,0.012857142857142857,1400,600
cp_cox_crossfit,CP + Cox (Cross-Fit),0.905,2.0866887409465518,0.07947855781580335,s027,10,20530423,high_shape,Higher Weibull shape,3,0.3,1.8,1,0.35,0.97,2000,0.3,0.1,1500,2.3811402939665545,0.365,0.012857142857142857,1400,600
cp_cox_full,CP + Cox,0.9016666666666666,2.0634387722544636,0.09226788262918806,s027,11,20530424,high_shape,Higher Weibull shape,3,0.3,1.8,1,0.35,0.97,2000,0.3,0.1,1500,2.3653798138927664,0.375,0.008571428571428572,1400,600
cp_cox_crossfit,CP + Cox (Cross-Fit),0.91,2.0963378854312635,0.0815914455513555,s027,11,20530424,high_shape,Higher Weibull shape,3,0.3,1.8,1,0.35,0.97,2000,0.3,0.1,1500,2.3653798138927664,0.375,0.008571428571428572,1400,600
cp_cox_full,CP + Cox,0.8816666666666667,1.998712323696572,0.09919278328356272,s027,12,20530425,high_shape,Higher Weibull shape,3,0.3,1.8,1,0.35,0.97,2000,0.3,0.1,1500,2.3209948062240744,0.35,0.01,1400,600
cp_cox_crossfit,CP + Cox (Cross-Fit),0.8716666666666667,1.9832628175228861,0.10285792214058603,s027,12,20530425,high_shape,Higher Weibull shape,3,0.3,1.8,1,0.35,0.97,2000,0.3,0.1,1500,2.3209948062240744,0.35,0.01,1400,600
cp_cox_full,CP + Cox,0.8916666666666667,2.041180306486817,0.08803381033978032,s027,13,20530426,high_shape,Higher Weibull shape,3,0.3,1.8,1,0.35,0.97,2000,0.3,0.1,1500,2.3574514974791105,0.37142857142857144,0.010714285714285714,1400,600
cp_cox_crossfit,CP + Cox (Cross-Fit),0.885,2.038418820857179,0.0889630909526136,s027,13,20530426,high_shape,Higher Weibull shape,3,0.3,1.8,1,0.35,0.97,2000,0.3,0.1,1500,2.3574514974791105,0.37142857142857144,0.010714285714285714,1400,600
cp_cox_full,CP + Cox,0.8916666666666667,2.0549554750290158,0.09404487542866621,s027,14,20530427,high_shape,Higher Weibull shape,3,0.3,1.8,1,0.35,0.97,2000,0.3,0.1,1500,2.3676453246749665,0.345,0.007142857142857143,1400,600
cp_cox_crossfit,CP + Cox (Cross-Fit),0.8983333333333333,2.061398383885151,0.09292891889401933,s027,14,20530427,high_shape,Higher Weibull shape,3,0.3,1.8,1,0.35,0.97,2000,0.3,0.1,1500,2.3676453246749665,0.345,0.007142857142857143,1400,600
cp_cox_full,CP + Cox,0.885,2.180094313028713,0.09170241306595635,s027,15,20530428,high_shape,Higher Weibull shape,3,0.3,1.8,1,0.35,0.97,2000,0.3,0.1,1500,2.4787849490622933,0.35714285714285715,0.011428571428571429,1400,600
cp_cox_crossfit,CP + Cox (Cross-Fit),0.8833333333333333,2.1700949429715735,0.09458714129289518,s027,15,20530428,high_shape,Higher Weibull shape,3,0.3,1.8,1,0.35,0.97,2000,0.3,0.1,1500,2.4787849490622933,0.35714285714285715,0.011428571428571429,1400,600
cp_cox_full,CP + Cox,0.8883333333333333,2.0150519471892103,0.1025110143462184,s027,16,20530429,high_shape,Higher Weibull shape,3,0.3,1.8,1,0.35,0.97,2000,0.3,0.1,1500,2.331442924831647,0.3492857142857143,0.005714285714285714,1400,600
cp_cox_crossfit,CP + Cox (Cross-Fit),0.895,2.028044316284785,0.09871736503647117,s027,16,20530429,high_shape,Higher Weibull shape,3,0.3,1.8,1,0.35,0.97,2000,0.3,0.1,1500,2.331442924831647,0.3492857142857143,0.005714285714285714,1400,600
cp_cox_full,CP + Cox,0.915,2.0517980174717954,0.0744114599074568,s027,17,20530430,high_shape,Higher Weibull shape,3,0.3,1.8,1,0.35,0.97,2000,0.3,0.1,1500,2.336966707755273,0.3678571428571429,0.007142857142857143,1400,600
cp_cox_crossfit,CP + Cox (Cross-Fit),0.92,2.0622110705816055,0.07110267754142909,s027,17,20530430,high_shape,Higher Weibull shape,3,0.3,1.8,1,0.35,0.97,2000,0.3,0.1,1500,2.336966707755273,0.3678571428571429,0.007142857142857143,1400,600
cp_cox_full,CP + Cox,0.8866666666666667,2.0642402898794647,0.10987198839179586,s027,18,20530431,high_shape,Higher Weibull shape,3,0.3,1.8,1,0.35,0.97,2000,0.3,0.1,1500,2.400689805575818,0.37714285714285717,0.005,1400,600
cp_cox_crossfit,CP + Cox (Cross-Fit),0.915,2.1161714420249838,0.09261145874235772,s027,18,20530431,high_shape,Higher Weibull shape,3,0.3,1.8,1,0.35,0.97,2000,0.3,0.1,1500,2.400689805575818,0.37714285714285717,0.005,1400,600
cp_cox_full,CP + Cox,0.895,2.0306540709492014,0.09612073231983242,s027,19,20530432,high_shape,Higher Weibull shape,3,0.3,1.8,1,0.35,0.97,2000,0.3,0.1,1500,2.3412969015773086,0.3507142857142857,0.007857142857142858,1400,600
cp_cox_crossfit,CP + Cox (Cross-Fit),0.9116666666666666,2.05779725295037,0.08880263276971173,s027,19,20530432,high_shape,Higher Weibull shape,3,0.3,1.8,1,0.35,0.97,2000,0.3,0.1,1500,2.3412969015773086,0.3507142857142857,0.007857142857142858,1400,600
cp_cox_full,CP + Cox,0.86,1.9357798827161947,0.10345837247930965,s027,20,20530433,high_shape,Higher Weibull shape,3,0.3,1.8,1,0.35,0.97,2000,0.3,0.1,1500,2.275447703202866,0.3657142857142857,0.007857142857142858,1400,600
cp_cox_crossfit,CP + Cox (Cross-Fit),0.8683333333333333,1.9523650662058507,0.09894421962382469,s027,20,20530433,high_shape,Higher Weibull shape,3,0.3,1.8,1,0.35,0.97,2000,0.3,0.1,1500,2.275447703202866,0.3657142857142857,0.007857142857142858,1400,600
cp_cox_full,CP + Cox,0.8916666666666667,1.971991984503812,0.09506587818150308,s027,21,20530434,high_shape,Higher Weibull shape,3,0.3,1.8,1,0.35,0.97,2000,0.3,0.1,1500,2.277459484770386,0.37214285714285716,0.007857142857142858,1400,600
cp_cox_crossfit,CP + Cox (Cross-Fit),0.8916666666666667,1.9639939476626627,0.0972047517096376,s027,21,20530434,high_shape,Higher Weibull shape,3,0.3,1.8,1,0.35,0.97,2000,0.3,0.1,1500,2.277459484770386,0.37214285714285716,0.007857142857142858,1400,600
cp_cox_full,CP + Cox,0.8783333333333333,2.0345217578583252,0.10784086040879429,s027,22,20530435,high_shape,Higher Weibull shape,3,0.3,1.8,1,0.35,0.97,2000,0.3,0.1,1500,2.357108410444971,0.37285714285714283,0.0064285714285714285,1400,600
cp_cox_crossfit,CP + Cox (Cross-Fit),0.88,2.043754843325227,0.10527672685697458,s027,22,20530435,high_shape,Higher Weibull shape,3,0.3,1.8,1,0.35,0.97,2000,0.3,0.1,1500,2.357108410444971,0.37285714285714283,0.0064285714285714285,1400,600
cp_cox_full,CP + Cox,0.8966666666666666,2.0475216294608996,0.08245619785245246,s027,23,20530436,high_shape,Higher Weibull shape,3,0.3,1.8,1,0.35,0.97,2000,0.3,0.1,1500,2.321639485998081,0.35642857142857143,0.012142857142857143,1400,600
cp_cox_crossfit,CP + Cox (Cross-Fit),0.8916666666666667,2.035256120930747,0.08545417943913602,s027,23,20530436,high_shape,Higher Weibull shape,3,0.3,1.8,1,0.35,0.97,2000,0.3,0.1,1500,2.321639485998081,0.35642857142857143,0.012142857142857143,1400,600
cp_cox_full,CP + Cox,0.9033333333333333,2.0590898145605605,0.09652273760905453,s027,24,20530437,high_shape,Higher Weibull shape,3,0.3,1.8,1,0.35,0.97,2000,0.3,0.1,1500,2.3815638221331903,0.345,0.015,1400,600
cp_cox_crossfit,CP + Cox (Cross-Fit),0.9,2.048670354994329,0.09946143859242232,s027,24,20530437,high_shape,Higher Weibull shape,3,0.3,1.8,1,0.35,0.97,2000,0.3,0.1,1500,2.3815638221331903,0.345,0.015,1400,600
cp_cox_full,CP + Cox,0.87,2.0592264579733217,0.08187693830450286,s027,25,20530438,high_shape,Higher Weibull shape,3,0.3,1.8,1,0.35,0.97,2000,0.3,0.1,1500,2.3520709462253957,0.37357142857142855,0.008571428571428572,1400,600
cp_cox_crossfit,CP + Cox (Cross-Fit),0.8616666666666667,2.0450733274918127,0.08757787934347488,s027,25,20530438,high_shape,Higher Weibull shape,3,0.3,1.8,1,0.35,0.97,2000,0.3,0.1,1500,2.3520709462253957,0.37357142857142855,0.008571428571428572,1400,600
cp_cox_full,CP + Cox,0.9,2.0105713525882187,0.07625422226009516,s027,26,20530439,high_shape,Higher Weibull shape,3,0.3,1.8,1,0.35,0.97,2000,0.3,0.1,1500,2.3370732935090994,0.3492857142857143,0.007857142857142858,1400,600
cp_cox_crossfit,CP + Cox (Cross-Fit),0.8933333333333333,1.9970433999942527,0.07933984513823752,s027,26,20530439,high_shape,Higher Weibull shape,3,0.3,1.8,1,0.35,0.97,2000,0.3,0.1,1500,2.3370732935090994,0.3492857142857143,0.007857142857142858,1400,600
cp_cox_full,CP + Cox,0.91,2.0067575163852855,0.07588155916783407,s027,27,20530440,high_shape,Higher Weibull shape,3,0.3,1.8,1,0.35,0.97,2000,0.3,0.1,1500,2.2876958921415564,0.33214285714285713,0.005714285714285714,1400,600
cp_cox_crossfit,CP + Cox (Cross-Fit),0.8966666666666666,1.9831395619863963,0.08266057625551235,s027,27,20530440,high_shape,Higher Weibull shape,3,0.3,1.8,1,0.35,0.97,2000,0.3,0.1,1500,2.2876958921415564,0.33214285714285713,0.005714285714285714,1400,600
cp_cox_full,CP + Cox,0.905,2.1529512708398033,0.09453501321359996,s027,28,20530441,high_shape,Higher Weibull shape,3,0.3,1.8,1,0.35,0.97,2000,0.3,0.1,1500,2.46607267973669,0.36214285714285716,0.007142857142857143,1400,600
cp_cox_crossfit,CP + Cox (Cross-Fit),0.9183333333333333,2.167910967595493,0.09049019459645467,s027,28,20530441,high_shape,Higher Weibull shape,3,0.3,1.8,1,0.35,0.97,2000,0.3,0.1,1500,2.46607267973669,0.36214285714285716,0.007142857142857143,1400,600
cp_cox_full,CP + Cox,0.915,2.128217614745211,0.0795851046149247,s027,29,20530442,high_shape,Higher Weibull shape,3,0.3,1.8,1,0.35,0.97,2000,0.3,0.1,1500,2.401498059758109,0.3335714285714286,0.007142857142857143,1400,600
cp_cox_crossfit,CP + Cox (Cross-Fit),0.8866666666666667,2.0825872875815756,0.09599391365339542,s027,29,20530442,high_shape,Higher Weibull shape,3,0.3,1.8,1,0.35,0.97,2000,0.3,0.1,1500,2.401498059758109,0.3335714285714286,0.007142857142857143,1400,600
cp_cox_full,CP + Cox,0.8966666666666666,2.0642523007486058,0.09461376488737802,s027,30,20530443,high_shape,Higher Weibull shape,3,0.3,1.8,1,0.35,0.97,2000,0.3,0.1,1500,2.339046797977158,0.365,0.012142857142857143,1400,600
cp_cox_crossfit,CP + Cox (Cross-Fit),0.8966666666666666,2.057971656863051,0.09672347026724651,s027,30,20530443,high_shape,Higher Weibull shape,3,0.3,1.8,1,0.35,0.97,2000,0.3,0.1,1500,2.339046797977158,0.365,0.012142857142857143,1400,600
cp_cox_full,CP + Cox,0.8683333333333333,1.325577460428022,0.2322131310281975,s028,1,20540414,strong_signal,Stronger covariate effect,3,0.6,1.2,1,0.1,0.75,2000,0.3,0.1,1500,1.5715949746071414,0.31142857142857144,0.205,1400,600
cp_cox_crossfit,CP + Cox (Cross-Fit),0.8883333333333333,1.3573903136254981,0.2022880306570473,s028,1,20540414,strong_signal,Stronger covariate effect,3,0.6,1.2,1,0.1,0.75,2000,0.3,0.1,1500,1.5715949746071414,0.31142857142857144,0.205,1400,600
cp_cox_full,CP + Cox,0.8866666666666667,1.3025241258482463,0.2576237233032101,s028,2,20540415,strong_signal,Stronger covariate effect,3,0.6,1.2,1,0.1,0.75,2000,0.3,0.1,1500,1.554809513090647,0.2985714285714286,0.19357142857142856,1400,600
cp_cox_crossfit,CP + Cox (Cross-Fit),0.8866666666666667,1.3035837084244393,0.25666413632035173,s028,2,20540415,strong_signal,Stronger covariate effect,3,0.6,1.2,1,0.1,0.75,2000,0.3,0.1,1500,1.554809513090647,0.2985714285714286,0.19357142857142856,1400,600
cp_cox_full,CP + Cox,0.88,1.380041455750899,0.23208615411755656,s028,3,20540416,strong_signal,Stronger covariate effect,3,0.6,1.2,1,0.1,0.75,2000,0.3,0.1,1500,1.6181995437485468,0.3,0.20357142857142857,1400,600
cp_cox_crossfit,CP + Cox (Cross-Fit),0.88,1.3792340641042435,0.23267899766782255,s028,3,20540416,strong_signal,Stronger covariate effect,3,0.6,1.2,1,0.1,0.75,2000,0.3,0.1,1500,1.6181995437485468,0.3,0.20357142857142857,1400,600
cp_cox_full,CP + Cox,0.9216666666666666,1.3652284292011851,0.21203807454347057,s028,4,20540417,strong_signal,Stronger covariate effect,3,0.6,1.2,1,0.1,0.75,2000,0.3,0.1,1500,1.5852098939065398,0.29714285714285715,0.20285714285714285,1400,600
cp_cox_crossfit,CP + Cox (Cross-Fit),0.9233333333333333,1.3673737906677041,0.2102007366343146,s028,4,20540417,strong_signal,Stronger covariate effect,3,0.6,1.2,1,0.1,0.75,2000,0.3,0.1,1500,1.5852098939065398,0.29714285714285715,0.20285714285714285,1400,600
cp_cox_full,CP + Cox,0.9216666666666666,1.4453548515669052,0.23016534491655005,s028,5,20540418,strong_signal,Stronger covariate effect,3,0.6,1.2,1,0.1,0.75,2000,0.3,0.1,1500,1.6474014087104742,0.3107142857142857,0.21571428571428572,1400,600
cp_cox_crossfit,CP + Cox (Cross-Fit),0.9166666666666666,1.438764725736565,0.23770391332457705,s028,5,20540418,strong_signal,Stronger covariate effect,3,0.6,1.2,1,0.1,0.75,2000,0.3,0.1,1500,1.6474014087104742,0.3107142857142857,0.21571428571428572,1400,600
cp_cox_full,CP + Cox,0.8783333333333333,1.3218636424083088,0.223355644251286,s028,6,20540419,strong_signal,Stronger covariate effect,3,0.6,1.2,1,0.1,0.75,2000,0.3,0.1,1500,1.5672127318860996,0.295,0.20142857142857143,1400,600
cp_cox_crossfit,CP + Cox (Cross-Fit),0.865,1.2921167519791423,0.24804312492916467,s028,6,20540419,strong_signal,Stronger covariate effect,3,0.6,1.2,1,0.1,0.75,2000,0.3,0.1,1500,1.5672127318860996,0.295,0.20142857142857143,1400,600
cp_cox_full,CP + Cox,0.88,1.3298373469737572,0.26159248883125485,s028,7,20540420,strong_signal,Stronger covariate effect,3,0.6,1.2,1,0.1,0.75,2000,0.3,0.1,1500,1.589195264805301,0.3078571428571429,0.21285714285714286,1400,600
cp_cox_crossfit,CP + Cox (Cross-Fit),0.895,1.3654706565586445,0.23408484779280403,s028,7,20540420,strong_signal,Stronger covariate effect,3,0.6,1.2,1,0.1,0.75,2000,0.3,0.1,1500,1.589195264805301,0.3078571428571429,0.21285714285714286,1400,600
cp_cox_full,CP + Cox,0.8716666666666667,1.2650622647685321,0.21996429925786554,s028,8,20540421,strong_signal,Stronger covariate effect,3,0.6,1.2,1,0.1,0.75,2000,0.3,0.1,1500,1.4869304567523176,0.30857142857142855,0.20642857142857143,1400,600
cp_cox_crossfit,CP + Cox (Cross-Fit),0.885,1.2809832236196985,0.20612401006095024,s028,8,20540421,strong_signal,Stronger covariate effect,3,0.6,1.2,1,0.1,0.75,2000,0.3,0.1,1500,1.4869304567523176,0.30857142857142855,0.20642857142857143,1400,600
cp_cox_full,CP + Cox,0.91,1.4962520063980254,0.18777957148176103,s028,9,20540422,strong_signal,Stronger covariate effect,3,0.6,1.2,1,0.1,0.75,2000,0.3,0.1,1500,1.6849793340055563,0.3107142857142857,0.19857142857142857,1400,600
cp_cox_crossfit,CP + Cox (Cross-Fit),0.9083333333333333,1.4717120594247028,0.20997555116405878,s028,9,20540422,strong_signal,Stronger covariate effect,3,0.6,1.2,1,0.1,0.75,2000,0.3,0.1,1500,1.6849793340055563,0.3107142857142857,0.19857142857142857,1400,600
cp_cox_full,CP + Cox,0.8633333333333333,1.2726097634681552,0.1961887544888297,s028,10,20540423,strong_signal,Stronger covariate effect,3,0.6,1.2,1,0.1,0.75,2000,0.3,0.1,1500,1.4973098049596565,0.31357142857142856,0.2092857142857143,1400,600
cp_cox_crossfit,CP + Cox (Cross-Fit),0.8833333333333333,1.295741570824258,0.17928157294868657,s028,10,20540423,strong_signal,Stronger covariate effect,3,0.6,1.2,1,0.1,0.75,2000,0.3,0.1,1500,1.4973098049596565,0.31357142857142856,0.2092857142857143,1400,600
cp_cox_full,CP + Cox,0.88,1.356102515304226,0.18971329526725147,s028,11,20540424,strong_signal,Stronger covariate effect,3,0.6,1.2,1,0.1,0.75,2000,0.3,0.1,1500,1.5747452579460681,0.2978571428571429,0.21285714285714286,1400,600
cp_cox_crossfit,CP + Cox (Cross-Fit),0.88,1.3552327736038727,0.19039437078209503,s028,11,20540424,strong_signal,Stronger covariate effect,3,0.6,1.2,1,0.1,0.75,2000,0.3,0.1,1500,1.5747452579460681,0.2978571428571429,0.21285714285714286,1400,600
cp_cox_full,CP + Cox,0.905,1.4273417725789008,0.25150498104180136,s028,12,20540425,strong_signal,Stronger covariate effect,3,0.6,1.2,1,0.1,0.75,2000,0.3,0.1,1500,1.654947246431831,0.3171428571428571,0.1957142857142857,1400,600
cp_cox_crossfit,CP + Cox (Cross-Fit),0.885,1.3980384472481542,0.2748737824324596,s028,12,20540425,strong_signal,Stronger covariate effect,3,0.6,1.2,1,0.1,0.75,2000,0.3,0.1,1500,1.654947246431831,0.3171428571428571,0.1957142857142857,1400,600
cp_cox_full,CP + Cox,0.9333333333333333,1.3970613890674055,0.23307834831891175,s028,13,20540426,strong_signal,Stronger covariate effect,3,0.6,1.2,1,0.1,0.75,2000,0.3,0.1,1500,1.6264539499524353,0.30142857142857143,0.19142857142857142,1400,600
cp_cox_crossfit,CP + Cox (Cross-Fit),0.9216666666666666,1.3759298825284751,0.2514942009236754,s028,13,20540426,strong_signal,Stronger covariate effect,3,0.6,1.2,1,0.1,0.75,2000,0.3,0.1,1500,1.6264539499524353,0.30142857142857143,0.19142857142857142,1400,600
cp_cox_full,CP + Cox,0.8833333333333333,1.375909846706253,0.22383864814103094,s028,14,20540427,strong_signal,Stronger covariate effect,3,0.6,1.2,1,0.1,0.75,2000,0.3,0.1,1500,1.6093417573023154,0.3007142857142857,0.2057142857142857,1400,600
cp_cox_crossfit,CP + Cox (Cross-Fit),0.895,1.3901489272208989,0.21109244474857466,s028,14,20540427,strong_signal,Stronger covariate effect,3,0.6,1.2,1,0.1,0.75,2000,0.3,0.1,1500,1.6093417573023154,0.3007142857142857,0.2057142857142857,1400,600
cp_cox_full,CP + Cox,0.9066666666666666,1.421509798943202,0.19964792008553292,s028,15,20540428,strong_signal,Stronger covariate effect,3,0.6,1.2,1,0.1,0.75,2000,0.3,0.1,1500,1.640150424460077,0.3092857142857143,0.21857142857142858,1400,600
cp_cox_crossfit,CP + Cox (Cross-Fit),0.8966666666666666,1.4066399865217292,0.21192933449700208,s028,15,20540428,strong_signal,Stronger covariate effect,3,0.6,1.2,1,0.1,0.75,2000,0.3,0.1,1500,1.640150424460077,0.3092857142857143,0.21857142857142858,1400,600
cp_cox_full,CP + Cox,0.9116666666666666,1.3627878188290077,0.21794038489725898,s028,16,20540429,strong_signal,Stronger covariate effect,3,0.6,1.2,1,0.1,0.75,2000,0.3,0.1,1500,1.5702581310071553,0.2885714285714286,0.20714285714285716,1400,600
cp_cox_crossfit,CP + Cox (Cross-Fit),0.8966666666666666,1.3277093082782485,0.2449991182625782,s028,16,20540429,strong_signal,Stronger covariate effect,3,0.6,1.2,1,0.1,0.75,2000,0.3,0.1,1500,1.5702581310071553,0.2885714285714286,0.20714285714285716,1400,600
cp_cox_full,CP + Cox,0.9083333333333333,1.3597821206997767,0.21549188662291502,s028,17,20540430,strong_signal,Stronger covariate effect,3,0.6,1.2,1,0.1,0.75,2000,0.3,0.1,1500,1.5785123276808484,0.2914285714285714,0.19714285714285715,1400,600
cp_cox_crossfit,CP + Cox (Cross-Fit),0.9083333333333333,1.358151515497174,0.21680319028712053,s028,17,20540430,strong_signal,Stronger covariate effect,3,0.6,1.2,1,0.1,0.75,2000,0.3,0.1,1500,1.5785123276808484,0.2914285714285714,0.19714285714285715,1400,600
cp_cox_full,CP + Cox,0.8866666666666667,1.4609514865935442,0.19817872811496595,s028,18,20540431,strong_signal,Stronger covariate effect,3,0.6,1.2,1,0.1,0.75,2000,0.3,0.1,1500,1.666416516563828,0.29642857142857143,0.21571428571428572,1400,600
cp_cox_crossfit,CP + Cox (Cross-Fit),0.9,1.4822089058041155,0.18015546449530545,s028,18,20540431,strong_signal,Stronger covariate effect,3,0.6,1.2,1,0.1,0.75,2000,0.3,0.1,1500,1.666416516563828,0.29642857142857143,0.21571428571428572,1400,600
cp_cox_full,CP + Cox,0.915,1.3127835074167589,0.2147572913011978,s028,19,20540432,strong_signal,Stronger covariate effect,3,0.6,1.2,1,0.1,0.75,2000,0.3,0.1,1500,1.5215006576540038,0.2957142857142857,0.19857142857142857,1400,600
cp_cox_crossfit,CP + Cox (Cross-Fit),0.91,1.3046517313192165,0.2219969375258512,s028,19,20540432,strong_signal,Stronger covariate effect,3,0.6,1.2,1,0.1,0.75,2000,0.3,0.1,1500,1.5215006576540038,0.2957142857142857,0.19857142857142857,1400,600
cp_cox_full,CP + Cox,0.8866666666666667,1.350246066184849,0.2683825216159677,s028,20,20540433,strong_signal,Stronger covariate effect,3,0.6,1.2,1,0.1,0.75,2000,0.3,0.1,1500,1.6119397039242742,0.29714285714285715,0.19357142857142856,1400,600
cp_cox_crossfit,CP + Cox (Cross-Fit),0.9033333333333333,1.3754944959872066,0.24714639299475907,s028,20,20540433,strong_signal,Stronger covariate effect,3,0.6,1.2,1,0.1,0.75,2000,0.3,0.1,1500,1.6119397039242742,0.29714285714285715,0.19357142857142856,1400,600
cp_cox_full,CP + Cox,0.915,1.3978670979237762,0.21486435496239117,s028,21,20540434,strong_signal,Stronger covariate effect,3,0.6,1.2,1,0.1,0.75,2000,0.3,0.1,1500,1.605403213760503,0.30642857142857144,0.20642857142857143,1400,600
cp_cox_crossfit,CP + Cox (Cross-Fit),0.9133333333333333,1.3937587301737961,0.2180660708779839,s028,21,20540434,strong_signal,Stronger covariate effect,3,0.6,1.2,1,0.1,0.75,2000,0.3,0.1,1500,1.605403213760503,0.30642857142857144,0.20642857142857143,1400,600
cp_cox_full,CP + Cox,0.9183333333333333,1.344746533121204,0.22885285540626515,s028,22,20540435,strong_signal,Stronger covariate effect,3,0.6,1.2,1,0.1,0.75,2000,0.3,0.1,1500,1.5671988179978338,0.30642857142857144,0.19785714285714287,1400,600
cp_cox_crossfit,CP + Cox (Cross-Fit),0.9183333333333333,1.3453266940462625,0.2283157725646864,s028,22,20540435,strong_signal,Stronger covariate effect,3,0.6,1.2,1,0.1,0.75,2000,0.3,0.1,1500,1.5671988179978338,0.30642857142857144,0.19785714285714287,1400,600
cp_cox_full,CP + Cox,0.9166666666666666,1.3784830165061208,0.21708452333621525,s028,23,20540436,strong_signal,Stronger covariate effect,3,0.6,1.2,1,0.1,0.75,2000,0.3,0.1,1500,1.5695968856737845,0.3,0.2057142857142857,1400,600
cp_cox_crossfit,CP + Cox (Cross-Fit),0.9033333333333333,1.3431366900898531,0.24523087326775742,s028,23,20540436,strong_signal,Stronger covariate effect,3,0.6,1.2,1,0.1,0.75,2000,0.3,0.1,1500,1.5695968856737845,0.3,0.2057142857142857,1400,600
cp_cox_full,CP + Cox,0.89,1.3749771091629237,0.23531787058424647,s028,24,20540437,strong_signal,Stronger covariate effect,3,0.6,1.2,1,0.1,0.75,2000,0.3,0.1,1500,1.6172445744750503,0.30642857142857144,0.2057142857142857,1400,600
cp_cox_crossfit,CP + Cox (Cross-Fit),0.8916666666666667,1.377103793851935,0.2336541942305262,s028,24,20540437,strong_signal,Stronger covariate effect,3,0.6,1.2,1,0.1,0.75,2000,0.3,0.1,1500,1.6172445744750503,0.30642857142857144,0.2057142857142857,1400,600
cp_cox_full,CP + Cox,0.9166666666666666,1.3590664580633194,0.19098474057721984,s028,25,20540438,strong_signal,Stronger covariate effect,3,0.6,1.2,1,0.1,0.75,2000,0.3,0.1,1500,1.57854001470951,0.30142857142857143,0.19285714285714287,1400,600
cp_cox_crossfit,CP + Cox (Cross-Fit),0.9183333333333333,1.3614273173487468,0.18899572186255817,s028,25,20540438,strong_signal,Stronger covariate effect,3,0.6,1.2,1,0.1,0.75,2000,0.3,0.1,1500,1.57854001470951,0.30142857142857143,0.19285714285714287,1400,600
cp_cox_full,CP + Cox,0.92,1.4026387299324268,0.2169598460314456,s028,26,20540439,strong_signal,Stronger covariate effect,3,0.6,1.2,1,0.1,0.75,2000,0.3,0.1,1500,1.6056364478546832,0.2985714285714286,0.18785714285714286,1400,600
cp_cox_crossfit,CP + Cox (Cross-Fit),0.91,1.383092084997122,0.23278861518484734,s028,26,20540439,strong_signal,Stronger covariate effect,3,0.6,1.2,1,0.1,0.75,2000,0.3,0.1,1500,1.6056364478546832,0.2985714285714286,0.18785714285714286,1400,600
cp_cox_full,CP + Cox,0.9016666666666666,1.4052665575890753,0.19426805347065537,s028,27,20540440,strong_signal,Stronger covariate effect,3,0.6,1.2,1,0.1,0.75,2000,0.3,0.1,1500,1.607235031377409,0.29714285714285715,0.20785714285714285,1400,600
cp_cox_crossfit,CP + Cox (Cross-Fit),0.92,1.4230413939396198,0.18033139647736376,s028,27,20540440,strong_signal,Stronger covariate effect,3,0.6,1.2,1,0.1,0.75,2000,0.3,0.1,1500,1.607235031377409,0.29714285714285715,0.20785714285714285,1400,600
cp_cox_full,CP + Cox,0.9033333333333333,1.373480171742851,0.2011455742635815,s028,28,20540441,strong_signal,Stronger covariate effect,3,0.6,1.2,1,0.1,0.75,2000,0.3,0.1,1500,1.5852949405239798,0.3142857142857143,0.2092857142857143,1400,600
cp_cox_crossfit,CP + Cox (Cross-Fit),0.9033333333333333,1.3723586644864398,0.20230448388886757,s028,28,20540441,strong_signal,Stronger covariate effect,3,0.6,1.2,1,0.1,0.75,2000,0.3,0.1,1500,1.5852949405239798,0.3142857142857143,0.2092857142857143,1400,600
cp_cox_full,CP + Cox,0.8866666666666667,1.4350740559415398,0.23072516235192342,s028,29,20540442,strong_signal,Stronger covariate effect,3,0.6,1.2,1,0.1,0.75,2000,0.3,0.1,1500,1.6699483492696032,0.2985714285714286,0.2007142857142857,1400,600
cp_cox_crossfit,CP + Cox (Cross-Fit),0.8933333333333333,1.4472685562317633,0.21937927908117552,s028,29,20540442,strong_signal,Stronger covariate effect,3,0.6,1.2,1,0.1,0.75,2000,0.3,0.1,1500,1.6699483492696032,0.2985714285714286,0.2007142857142857,1400,600
cp_cox_full,CP + Cox,0.9016666666666666,1.4079336235865472,0.2288805313507409,s028,30,20540443,strong_signal,Stronger covariate effect,3,0.6,1.2,1,0.1,0.75,2000,0.3,0.1,1500,1.6420785124772999,0.3,0.195,1400,600
cp_cox_crossfit,CP + Cox (Cross-Fit),0.9116666666666666,1.4328519600410223,0.20783470067487103,s028,30,20540443,strong_signal,Stronger covariate effect,3,0.6,1.2,1,0.1,0.75,2000,0.3,0.1,1500,1.6420785124772999,0.3,0.195,1400,600
cp_cox_full,CP + Cox,0.9066666666666666,3.0408211400300553,0.18980620451472033,s029,1,20550414,strong_signal,Stronger covariate effect,3,0.6,1.2,1,0.1,0.9,2000,0.3,0.1,1500,3.255184488593588,0.15571428571428572,0.07071428571428572,1400,600
cp_cox_crossfit,CP + Cox (Cross-Fit),0.9033333333333333,3.030441516481469,0.19892334920260563,s029,1,20550414,strong_signal,Stronger covariate effect,3,0.6,1.2,1,0.1,0.9,2000,0.3,0.1,1500,3.255184488593588,0.15571428571428572,0.07071428571428572,1400,600
cp_cox_full,CP + Cox,0.92,2.9327008554644465,0.1989231413743645,s029,2,20550415,strong_signal,Stronger covariate effect,3,0.6,1.2,1,0.1,0.9,2000,0.3,0.1,1500,3.1376139361120767,0.16785714285714284,0.075,1400,600
cp_cox_crossfit,CP + Cox (Cross-Fit),0.92,2.934072109651695,0.19767091407050594,s029,2,20550415,strong_signal,Stronger covariate effect,3,0.6,1.2,1,0.1,0.9,2000,0.3,0.1,1500,3.1376139361120767,0.16785714285714284,0.075,1400,600
cp_cox_full,CP + Cox,0.9,2.9219475542014157,0.20319280740613282,s029,3,20550416,strong_signal,Stronger covariate effect,3,0.6,1.2,1,0.1,0.9,2000,0.3,0.1,1500,3.117751644522614,0.1707142857142857,0.07642857142857143,1400,600
cp_cox_crossfit,CP + Cox (Cross-Fit),0.9133333333333333,2.9433505416561103,0.1816589128893976,s029,3,20550416,strong_signal,Stronger covariate effect,3,0.6,1.2,1,0.1,0.9,2000,0.3,0.1,1500,3.117751644522614,0.1707142857142857,0.07642857142857143,1400,600
cp_cox_full,CP + Cox,0.9083333333333333,3.054192522700535,0.274879598199697,s029,4,20550417,strong_signal,Stronger covariate effect,3,0.6,1.2,1,0.1,0.9,2000,0.3,0.1,1500,3.301797300595485,0.18785714285714286,0.08357142857142857,1400,600
cp_cox_crossfit,CP + Cox (Cross-Fit),0.8916666666666667,3.0174380724534564,0.30610635779027773,s029,4,20550417,strong_signal,Stronger covariate effect,3,0.6,1.2,1,0.1,0.9,2000,0.3,0.1,1500,3.301797300595485,0.18785714285714286,0.08357142857142857,1400,600
cp_cox_full,CP + Cox,0.9266666666666666,3.2277993444103577,0.22877067277725643,s029,5,20550418,strong_signal,Stronger covariate effect,3,0.6,1.2,1,0.1,0.9,2000,0.3,0.1,1500,3.461538433539799,0.18071428571428572,0.065,1400,600
cp_cox_crossfit,CP + Cox (Cross-Fit),0.9066666666666666,3.1899914087933623,0.26608626277619457,s029,5,20550418,strong_signal,Stronger covariate effect,3,0.6,1.2,1,0.1,0.9,2000,0.3,0.1,1500,3.461538433539799,0.18071428571428572,0.065,1400,600
cp_cox_full,CP + Cox,0.865,2.885089643294365,0.19975969652134787,s029,6,20550419,strong_signal,Stronger covariate effect,3,0.6,1.2,1,0.1,0.9,2000,0.3,0.1,1500,3.1150012175464292,0.18714285714285714,0.07571428571428572,1400,600
cp_cox_crossfit,CP + Cox (Cross-Fit),0.89,2.915299394371933,0.17249698111066109,s029,6,20550419,strong_signal,Stronger covariate effect,3,0.6,1.2,1,0.1,0.9,2000,0.3,0.1,1500,3.1150012175464292,0.18714285714285714,0.07571428571428572,1400,600
cp_cox_full,CP + Cox,0.8966666666666666,2.9182004457575914,0.25147165305785435,s029,7,20550420,strong_signal,Stronger covariate effect,3,0.6,1.2,1,0.1,0.9,2000,0.3,0.1,1500,3.1581538726593137,0.17714285714285713,0.06642857142857143,1400,600
cp_cox_crossfit,CP + Cox (Cross-Fit),0.8966666666666666,2.918302238126587,0.25138453111665365,s029,7,20550420,strong_signal,Stronger covariate effect,3,0.6,1.2,1,0.1,0.9,2000,0.3,0.1,1500,3.1581538726593137,0.17714285714285713,0.06642857142857143,1400,600
cp_cox_full,CP + Cox,0.9316666666666666,3.1182692598446047,0.27699516240374916,s029,8,20550421,strong_signal,Stronger covariate effect,3,0.6,1.2,1,0.1,0.9,2000,0.3,0.1,1500,3.3605239461014964,0.17785714285714285,0.06285714285714286,1400,600
cp_cox_crossfit,CP + Cox (Cross-Fit),0.9383333333333334,3.128692371067464,0.26762931967625114,s029,8,20550421,strong_signal,Stronger covariate effect,3,0.6,1.2,1,0.1,0.9,2000,0.3,0.1,1500,3.3605239461014964,0.17785714285714285,0.06285714285714286,1400,600
cp_cox_full,CP + Cox,0.9233333333333333,2.904965310514689,0.23342865532211102,s029,9,20550422,strong_signal,Stronger covariate effect,3,0.6,1.2,1,0.1,0.9,2000,0.3,0.1,1500,3.126552410372875,0.1707142857142857,0.06285714285714286,1400,600
cp_cox_crossfit,CP + Cox (Cross-Fit),0.9083333333333333,2.8729131305631013,0.26276245464323233,s029,9,20550422,strong_signal,Stronger covariate effect,3,0.6,1.2,1,0.1,0.9,2000,0.3,0.1,1500,3.126552410372875,0.1707142857142857,0.06285714285714286,1400,600
cp_cox_full,CP + Cox,0.9216666666666666,3.2129724765873586,0.2608424832753187,s029,10,20550423,strong_signal,Stronger covariate effect,3,0.6,1.2,1,0.1,0.9,2000,0.3,0.1,1500,3.426245036843001,0.16214285714285714,0.06714285714285714,1400,600
cp_cox_crossfit,CP + Cox (Cross-Fit),0.9166666666666666,3.203468534041564,0.27268268991499917,s029,10,20550423,strong_signal,Stronger covariate effect,3,0.6,1.2,1,0.1,0.9,2000,0.3,0.1,1500,3.426245036843001,0.16214285714285714,0.06714285714285714,1400,600
cp_cox_full,CP + Cox,0.8966666666666666,3.1287504594292654,0.3175200112223611,s029,11,20550424,strong_signal,Stronger covariate effect,3,0.6,1.2,1,0.1,0.9,2000,0.3,0.1,1500,3.4051419255806237,0.1657142857142857,0.07714285714285714,1400,600
cp_cox_crossfit,CP + Cox (Cross-Fit),0.8983333333333333,3.1332561465373785,0.3130262620160998,s029,11,20550424,strong_signal,Stronger covariate effect,3,0.6,1.2,1,0.1,0.9,2000,0.3,0.1,1500,3.4051419255806237,0.1657142857142857,0.07714285714285714,1400,600
cp_cox_full,CP + Cox,0.88,3.0488290578207855,0.28016240137236564,s029,12,20550425,strong_signal,Stronger covariate effect,3,0.6,1.2,1,0.1,0.9,2000,0.3,0.1,1500,3.271345861821268,0.17,0.060714285714285714,1400,600
cp_cox_crossfit,CP + Cox (Cross-Fit),0.88,3.0511206264061275,0.27795591750738374,s029,12,20550425,strong_signal,Stronger covariate effect,3,0.6,1.2,1,0.1,0.9,2000,0.3,0.1,1500,3.271345861821268,0.17,0.060714285714285714,1400,600
cp_cox_full,CP + Cox,0.925,3.1265700646646146,0.23259314936473036,s029,13,20550426,strong_signal,Stronger covariate effect,3,0.6,1.2,1,0.1,0.9,2000,0.3,0.1,1500,3.3649711734761496,0.16714285714285715,0.06714285714285714,1400,600
cp_cox_crossfit,CP + Cox (Cross-Fit),0.9133333333333333,3.1095580894977926,0.24838245262224243,s029,13,20550426,strong_signal,Stronger covariate effect,3,0.6,1.2,1,0.1,0.9,2000,0.3,0.1,1500,3.3649711734761496,0.16714285714285715,0.06714285714285714,1400,600
cp_cox_full,CP + Cox,0.9283333333333333,3.2573045716677815,0.2493956536273606,s029,14,20550427,strong_signal,Stronger covariate effect,3,0.6,1.2,1,0.1,0.9,2000,0.3,0.1,1500,3.480583959687375,0.16071428571428573,0.06357142857142857,1400,600
cp_cox_crossfit,CP + Cox (Cross-Fit),0.9383333333333334,3.271474723256263,0.2374503315091386,s029,14,20550427,strong_signal,Stronger covariate effect,3,0.6,1.2,1,0.1,0.9,2000,0.3,0.1,1500,3.480583959687375,0.16071428571428573,0.06357142857142857,1400,600
cp_cox_full,CP + Cox,0.8866666666666667,3.0179021055246746,0.25285799085514477,s029,15,20550428,strong_signal,Stronger covariate effect,3,0.6,1.2,1,0.1,0.9,2000,0.3,0.1,1500,3.2550193181614246,0.19214285714285714,0.07,1400,600
cp_cox_crossfit,CP + Cox (Cross-Fit),0.8833333333333333,3.013353613125854,0.2579303531018513,s029,15,20550428,strong_signal,Stronger covariate effect,3,0.6,1.2,1,0.1,0.9,2000,0.3,0.1,1500,3.2550193181614246,0.19214285714285714,0.07,1400,600
cp_cox_full,CP + Cox,0.8833333333333333,3.0592572829089577,0.2727835820929802,s029,16,20550429,strong_signal,Stronger covariate effect,3,0.6,1.2,1,0.1,0.9,2000,0.3,0.1,1500,3.311280143368793,0.17,0.075,1400,600
cp_cox_crossfit,CP + Cox (Cross-Fit),0.8883333333333333,3.0651980397312997,0.26639936541482107,s029,16,20550429,strong_signal,Stronger covariate effect,3,0.6,1.2,1,0.1,0.9,2000,0.3,0.1,1500,3.311280143368793,0.17,0.075,1400,600
cp_cox_full,CP + Cox,0.905,3.176234171371961,0.2080431915855406,s029,17,20550430,strong_signal,Stronger covariate effect,3,0.6,1.2,1,0.1,0.9,2000,0.3,0.1,1500,3.385694501074517,0.17,0.07571428571428572,1400,600
cp_cox_crossfit,CP + Cox (Cross-Fit),0.905,3.1789582496301523,0.20529196818438247,s029,17,20550430,strong_signal,Stronger covariate effect,3,0.6,1.2,1,0.1,0.9,2000,0.3,0.1,1500,3.385694501074517,0.17,0.07571428571428572,1400,600
cp_cox_full,CP + Cox,0.9116666666666666,2.7256508638449994,0.2537479416057197,s029,18,20550431,strong_signal,Stronger covariate effect,3,0.6,1.2,1,0.1,0.9,2000,0.3,0.1,1500,2.939262278714842,0.1657142857142857,0.06714285714285714,1400,600
cp_cox_crossfit,CP + Cox (Cross-Fit),0.915,2.7412384874890288,0.23785997917080856,s029,18,20550431,strong_signal,Stronger covariate effect,3,0.6,1.2,1,0.1,0.9,2000,0.3,0.1,1500,2.939262278714842,0.1657142857142857,0.06714285714285714,1400,600
cp_cox_full,CP + Cox,0.8933333333333333,3.0205123489522316,0.2325378299847064,s029,19,20550432,strong_signal,Stronger covariate effect,3,0.6,1.2,1,0.1,0.9,2000,0.3,0.1,1500,3.234273637001694,0.165,0.07,1400,600
cp_cox_crossfit,CP + Cox (Cross-Fit),0.8916666666666667,3.015021975421113,0.2385060888645533,s029,19,20550432,strong_signal,Stronger covariate effect,3,0.6,1.2,1,0.1,0.9,2000,0.3,0.1,1500,3.234273637001694,0.165,0.07,1400,600
cp_cox_full,CP + Cox,0.885,2.9352611854920903,0.1838472718309128,s029,20,20550433,strong_signal,Stronger covariate effect,3,0.6,1.2,1,0.1,0.9,2000,0.3,0.1,1500,3.1496797099357607,0.1742857142857143,0.08142857142857143,1400,600
cp_cox_crossfit,CP + Cox (Cross-Fit),0.8866666666666667,2.9366557327281897,0.18254853858968062,s029,20,20550433,strong_signal,Stronger covariate effect,3,0.6,1.2,1,0.1,0.9,2000,0.3,0.1,1500,3.1496797099357607,0.1742857142857143,0.08142857142857143,1400,600
cp_cox_full,CP + Cox,0.89,2.9418089644837955,0.19168454792729392,s029,21,20550434,strong_signal,Stronger covariate effect,3,0.6,1.2,1,0.1,0.9,2000,0.3,0.1,1500,3.14665219914213,0.185,0.08357142857142857,1400,600
cp_cox_crossfit,CP + Cox (Cross-Fit),0.8933333333333333,2.9466176864696787,0.18703018179319114,s029,21,20550434,strong_signal,Stronger covariate effect,3,0.6,1.2,1,0.1,0.9,2000,0.3,0.1,1500,3.14665219914213,0.185,0.08357142857142857,1400,600
cp_cox_full,CP + Cox,0.905,3.181399882611407,0.23824922857564448,s029,22,20550435,strong_signal,Stronger covariate effect,3,0.6,1.2,1,0.1,0.9,2000,0.3,0.1,1500,3.396737463448674,0.18357142857142858,0.07428571428571429,1400,600
cp_cox_crossfit,CP + Cox (Cross-Fit),0.915,3.204494697773843,0.21226385644382062,s029,22,20550435,strong_signal,Stronger covariate effect,3,0.6,1.2,1,0.1,0.9,2000,0.3,0.1,1500,3.396737463448674,0.18357142857142858,0.07428571428571429,1400,600
cp_cox_full,CP + Cox,0.8966666666666666,3.0148764296258768,0.21580391790012735,s029,23,20550436,strong_signal,Stronger covariate effect,3,0.6,1.2,1,0.1,0.9,2000,0.3,0.1,1500,3.248844647365396,0.16785714285714284,0.07285714285714286,1400,600
cp_cox_crossfit,CP + Cox (Cross-Fit),0.9016666666666666,3.0246845946826713,0.2059003574259405,s029,23,20550436,strong_signal,Stronger covariate effect,3,0.6,1.2,1,0.1,0.9,2000,0.3,0.1,1500,3.248844647365396,0.16785714285714284,0.07285714285714286,1400,600
cp_cox_full,CP + Cox,0.9116666666666666,2.8496476921376908,0.2447114509031538,s029,24,20550437,strong_signal,Stronger covariate effect,3,0.6,1.2,1,0.1,0.9,2000,0.3,0.1,1500,3.065726977835292,0.1757142857142857,0.07142857142857142,1400,600
cp_cox_crossfit,CP + Cox (Cross-Fit),0.9066666666666666,2.844241063883334,0.2503694105628295,s029,24,20550437,strong_signal,Stronger covariate effect,3,0.6,1.2,1,0.1,0.9,2000,0.3,0.1,1500,3.065726977835292,0.1757142857142857,0.07142857142857142,1400,600
cp_cox_full,CP + Cox,0.9033333333333333,2.990039393770414,0.19071980805666433,s029,25,20550438,strong_signal,Stronger covariate effect,3,0.6,1.2,1,0.1,0.9,2000,0.3,0.1,1500,3.199441254547103,0.1742857142857143,0.07285714285714286,1400,600
cp_cox_crossfit,CP + Cox (Cross-Fit),0.9066666666666666,3.0001614624498645,0.18219832593162066,s029,25,20550438,strong_signal,Stronger covariate effect,3,0.6,1.2,1,0.1,0.9,2000,0.3,0.1,1500,3.199441254547103,0.1742857142857143,0.07285714285714286,1400,600
cp_cox_full,CP + Cox,0.89,3.0702151413128913,0.32124961438902944,s029,26,20550439,strong_signal,Stronger covariate effect,3,0.6,1.2,1,0.1,0.9,2000,0.3,0.1,1500,3.3070828210903804,0.16428571428571428,0.06714285714285714,1400,600
cp_cox_crossfit,CP + Cox (Cross-Fit),0.89,3.071654115063164,0.32030696689408006,s029,26,20550439,strong_signal,Stronger covariate effect,3,0.6,1.2,1,0.1,0.9,2000,0.3,0.1,1500,3.3070828210903804,0.16428571428571428,0.06714285714285714,1400,600
cp_cox_full,CP + Cox,0.8666666666666667,3.1325125151585653,0.35527134918947134,s029,27,20550440,strong_signal,Stronger covariate effect,3,0.6,1.2,1,0.1,0.9,2000,0.3,0.1,1500,3.45139264646777,0.1792857142857143,0.06928571428571428,1400,600
cp_cox_crossfit,CP + Cox (Cross-Fit),0.8866666666666667,3.1905763403125484,0.30728659823825244,s029,27,20550440,strong_signal,Stronger covariate effect,3,0.6,1.2,1,0.1,0.9,2000,0.3,0.1,1500,3.45139264646777,0.1792857142857143,0.06928571428571428,1400,600
cp_cox_full,CP + Cox,0.925,2.930875320274416,0.19845748963521512,s029,28,20550441,strong_signal,Stronger covariate effect,3,0.6,1.2,1,0.1,0.9,2000,0.3,0.1,1500,3.147487715729397,0.165,0.07285714285714286,1400,600
cp_cox_crossfit,CP + Cox (Cross-Fit),0.9233333333333333,2.9230268075897974,0.20552011339969586,s029,28,20550441,strong_signal,Stronger covariate effect,3,0.6,1.2,1,0.1,0.9,2000,0.3,0.1,1500,3.147487715729397,0.165,0.07285714285714286,1400,600
cp_cox_full,CP + Cox,0.9333333333333333,3.0633956960472437,0.2170490945577154,s029,29,20550442,strong_signal,Stronger covariate effect,3,0.6,1.2,1,0.1,0.9,2000,0.3,0.1,1500,3.269146623834102,0.1692857142857143,0.06142857142857143,1400,600
cp_cox_crossfit,CP + Cox (Cross-Fit),0.9183333333333333,3.017828396771109,0.2634355220677146,s029,29,20550442,strong_signal,Stronger covariate effect,3,0.6,1.2,1,0.1,0.9,2000,0.3,0.1,1500,3.269146623834102,0.1692857142857143,0.06142857142857143,1400,600
cp_cox_full,CP + Cox,0.89,3.1411187436047037,0.21981127649002088,s029,30,20550443,strong_signal,Stronger covariate effect,3,0.6,1.2,1,0.1,0.9,2000,0.3,0.1,1500,3.363029294042155,0.1657142857142857,0.06857142857142857,1400,600
cp_cox_crossfit,CP + Cox (Cross-Fit),0.9,3.149492269822953,0.21188198994594654,s029,30,20550443,strong_signal,Stronger covariate effect,3,0.6,1.2,1,0.1,0.9,2000,0.3,0.1,1500,3.363029294042155,0.1657142857142857,0.06857142857142857,1400,600
cp_cox_full,CP + Cox,0.8933333333333333,6.595415179512177,0.25120841475816474,s030,1,20560414,strong_signal,Stronger covariate effect,3,0.6,1.2,1,0.1,0.97,2000,0.3,0.1,1500,6.83167807909412,0.13142857142857142,0.016428571428571428,1400,600
cp_cox_crossfit,CP + Cox (Cross-Fit),0.905,6.6165775078067846,0.22875870401731654,s030,1,20560414,strong_signal,Stronger covariate effect,3,0.6,1.2,1,0.1,0.97,2000,0.3,0.1,1500,6.83167807909412,0.13142857142857142,0.016428571428571428,1400,600
cp_cox_full,CP + Cox,0.9233333333333333,6.265243601592158,0.20042706075864256,s030,2,20560415,strong_signal,Stronger covariate effect,3,0.6,1.2,1,0.1,0.97,2000,0.3,0.1,1500,6.463524821915091,0.11928571428571429,0.015714285714285715,1400,600
cp_cox_crossfit,CP + Cox (Cross-Fit),0.925,6.273060337151703,0.19249684120304578,s030,2,20560415,strong_signal,Stronger covariate effect,3,0.6,1.2,1,0.1,0.97,2000,0.3,0.1,1500,6.463524821915091,0.11928571428571429,0.015714285714285715,1400,600
cp_cox_full,CP + Cox,0.9,6.1469528054102796,0.2254964034925334,s030,3,20560416,strong_signal,Stronger covariate effect,3,0.6,1.2,1,0.1,0.97,2000,0.3,0.1,1500,6.350441261465658,0.12785714285714286,0.020714285714285713,1400,600
cp_cox_crossfit,CP + Cox (Cross-Fit),0.9033333333333333,6.151398599679737,0.21893901839725485,s030,3,20560416,strong_signal,Stronger covariate effect,3,0.6,1.2,1,0.1,0.97,2000,0.3,0.1,1500,6.350441261465658,0.12785714285714286,0.020714285714285713,1400,600
cp_cox_full,CP + Cox,0.8916666666666667,6.5838103894942215,0.19053746000484229,s030,4,20560417,strong_signal,Stronger covariate effect,3,0.6,1.2,1,0.1,0.97,2000,0.3,0.1,1500,6.809530100489782,0.11857142857142858,0.016428571428571428,1400,600
cp_cox_crossfit,CP + Cox (Cross-Fit),0.8916666666666667,6.5828813230193415,0.1914480381017333,s030,4,20560417,strong_signal,Stronger covariate effect,3,0.6,1.2,1,0.1,0.97,2000,0.3,0.1,1500,6.809530100489782,0.11857142857142858,0.016428571428571428,1400,600
cp_cox_full,CP + Cox,0.8966666666666666,5.9133686606470635,0.23929944867389957,s030,5,20560418,strong_signal,Stronger covariate effect,3,0.6,1.2,1,0.1,0.97,2000,0.3,0.1,1500,6.13839494188839,0.12,0.015714285714285715,1400,600
cp_cox_crossfit,CP + Cox (Cross-Fit),0.9233333333333333,5.964315208395757,0.1842913326735696,s030,5,20560418,strong_signal,Stronger covariate effect,3,0.6,1.2,1,0.1,0.97,2000,0.3,0.1,1500,6.13839494188839,0.12,0.015714285714285715,1400,600
cp_cox_full,CP + Cox,0.93,5.760968246665478,0.2958468593312591,s030,6,20560419,strong_signal,Stronger covariate effect,3,0.6,1.2,1,0.1,0.97,2000,0.3,0.1,1500,6.002852903969771,0.11285714285714285,0.012857142857142857,1400,600
cp_cox_crossfit,CP + Cox (Cross-Fit),0.93,5.758328921099217,0.29843410266855336,s030,6,20560419,strong_signal,Stronger covariate effect,3,0.6,1.2,1,0.1,0.97,2000,0.3,0.1,1500,6.002852903969771,0.11285714285714285,0.012857142857142857,1400,600
cp_cox_full,CP + Cox,0.8816666666666667,6.064460551575246,0.2701407480424736,s030,7,20560420,strong_signal,Stronger covariate effect,3,0.6,1.2,1,0.1,0.97,2000,0.3,0.1,1500,6.310607956721505,0.11857142857142858,0.016428571428571428,1400,600
cp_cox_crossfit,CP + Cox (Cross-Fit),0.8816666666666667,6.0659580410346665,0.2686822953724384,s030,7,20560420,strong_signal,Stronger covariate effect,3,0.6,1.2,1,0.1,0.97,2000,0.3,0.1,1500,6.310607956721505,0.11857142857142858,0.016428571428571428,1400,600
cp_cox_full,CP + Cox,0.9066666666666666,6.2868498924297755,0.2921440753224011,s030,8,20560421,strong_signal,Stronger covariate effect,3,0.6,1.2,1,0.1,0.97,2000,0.3,0.1,1500,6.530138243517186,0.09857142857142857,0.015714285714285715,1400,600
cp_cox_crossfit,CP + Cox (Cross-Fit),0.9116666666666666,6.294237451034287,0.283973753913692,s030,8,20560421,strong_signal,Stronger covariate effect,3,0.6,1.2,1,0.1,0.97,2000,0.3,0.1,1500,6.530138243517186,0.09857142857142857,0.015714285714285715,1400,600
cp_cox_full,CP + Cox,0.9183333333333333,5.621371183551706,0.2980522896301072,s030,9,20560422,strong_signal,Stronger covariate effect,3,0.6,1.2,1,0.1,0.97,2000,0.3,0.1,1500,5.859726260041899,0.12285714285714286,0.017857142857142856,1400,600
cp_cox_crossfit,CP + Cox (Cross-Fit),0.9233333333333333,5.630605013149715,0.28757703094420456,s030,9,20560422,strong_signal,Stronger covariate effect,3,0.6,1.2,1,0.1,0.97,2000,0.3,0.1,1500,5.859726260041899,0.12285714285714286,0.017857142857142856,1400,600
cp_cox_full,CP + Cox,0.91,5.7570227893712165,0.2055698476605866,s030,10,20560423,strong_signal,Stronger covariate effect,3,0.6,1.2,1,0.1,0.97,2000,0.3,0.1,1500,5.961489631670175,0.10571428571428572,0.015714285714285715,1400,600
cp_cox_crossfit,CP + Cox (Cross-Fit),0.8916666666666667,5.721821803344145,0.24072221933123722,s030,10,20560423,strong_signal,Stronger covariate effect,3,0.6,1.2,1,0.1,0.97,2000,0.3,0.1,1500,5.961489631670175,0.10571428571428572,0.015714285714285715,1400,600
cp_cox_full,CP + Cox,0.8883333333333333,6.197710599862879,0.18550519630713647,s030,11,20560424,strong_signal,Stronger covariate effect,3,0.6,1.2,1,0.1,0.97,2000,0.3,0.1,1500,6.401137244153963,0.12071428571428572,0.016428571428571428,1400,600
cp_cox_crossfit,CP + Cox (Cross-Fit),0.8866666666666667,6.186708406936183,0.19559394806626682,s030,11,20560424,strong_signal,Stronger covariate effect,3,0.6,1.2,1,0.1,0.97,2000,0.3,0.1,1500,6.401137244153963,0.12071428571428572,0.016428571428571428,1400,600
cp_cox_full,CP + Cox,0.9083333333333333,6.21827687606207,0.2279210767087472,s030,12,20560425,strong_signal,Stronger covariate effect,3,0.6,1.2,1,0.1,0.97,2000,0.3,0.1,1500,6.4360060435854995,0.09714285714285714,0.018571428571428572,1400,600
cp_cox_crossfit,CP + Cox (Cross-Fit),0.91,6.219876030176535,0.22620266501803474,s030,12,20560425,strong_signal,Stronger covariate effect,3,0.6,1.2,1,0.1,0.97,2000,0.3,0.1,1500,6.4360060435854995,0.09714285714285714,0.018571428571428572,1400,600
cp_cox_full,CP + Cox,0.8933333333333333,6.162615199809209,0.2711036533693731,s030,13,20560426,strong_signal,Stronger covariate effect,3,0.6,1.2,1,0.1,0.97,2000,0.3,0.1,1500,6.378568264038084,0.11071428571428571,0.015,1400,600
cp_cox_crossfit,CP + Cox (Cross-Fit),0.8833333333333333,6.141129723301323,0.3021573199302618,s030,13,20560426,strong_signal,Stronger covariate effect,3,0.6,1.2,1,0.1,0.97,2000,0.3,0.1,1500,6.378568264038084,0.11071428571428571,0.015,1400,600
cp_cox_full,CP + Cox,0.8783333333333333,6.03119950869543,0.28407795965673965,s030,14,20560427,strong_signal,Stronger covariate effect,3,0.6,1.2,1,0.1,0.97,2000,0.3,0.1,1500,6.27366820368972,0.11,0.014285714285714285,1400,600
cp_cox_crossfit,CP + Cox (Cross-Fit),0.8783333333333333,6.028938835674596,0.28599890708398185,s030,14,20560427,strong_signal,Stronger covariate effect,3,0.6,1.2,1,0.1,0.97,2000,0.3,0.1,1500,6.27366820368972,0.11,0.014285714285714285,1400,600
cp_cox_full,CP + Cox,0.915,6.278865192265478,0.1934361063716978,s030,15,20560428,strong_signal,Stronger covariate effect,3,0.6,1.2,1,0.1,0.97,2000,0.3,0.1,1500,6.484029583369407,0.115,0.014285714285714285,1400,600
cp_cox_crossfit,CP + Cox (Cross-Fit),0.9066666666666666,6.269651092789035,0.20272344255981634,s030,15,20560428,strong_signal,Stronger covariate effect,3,0.6,1.2,1,0.1,0.97,2000,0.3,0.1,1500,6.484029583369407,0.115,0.014285714285714285,1400,600
cp_cox_full,CP + Cox,0.88,6.364224956463071,0.19485792422995984,s030,16,20560429,strong_signal,Stronger covariate effect,3,0.6,1.2,1,0.1,0.97,2000,0.3,0.1,1500,6.559616499048559,0.11,0.012142857142857143,1400,600
cp_cox_crossfit,CP + Cox (Cross-Fit),0.89,6.371718276316912,0.18714151333960607,s030,16,20560429,strong_signal,Stronger covariate effect,3,0.6,1.2,1,0.1,0.97,2000,0.3,0.1,1500,6.559616499048559,0.11,0.012142857142857143,1400,600
cp_cox_full,CP + Cox,0.9,6.085545124748596,0.2013468158277726,s030,17,20560430,strong_signal,Stronger covariate effect,3,0.6,1.2,1,0.1,0.97,2000,0.3,0.1,1500,6.298809766099942,0.10714285714285714,0.015714285714285715,1400,600
cp_cox_crossfit,CP + Cox (Cross-Fit),0.8883333333333333,6.059420322317303,0.22949245869834342,s030,17,20560430,strong_signal,Stronger covariate effect,3,0.6,1.2,1,0.1,0.97,2000,0.3,0.1,1500,6.298809766099942,0.10714285714285714,0.015714285714285715,1400,600
cp_cox_full,CP + Cox,0.9233333333333333,5.586781404050366,0.19070397494527336,s030,18,20560431,strong_signal,Stronger covariate effect,3,0.6,1.2,1,0.1,0.97,2000,0.3,0.1,1500,5.784493651873815,0.11142857142857143,0.02,1400,600
cp_cox_crossfit,CP + Cox (Cross-Fit),0.9216666666666666,5.5831792570690055,0.19433917617029808,s030,18,20560431,strong_signal,Stronger covariate effect,3,0.6,1.2,1,0.1,0.97,2000,0.3,0.1,1500,5.784493651873815,0.11142857142857143,0.02,1400,600
cp_cox_full,CP + Cox,0.9133333333333333,5.706086969587004,0.171657171161836,s030,19,20560432,strong_signal,Stronger covariate effect,3,0.6,1.2,1,0.1,0.97,2000,0.3,0.1,1500,5.909904472653981,0.11571428571428571,0.017142857142857144,1400,600
cp_cox_crossfit,CP + Cox (Cross-Fit),0.93,5.728683169636597,0.1525106557477573,s030,19,20560432,strong_signal,Stronger covariate effect,3,0.6,1.2,1,0.1,0.97,2000,0.3,0.1,1500,5.909904472653981,0.11571428571428571,0.017142857142857144,1400,600
cp_cox_full,CP + Cox,0.8916666666666667,5.136464915609858,0.3085896067228538,s030,20,20560433,strong_signal,Stronger covariate effect,3,0.6,1.2,1,0.1,0.97,2000,0.3,0.1,1500,5.4087483831343155,0.10785714285714286,0.017857142857142856,1400,600
cp_cox_crossfit,CP + Cox (Cross-Fit),0.9033333333333333,5.15803798712009,0.2863560454241322,s030,20,20560433,strong_signal,Stronger covariate effect,3,0.6,1.2,1,0.1,0.97,2000,0.3,0.1,1500,5.4087483831343155,0.10785714285714286,0.017857142857142856,1400,600
cp_cox_full,CP + Cox,0.9033333333333333,6.147693232950501,0.24689924649291198,s030,21,20560434,strong_signal,Stronger covariate effect,3,0.6,1.2,1,0.1,0.97,2000,0.3,0.1,1500,6.357371306309205,0.11357142857142857,0.017142857142857144,1400,600
cp_cox_crossfit,CP + Cox (Cross-Fit),0.9033333333333333,6.1472333402014145,0.24725297435526344,s030,21,20560434,strong_signal,Stronger covariate effect,3,0.6,1.2,1,0.1,0.97,2000,0.3,0.1,1500,6.357371306309205,0.11357142857142857,0.017142857142857144,1400,600
cp_cox_full,CP + Cox,0.8983333333333333,5.558428308400994,0.2234429219022769,s030,22,20560435,strong_signal,Stronger covariate effect,3,0.6,1.2,1,0.1,0.97,2000,0.3,0.1,1500,5.763182378159743,0.10857142857142857,0.017857142857142856,1400,600
cp_cox_crossfit,CP + Cox (Cross-Fit),0.9033333333333333,5.571588468800276,0.20874305272062485,s030,22,20560435,strong_signal,Stronger covariate effect,3,0.6,1.2,1,0.1,0.97,2000,0.3,0.1,1500,5.763182378159743,0.10857142857142857,0.017857142857142856,1400,600
cp_cox_full,CP + Cox,0.9183333333333333,5.744063150818884,0.2194010888059081,s030,23,20560436,strong_signal,Stronger covariate effect,3,0.6,1.2,1,0.1,0.97,2000,0.3,0.1,1500,5.969734336579993,0.10571428571428572,0.022857142857142857,1400,600
cp_cox_crossfit,CP + Cox (Cross-Fit),0.8966666666666666,5.707928994956011,0.25526554608795887,s030,23,20560436,strong_signal,Stronger covariate effect,3,0.6,1.2,1,0.1,0.97,2000,0.3,0.1,1500,5.969734336579993,0.10571428571428572,0.022857142857142857,1400,600
cp_cox_full,CP + Cox,0.8933333333333333,5.3086291965700685,0.19932595227349176,s030,24,20560437,strong_signal,Stronger covariate effect,3,0.6,1.2,1,0.1,0.97,2000,0.3,0.1,1500,5.530307969744981,0.11357142857142857,0.02,1400,600
cp_cox_crossfit,CP + Cox (Cross-Fit),0.9166666666666666,5.352149823488912,0.1584981164367719,s030,24,20560437,strong_signal,Stronger covariate effect,3,0.6,1.2,1,0.1,0.97,2000,0.3,0.1,1500,5.530307969744981,0.11357142857142857,0.02,1400,600
cp_cox_full,CP + Cox,0.8733333333333333,6.733474503594816,0.28110906864896223,s030,25,20560438,strong_signal,Stronger covariate effect,3,0.6,1.2,1,0.1,0.97,2000,0.3,0.1,1500,6.987052201362667,0.11642857142857142,0.02,1400,600
cp_cox_crossfit,CP + Cox (Cross-Fit),0.8733333333333333,6.7324873160354155,0.2824258675224821,s030,25,20560438,strong_signal,Stronger covariate effect,3,0.6,1.2,1,0.1,0.97,2000,0.3,0.1,1500,6.987052201362667,0.11642857142857142,0.02,1400,600
cp_cox_full,CP + Cox,0.915,6.092660207768094,0.19939858361625135,s030,26,20560439,strong_signal,Stronger covariate effect,3,0.6,1.2,1,0.1,0.97,2000,0.3,0.1,1500,6.298790337504485,0.09928571428571428,0.014285714285714285,1400,600
cp_cox_crossfit,CP + Cox (Cross-Fit),0.9266666666666666,6.114812027470655,0.17876876216662155,s030,26,20560439,strong_signal,Stronger covariate effect,3,0.6,1.2,1,0.1,0.97,2000,0.3,0.1,1500,6.298790337504485,0.09928571428571428,0.014285714285714285,1400,600
cp_cox_full,CP + Cox,0.8766666666666667,5.962410380250089,0.2603790425397754,s030,27,20560440,strong_signal,Stronger covariate effect,3,0.6,1.2,1,0.1,0.97,2000,0.3,0.1,1500,6.223975018303345,0.10642857142857143,0.014285714285714285,1400,600
cp_cox_crossfit,CP + Cox (Cross-Fit),0.8816666666666667,5.974793559887869,0.24853493669403454,s030,27,20560440,strong_signal,Stronger covariate effect,3,0.6,1.2,1,0.1,0.97,2000,0.3,0.1,1500,6.223975018303345,0.10642857142857143,0.014285714285714285,1400,600
cp_cox_full,CP + Cox,0.91,5.662775972836578,0.21951532721582484,s030,28,20560441,strong_signal,Stronger covariate effect,3,0.6,1.2,1,0.1,0.97,2000,0.3,0.1,1500,5.889558509338134,0.12285714285714286,0.020714285714285713,1400,600
cp_cox_crossfit,CP + Cox (Cross-Fit),0.8983333333333333,5.640282897024434,0.24169285473442445,s030,28,20560441,strong_signal,Stronger covariate effect,3,0.6,1.2,1,0.1,0.97,2000,0.3,0.1,1500,5.889558509338134,0.12285714285714286,0.020714285714285713,1400,600
cp_cox_full,CP + Cox,0.8733333333333333,6.077090177231954,0.2602321798980104,s030,29,20560442,strong_signal,Stronger covariate effect,3,0.6,1.2,1,0.1,0.97,2000,0.3,0.1,1500,6.327845920672088,0.12428571428571429,0.018571428571428572,1400,600
cp_cox_crossfit,CP + Cox (Cross-Fit),0.885,6.102550212453928,0.2334055830769578,s030,29,20560442,strong_signal,Stronger covariate effect,3,0.6,1.2,1,0.1,0.97,2000,0.3,0.1,1500,6.327845920672088,0.12428571428571429,0.018571428571428572,1400,600
cp_cox_full,CP + Cox,0.8783333333333333,6.237229998927811,0.3069893857321465,s030,30,20560443,strong_signal,Stronger covariate effect,3,0.6,1.2,1,0.1,0.97,2000,0.3,0.1,1500,6.512824568585093,0.11142857142857143,0.016428571428571428,1400,600
cp_cox_crossfit,CP + Cox (Cross-Fit),0.91,6.307353887881185,0.2291745403771058,s030,30,20560443,strong_signal,Stronger covariate effect,3,0.6,1.2,1,0.1,0.97,2000,0.3,0.1,1500,6.512824568585093,0.11142857142857143,0.016428571428571428,1400,600
cp_cox_full,CP + Cox,0.8633333333333333,1.382624159459265,0.25029402267231354,s031,1,20570414,strong_signal,Stronger covariate effect,3,0.6,1.2,1,0.2,0.75,2000,0.3,0.1,1500,1.6516512203859308,0.35928571428571426,0.16214285714285714,1400,600
cp_cox_crossfit,CP + Cox (Cross-Fit),0.8633333333333333,1.3742657976910289,0.25711115156554076,s031,1,20570414,strong_signal,Stronger covariate effect,3,0.6,1.2,1,0.2,0.75,2000,0.3,0.1,1500,1.6516512203859308,0.35928571428571426,0.16214285714285714,1400,600
cp_cox_full,CP + Cox,0.8783333333333333,1.2961604552004178,0.23707472191169746,s031,2,20570415,strong_signal,Stronger covariate effect,3,0.6,1.2,1,0.2,0.75,2000,0.3,0.1,1500,1.5362568997764885,0.3514285714285714,0.15,1400,600
cp_cox_crossfit,CP + Cox (Cross-Fit),0.8866666666666667,1.3143227036059921,0.22175430341052235,s031,2,20570415,strong_signal,Stronger covariate effect,3,0.6,1.2,1,0.2,0.75,2000,0.3,0.1,1500,1.5362568997764885,0.3514285714285714,0.15,1400,600
cp_cox_full,CP + Cox,0.9016666666666666,1.3545197150659143,0.16052195943534742,s031,3,20570416,strong_signal,Stronger covariate effect,3,0.6,1.2,1,0.2,0.75,2000,0.3,0.1,1500,1.5316900540528682,0.3585714285714286,0.16071428571428573,1400,600
cp_cox_crossfit,CP + Cox (Cross-Fit),0.9066666666666666,1.3618133739741933,0.15340537825555423,s031,3,20570416,strong_signal,Stronger covariate effect,3,0.6,1.2,1,0.2,0.75,2000,0.3,0.1,1500,1.5316900540528682,0.3585714285714286,0.16071428571428573,1400,600
cp_cox_full,CP + Cox,0.9116666666666666,1.3401400613479273,0.24300036487194687,s031,4,20570417,strong_signal,Stronger covariate effect,3,0.6,1.2,1,0.2,0.75,2000,0.3,0.1,1500,1.5624120219499744,0.35428571428571426,0.15285714285714286,1400,600
cp_cox_crossfit,CP + Cox (Cross-Fit),0.905,1.3343610703267612,0.24713723531437293,s031,4,20570417,strong_signal,Stronger covariate effect,3,0.6,1.2,1,0.2,0.75,2000,0.3,0.1,1500,1.5624120219499744,0.35428571428571426,0.15285714285714286,1400,600
cp_cox_full,CP + Cox,0.8833333333333333,1.3529586975812973,0.2009279176066474,s031,5,20570418,strong_signal,Stronger covariate effect,3,0.6,1.2,1,0.2,0.75,2000,0.3,0.1,1500,1.5694263761628313,0.36428571428571427,0.15714285714285714,1400,600
cp_cox_crossfit,CP + Cox (Cross-Fit),0.875,1.341154869494674,0.21056293498937206,s031,5,20570418,strong_signal,Stronger covariate effect,3,0.6,1.2,1,0.2,0.75,2000,0.3,0.1,1500,1.5694263761628313,0.36428571428571427,0.15714285714285714,1400,600
cp_cox_full,CP + Cox,0.8983333333333333,1.3628447937248704,0.20211716254014594,s031,6,20570419,strong_signal,Stronger covariate effect,3,0.6,1.2,1,0.2,0.75,2000,0.3,0.1,1500,1.5841036188697246,0.36357142857142855,0.1492857142857143,1400,600
cp_cox_crossfit,CP + Cox (Cross-Fit),0.9033333333333333,1.3817121406428212,0.18649547233836775,s031,6,20570419,strong_signal,Stronger covariate effect,3,0.6,1.2,1,0.2,0.75,2000,0.3,0.1,1500,1.5841036188697246,0.36357142857142855,0.1492857142857143,1400,600
cp_cox_full,CP + Cox,0.8983333333333333,1.318924359856346,0.18086723561965354,s031,7,20570420,strong_signal,Stronger covariate effect,3,0.6,1.2,1,0.2,0.75,2000,0.3,0.1,1500,1.5098021105358466,0.3871428571428571,0.17785714285714285,1400,600
cp_cox_crossfit,CP + Cox (Cross-Fit),0.9033333333333333,1.323717489685214,0.17647996671384789,s031,7,20570420,strong_signal,Stronger covariate effect,3,0.6,1.2,1,0.2,0.75,2000,0.3,0.1,1500,1.5098021105358466,0.3871428571428571,0.17785714285714285,1400,600
cp_cox_full,CP + Cox,0.9066666666666666,1.3712176391586253,0.2258853309903863,s031,8,20570421,strong_signal,Stronger covariate effect,3,0.6,1.2,1,0.2,0.75,2000,0.3,0.1,1500,1.5739925329850255,0.375,0.15571428571428572,1400,600
cp_cox_crossfit,CP + Cox (Cross-Fit),0.9033333333333333,1.3586209213267382,0.2373141950942487,s031,8,20570421,strong_signal,Stronger covariate effect,3,0.6,1.2,1,0.2,0.75,2000,0.3,0.1,1500,1.5739925329850255,0.375,0.15571428571428572,1400,600
cp_cox_full,CP + Cox,0.9066666666666666,1.3595448506852401,0.19888900347527286,s031,9,20570422,strong_signal,Stronger covariate effect,3,0.6,1.2,1,0.2,0.75,2000,0.3,0.1,1500,1.563848639832099,0.3578571428571429,0.15071428571428572,1400,600
cp_cox_crossfit,CP + Cox (Cross-Fit),0.9066666666666666,1.3593618618994734,0.19901854001095068,s031,9,20570422,strong_signal,Stronger covariate effect,3,0.6,1.2,1,0.2,0.75,2000,0.3,0.1,1500,1.563848639832099,0.3578571428571429,0.15071428571428572,1400,600
cp_cox_full,CP + Cox,0.895,1.435094212860405,0.2194295904443716,s031,10,20570423,strong_signal,Stronger covariate effect,3,0.6,1.2,1,0.2,0.75,2000,0.3,0.1,1500,1.6629726539771044,0.345,0.14357142857142857,1400,600
cp_cox_crossfit,CP + Cox (Cross-Fit),0.895,1.4345087020528238,0.21987108511546907,s031,10,20570423,strong_signal,Stronger covariate effect,3,0.6,1.2,1,0.2,0.75,2000,0.3,0.1,1500,1.6629726539771044,0.345,0.14357142857142857,1400,600
cp_cox_full,CP + Cox,0.885,1.2541893476963357,0.24396652768511376,s031,11,20570424,strong_signal,Stronger covariate effect,3,0.6,1.2,1,0.2,0.75,2000,0.3,0.1,1500,1.481728021848398,0.3742857142857143,0.16642857142857143,1400,600
cp_cox_crossfit,CP + Cox (Cross-Fit),0.8833333333333333,1.2487870194141732,0.24933342293652744,s031,11,20570424,strong_signal,Stronger covariate effect,3,0.6,1.2,1,0.2,0.75,2000,0.3,0.1,1500,1.481728021848398,0.3742857142857143,0.16642857142857143,1400,600
cp_cox_full,CP + Cox,0.9016666666666666,1.3731157889964647,0.20169531763977833,s031,12,20570425,strong_signal,Stronger covariate effect,3,0.6,1.2,1,0.2,0.75,2000,0.3,0.1,1500,1.577117474581215,0.3585714285714286,0.15071428571428572,1400,600
cp_cox_crossfit,CP + Cox (Cross-Fit),0.9016666666666666,1.3741910320058983,0.20078072846248124,s031,12,20570425,strong_signal,Stronger covariate effect,3,0.6,1.2,1,0.2,0.75,2000,0.3,0.1,1500,1.577117474581215,0.3585714285714286,0.15071428571428572,1400,600
cp_cox_full,CP + Cox,0.925,1.4175027879995596,0.1900373927573569,s031,13,20570426,strong_signal,Stronger covariate effect,3,0.6,1.2,1,0.2,0.75,2000,0.3,0.1,1500,1.5976318954479338,0.34714285714285714,0.1492857142857143,1400,600
cp_cox_crossfit,CP + Cox (Cross-Fit),0.9066666666666666,1.375972321852271,0.22212617946641616,s031,13,20570426,strong_signal,Stronger covariate effect,3,0.6,1.2,1,0.2,0.75,2000,0.3,0.1,1500,1.5976318954479338,0.34714285714285714,0.1492857142857143,1400,600
cp_cox_full,CP + Cox,0.9066666666666666,1.322028655970338,0.19958174209825694,s031,14,20570427,strong_signal,Stronger covariate effect,3,0.6,1.2,1,0.2,0.75,2000,0.3,0.1,1500,1.548072678379686,0.36,0.1492857142857143,1400,600
cp_cox_crossfit,CP + Cox (Cross-Fit),0.9083333333333333,1.334324161458453,0.1884069475238748,s031,14,20570427,strong_signal,Stronger covariate effect,3,0.6,1.2,1,0.2,0.75,2000,0.3,0.1,1500,1.548072678379686,0.36,0.1492857142857143,1400,600
cp_cox_full,CP + Cox,0.9,1.311575833402023,0.22543436947886816,s031,15,20570428,strong_signal,Stronger covariate effect,3,0.6,1.2,1,0.2,0.75,2000,0.3,0.1,1500,1.52852380525662,0.3435714285714286,0.15714285714285714,1400,600
cp_cox_crossfit,CP + Cox (Cross-Fit),0.8883333333333333,1.289714665918445,0.24472387746916846,s031,15,20570428,strong_signal,Stronger covariate effect,3,0.6,1.2,1,0.2,0.75,2000,0.3,0.1,1500,1.52852380525662,0.3435714285714286,0.15714285714285714,1400,600
cp_cox_full,CP + Cox,0.91,1.3699675321754134,0.18290195467921017,s031,16,20570429,strong_signal,Stronger covariate effect,3,0.6,1.2,1,0.2,0.75,2000,0.3,0.1,1500,1.5727578982850783,0.3507142857142857,0.15571428571428572,1400,600
cp_cox_crossfit,CP + Cox (Cross-Fit),0.91,1.3690964160383088,0.18363638092204268,s031,16,20570429,strong_signal,Stronger covariate effect,3,0.6,1.2,1,0.2,0.75,2000,0.3,0.1,1500,1.5727578982850783,0.3507142857142857,0.15571428571428572,1400,600
cp_cox_full,CP + Cox,0.9216666666666666,1.3377523826723678,0.18451753720208908,s031,17,20570430,strong_signal,Stronger covariate effect,3,0.6,1.2,1,0.2,0.75,2000,0.3,0.1,1500,1.5302070805746981,0.3457142857142857,0.155,1400,600
cp_cox_crossfit,CP + Cox (Cross-Fit),0.9216666666666666,1.3372027726597508,0.18507444651869323,s031,17,20570430,strong_signal,Stronger covariate effect,3,0.6,1.2,1,0.2,0.75,2000,0.3,0.1,1500,1.5302070805746981,0.3457142857142857,0.155,1400,600
cp_cox_full,CP + Cox,0.895,1.3633870582509617,0.19962493650105012,s031,18,20570431,strong_signal,Stronger covariate effect,3,0.6,1.2,1,0.2,0.75,2000,0.3,0.1,1500,1.57080260530299,0.3585714285714286,0.17142857142857143,1400,600
cp_cox_crossfit,CP + Cox (Cross-Fit),0.8983333333333333,1.3685067053144164,0.1937652638763761,s031,18,20570431,strong_signal,Stronger covariate effect,3,0.6,1.2,1,0.2,0.75,2000,0.3,0.1,1500,1.57080260530299,0.3585714285714286,0.17142857142857143,1400,600
cp_cox_full,CP + Cox,0.9166666666666666,1.4632609565813968,0.20031738166407836,s031,19,20570432,strong_signal,Stronger covariate effect,3,0.6,1.2,1,0.2,0.75,2000,0.3,0.1,1500,1.6709127528250551,0.36357142857142855,0.155,1400,600
cp_cox_crossfit,CP + Cox (Cross-Fit),0.8983333333333333,1.4419553533861051,0.21919176403965307,s031,19,20570432,strong_signal,Stronger covariate effect,3,0.6,1.2,1,0.2,0.75,2000,0.3,0.1,1500,1.6709127528250551,0.36357142857142855,0.155,1400,600
cp_cox_full,CP + Cox,0.9033333333333333,1.4025079237625386,0.21595578440860924,s031,20,20570433,strong_signal,Stronger covariate effect,3,0.6,1.2,1,0.2,0.75,2000,0.3,0.1,1500,1.6196449084119713,0.35285714285714287,0.16642857142857143,1400,600
cp_cox_crossfit,CP + Cox (Cross-Fit),0.905,1.4142426471819662,0.20755152116685757,s031,20,20570433,strong_signal,Stronger covariate effect,3,0.6,1.2,1,0.2,0.75,2000,0.3,0.1,1500,1.6196449084119713,0.35285714285714287,0.16642857142857143,1400,600
cp_cox_full,CP + Cox,0.8816666666666667,1.3603953106684354,0.23048327478259695,s031,21,20570434,strong_signal,Stronger covariate effect,3,0.6,1.2,1,0.2,0.75,2000,0.3,0.1,1500,1.595213471122201,0.35642857142857143,0.14714285714285713,1400,600
cp_cox_crossfit,CP + Cox (Cross-Fit),0.905,1.3863035960401957,0.20661328021112088,s031,21,20570434,strong_signal,Stronger covariate effect,3,0.6,1.2,1,0.2,0.75,2000,0.3,0.1,1500,1.595213471122201,0.35642857142857143,0.14714285714285713,1400,600
cp_cox_full,CP + Cox,0.94,1.3694907948846382,0.16817489358360108,s031,22,20570435,strong_signal,Stronger covariate effect,3,0.6,1.2,1,0.2,0.75,2000,0.3,0.1,1500,1.5435768225422835,0.3607142857142857,0.15571428571428572,1400,600
cp_cox_crossfit,CP + Cox (Cross-Fit),0.9333333333333333,1.3523817022135372,0.1824174596544357,s031,22,20570435,strong_signal,Stronger covariate effect,3,0.6,1.2,1,0.2,0.75,2000,0.3,0.1,1500,1.5435768225422835,0.3607142857142857,0.15571428571428572,1400,600
cp_cox_full,CP + Cox,0.8816666666666667,1.3050914470337385,0.29234220472110467,s031,23,20570436,strong_signal,Stronger covariate effect,3,0.6,1.2,1,0.2,0.75,2000,0.3,0.1,1500,1.5827933412618571,0.3578571428571429,0.15357142857142858,1400,600
cp_cox_crossfit,CP + Cox (Cross-Fit),0.8533333333333334,1.2634565604111538,0.3218356509729798,s031,23,20570436,strong_signal,Stronger covariate effect,3,0.6,1.2,1,0.2,0.75,2000,0.3,0.1,1500,1.5827933412618571,0.3578571428571429,0.15357142857142858,1400,600
cp_cox_full,CP + Cox,0.9033333333333333,1.3429486625882001,0.20138994135864635,s031,24,20570437,strong_signal,Stronger covariate effect,3,0.6,1.2,1,0.2,0.75,2000,0.3,0.1,1500,1.5381232539214087,0.3442857142857143,0.13428571428571429,1400,600
cp_cox_crossfit,CP + Cox (Cross-Fit),0.9066666666666666,1.3456344085113152,0.1985159928686176,s031,24,20570437,strong_signal,Stronger covariate effect,3,0.6,1.2,1,0.2,0.75,2000,0.3,0.1,1500,1.5381232539214087,0.3442857142857143,0.13428571428571429,1400,600
cp_cox_full,CP + Cox,0.9033333333333333,1.406625636424851,0.2431328397508843,s031,25,20570438,strong_signal,Stronger covariate effect,3,0.6,1.2,1,0.2,0.75,2000,0.3,0.1,1500,1.631433332716929,0.34,0.16642857142857143,1400,600
cp_cox_crossfit,CP + Cox (Cross-Fit),0.8983333333333333,1.392135549651779,0.254976961439739,s031,25,20570438,strong_signal,Stronger covariate effect,3,0.6,1.2,1,0.2,0.75,2000,0.3,0.1,1500,1.631433332716929,0.34,0.16642857142857143,1400,600
cp_cox_full,CP + Cox,0.905,1.3256887674427889,0.21477908986672511,s031,26,20570439,strong_signal,Stronger covariate effect,3,0.6,1.2,1,0.2,0.75,2000,0.3,0.1,1500,1.526715583623041,0.3535714285714286,0.16357142857142856,1400,600
cp_cox_crossfit,CP + Cox (Cross-Fit),0.9116666666666666,1.3316993490019633,0.2096106767648358,s031,26,20570439,strong_signal,Stronger covariate effect,3,0.6,1.2,1,0.2,0.75,2000,0.3,0.1,1500,1.526715583623041,0.3535714285714286,0.16357142857142856,1400,600
cp_cox_full,CP + Cox,0.9066666666666666,1.449219475588864,0.21130582668447473,s031,27,20570440,strong_signal,Stronger covariate effect,3,0.6,1.2,1,0.2,0.75,2000,0.3,0.1,1500,1.6620852773224457,0.3657142857142857,0.15428571428571428,1400,600
cp_cox_crossfit,CP + Cox (Cross-Fit),0.9033333333333333,1.4333487508168838,0.22484921457904397,s031,27,20570440,strong_signal,Stronger covariate effect,3,0.6,1.2,1,0.2,0.75,2000,0.3,0.1,1500,1.6620852773224457,0.3657142857142857,0.15428571428571428,1400,600
cp_cox_full,CP + Cox,0.8783333333333333,1.3513115753421314,0.21799206268018828,s031,28,20570441,strong_signal,Stronger covariate effect,3,0.6,1.2,1,0.2,0.75,2000,0.3,0.1,1500,1.587414244057719,0.3514285714285714,0.15857142857142856,1400,600
cp_cox_crossfit,CP + Cox (Cross-Fit),0.895,1.3763862546242858,0.1954795247300448,s031,28,20570441,strong_signal,Stronger covariate effect,3,0.6,1.2,1,0.2,0.75,2000,0.3,0.1,1500,1.587414244057719,0.3514285714285714,0.15857142857142856,1400,600
cp_cox_full,CP + Cox,0.9166666666666666,1.3288066185497882,0.1983467597307812,s031,29,20570442,strong_signal,Stronger covariate effect,3,0.6,1.2,1,0.2,0.75,2000,0.3,0.1,1500,1.5116863148541624,0.36642857142857144,0.16214285714285714,1400,600
cp_cox_crossfit,CP + Cox (Cross-Fit),0.92,1.3307676740566998,0.19672261016420184,s031,29,20570442,strong_signal,Stronger covariate effect,3,0.6,1.2,1,0.2,0.75,2000,0.3,0.1,1500,1.5116863148541624,0.36642857142857144,0.16214285714285714,1400,600
cp_cox_full,CP + Cox,0.925,1.363834956237864,0.17682231837036674,s031,30,20570443,strong_signal,Stronger covariate effect,3,0.6,1.2,1,0.2,0.75,2000,0.3,0.1,1500,1.5452478697541028,0.365,0.165,1400,600
cp_cox_crossfit,CP + Cox (Cross-Fit),0.92,1.348299977444754,0.18855164113126913,s031,30,20570443,strong_signal,Stronger covariate effect,3,0.6,1.2,1,0.2,0.75,2000,0.3,0.1,1500,1.5452478697541028,0.365,0.165,1400,600
cp_cox_full,CP + Cox,0.8983333333333333,3.101312182215043,0.24374172752331755,s032,1,20580414,strong_signal,Stronger covariate effect,3,0.6,1.2,1,0.2,0.9,2000,0.3,0.1,1500,3.3467119514167667,0.22857142857142856,0.045,1400,600
cp_cox_crossfit,CP + Cox (Cross-Fit),0.9033333333333333,3.111259382764698,0.23501430877119964,s032,1,20580414,strong_signal,Stronger covariate effect,3,0.6,1.2,1,0.2,0.9,2000,0.3,0.1,1500,3.3467119514167667,0.22857142857142856,0.045,1400,600
cp_cox_full,CP + Cox,0.8916666666666667,2.9932917650560427,0.22730799739946947,s032,2,20580415,strong_signal,Stronger covariate effect,3,0.6,1.2,1,0.2,0.9,2000,0.3,0.1,1500,3.236941804842691,0.2571428571428571,0.052142857142857144,1400,600
cp_cox_crossfit,CP + Cox (Cross-Fit),0.8916666666666667,2.9925306774444627,0.22799283559234576,s032,2,20580415,strong_signal,Stronger covariate effect,3,0.6,1.2,1,0.2,0.9,2000,0.3,0.1,1500,3.236941804842691,0.2571428571428571,0.052142857142857144,1400,600
cp_cox_full,CP + Cox,0.8816666666666667,3.0089951492088036,0.26101581463039286,s032,3,20580416,strong_signal,Stronger covariate effect,3,0.6,1.2,1,0.2,0.9,2000,0.3,0.1,1500,3.2604336199110535,0.23642857142857143,0.05071428571428571,1400,600
cp_cox_crossfit,CP + Cox (Cross-Fit),0.8716666666666667,2.998684393472273,0.2714190189436285,s032,3,20580416,strong_signal,Stronger covariate effect,3,0.6,1.2,1,0.2,0.9,2000,0.3,0.1,1500,3.2604336199110535,0.23642857142857143,0.05071428571428571,1400,600
cp_cox_full,CP + Cox,0.9033333333333333,3.095864020466623,0.22696084298039873,s032,4,20580417,strong_signal,Stronger covariate effect,3,0.6,1.2,1,0.2,0.9,2000,0.3,0.1,1500,3.3158161254455436,0.23857142857142857,0.04,1400,600
cp_cox_crossfit,CP + Cox (Cross-Fit),0.9016666666666666,3.094322867182021,0.22879981453521717,s032,4,20580417,strong_signal,Stronger covariate effect,3,0.6,1.2,1,0.2,0.9,2000,0.3,0.1,1500,3.3158161254455436,0.23857142857142857,0.04,1400,600
cp_cox_full,CP + Cox,0.9133333333333333,3.207186153744537,0.2820795747974903,s032,5,20580418,strong_signal,Stronger covariate effect,3,0.6,1.2,1,0.2,0.9,2000,0.3,0.1,1500,3.4229751604524337,0.24642857142857144,0.04428571428571428,1400,600
cp_cox_crossfit,CP + Cox (Cross-Fit),0.9233333333333333,3.2295022701699123,0.25196022747892194,s032,5,20580418,strong_signal,Stronger covariate effect,3,0.6,1.2,1,0.2,0.9,2000,0.3,0.1,1500,3.4229751604524337,0.24642857142857144,0.04428571428571428,1400,600
cp_cox_full,CP + Cox,0.9,2.772328560684098,0.22027244778132005,s032,6,20580419,strong_signal,Stronger covariate effect,3,0.6,1.2,1,0.2,0.9,2000,0.3,0.1,1500,2.9959466177376926,0.24428571428571427,0.04928571428571429,1400,600
cp_cox_crossfit,CP + Cox (Cross-Fit),0.9016666666666666,2.7746246835396335,0.21722660862736606,s032,6,20580419,strong_signal,Stronger covariate effect,3,0.6,1.2,1,0.2,0.9,2000,0.3,0.1,1500,2.9959466177376926,0.24428571428571427,0.04928571428571429,1400,600
cp_cox_full,CP + Cox,0.8833333333333333,2.960571414217097,0.19654948240381703,s032,7,20580420,strong_signal,Stronger covariate effect,3,0.6,1.2,1,0.2,0.9,2000,0.3,0.1,1500,3.1693401306591813,0.245,0.04285714285714286,1400,600
cp_cox_crossfit,CP + Cox (Cross-Fit),0.875,2.940007667429053,0.21523931197912344,s032,7,20580420,strong_signal,Stronger covariate effect,3,0.6,1.2,1,0.2,0.9,2000,0.3,0.1,1500,3.1693401306591813,0.245,0.04285714285714286,1400,600
cp_cox_full,CP + Cox,0.8733333333333333,2.812397107231141,0.24538021791794498,s032,8,20580421,strong_signal,Stronger covariate effect,3,0.6,1.2,1,0.2,0.9,2000,0.3,0.1,1500,3.045470628452752,0.24,0.05,1400,600
cp_cox_crossfit,CP + Cox (Cross-Fit),0.8783333333333333,2.820086706740637,0.23747563781362263,s032,8,20580421,strong_signal,Stronger covariate effect,3,0.6,1.2,1,0.2,0.9,2000,0.3,0.1,1500,3.045470628452752,0.24,0.05,1400,600
cp_cox_full,CP + Cox,0.9083333333333333,2.9932088806973716,0.20760893412172576,s032,9,20580422,strong_signal,Stronger covariate effect,3,0.6,1.2,1,0.2,0.9,2000,0.3,0.1,1500,3.211992813430471,0.25285714285714284,0.04428571428571428,1400,600
cp_cox_crossfit,CP + Cox (Cross-Fit),0.9133333333333333,3.003548726951578,0.1972099713210801,s032,9,20580422,strong_signal,Stronger covariate effect,3,0.6,1.2,1,0.2,0.9,2000,0.3,0.1,1500,3.211992813430471,0.25285714285714284,0.04428571428571428,1400,600
cp_cox_full,CP + Cox,0.88,2.889009267487705,0.2287653187974661,s032,10,20580423,strong_signal,Stronger covariate effect,3,0.6,1.2,1,0.2,0.9,2000,0.3,0.1,1500,3.106041960536134,0.255,0.04857142857142857,1400,600
cp_cox_crossfit,CP + Cox (Cross-Fit),0.8666666666666667,2.860939611210657,0.2577447554942273,s032,10,20580423,strong_signal,Stronger covariate effect,3,0.6,1.2,1,0.2,0.9,2000,0.3,0.1,1500,3.106041960536134,0.255,0.04857142857142857,1400,600
cp_cox_full,CP + Cox,0.885,2.7824045938814757,0.23778385403178515,s032,11,20580424,strong_signal,Stronger covariate effect,3,0.6,1.2,1,0.2,0.9,2000,0.3,0.1,1500,3.0291873327590153,0.2307142857142857,0.047857142857142855,1400,600
cp_cox_crossfit,CP + Cox (Cross-Fit),0.89,2.7877424557706587,0.23235939493810676,s032,11,20580424,strong_signal,Stronger covariate effect,3,0.6,1.2,1,0.2,0.9,2000,0.3,0.1,1500,3.0291873327590153,0.2307142857142857,0.047857142857142855,1400,600
cp_cox_full,CP + Cox,0.9116666666666666,3.022202748010774,0.22788854639635417,s032,12,20580425,strong_signal,Stronger covariate effect,3,0.6,1.2,1,0.2,0.9,2000,0.3,0.1,1500,3.2500717415477003,0.23785714285714285,0.045714285714285714,1400,600
cp_cox_crossfit,CP + Cox (Cross-Fit),0.92,3.035236431495059,0.21507148690516015,s032,12,20580425,strong_signal,Stronger covariate effect,3,0.6,1.2,1,0.2,0.9,2000,0.3,0.1,1500,3.2500717415477003,0.23785714285714285,0.045714285714285714,1400,600
cp_cox_full,CP + Cox,0.9,2.816953496723428,0.2395462818271488,s032,13,20580426,strong_signal,Stronger covariate effect,3,0.6,1.2,1,0.2,0.9,2000,0.3,0.1,1500,3.040348214151627,0.24928571428571428,0.052142857142857144,1400,600
cp_cox_crossfit,CP + Cox (Cross-Fit),0.9,2.8162318775751984,0.24033746722178095,s032,13,20580426,strong_signal,Stronger covariate effect,3,0.6,1.2,1,0.2,0.9,2000,0.3,0.1,1500,3.040348214151627,0.24928571428571428,0.052142857142857144,1400,600
cp_cox_full,CP + Cox,0.9233333333333333,3.0456030520931434,0.22183104820617494,s032,14,20580427,strong_signal,Stronger covariate effect,3,0.6,1.2,1,0.2,0.9,2000,0.3,0.1,1500,3.242776547245349,0.2571428571428571,0.052142857142857144,1400,600
cp_cox_crossfit,CP + Cox (Cross-Fit),0.915,3.0104295083437087,0.26043038725472245,s032,14,20580427,strong_signal,Stronger covariate effect,3,0.6,1.2,1,0.2,0.9,2000,0.3,0.1,1500,3.242776547245349,0.2571428571428571,0.052142857142857144,1400,600
cp_cox_full,CP + Cox,0.8783333333333333,2.867116279954912,0.30352023595156336,s032,15,20580428,strong_signal,Stronger covariate effect,3,0.6,1.2,1,0.2,0.9,2000,0.3,0.1,1500,3.1206441794893993,0.26357142857142857,0.05857142857142857,1400,600
cp_cox_crossfit,CP + Cox (Cross-Fit),0.8866666666666667,2.8888516682924648,0.28945730748004045,s032,15,20580428,strong_signal,Stronger covariate effect,3,0.6,1.2,1,0.2,0.9,2000,0.3,0.1,1500,3.1206441794893993,0.26357142857142857,0.05857142857142857,1400,600
cp_cox_full,CP + Cox,0.92,2.939190170327354,0.17905390837428592,s032,16,20580429,strong_signal,Stronger covariate effect,3,0.6,1.2,1,0.2,0.9,2000,0.3,0.1,1500,3.13283942106836,0.24428571428571427,0.055714285714285716,1400,600
cp_cox_crossfit,CP + Cox (Cross-Fit),0.915,2.927664544591595,0.19008815416711924,s032,16,20580429,strong_signal,Stronger covariate effect,3,0.6,1.2,1,0.2,0.9,2000,0.3,0.1,1500,3.13283942106836,0.24428571428571427,0.055714285714285716,1400,600
cp_cox_full,CP + Cox,0.885,2.935789504522988,0.26355594009815053,s032,17,20580430,strong_signal,Stronger covariate effect,3,0.6,1.2,1,0.2,0.9,2000,0.3,0.1,1500,3.1887400482304074,0.24714285714285714,0.04928571428571429,1400,600
cp_cox_crossfit,CP + Cox (Cross-Fit),0.9016666666666666,2.960824713940453,0.2356943929388368,s032,17,20580430,strong_signal,Stronger covariate effect,3,0.6,1.2,1,0.2,0.9,2000,0.3,0.1,1500,3.1887400482304074,0.24714285714285714,0.04928571428571429,1400,600
cp_cox_full,CP + Cox,0.8816666666666667,3.0098456140502607,0.2730609117404725,s032,18,20580431,strong_signal,Stronger covariate effect,3,0.6,1.2,1,0.2,0.9,2000,0.3,0.1,1500,3.2578749911905116,0.26,0.04642857142857143,1400,600
cp_cox_crossfit,CP + Cox (Cross-Fit),0.8833333333333333,3.011729802683018,0.27157822843563745,s032,18,20580431,strong_signal,Stronger covariate effect,3,0.6,1.2,1,0.2,0.9,2000,0.3,0.1,1500,3.2578749911905116,0.26,0.04642857142857143,1400,600
cp_cox_full,CP + Cox,0.895,3.00563384436923,0.262390867111888,s032,19,20580432,strong_signal,Stronger covariate effect,3,0.6,1.2,1,0.2,0.9,2000,0.3,0.1,1500,3.245466769109799,0.2542857142857143,0.047142857142857146,1400,600
cp_cox_crossfit,CP + Cox (Cross-Fit),0.8866666666666667,2.9980626677956175,0.26954337466161993,s032,19,20580432,strong_signal,Stronger covariate effect,3,0.6,1.2,1,0.2,0.9,2000,0.3,0.1,1500,3.245466769109799,0.2542857142857143,0.047142857142857146,1400,600
cp_cox_full,CP + Cox,0.8966666666666666,2.7963793943141435,0.24388385623167488,s032,20,20580433,strong_signal,Stronger covariate effect,3,0.6,1.2,1,0.2,0.9,2000,0.3,0.1,1500,3.024921298218729,0.23857142857142857,0.045,1400,600
cp_cox_crossfit,CP + Cox (Cross-Fit),0.9083333333333333,2.8202774848432153,0.21813780248025452,s032,20,20580433,strong_signal,Stronger covariate effect,3,0.6,1.2,1,0.2,0.9,2000,0.3,0.1,1500,3.024921298218729,0.23857142857142857,0.045,1400,600
cp_cox_full,CP + Cox,0.9,2.9794204612116726,0.19189034044152967,s032,21,20580434,strong_signal,Stronger covariate effect,3,0.6,1.2,1,0.2,0.9,2000,0.3,0.1,1500,3.175503317105023,0.24714285714285714,0.04357142857142857,1400,600
cp_cox_crossfit,CP + Cox (Cross-Fit),0.8966666666666666,2.9686137019157255,0.2017412012324464,s032,21,20580434,strong_signal,Stronger covariate effect,3,0.6,1.2,1,0.2,0.9,2000,0.3,0.1,1500,3.175503317105023,0.24714285714285714,0.04357142857142857,1400,600
cp_cox_full,CP + Cox,0.9066666666666666,2.8810493690461896,0.2111152126538762,s032,22,20580435,strong_signal,Stronger covariate effect,3,0.6,1.2,1,0.2,0.9,2000,0.3,0.1,1500,3.0817360487014054,0.245,0.04357142857142857,1400,600
cp_cox_crossfit,CP + Cox (Cross-Fit),0.8983333333333333,2.866498563694292,0.22770362439817268,s032,22,20580435,strong_signal,Stronger covariate effect,3,0.6,1.2,1,0.2,0.9,2000,0.3,0.1,1500,3.0817360487014054,0.245,0.04357142857142857,1400,600
cp_cox_full,CP + Cox,0.8833333333333333,2.884729997310987,0.20782681651205828,s032,23,20580436,strong_signal,Stronger covariate effect,3,0.6,1.2,1,0.2,0.9,2000,0.3,0.1,1500,3.0944223612212873,0.25214285714285717,0.04428571428571428,1400,600
cp_cox_crossfit,CP + Cox (Cross-Fit),0.895,2.9012619334477536,0.1915002963328697,s032,23,20580436,strong_signal,Stronger covariate effect,3,0.6,1.2,1,0.2,0.9,2000,0.3,0.1,1500,3.0944223612212873,0.25214285714285717,0.04428571428571428,1400,600
cp_cox_full,CP + Cox,0.9216666666666666,3.054587355517495,0.23681649127720858,s032,24,20580437,strong_signal,Stronger covariate effect,3,0.6,1.2,1,0.2,0.9,2000,0.3,0.1,1500,3.2371282486500643,0.25785714285714284,0.05,1400,600
cp_cox_crossfit,CP + Cox (Cross-Fit),0.9216666666666666,3.054924638694937,0.23654617828960253,s032,24,20580437,strong_signal,Stronger covariate effect,3,0.6,1.2,1,0.2,0.9,2000,0.3,0.1,1500,3.2371282486500643,0.25785714285714284,0.05,1400,600
cp_cox_full,CP + Cox,0.8783333333333333,2.9184806563857277,0.23094042825335884,s032,25,20580438,strong_signal,Stronger covariate effect,3,0.6,1.2,1,0.2,0.9,2000,0.3,0.1,1500,3.1410110822113384,0.26,0.047857142857142855,1400,600
cp_cox_crossfit,CP + Cox (Cross-Fit),0.8766666666666667,2.915841704639826,0.23301146603107772,s032,25,20580438,strong_signal,Stronger covariate effect,3,0.6,1.2,1,0.2,0.9,2000,0.3,0.1,1500,3.1410110822113384,0.26,0.047857142857142855,1400,600
cp_cox_full,CP + Cox,0.9133333333333333,2.8541246227472974,0.1986108897224294,s032,26,20580439,strong_signal,Stronger covariate effect,3,0.6,1.2,1,0.2,0.9,2000,0.3,0.1,1500,3.0659889230173087,0.25285714285714284,0.04928571428571429,1400,600
cp_cox_crossfit,CP + Cox (Cross-Fit),0.91,2.8504761530742457,0.20159243543583522,s032,26,20580439,strong_signal,Stronger covariate effect,3,0.6,1.2,1,0.2,0.9,2000,0.3,0.1,1500,3.0659889230173087,0.25285714285714284,0.04928571428571429,1400,600
cp_cox_full,CP + Cox,0.91,3.114255605225011,0.18787793384305254,s032,27,20580440,strong_signal,Stronger covariate effect,3,0.6,1.2,1,0.2,0.9,2000,0.3,0.1,1500,3.308678684793579,0.26357142857142857,0.047142857142857146,1400,600
cp_cox_crossfit,CP + Cox (Cross-Fit),0.9183333333333333,3.129775812374405,0.17275517317238848,s032,27,20580440,strong_signal,Stronger covariate effect,3,0.6,1.2,1,0.2,0.9,2000,0.3,0.1,1500,3.308678684793579,0.26357142857142857,0.047142857142857146,1400,600
cp_cox_full,CP + Cox,0.9216666666666666,3.2229776268738912,0.21163480002398474,s032,28,20580441,strong_signal,Stronger covariate effect,3,0.6,1.2,1,0.2,0.9,2000,0.3,0.1,1500,3.437726137964461,0.23142857142857143,0.039285714285714285,1400,600
cp_cox_crossfit,CP + Cox (Cross-Fit),0.9216666666666666,3.2235585661481476,0.2111330231945936,s032,28,20580441,strong_signal,Stronger covariate effect,3,0.6,1.2,1,0.2,0.9,2000,0.3,0.1,1500,3.437726137964461,0.23142857142857143,0.039285714285714285,1400,600
cp_cox_full,CP + Cox,0.8933333333333333,3.056566418527816,0.2798711345957708,s032,29,20580442,strong_signal,Stronger covariate effect,3,0.6,1.2,1,0.2,0.9,2000,0.3,0.1,1500,3.2937307551645314,0.2507142857142857,0.045,1400,600
cp_cox_crossfit,CP + Cox (Cross-Fit),0.9066666666666666,3.1043353520698647,0.22701499776275771,s032,29,20580442,strong_signal,Stronger covariate effect,3,0.6,1.2,1,0.2,0.9,2000,0.3,0.1,1500,3.2937307551645314,0.2507142857142857,0.045,1400,600
cp_cox_full,CP + Cox,0.8983333333333333,3.131863315364852,0.2542199713026538,s032,30,20580443,strong_signal,Stronger covariate effect,3,0.6,1.2,1,0.2,0.9,2000,0.3,0.1,1500,3.3690659469541817,0.24714285714285714,0.05,1400,600
cp_cox_crossfit,CP + Cox (Cross-Fit),0.88,3.1017896820841573,0.2770813868937685,s032,30,20580443,strong_signal,Stronger covariate effect,3,0.6,1.2,1,0.2,0.9,2000,0.3,0.1,1500,3.3690659469541817,0.24714285714285714,0.05,1400,600
cp_cox_full,CP + Cox,0.9066666666666666,6.654036303005517,0.20615949788528107,s033,1,20590414,strong_signal,Stronger covariate effect,3,0.6,1.2,1,0.2,0.97,2000,0.3,0.1,1500,6.858224776742717,0.1957142857142857,0.007857142857142858,1400,600
cp_cox_crossfit,CP + Cox (Cross-Fit),0.8816666666666667,6.613350023475211,0.25050275642145475,s033,1,20590414,strong_signal,Stronger covariate effect,3,0.6,1.2,1,0.2,0.97,2000,0.3,0.1,1500,6.858224776742717,0.1957142857142857,0.007857142857142858,1400,600
cp_cox_full,CP + Cox,0.9116666666666666,5.431347527659056,0.17386964038863154,s033,2,20590415,strong_signal,Stronger covariate effect,3,0.6,1.2,1,0.2,0.97,2000,0.3,0.1,1500,5.622452396270359,0.22,0.008571428571428572,1400,600
cp_cox_crossfit,CP + Cox (Cross-Fit),0.9116666666666666,5.431333419145869,0.17387295400657285,s033,2,20590415,strong_signal,Stronger covariate effect,3,0.6,1.2,1,0.2,0.97,2000,0.3,0.1,1500,5.622452396270359,0.22,0.008571428571428572,1400,600
cp_cox_full,CP + Cox,0.9016666666666666,6.2833426654797835,0.19672384759655825,s033,3,20590416,strong_signal,Stronger covariate effect,3,0.6,1.2,1,0.2,0.97,2000,0.3,0.1,1500,6.49086504407137,0.205,0.005714285714285714,1400,600
cp_cox_crossfit,CP + Cox (Cross-Fit),0.9033333333333333,6.294540967524085,0.18603107738821184,s033,3,20590416,strong_signal,Stronger covariate effect,3,0.6,1.2,1,0.2,0.97,2000,0.3,0.1,1500,6.49086504407137,0.205,0.005714285714285714,1400,600
cp_cox_full,CP + Cox,0.9016666666666666,5.970590485668722,0.29215260535615045,s033,4,20590417,strong_signal,Stronger covariate effect,3,0.6,1.2,1,0.2,0.97,2000,0.3,0.1,1500,6.214280380369633,0.21642857142857144,0.011428571428571429,1400,600
cp_cox_crossfit,CP + Cox (Cross-Fit),0.9033333333333333,5.976651571327939,0.2847507857588841,s033,4,20590417,strong_signal,Stronger covariate effect,3,0.6,1.2,1,0.2,0.97,2000,0.3,0.1,1500,6.214280380369633,0.21642857142857144,0.011428571428571429,1400,600
cp_cox_full,CP + Cox,0.8933333333333333,6.232570928579804,0.21057243399744277,s033,5,20590418,strong_signal,Stronger covariate effect,3,0.6,1.2,1,0.2,0.97,2000,0.3,0.1,1500,6.444252794228967,0.20285714285714285,0.007142857142857143,1400,600
cp_cox_crossfit,CP + Cox (Cross-Fit),0.895,6.2382739521456,0.20572728230577528,s033,5,20590418,strong_signal,Stronger covariate effect,3,0.6,1.2,1,0.2,0.97,2000,0.3,0.1,1500,6.444252794228967,0.20285714285714285,0.007142857142857143,1400,600
cp_cox_full,CP + Cox,0.885,6.769766665854788,0.27919325769675596,s033,6,20590419,strong_signal,Stronger covariate effect,3,0.6,1.2,1,0.2,0.97,2000,0.3,0.1,1500,7.042208570550122,0.21285714285714286,0.0064285714285714285,1400,600
cp_cox_crossfit,CP + Cox (Cross-Fit),0.885,6.77085308080897,0.27815714900091787,s033,6,20590419,strong_signal,Stronger covariate effect,3,0.6,1.2,1,0.2,0.97,2000,0.3,0.1,1500,7.042208570550122,0.21285714285714286,0.0064285714285714285,1400,600
cp_cox_full,CP + Cox,0.9183333333333333,6.407225851698933,0.2249544025500974,s033,7,20590420,strong_signal,Stronger covariate effect,3,0.6,1.2,1,0.2,0.97,2000,0.3,0.1,1500,6.624891740335132,0.20214285714285715,0.007857142857142858,1400,600
cp_cox_crossfit,CP + Cox (Cross-Fit),0.9366666666666666,6.4416437011877505,0.18943159392079842,s033,7,20590420,strong_signal,Stronger covariate effect,3,0.6,1.2,1,0.2,0.97,2000,0.3,0.1,1500,6.624891740335132,0.20214285714285715,0.007857142857142858,1400,600
cp_cox_full,CP + Cox,0.8983333333333333,5.538539022335833,0.22381422657999808,s033,8,20590421,strong_signal,Stronger covariate effect,3,0.6,1.2,1,0.2,0.97,2000,0.3,0.1,1500,5.776861626711177,0.18571428571428572,0.010714285714285714,1400,600
cp_cox_crossfit,CP + Cox (Cross-Fit),0.8983333333333333,5.541939473353092,0.22063359791917428,s033,8,20590421,strong_signal,Stronger covariate effect,3,0.6,1.2,1,0.2,0.97,2000,0.3,0.1,1500,5.776861626711177,0.18571428571428572,0.010714285714285714,1400,600
cp_cox_full,CP + Cox,0.885,5.50263109792095,0.2710951167081457,s033,9,20590422,strong_signal,Stronger covariate effect,3,0.6,1.2,1,0.2,0.97,2000,0.3,0.1,1500,5.765600065248486,0.21071428571428572,0.010714285714285714,1400,600
cp_cox_crossfit,CP + Cox (Cross-Fit),0.9083333333333333,5.549387472155133,0.22378058117173244,s033,9,20590422,strong_signal,Stronger covariate effect,3,0.6,1.2,1,0.2,0.97,2000,0.3,0.1,1500,5.765600065248486,0.21071428571428572,0.010714285714285714,1400,600
cp_cox_full,CP + Cox,0.89,6.020171156766695,0.18913092868531872,s033,10,20590423,strong_signal,Stronger covariate effect,3,0.6,1.2,1,0.2,0.97,2000,0.3,0.1,1500,6.212905953685358,0.2307142857142857,0.01,1400,600
cp_cox_crossfit,CP + Cox (Cross-Fit),0.8866666666666667,6.008226361592069,0.2008568190892813,s033,10,20590423,strong_signal,Stronger covariate effect,3,0.6,1.2,1,0.2,0.97,2000,0.3,0.1,1500,6.212905953685358,0.2307142857142857,0.01,1400,600
cp_cox_full,CP + Cox,0.885,6.4976619968180955,0.3131854344017861,s033,11,20590424,strong_signal,Stronger covariate effect,3,0.6,1.2,1,0.2,0.97,2000,0.3,0.1,1500,6.7602687977774325,0.19214285714285714,0.0064285714285714285,1400,600
cp_cox_crossfit,CP + Cox (Cross-Fit),0.8933333333333333,6.518834992383581,0.2830823675019016,s033,11,20590424,strong_signal,Stronger covariate effect,3,0.6,1.2,1,0.2,0.97,2000,0.3,0.1,1500,6.7602687977774325,0.19214285714285714,0.0064285714285714285,1400,600
cp_cox_full,CP + Cox,0.9116666666666666,5.948110187164369,0.17705300359308299,s033,12,20590425,strong_signal,Stronger covariate effect,3,0.6,1.2,1,0.2,0.97,2000,0.3,0.1,1500,6.141881659290968,0.205,0.0064285714285714285,1400,600
cp_cox_crossfit,CP + Cox (Cross-Fit),0.91,5.941739903319181,0.1824403904688185,s033,12,20590425,strong_signal,Stronger covariate effect,3,0.6,1.2,1,0.2,0.97,2000,0.3,0.1,1500,6.141881659290968,0.205,0.0064285714285714285,1400,600
cp_cox_full,CP + Cox,0.885,6.022975950774761,0.23234904163703615,s033,13,20590426,strong_signal,Stronger covariate effect,3,0.6,1.2,1,0.2,0.97,2000,0.3,0.1,1500,6.250417396673289,0.20857142857142857,0.007857142857142858,1400,600
cp_cox_crossfit,CP + Cox (Cross-Fit),0.8883333333333333,6.03810744351495,0.2173561899357206,s033,13,20590426,strong_signal,Stronger covariate effect,3,0.6,1.2,1,0.2,0.97,2000,0.3,0.1,1500,6.250417396673289,0.20857142857142857,0.007857142857142858,1400,600
cp_cox_full,CP + Cox,0.9083333333333333,5.486156911035746,0.22157829102436047,s033,14,20590427,strong_signal,Stronger covariate effect,3,0.6,1.2,1,0.2,0.97,2000,0.3,0.1,1500,5.696809435675057,0.20357142857142857,0.0064285714285714285,1400,600
cp_cox_crossfit,CP + Cox (Cross-Fit),0.93,5.527417074813725,0.17666487864359606,s033,14,20590427,strong_signal,Stronger covariate effect,3,0.6,1.2,1,0.2,0.97,2000,0.3,0.1,1500,5.696809435675057,0.20357142857142857,0.0064285714285714285,1400,600
cp_cox_full,CP + Cox,0.89,6.375514093580757,0.19960994226931497,s033,15,20590428,strong_signal,Stronger covariate effect,3,0.6,1.2,1,0.2,0.97,2000,0.3,0.1,1500,6.594901399888802,0.20142857142857143,0.007857142857142858,1400,600
cp_cox_crossfit,CP + Cox (Cross-Fit),0.9,6.395179935183896,0.18141619324272829,s033,15,20590428,strong_signal,Stronger covariate effect,3,0.6,1.2,1,0.2,0.97,2000,0.3,0.1,1500,6.594901399888802,0.20142857142857143,0.007857142857142858,1400,600
cp_cox_full,CP + Cox,0.8983333333333333,5.903622281632093,0.25882351401907644,s033,16,20590429,strong_signal,Stronger covariate effect,3,0.6,1.2,1,0.2,0.97,2000,0.3,0.1,1500,6.1584395416280895,0.2042857142857143,0.008571428571428572,1400,600
cp_cox_crossfit,CP + Cox (Cross-Fit),0.9166666666666666,5.945029088127847,0.21835987096903897,s033,16,20590429,strong_signal,Stronger covariate effect,3,0.6,1.2,1,0.2,0.97,2000,0.3,0.1,1500,6.1584395416280895,0.2042857142857143,0.008571428571428572,1400,600
cp_cox_full,CP + Cox,0.905,6.094508880083317,0.22928556196579647,s033,17,20590430,strong_signal,Stronger covariate effect,3,0.6,1.2,1,0.2,0.97,2000,0.3,0.1,1500,6.309088345491498,0.20142857142857143,0.009285714285714286,1400,600
cp_cox_crossfit,CP + Cox (Cross-Fit),0.89,6.060564241373622,0.2655754446339659,s033,17,20590430,strong_signal,Stronger covariate effect,3,0.6,1.2,1,0.2,0.97,2000,0.3,0.1,1500,6.309088345491498,0.20142857142857143,0.009285714285714286,1400,600
cp_cox_full,CP + Cox,0.8933333333333333,6.773603889906678,0.21657298804946665,s033,18,20590431,strong_signal,Stronger covariate effect,3,0.6,1.2,1,0.2,0.97,2000,0.3,0.1,1500,6.990830612727245,0.215,0.008571428571428572,1400,600
cp_cox_crossfit,CP + Cox (Cross-Fit),0.8983333333333333,6.791190390856741,0.1982173068640589,s033,18,20590431,strong_signal,Stronger covariate effect,3,0.6,1.2,1,0.2,0.97,2000,0.3,0.1,1500,6.990830612727245,0.215,0.008571428571428572,1400,600
cp_cox_full,CP + Cox,0.8916666666666667,5.971608566734175,0.25065093065313815,s033,19,20590432,strong_signal,Stronger covariate effect,3,0.6,1.2,1,0.2,0.97,2000,0.3,0.1,1500,6.211187980987981,0.21714285714285714,0.007142857142857143,1400,600
cp_cox_crossfit,CP + Cox (Cross-Fit),0.9,5.986227676509261,0.23572674275040784,s033,19,20590432,strong_signal,Stronger covariate effect,3,0.6,1.2,1,0.2,0.97,2000,0.3,0.1,1500,6.211187980987981,0.21714285714285714,0.007142857142857143,1400,600
cp_cox_full,CP + Cox,0.9183333333333333,5.728981216894098,0.19926511952739184,s033,20,20590433,strong_signal,Stronger covariate effect,3,0.6,1.2,1,0.2,0.97,2000,0.3,0.1,1500,5.932876941737824,0.2042857142857143,0.01,1400,600
cp_cox_crossfit,CP + Cox (Cross-Fit),0.9083333333333333,5.711679866593981,0.2166313429983933,s033,20,20590433,strong_signal,Stronger covariate effect,3,0.6,1.2,1,0.2,0.97,2000,0.3,0.1,1500,5.932876941737824,0.2042857142857143,0.01,1400,600
cp_cox_full,CP + Cox,0.9,5.941578409184094,0.23944920372839051,s033,21,20590434,strong_signal,Stronger covariate effect,3,0.6,1.2,1,0.2,0.97,2000,0.3,0.1,1500,6.182057173888108,0.19357142857142856,0.008571428571428572,1400,600
cp_cox_crossfit,CP + Cox (Cross-Fit),0.9166666666666666,5.978774360649425,0.20444503069692427,s033,21,20590434,strong_signal,Stronger covariate effect,3,0.6,1.2,1,0.2,0.97,2000,0.3,0.1,1500,6.182057173888108,0.19357142857142856,0.008571428571428572,1400,600
cp_cox_full,CP + Cox,0.8783333333333333,6.000072219678209,0.2764810579709999,s033,22,20590435,strong_signal,Stronger covariate effect,3,0.6,1.2,1,0.2,0.97,2000,0.3,0.1,1500,6.276059614977335,0.20642857142857143,0.007142857142857143,1400,600
cp_cox_crossfit,CP + Cox (Cross-Fit),0.905,6.064748323185157,0.21544224454400324,s033,22,20590435,strong_signal,Stronger covariate effect,3,0.6,1.2,1,0.2,0.97,2000,0.3,0.1,1500,6.276059614977335,0.20642857142857143,0.007142857142857143,1400,600
cp_cox_full,CP + Cox,0.855,6.111011089902305,0.2631628286502277,s033,23,20590436,strong_signal,Stronger covariate effect,3,0.6,1.2,1,0.2,0.97,2000,0.3,0.1,1500,6.396438816026905,0.21,0.005714285714285714,1400,600
cp_cox_crossfit,CP + Cox (Cross-Fit),0.8616666666666667,6.124500321263338,0.2512821492748859,s033,23,20590436,strong_signal,Stronger covariate effect,3,0.6,1.2,1,0.2,0.97,2000,0.3,0.1,1500,6.396438816026905,0.21,0.005714285714285714,1400,600
cp_cox_full,CP + Cox,0.8983333333333333,5.814376885877075,0.22469596993989857,s033,24,20590437,strong_signal,Stronger covariate effect,3,0.6,1.2,1,0.2,0.97,2000,0.3,0.1,1500,6.008617109562877,0.2,0.010714285714285714,1400,600
cp_cox_crossfit,CP + Cox (Cross-Fit),0.8766666666666667,5.778943097553391,0.26339081059177205,s033,24,20590437,strong_signal,Stronger covariate effect,3,0.6,1.2,1,0.2,0.97,2000,0.3,0.1,1500,6.008617109562877,0.2,0.010714285714285714,1400,600
cp_cox_full,CP + Cox,0.895,5.960658720010147,0.23791951790460877,s033,25,20590438,strong_signal,Stronger covariate effect,3,0.6,1.2,1,0.2,0.97,2000,0.3,0.1,1500,6.184321088673908,0.18357142857142858,0.008571428571428572,1400,600
cp_cox_crossfit,CP + Cox (Cross-Fit),0.9,5.969742251924978,0.22660514290564535,s033,25,20590438,strong_signal,Stronger covariate effect,3,0.6,1.2,1,0.2,0.97,2000,0.3,0.1,1500,6.184321088673908,0.18357142857142858,0.008571428571428572,1400,600
cp_cox_full,CP + Cox,0.9083333333333333,6.6027571212503045,0.18723788616804202,s033,26,20590439,strong_signal,Stronger covariate effect,3,0.6,1.2,1,0.2,0.97,2000,0.3,0.1,1500,6.792847866508339,0.21,0.009285714285714286,1400,600
cp_cox_crossfit,CP + Cox (Cross-Fit),0.8916666666666667,6.5801527022845825,0.2109263500086508,s033,26,20590439,strong_signal,Stronger covariate effect,3,0.6,1.2,1,0.2,0.97,2000,0.3,0.1,1500,6.792847866508339,0.21,0.009285714285714286,1400,600
cp_cox_full,CP + Cox,0.9133333333333333,5.832450138540107,0.19780070528527072,s033,27,20590440,strong_signal,Stronger covariate effect,3,0.6,1.2,1,0.2,0.97,2000,0.3,0.1,1500,6.032608763702887,0.19071428571428573,0.0035714285714285713,1400,600
cp_cox_crossfit,CP + Cox (Cross-Fit),0.88,5.789243199787277,0.24092897318081904,s033,27,20590440,strong_signal,Stronger covariate effect,3,0.6,1.2,1,0.2,0.97,2000,0.3,0.1,1500,6.032608763702887,0.19071428571428573,0.0035714285714285713,1400,600
cp_cox_full,CP + Cox,0.9,5.4953257107291815,0.2735848738169181,s033,28,20590441,strong_signal,Stronger covariate effect,3,0.6,1.2,1,0.2,0.97,2000,0.3,0.1,1500,5.754603056653443,0.1992857142857143,0.007142857142857143,1400,600
cp_cox_crossfit,CP + Cox (Cross-Fit),0.9083333333333333,5.504853439191717,0.2645869990115324,s033,28,20590441,strong_signal,Stronger covariate effect,3,0.6,1.2,1,0.2,0.97,2000,0.3,0.1,1500,5.754603056653443,0.1992857142857143,0.007142857142857143,1400,600
cp_cox_full,CP + Cox,0.915,5.996251722251935,0.237592032418044,s033,29,20590442,strong_signal,Stronger covariate effect,3,0.6,1.2,1,0.2,0.97,2000,0.3,0.1,1500,6.209583303740369,0.2257142857142857,0.007142857142857143,1400,600
cp_cox_crossfit,CP + Cox (Cross-Fit),0.915,5.9921924850419055,0.24154872481154688,s033,29,20590442,strong_signal,Stronger covariate effect,3,0.6,1.2,1,0.2,0.97,2000,0.3,0.1,1500,6.209583303740369,0.2257142857142857,0.007142857142857143,1400,600
cp_cox_full,CP + Cox,0.9033333333333333,6.816249596529908,0.2486678080107797,s033,30,20590443,strong_signal,Stronger covariate effect,3,0.6,1.2,1,0.2,0.97,2000,0.3,0.1,1500,7.039397561705514,0.19214285714285714,0.005714285714285714,1400,600
cp_cox_crossfit,CP + Cox (Cross-Fit),0.89,6.802144701509609,0.2622380480241276,s033,30,20590443,strong_signal,Stronger covariate effect,3,0.6,1.2,1,0.2,0.97,2000,0.3,0.1,1500,7.039397561705514,0.19214285714285714,0.005714285714285714,1400,600
cp_cox_full,CP + Cox,0.9033333333333333,1.354191618958354,0.23656685871424696,s034,1,20600414,strong_signal,Stronger covariate effect,3,0.6,1.2,1,0.35,0.75,2000,0.3,0.1,1500,1.5783865162617179,0.44785714285714284,0.09357142857142857,1400,600
cp_cox_crossfit,CP + Cox (Cross-Fit),0.9033333333333333,1.3543622491889162,0.23647243047740096,s034,1,20600414,strong_signal,Stronger covariate effect,3,0.6,1.2,1,0.35,0.75,2000,0.3,0.1,1500,1.5783865162617179,0.44785714285714284,0.09357142857142857,1400,600
cp_cox_full,CP + Cox,0.9016666666666666,1.3958146040804227,0.2560353171216558,s034,2,20600415,strong_signal,Stronger covariate effect,3,0.6,1.2,1,0.35,0.75,2000,0.3,0.1,1500,1.648951448502836,0.43142857142857144,0.09428571428571429,1400,600
cp_cox_crossfit,CP + Cox (Cross-Fit),0.9116666666666666,1.4162429119387703,0.24068728907770384,s034,2,20600415,strong_signal,Stronger covariate effect,3,0.6,1.2,1,0.35,0.75,2000,0.3,0.1,1500,1.648951448502836,0.43142857142857144,0.09428571428571429,1400,600
cp_cox_full,CP + Cox,0.915,1.3865935771881206,0.20976119306732444,s034,3,20600416,strong_signal,Stronger covariate effect,3,0.6,1.2,1,0.35,0.75,2000,0.3,0.1,1500,1.6006678195023436,0.44571428571428573,0.09571428571428571,1400,600
cp_cox_crossfit,CP + Cox (Cross-Fit),0.9216666666666666,1.4020327600274682,0.19506454699229056,s034,3,20600416,strong_signal,Stronger covariate effect,3,0.6,1.2,1,0.35,0.75,2000,0.3,0.1,1500,1.6006678195023436,0.44571428571428573,0.09571428571428571,1400,600
cp_cox_full,CP + Cox,0.9183333333333333,1.3673911855907683,0.19509380738641333,s034,4,20600417,strong_signal,Stronger covariate effect,3,0.6,1.2,1,0.35,0.75,2000,0.3,0.1,1500,1.5460187199933948,0.4471428571428571,0.10142857142857142,1400,600
cp_cox_crossfit,CP + Cox (Cross-Fit),0.92,1.3703235415014738,0.19271700805236594,s034,4,20600417,strong_signal,Stronger covariate effect,3,0.6,1.2,1,0.35,0.75,2000,0.3,0.1,1500,1.5460187199933948,0.4471428571428571,0.10142857142857142,1400,600
cp_cox_full,CP + Cox,0.8883333333333333,1.3272949244648846,0.20375263104783767,s034,5,20600418,strong_signal,Stronger covariate effect,3,0.6,1.2,1,0.35,0.75,2000,0.3,0.1,1500,1.5490822362632293,0.4607142857142857,0.09285714285714286,1400,600
cp_cox_crossfit,CP + Cox (Cross-Fit),0.895,1.3415242663025193,0.19358352046586952,s034,5,20600418,strong_signal,Stronger covariate effect,3,0.6,1.2,1,0.35,0.75,2000,0.3,0.1,1500,1.5490822362632293,0.4607142857142857,0.09285714285714286,1400,600
cp_cox_full,CP + Cox,0.8933333333333333,1.321954205778181,0.21634846922041326,s034,6,20600419,strong_signal,Stronger covariate effect,3,0.6,1.2,1,0.35,0.75,2000,0.3,0.1,1500,1.5473267612317019,0.4392857142857143,0.09714285714285714,1400,600
cp_cox_crossfit,CP + Cox (Cross-Fit),0.9016666666666666,1.3354409927462112,0.20423889685901456,s034,6,20600419,strong_signal,Stronger covariate effect,3,0.6,1.2,1,0.35,0.75,2000,0.3,0.1,1500,1.5473267612317019,0.4392857142857143,0.09714285714285714,1400,600
cp_cox_full,CP + Cox,0.9133333333333333,1.4749605170884332,0.19257808737209825,s034,7,20600420,strong_signal,Stronger covariate effect,3,0.6,1.2,1,0.35,0.75,2000,0.3,0.1,1500,1.6749009119626552,0.4407142857142857,0.09142857142857143,1400,600
cp_cox_crossfit,CP + Cox (Cross-Fit),0.91,1.4615844311953423,0.20620539173634353,s034,7,20600420,strong_signal,Stronger covariate effect,3,0.6,1.2,1,0.35,0.75,2000,0.3,0.1,1500,1.6749009119626552,0.4407142857142857,0.09142857142857143,1400,600
cp_cox_full,CP + Cox,0.915,1.5215777694191563,0.208421002515362,s034,8,20600421,strong_signal,Stronger covariate effect,3,0.6,1.2,1,0.35,0.75,2000,0.3,0.1,1500,1.7064224652586253,0.4442857142857143,0.105,1400,600
cp_cox_crossfit,CP + Cox (Cross-Fit),0.905,1.5176662471876188,0.21191615813886278,s034,8,20600421,strong_signal,Stronger covariate effect,3,0.6,1.2,1,0.35,0.75,2000,0.3,0.1,1500,1.7064224652586253,0.4442857142857143,0.105,1400,600
cp_cox_full,CP + Cox,0.93,1.3335205615471384,0.16938131047659405,s034,9,20600422,strong_signal,Stronger covariate effect,3,0.6,1.2,1,0.35,0.75,2000,0.3,0.1,1500,1.5158623318794675,0.44142857142857145,0.10857142857142857,1400,600
cp_cox_crossfit,CP + Cox (Cross-Fit),0.91,1.317300696563253,0.18260709004556694,s034,9,20600422,strong_signal,Stronger covariate effect,3,0.6,1.2,1,0.35,0.75,2000,0.3,0.1,1500,1.5158623318794675,0.44142857142857145,0.10857142857142857,1400,600
cp_cox_full,CP + Cox,0.9,1.327580727407428,0.20951238816593612,s034,10,20600423,strong_signal,Stronger covariate effect,3,0.6,1.2,1,0.35,0.75,2000,0.3,0.1,1500,1.5353036763091394,0.45785714285714285,0.09571428571428571,1400,600
cp_cox_crossfit,CP + Cox (Cross-Fit),0.8966666666666666,1.320642122345717,0.2156925002320028,s034,10,20600423,strong_signal,Stronger covariate effect,3,0.6,1.2,1,0.35,0.75,2000,0.3,0.1,1500,1.5353036763091394,0.45785714285714285,0.09571428571428571,1400,600
cp_cox_full,CP + Cox,0.8833333333333333,1.4077444742695504,0.2580797533868251,s034,11,20600424,strong_signal,Stronger covariate effect,3,0.6,1.2,1,0.35,0.75,2000,0.3,0.1,1500,1.6909984545048193,0.4407142857142857,0.09071428571428572,1400,600
cp_cox_crossfit,CP + Cox (Cross-Fit),0.885,1.414081706636061,0.2529180960631236,s034,11,20600424,strong_signal,Stronger covariate effect,3,0.6,1.2,1,0.35,0.75,2000,0.3,0.1,1500,1.6909984545048193,0.4407142857142857,0.09071428571428572,1400,600
cp_cox_full,CP + Cox,0.9166666666666666,1.3935779634211036,0.2219977609950701,s034,12,20600425,strong_signal,Stronger covariate effect,3,0.6,1.2,1,0.35,0.75,2000,0.3,0.1,1500,1.6098396149133352,0.4707142857142857,0.10357142857142858,1400,600
cp_cox_crossfit,CP + Cox (Cross-Fit),0.9183333333333333,1.3940038958485579,0.22166436619677246,s034,12,20600425,strong_signal,Stronger covariate effect,3,0.6,1.2,1,0.35,0.75,2000,0.3,0.1,1500,1.6098396149133352,0.4707142857142857,0.10357142857142858,1400,600
cp_cox_full,CP + Cox,0.8833333333333333,1.4313106988644022,0.20374235697548929,s034,13,20600426,strong_signal,Stronger covariate effect,3,0.6,1.2,1,0.35,0.75,2000,0.3,0.1,1500,1.660566540327528,0.44571428571428573,0.08428571428571428,1400,600
cp_cox_crossfit,CP + Cox (Cross-Fit),0.8833333333333333,1.4277873682593807,0.20649681737341927,s034,13,20600426,strong_signal,Stronger covariate effect,3,0.6,1.2,1,0.35,0.75,2000,0.3,0.1,1500,1.660566540327528,0.44571428571428573,0.08428571428571428,1400,600
cp_cox_full,CP + Cox,0.9,1.4511250968116791,0.1777241780978485,s034,14,20600427,strong_signal,Stronger covariate effect,3,0.6,1.2,1,0.35,0.75,2000,0.3,0.1,1500,1.6554576716951037,0.43785714285714283,0.09285714285714286,1400,600
cp_cox_crossfit,CP + Cox (Cross-Fit),0.8916666666666667,1.4351662372304252,0.19050965900515118,s034,14,20600427,strong_signal,Stronger covariate effect,3,0.6,1.2,1,0.35,0.75,2000,0.3,0.1,1500,1.6554576716951037,0.43785714285714283,0.09285714285714286,1400,600
cp_cox_full,CP + Cox,0.9266666666666666,1.4651361487386365,0.2399403858127977,s034,15,20600428,strong_signal,Stronger covariate effect,3,0.6,1.2,1,0.35,0.75,2000,0.3,0.1,1500,1.6875271691984575,0.46785714285714286,0.08928571428571429,1400,600
cp_cox_crossfit,CP + Cox (Cross-Fit),0.93,1.4718630539357211,0.23295878522001812,s034,15,20600428,strong_signal,Stronger covariate effect,3,0.6,1.2,1,0.35,0.75,2000,0.3,0.1,1500,1.6875271691984575,0.46785714285714286,0.08928571428571429,1400,600
cp_cox_full,CP + Cox,0.8933333333333333,1.313764388405537,0.2564012828916372,s034,16,20600429,strong_signal,Stronger covariate effect,3,0.6,1.2,1,0.35,0.75,2000,0.3,0.1,1500,1.5719558242174037,0.4471428571428571,0.09357142857142857,1400,600
cp_cox_crossfit,CP + Cox (Cross-Fit),0.8966666666666666,1.3245377303155281,0.24875749082236046,s034,16,20600429,strong_signal,Stronger covariate effect,3,0.6,1.2,1,0.35,0.75,2000,0.3,0.1,1500,1.5719558242174037,0.4471428571428571,0.09357142857142857,1400,600
cp_cox_full,CP + Cox,0.8966666666666666,1.292845160583383,0.2135603354873018,s034,17,20600430,strong_signal,Stronger covariate effect,3,0.6,1.2,1,0.35,0.75,2000,0.3,0.1,1500,1.497597139048483,0.45357142857142857,0.09571428571428571,1400,600
cp_cox_crossfit,CP + Cox (Cross-Fit),0.9133333333333333,1.3206986499382818,0.18987185408529728,s034,17,20600430,strong_signal,Stronger covariate effect,3,0.6,1.2,1,0.35,0.75,2000,0.3,0.1,1500,1.497597139048483,0.45357142857142857,0.09571428571428571,1400,600
cp_cox_full,CP + Cox,0.94,1.3498193361425899,0.17755137602613727,s034,18,20600431,strong_signal,Stronger covariate effect,3,0.6,1.2,1,0.35,0.75,2000,0.3,0.1,1500,1.5418233358282216,0.44785714285714284,0.09214285714285714,1400,600
cp_cox_crossfit,CP + Cox (Cross-Fit),0.9383333333333334,1.345882996846363,0.1808510833711962,s034,18,20600431,strong_signal,Stronger covariate effect,3,0.6,1.2,1,0.35,0.75,2000,0.3,0.1,1500,1.5418233358282216,0.44785714285714284,0.09214285714285714,1400,600
cp_cox_full,CP + Cox,0.92,1.4334674503192844,0.19620083795170346,s034,19,20600432,strong_signal,Stronger covariate effect,3,0.6,1.2,1,0.35,0.75,2000,0.3,0.1,1500,1.6222396948418538,0.4542857142857143,0.07928571428571428,1400,600
cp_cox_crossfit,CP + Cox (Cross-Fit),0.915,1.4283438180880794,0.20085029272493332,s034,19,20600432,strong_signal,Stronger covariate effect,3,0.6,1.2,1,0.35,0.75,2000,0.3,0.1,1500,1.6222396948418538,0.4542857142857143,0.07928571428571428,1400,600
cp_cox_full,CP + Cox,0.8966666666666666,1.2910864806788969,0.21620058310965823,s034,20,20600433,strong_signal,Stronger covariate effect,3,0.6,1.2,1,0.35,0.75,2000,0.3,0.1,1500,1.4942986249027561,0.4357142857142857,0.09142857142857143,1400,600
cp_cox_crossfit,CP + Cox (Cross-Fit),0.895,1.285029318022217,0.22173148026777123,s034,20,20600433,strong_signal,Stronger covariate effect,3,0.6,1.2,1,0.35,0.75,2000,0.3,0.1,1500,1.4942986249027561,0.4357142857142857,0.09142857142857143,1400,600
cp_cox_full,CP + Cox,0.9133333333333333,1.2915740511564657,0.2001931692076895,s034,21,20600434,strong_signal,Stronger covariate effect,3,0.6,1.2,1,0.35,0.75,2000,0.3,0.1,1500,1.4861455305855336,0.44571428571428573,0.09428571428571429,1400,600
cp_cox_crossfit,CP + Cox (Cross-Fit),0.9183333333333333,1.3050575445904902,0.18628237042451878,s034,21,20600434,strong_signal,Stronger covariate effect,3,0.6,1.2,1,0.35,0.75,2000,0.3,0.1,1500,1.4861455305855336,0.44571428571428573,0.09428571428571429,1400,600
cp_cox_full,CP + Cox,0.8883333333333333,1.2857231738272863,0.2087682277118251,s034,22,20600435,strong_signal,Stronger covariate effect,3,0.6,1.2,1,0.35,0.75,2000,0.3,0.1,1500,1.512701837894212,0.4685714285714286,0.10785714285714286,1400,600
cp_cox_crossfit,CP + Cox (Cross-Fit),0.8916666666666667,1.2904805278001796,0.205714030536254,s034,22,20600435,strong_signal,Stronger covariate effect,3,0.6,1.2,1,0.35,0.75,2000,0.3,0.1,1500,1.512701837894212,0.4685714285714286,0.10785714285714286,1400,600
cp_cox_full,CP + Cox,0.88,1.3132751521105166,0.21576535829630825,s034,23,20600436,strong_signal,Stronger covariate effect,3,0.6,1.2,1,0.35,0.75,2000,0.3,0.1,1500,1.5241312175172852,0.45285714285714285,0.09571428571428571,1400,600
cp_cox_crossfit,CP + Cox (Cross-Fit),0.875,1.2999494972085293,0.2270016102388478,s034,23,20600436,strong_signal,Stronger covariate effect,3,0.6,1.2,1,0.35,0.75,2000,0.3,0.1,1500,1.5241312175172852,0.45285714285714285,0.09571428571428571,1400,600
cp_cox_full,CP + Cox,0.9083333333333333,1.3750904657114005,0.20513965858548758,s034,24,20600437,strong_signal,Stronger covariate effect,3,0.6,1.2,1,0.35,0.75,2000,0.3,0.1,1500,1.58218843003808,0.4442857142857143,0.08928571428571429,1400,600
cp_cox_crossfit,CP + Cox (Cross-Fit),0.9,1.350079010590167,0.227835133709504,s034,24,20600437,strong_signal,Stronger covariate effect,3,0.6,1.2,1,0.35,0.75,2000,0.3,0.1,1500,1.58218843003808,0.4442857142857143,0.08928571428571429,1400,600
cp_cox_full,CP + Cox,0.8966666666666666,1.3972383862186042,0.1858168933493546,s034,25,20600438,strong_signal,Stronger covariate effect,3,0.6,1.2,1,0.35,0.75,2000,0.3,0.1,1500,1.5996333328967374,0.4342857142857143,0.10357142857142858,1400,600
cp_cox_crossfit,CP + Cox (Cross-Fit),0.8883333333333333,1.3830277513155358,0.19749248603709058,s034,25,20600438,strong_signal,Stronger covariate effect,3,0.6,1.2,1,0.35,0.75,2000,0.3,0.1,1500,1.5996333328967374,0.4342857142857143,0.10357142857142858,1400,600
cp_cox_full,CP + Cox,0.8933333333333333,1.4095961310341676,0.1950563120938289,s034,26,20600439,strong_signal,Stronger covariate effect,3,0.6,1.2,1,0.35,0.75,2000,0.3,0.1,1500,1.6095614560116092,0.43714285714285717,0.08357142857142857,1400,600
cp_cox_crossfit,CP + Cox (Cross-Fit),0.8916666666666667,1.4009597175133661,0.20113844646807927,s034,26,20600439,strong_signal,Stronger covariate effect,3,0.6,1.2,1,0.35,0.75,2000,0.3,0.1,1500,1.6095614560116092,0.43714285714285717,0.08357142857142857,1400,600
cp_cox_full,CP + Cox,0.8766666666666667,1.3078616736457715,0.23647693828784072,s034,27,20600440,strong_signal,Stronger covariate effect,3,0.6,1.2,1,0.35,0.75,2000,0.3,0.1,1500,1.5296184457041149,0.4407142857142857,0.09214285714285714,1400,600
cp_cox_crossfit,CP + Cox (Cross-Fit),0.88,1.3096773043563779,0.23494298230446167,s034,27,20600440,strong_signal,Stronger covariate effect,3,0.6,1.2,1,0.35,0.75,2000,0.3,0.1,1500,1.5296184457041149,0.4407142857142857,0.09214285714285714,1400,600
cp_cox_full,CP + Cox,0.91,1.3673841847536465,0.2563597512558472,s034,28,20600441,strong_signal,Stronger covariate effect,3,0.6,1.2,1,0.35,0.75,2000,0.3,0.1,1500,1.595122471556787,0.43357142857142855,0.08928571428571429,1400,600
cp_cox_crossfit,CP + Cox (Cross-Fit),0.9033333333333333,1.3611899959778273,0.26114535604237576,s034,28,20600441,strong_signal,Stronger covariate effect,3,0.6,1.2,1,0.35,0.75,2000,0.3,0.1,1500,1.595122471556787,0.43357142857142855,0.08928571428571429,1400,600
cp_cox_full,CP + Cox,0.8916666666666667,1.427990462316844,0.1878797994652331,s034,29,20600442,strong_signal,Stronger covariate effect,3,0.6,1.2,1,0.35,0.75,2000,0.3,0.1,1500,1.6276921534835278,0.4392857142857143,0.09928571428571428,1400,600
cp_cox_crossfit,CP + Cox (Cross-Fit),0.8933333333333333,1.4314012909627294,0.18502295156020154,s034,29,20600442,strong_signal,Stronger covariate effect,3,0.6,1.2,1,0.35,0.75,2000,0.3,0.1,1500,1.6276921534835278,0.4392857142857143,0.09928571428571428,1400,600
cp_cox_full,CP + Cox,0.9016666666666666,1.368368683903704,0.20024262067802584,s034,30,20600443,strong_signal,Stronger covariate effect,3,0.6,1.2,1,0.35,0.75,2000,0.3,0.1,1500,1.5586043906930565,0.4592857142857143,0.10285714285714286,1400,600
cp_cox_crossfit,CP + Cox (Cross-Fit),0.9066666666666666,1.3859977050871668,0.18266634189125722,s034,30,20600443,strong_signal,Stronger covariate effect,3,0.6,1.2,1,0.35,0.75,2000,0.3,0.1,1500,1.5586043906930565,0.4592857142857143,0.10285714285714286,1400,600
cp_cox_full,CP + Cox,0.9,2.963949900106423,0.23510622413790463,s035,1,20610414,strong_signal,Stronger covariate effect,3,0.6,1.2,1,0.35,0.9,2000,0.3,0.1,1500,3.205310426956925,0.385,0.020714285714285713,1400,600
cp_cox_crossfit,CP + Cox (Cross-Fit),0.8933333333333333,2.955527621316186,0.24315321676135185,s035,1,20610414,strong_signal,Stronger covariate effect,3,0.6,1.2,1,0.35,0.9,2000,0.3,0.1,1500,3.205310426956925,0.385,0.020714285714285713,1400,600
cp_cox_full,CP + Cox,0.9166666666666666,2.9817361655192567,0.1905557644430581,s035,2,20610415,strong_signal,Stronger covariate effect,3,0.6,1.2,1,0.35,0.9,2000,0.3,0.1,1500,3.1744823210462676,0.36428571428571427,0.015,1400,600
cp_cox_crossfit,CP + Cox (Cross-Fit),0.875,2.923032193426132,0.24200068138628014,s035,2,20610415,strong_signal,Stronger covariate effect,3,0.6,1.2,1,0.35,0.9,2000,0.3,0.1,1500,3.1744823210462676,0.36428571428571427,0.015,1400,600
cp_cox_full,CP + Cox,0.8966666666666666,3.1430072054193228,0.1758131772050356,s035,3,20610416,strong_signal,Stronger covariate effect,3,0.6,1.2,1,0.35,0.9,2000,0.3,0.1,1500,3.3299133833490435,0.36428571428571427,0.017142857142857144,1400,600
cp_cox_crossfit,CP + Cox (Cross-Fit),0.8966666666666666,3.1460957050270695,0.1727707814246029,s035,3,20610416,strong_signal,Stronger covariate effect,3,0.6,1.2,1,0.35,0.9,2000,0.3,0.1,1500,3.3299133833490435,0.36428571428571427,0.017142857142857144,1400,600
cp_cox_full,CP + Cox,0.9066666666666666,2.9452863293704614,0.18755043008422545,s035,4,20610417,strong_signal,Stronger covariate effect,3,0.6,1.2,1,0.35,0.9,2000,0.3,0.1,1500,3.1475167837019504,0.3628571428571429,0.019285714285714285,1400,600
cp_cox_crossfit,CP + Cox (Cross-Fit),0.8983333333333333,2.9269661744252846,0.20385271548945855,s035,4,20610417,strong_signal,Stronger covariate effect,3,0.6,1.2,1,0.35,0.9,2000,0.3,0.1,1500,3.1475167837019504,0.3628571428571429,0.019285714285714285,1400,600
cp_cox_full,CP + Cox,0.9316666666666666,3.171624440875357,0.18556038755826512,s035,5,20610418,strong_signal,Stronger covariate effect,3,0.6,1.2,1,0.35,0.9,2000,0.3,0.1,1500,3.3490707679633696,0.3692857142857143,0.018571428571428572,1400,600
cp_cox_crossfit,CP + Cox (Cross-Fit),0.9233333333333333,3.1581319374621537,0.19894431872898133,s035,5,20610418,strong_signal,Stronger covariate effect,3,0.6,1.2,1,0.35,0.9,2000,0.3,0.1,1500,3.3490707679633696,0.3692857142857143,0.018571428571428572,1400,600
cp_cox_full,CP + Cox,0.91,3.036235470342362,0.19035482302691198,s035,6,20610419,strong_signal,Stronger covariate effect,3,0.6,1.2,1,0.35,0.9,2000,0.3,0.1,1500,3.2483080249094987,0.3607142857142857,0.015714285714285715,1400,600
cp_cox_crossfit,CP + Cox (Cross-Fit),0.9183333333333333,3.052866111311943,0.17440099283098778,s035,6,20610419,strong_signal,Stronger covariate effect,3,0.6,1.2,1,0.35,0.9,2000,0.3,0.1,1500,3.2483080249094987,0.3607142857142857,0.015714285714285715,1400,600
cp_cox_full,CP + Cox,0.8883333333333333,3.0923177534763107,0.23783709563326516,s035,7,20610420,strong_signal,Stronger covariate effect,3,0.6,1.2,1,0.35,0.9,2000,0.3,0.1,1500,3.331959702056519,0.3692857142857143,0.016428571428571428,1400,600
cp_cox_crossfit,CP + Cox (Cross-Fit),0.8983333333333333,3.122680985410302,0.20836059367849977,s035,7,20610420,strong_signal,Stronger covariate effect,3,0.6,1.2,1,0.35,0.9,2000,0.3,0.1,1500,3.331959702056519,0.3692857142857143,0.016428571428571428,1400,600
cp_cox_full,CP + Cox,0.885,3.016621646615289,0.2937138131648797,s035,8,20610421,strong_signal,Stronger covariate effect,3,0.6,1.2,1,0.35,0.9,2000,0.3,0.1,1500,3.281864051395375,0.3757142857142857,0.015,1400,600
cp_cox_crossfit,CP + Cox (Cross-Fit),0.89,3.0262410248813554,0.2850173934939216,s035,8,20610421,strong_signal,Stronger covariate effect,3,0.6,1.2,1,0.35,0.9,2000,0.3,0.1,1500,3.281864051395375,0.3757142857142857,0.015,1400,600
cp_cox_full,CP + Cox,0.9266666666666666,2.945239429770436,0.14379922570741152,s035,9,20610422,strong_signal,Stronger covariate effect,3,0.6,1.2,1,0.35,0.9,2000,0.3,0.1,1500,3.0919186893115085,0.37142857142857144,0.015,1400,600
cp_cox_crossfit,CP + Cox (Cross-Fit),0.925,2.9375475519211798,0.15218276995961272,s035,9,20610422,strong_signal,Stronger covariate effect,3,0.6,1.2,1,0.35,0.9,2000,0.3,0.1,1500,3.0919186893115085,0.37142857142857144,0.015,1400,600
cp_cox_full,CP + Cox,0.9216666666666666,2.8943341726915897,0.20048216899993518,s035,10,20610423,strong_signal,Stronger covariate effect,3,0.6,1.2,1,0.35,0.9,2000,0.3,0.1,1500,3.100029758365684,0.3535714285714286,0.02,1400,600
cp_cox_crossfit,CP + Cox (Cross-Fit),0.9116666666666666,2.883956216339271,0.21056517080659581,s035,10,20610423,strong_signal,Stronger covariate effect,3,0.6,1.2,1,0.35,0.9,2000,0.3,0.1,1500,3.100029758365684,0.3535714285714286,0.02,1400,600
cp_cox_full,CP + Cox,0.89,2.91357984360695,0.17835938584629243,s035,11,20610424,strong_signal,Stronger covariate effect,3,0.6,1.2,1,0.35,0.9,2000,0.3,0.1,1500,3.122749397088781,0.3507142857142857,0.015,1400,600
cp_cox_crossfit,CP + Cox (Cross-Fit),0.8966666666666666,2.92393919576812,0.16944485381182875,s035,11,20610424,strong_signal,Stronger covariate effect,3,0.6,1.2,1,0.35,0.9,2000,0.3,0.1,1500,3.122749397088781,0.3507142857142857,0.015,1400,600
cp_cox_full,CP + Cox,0.885,2.9094695073262993,0.19114408903727872,s035,12,20610425,strong_signal,Stronger covariate effect,3,0.6,1.2,1,0.35,0.9,2000,0.3,0.1,1500,3.110629658445205,0.3842857142857143,0.02642857142857143,1400,600
cp_cox_crossfit,CP + Cox (Cross-Fit),0.8716666666666667,2.8990336407171022,0.20093770543009398,s035,12,20610425,strong_signal,Stronger covariate effect,3,0.6,1.2,1,0.35,0.9,2000,0.3,0.1,1500,3.110629658445205,0.3842857142857143,0.02642857142857143,1400,600
cp_cox_full,CP + Cox,0.8883333333333333,3.0491404383926257,0.17747524210323404,s035,13,20610426,strong_signal,Stronger covariate effect,3,0.6,1.2,1,0.35,0.9,2000,0.3,0.1,1500,3.2523879013630066,0.3657142857142857,0.017142857142857144,1400,600
cp_cox_crossfit,CP + Cox (Cross-Fit),0.9033333333333333,3.0739077793244265,0.15554032844245222,s035,13,20610426,strong_signal,Stronger covariate effect,3,0.6,1.2,1,0.35,0.9,2000,0.3,0.1,1500,3.2523879013630066,0.3657142857142857,0.017142857142857144,1400,600
cp_cox_full,CP + Cox,0.885,3.0724719023956344,0.22366669687544516,s035,14,20610427,strong_signal,Stronger covariate effect,3,0.6,1.2,1,0.35,0.9,2000,0.3,0.1,1500,3.2878080319885763,0.37714285714285717,0.017142857142857144,1400,600
cp_cox_crossfit,CP + Cox (Cross-Fit),0.8866666666666667,3.076885224434059,0.21605450772261078,s035,14,20610427,strong_signal,Stronger covariate effect,3,0.6,1.2,1,0.35,0.9,2000,0.3,0.1,1500,3.2878080319885763,0.37714285714285717,0.017142857142857144,1400,600
cp_cox_full,CP + Cox,0.89,2.9732218205219554,0.2187072970106262,s035,15,20610428,strong_signal,Stronger covariate effect,3,0.6,1.2,1,0.35,0.9,2000,0.3,0.1,1500,3.2015443748941363,0.3585714285714286,0.025,1400,600
cp_cox_crossfit,CP + Cox (Cross-Fit),0.9183333333333333,3.018929174220965,0.17562651036926052,s035,15,20610428,strong_signal,Stronger covariate effect,3,0.6,1.2,1,0.35,0.9,2000,0.3,0.1,1500,3.2015443748941363,0.3585714285714286,0.025,1400,600
cp_cox_full,CP + Cox,0.8916666666666667,2.7900456300374943,0.17715052458341266,s035,16,20610429,strong_signal,Stronger covariate effect,3,0.6,1.2,1,0.35,0.9,2000,0.3,0.1,1500,2.9844063130712004,0.36642857142857144,0.02642857142857143,1400,600
cp_cox_crossfit,CP + Cox (Cross-Fit),0.9,2.8015525724374863,0.165992882067535,s035,16,20610429,strong_signal,Stronger covariate effect,3,0.6,1.2,1,0.35,0.9,2000,0.3,0.1,1500,2.9844063130712004,0.36642857142857144,0.02642857142857143,1400,600
cp_cox_full,CP + Cox,0.9066666666666666,3.125848469778221,0.22648430073889725,s035,17,20610430,strong_signal,Stronger covariate effect,3,0.6,1.2,1,0.35,0.9,2000,0.3,0.1,1500,3.370103061873748,0.35714285714285715,0.02,1400,600
cp_cox_crossfit,CP + Cox (Cross-Fit),0.9333333333333333,3.1657102336568164,0.1901132371696525,s035,17,20610430,strong_signal,Stronger covariate effect,3,0.6,1.2,1,0.35,0.9,2000,0.3,0.1,1500,3.370103061873748,0.35714285714285715,0.02,1400,600
cp_cox_full,CP + Cox,0.8933333333333333,3.00756523100477,0.21092298471176263,s035,18,20610431,strong_signal,Stronger covariate effect,3,0.6,1.2,1,0.35,0.9,2000,0.3,0.1,1500,3.214509299583813,0.35928571428571426,0.018571428571428572,1400,600
cp_cox_crossfit,CP + Cox (Cross-Fit),0.89,2.9927621431306983,0.22831357632225105,s035,18,20610431,strong_signal,Stronger covariate effect,3,0.6,1.2,1,0.35,0.9,2000,0.3,0.1,1500,3.214509299583813,0.35928571428571426,0.018571428571428572,1400,600
cp_cox_full,CP + Cox,0.8916666666666667,3.122972506385895,0.19770085396332684,s035,19,20610432,strong_signal,Stronger covariate effect,3,0.6,1.2,1,0.35,0.9,2000,0.3,0.1,1500,3.330326986708927,0.35428571428571426,0.014285714285714285,1400,600
cp_cox_crossfit,CP + Cox (Cross-Fit),0.9033333333333333,3.1436644582286726,0.17685135530802074,s035,19,20610432,strong_signal,Stronger covariate effect,3,0.6,1.2,1,0.35,0.9,2000,0.3,0.1,1500,3.330326986708927,0.35428571428571426,0.014285714285714285,1400,600
cp_cox_full,CP + Cox,0.92,2.982576762974179,0.29671404031771975,s035,20,20610433,strong_signal,Stronger covariate effect,3,0.6,1.2,1,0.35,0.9,2000,0.3,0.1,1500,3.2177054103958085,0.355,0.017857142857142856,1400,600
cp_cox_crossfit,CP + Cox (Cross-Fit),0.92,2.99779253392801,0.28127920616112934,s035,20,20610433,strong_signal,Stronger covariate effect,3,0.6,1.2,1,0.35,0.9,2000,0.3,0.1,1500,3.2177054103958085,0.355,0.017857142857142856,1400,600
cp_cox_full,CP + Cox,0.8983333333333333,3.0488797880571252,0.18800908491816334,s035,21,20610434,strong_signal,Stronger covariate effect,3,0.6,1.2,1,0.35,0.9,2000,0.3,0.1,1500,3.236652896903282,0.35714285714285715,0.020714285714285713,1400,600
cp_cox_crossfit,CP + Cox (Cross-Fit),0.8966666666666666,3.0452903193737835,0.19128547059457213,s035,21,20610434,strong_signal,Stronger covariate effect,3,0.6,1.2,1,0.35,0.9,2000,0.3,0.1,1500,3.236652896903282,0.35714285714285715,0.020714285714285713,1400,600
cp_cox_full,CP + Cox,0.9216666666666666,3.1790537563774284,0.23066913088047308,s035,22,20610435,strong_signal,Stronger covariate effect,3,0.6,1.2,1,0.35,0.9,2000,0.3,0.1,1500,3.3894940646065654,0.3792857142857143,0.012857142857142857,1400,600
cp_cox_crossfit,CP + Cox (Cross-Fit),0.92,3.1735919251348044,0.2371399179357058,s035,22,20610435,strong_signal,Stronger covariate effect,3,0.6,1.2,1,0.35,0.9,2000,0.3,0.1,1500,3.3894940646065654,0.3792857142857143,0.012857142857142857,1400,600
cp_cox_full,CP + Cox,0.89,2.8704649182989326,0.21224571300330053,s035,23,20610436,strong_signal,Stronger covariate effect,3,0.6,1.2,1,0.35,0.9,2000,0.3,0.1,1500,3.0902033212559203,0.35642857142857143,0.010714285714285714,1400,600
cp_cox_crossfit,CP + Cox (Cross-Fit),0.8866666666666667,2.856874827356035,0.22630203171300922,s035,23,20610436,strong_signal,Stronger covariate effect,3,0.6,1.2,1,0.35,0.9,2000,0.3,0.1,1500,3.0902033212559203,0.35642857142857143,0.010714285714285714,1400,600
cp_cox_full,CP + Cox,0.8833333333333333,2.8484456517987127,0.3042868808746736,s035,24,20610437,strong_signal,Stronger covariate effect,3,0.6,1.2,1,0.35,0.9,2000,0.3,0.1,1500,3.090575137346642,0.39357142857142857,0.022857142857142857,1400,600
cp_cox_crossfit,CP + Cox (Cross-Fit),0.89,2.861878847332402,0.2932441477729233,s035,24,20610437,strong_signal,Stronger covariate effect,3,0.6,1.2,1,0.35,0.9,2000,0.3,0.1,1500,3.090575137346642,0.39357142857142857,0.022857142857142857,1400,600
cp_cox_full,CP + Cox,0.9116666666666666,3.343243528424861,0.21836287763745182,s035,25,20610438,strong_signal,Stronger covariate effect,3,0.6,1.2,1,0.35,0.9,2000,0.3,0.1,1500,3.5777941192551186,0.38857142857142857,0.017142857142857144,1400,600
cp_cox_crossfit,CP + Cox (Cross-Fit),0.9133333333333333,3.3434418185701498,0.21813329885941551,s035,25,20610438,strong_signal,Stronger covariate effect,3,0.6,1.2,1,0.35,0.9,2000,0.3,0.1,1500,3.5777941192551186,0.38857142857142857,0.017142857142857144,1400,600
cp_cox_full,CP + Cox,0.8916666666666667,3.132691678220485,0.23611565319230793,s035,26,20610439,strong_signal,Stronger covariate effect,3,0.6,1.2,1,0.35,0.9,2000,0.3,0.1,1500,3.3467755906912418,0.37214285714285716,0.017857142857142856,1400,600
cp_cox_crossfit,CP + Cox (Cross-Fit),0.8916666666666667,3.1324198343942733,0.23636009974376204,s035,26,20610439,strong_signal,Stronger covariate effect,3,0.6,1.2,1,0.35,0.9,2000,0.3,0.1,1500,3.3467755906912418,0.37214285714285716,0.017857142857142856,1400,600
cp_cox_full,CP + Cox,0.91,3.0714353226573063,0.19370393926242943,s035,27,20610440,strong_signal,Stronger covariate effect,3,0.6,1.2,1,0.35,0.9,2000,0.3,0.1,1500,3.270448446762535,0.36642857142857144,0.017142857142857144,1400,600
cp_cox_crossfit,CP + Cox (Cross-Fit),0.9,3.059835016318595,0.20484566958457687,s035,27,20610440,strong_signal,Stronger covariate effect,3,0.6,1.2,1,0.35,0.9,2000,0.3,0.1,1500,3.270448446762535,0.36642857142857144,0.017142857142857144,1400,600
cp_cox_full,CP + Cox,0.9066666666666666,3.1474969017121985,0.2309189863029525,s035,28,20610441,strong_signal,Stronger covariate effect,3,0.6,1.2,1,0.35,0.9,2000,0.3,0.1,1500,3.3544705186355346,0.35928571428571426,0.02142857142857143,1400,600
cp_cox_crossfit,CP + Cox (Cross-Fit),0.9216666666666666,3.1762434411610334,0.21018162250596598,s035,28,20610441,strong_signal,Stronger covariate effect,3,0.6,1.2,1,0.35,0.9,2000,0.3,0.1,1500,3.3544705186355346,0.35928571428571426,0.02142857142857143,1400,600
cp_cox_full,CP + Cox,0.8933333333333333,2.9634024099775917,0.22214728349407428,s035,29,20610442,strong_signal,Stronger covariate effect,3,0.6,1.2,1,0.35,0.9,2000,0.3,0.1,1500,3.201892319892168,0.38571428571428573,0.013571428571428571,1400,600
cp_cox_crossfit,CP + Cox (Cross-Fit),0.9133333333333333,3.0004691219439663,0.1885683744314496,s035,29,20610442,strong_signal,Stronger covariate effect,3,0.6,1.2,1,0.35,0.9,2000,0.3,0.1,1500,3.201892319892168,0.38571428571428573,0.013571428571428571,1400,600
cp_cox_full,CP + Cox,0.8966666666666666,3.1347046768537843,0.25533376777714856,s035,30,20610443,strong_signal,Stronger covariate effect,3,0.6,1.2,1,0.35,0.9,2000,0.3,0.1,1500,3.40319137521558,0.3792857142857143,0.016428571428571428,1400,600
cp_cox_crossfit,CP + Cox (Cross-Fit),0.8966666666666666,3.1323209491665116,0.2574262194857496,s035,30,20610443,strong_signal,Stronger covariate effect,3,0.6,1.2,1,0.35,0.9,2000,0.3,0.1,1500,3.40319137521558,0.3792857142857143,0.016428571428571428,1400,600
cp_cox_full,CP + Cox,0.895,5.723494422057879,0.21232696898638592,s036,1,20620414,strong_signal,Stronger covariate effect,3,0.6,1.2,1,0.35,0.97,2000,0.3,0.1,1500,5.9337744991960975,0.35428571428571426,7.142857142857143e-4,1400,600
cp_cox_crossfit,CP + Cox (Cross-Fit),0.9016666666666666,5.734637838466219,0.20130577161859195,s036,1,20620414,strong_signal,Stronger covariate effect,3,0.6,1.2,1,0.35,0.97,2000,0.3,0.1,1500,5.9337744991960975,0.35428571428571426,7.142857142857143e-4,1400,600
cp_cox_full,CP + Cox,0.905,6.234215941946565,0.21081429508520208,s036,2,20620415,strong_signal,Stronger covariate effect,3,0.6,1.2,1,0.35,0.97,2000,0.3,0.1,1500,6.452733537282585,0.3678571428571429,0,1400,600
cp_cox_crossfit,CP + Cox (Cross-Fit),0.9066666666666666,6.238086858243265,0.2071308835078392,s036,2,20620415,strong_signal,Stronger covariate effect,3,0.6,1.2,1,0.35,0.97,2000,0.3,0.1,1500,6.452733537282585,0.3678571428571429,0,1400,600
cp_cox_full,CP + Cox,0.9083333333333333,6.577661446310965,0.2506965417529867,s036,3,20620416,strong_signal,Stronger covariate effect,3,0.6,1.2,1,0.35,0.97,2000,0.3,0.1,1500,6.803445717231096,0.36428571428571427,7.142857142857143e-4,1400,600
cp_cox_crossfit,CP + Cox (Cross-Fit),0.91,6.582633208448926,0.2447552772889988,s036,3,20620416,strong_signal,Stronger covariate effect,3,0.6,1.2,1,0.35,0.97,2000,0.3,0.1,1500,6.803445717231096,0.36428571428571427,7.142857142857143e-4,1400,600
cp_cox_full,CP + Cox,0.8983333333333333,5.474360527902219,0.27768079553161185,s036,4,20620417,strong_signal,Stronger covariate effect,3,0.6,1.2,1,0.35,0.97,2000,0.3,0.1,1500,5.735261124353432,0.3628571428571429,0.002142857142857143,1400,600
cp_cox_crossfit,CP + Cox (Cross-Fit),0.8983333333333333,5.476522201721115,0.2756145512819849,s036,4,20620417,strong_signal,Stronger covariate effect,3,0.6,1.2,1,0.35,0.97,2000,0.3,0.1,1500,5.735261124353432,0.3628571428571429,0.002142857142857143,1400,600
cp_cox_full,CP + Cox,0.875,5.349230196566811,0.18902833235561461,s036,5,20620418,strong_signal,Stronger covariate effect,3,0.6,1.2,1,0.35,0.97,2000,0.3,0.1,1500,5.558684484046812,0.35928571428571426,0.0014285714285714286,1400,600
cp_cox_crossfit,CP + Cox (Cross-Fit),0.8683333333333333,5.338530032266522,0.19871006191323984,s036,5,20620418,strong_signal,Stronger covariate effect,3,0.6,1.2,1,0.35,0.97,2000,0.3,0.1,1500,5.558684484046812,0.35928571428571426,0.0014285714285714286,1400,600
cp_cox_full,CP + Cox,0.895,6.08794707527399,0.22939964884217595,s036,6,20620419,strong_signal,Stronger covariate effect,3,0.6,1.2,1,0.35,0.97,2000,0.3,0.1,1500,6.307798254651649,0.355,0.0014285714285714286,1400,600
cp_cox_crossfit,CP + Cox (Cross-Fit),0.8883333333333333,6.0794675642942995,0.2382269202940357,s036,6,20620419,strong_signal,Stronger covariate effect,3,0.6,1.2,1,0.35,0.97,2000,0.3,0.1,1500,6.307798254651649,0.355,0.0014285714285714286,1400,600
cp_cox_full,CP + Cox,0.885,6.117401737446211,0.29191741258801707,s036,7,20620420,strong_signal,Stronger covariate effect,3,0.6,1.2,1,0.35,0.97,2000,0.3,0.1,1500,6.370861989093428,0.33214285714285713,7.142857142857143e-4,1400,600
cp_cox_crossfit,CP + Cox (Cross-Fit),0.8933333333333333,6.133759985250501,0.2718045915995142,s036,7,20620420,strong_signal,Stronger covariate effect,3,0.6,1.2,1,0.35,0.97,2000,0.3,0.1,1500,6.370861989093428,0.33214285714285713,7.142857142857143e-4,1400,600
cp_cox_full,CP + Cox,0.915,5.771097122496256,0.19538183545104254,s036,8,20620421,strong_signal,Stronger covariate effect,3,0.6,1.2,1,0.35,0.97,2000,0.3,0.1,1500,5.977508963842382,0.34785714285714286,0.002142857142857143,1400,600
cp_cox_crossfit,CP + Cox (Cross-Fit),0.9283333333333333,5.801820010113653,0.16786558798308157,s036,8,20620421,strong_signal,Stronger covariate effect,3,0.6,1.2,1,0.35,0.97,2000,0.3,0.1,1500,5.977508963842382,0.34785714285714286,0.002142857142857143,1400,600
cp_cox_full,CP + Cox,0.93,6.165443553014656,0.2042628905004053,s036,9,20620422,strong_signal,Stronger covariate effect,3,0.6,1.2,1,0.35,0.97,2000,0.3,0.1,1500,6.369013921013416,0.36642857142857144,0,1400,600
cp_cox_crossfit,CP + Cox (Cross-Fit),0.9183333333333333,6.145061036589772,0.22501091870456555,s036,9,20620422,strong_signal,Stronger covariate effect,3,0.6,1.2,1,0.35,0.97,2000,0.3,0.1,1500,6.369013921013416,0.36642857142857144,0,1400,600
cp_cox_full,CP + Cox,0.9183333333333333,6.037521365394264,0.16888255960368442,s036,10,20620423,strong_signal,Stronger covariate effect,3,0.6,1.2,1,0.35,0.97,2000,0.3,0.1,1500,6.2193466235647845,0.3557142857142857,7.142857142857143e-4,1400,600
cp_cox_crossfit,CP + Cox (Cross-Fit),0.9066666666666666,6.0158456311666795,0.18948174350611827,s036,10,20620423,strong_signal,Stronger covariate effect,3,0.6,1.2,1,0.35,0.97,2000,0.3,0.1,1500,6.2193466235647845,0.3557142857142857,7.142857142857143e-4,1400,600
cp_cox_full,CP + Cox,0.8933333333333333,5.9409538076093185,0.2172952216136564,s036,11,20620424,strong_signal,Stronger covariate effect,3,0.6,1.2,1,0.35,0.97,2000,0.3,0.1,1500,6.1728724551550895,0.35714285714285715,7.142857142857143e-4,1400,600
cp_cox_crossfit,CP + Cox (Cross-Fit),0.9216666666666666,5.989362181035071,0.17169754794813724,s036,11,20620424,strong_signal,Stronger covariate effect,3,0.6,1.2,1,0.35,0.97,2000,0.3,0.1,1500,6.1728724551550895,0.35714285714285715,7.142857142857143e-4,1400,600
cp_cox_full,CP + Cox,0.865,5.888391965064265,0.292323499963017,s036,12,20620425,strong_signal,Stronger covariate effect,3,0.6,1.2,1,0.35,0.97,2000,0.3,0.1,1500,6.164968196267282,0.3492857142857143,0.0014285714285714286,1400,600
cp_cox_crossfit,CP + Cox (Cross-Fit),0.9033333333333333,5.940081208130482,0.2421941229284506,s036,12,20620425,strong_signal,Stronger covariate effect,3,0.6,1.2,1,0.35,0.97,2000,0.3,0.1,1500,6.164968196267282,0.3492857142857143,0.0014285714285714286,1400,600
cp_cox_full,CP + Cox,0.8833333333333333,5.725045358259401,0.22803597611896953,s036,13,20620426,strong_signal,Stronger covariate effect,3,0.6,1.2,1,0.35,0.97,2000,0.3,0.1,1500,5.966378811671916,0.3192857142857143,0.0014285714285714286,1400,600
cp_cox_crossfit,CP + Cox (Cross-Fit),0.9166666666666666,5.779211462967883,0.17470811673032483,s036,13,20620426,strong_signal,Stronger covariate effect,3,0.6,1.2,1,0.35,0.97,2000,0.3,0.1,1500,5.966378811671916,0.3192857142857143,0.0014285714285714286,1400,600
cp_cox_full,CP + Cox,0.9083333333333333,6.557468748062669,0.21363846098723302,s036,14,20620427,strong_signal,Stronger covariate effect,3,0.6,1.2,1,0.35,0.97,2000,0.3,0.1,1500,6.764355888781541,0.37357142857142855,0.0014285714285714286,1400,600
cp_cox_crossfit,CP + Cox (Cross-Fit),0.8816666666666667,6.519045861915465,0.25401381802496886,s036,14,20620427,strong_signal,Stronger covariate effect,3,0.6,1.2,1,0.35,0.97,2000,0.3,0.1,1500,6.764355888781541,0.37357142857142855,0.0014285714285714286,1400,600
cp_cox_full,CP + Cox,0.9016666666666666,5.89598245794263,0.21659526929830217,s036,15,20620428,strong_signal,Stronger covariate effect,3,0.6,1.2,1,0.35,0.97,2000,0.3,0.1,1500,6.110144041242086,0.33285714285714285,0.0014285714285714286,1400,600
cp_cox_crossfit,CP + Cox (Cross-Fit),0.9083333333333333,5.921974146491886,0.19328651095596766,s036,15,20620428,strong_signal,Stronger covariate effect,3,0.6,1.2,1,0.35,0.97,2000,0.3,0.1,1500,6.110144041242086,0.33285714285714285,0.0014285714285714286,1400,600
cp_cox_full,CP + Cox,0.905,6.055090761048425,0.19904729855714345,s036,16,20620429,strong_signal,Stronger covariate effect,3,0.6,1.2,1,0.35,0.97,2000,0.3,0.1,1500,6.2493897134245,0.3578571428571429,0.002142857142857143,1400,600
cp_cox_crossfit,CP + Cox (Cross-Fit),0.9266666666666666,6.089170168524882,0.16711472532841137,s036,16,20620429,strong_signal,Stronger covariate effect,3,0.6,1.2,1,0.35,0.97,2000,0.3,0.1,1500,6.2493897134245,0.3578571428571429,0.002142857142857143,1400,600
cp_cox_full,CP + Cox,0.91,6.170298680022536,0.22188725479646457,s036,17,20620430,strong_signal,Stronger covariate effect,3,0.6,1.2,1,0.35,0.97,2000,0.3,0.1,1500,6.369366097128357,0.3585714285714286,0.002142857142857143,1400,600
cp_cox_crossfit,CP + Cox (Cross-Fit),0.8933333333333333,6.146487826919287,0.24898403725800725,s036,17,20620430,strong_signal,Stronger covariate effect,3,0.6,1.2,1,0.35,0.97,2000,0.3,0.1,1500,6.369366097128357,0.3585714285714286,0.002142857142857143,1400,600
cp_cox_full,CP + Cox,0.8583333333333333,6.370004565272848,0.22416262083105817,s036,18,20620431,strong_signal,Stronger covariate effect,3,0.6,1.2,1,0.35,0.97,2000,0.3,0.1,1500,6.606745190755508,0.35285714285714287,7.142857142857143e-4,1400,600
cp_cox_crossfit,CP + Cox (Cross-Fit),0.8666666666666667,6.388938170691646,0.20649040841911742,s036,18,20620431,strong_signal,Stronger covariate effect,3,0.6,1.2,1,0.35,0.97,2000,0.3,0.1,1500,6.606745190755508,0.35285714285714287,7.142857142857143e-4,1400,600
cp_cox_full,CP + Cox,0.88,6.648219694632289,0.21670883396739837,s036,19,20620432,strong_signal,Stronger covariate effect,3,0.6,1.2,1,0.35,0.97,2000,0.3,0.1,1500,6.876324044199722,0.34214285714285714,0,1400,600
cp_cox_crossfit,CP + Cox (Cross-Fit),0.8883333333333333,6.662309801398616,0.2025359877146423,s036,19,20620432,strong_signal,Stronger covariate effect,3,0.6,1.2,1,0.35,0.97,2000,0.3,0.1,1500,6.876324044199722,0.34214285714285714,0,1400,600
cp_cox_full,CP + Cox,0.885,6.200876396665314,0.21834373527846493,s036,20,20620433,strong_signal,Stronger covariate effect,3,0.6,1.2,1,0.35,0.97,2000,0.3,0.1,1500,6.421913960125405,0.3464285714285714,0.0014285714285714286,1400,600
cp_cox_crossfit,CP + Cox (Cross-Fit),0.905,6.225289710497445,0.19278859645603882,s036,20,20620433,strong_signal,Stronger covariate effect,3,0.6,1.2,1,0.35,0.97,2000,0.3,0.1,1500,6.421913960125405,0.3464285714285714,0.0014285714285714286,1400,600
cp_cox_full,CP + Cox,0.9,5.973854103786045,0.18816158412557088,s036,21,20620434,strong_signal,Stronger covariate effect,3,0.6,1.2,1,0.35,0.97,2000,0.3,0.1,1500,6.17398283740452,0.3442857142857143,0,1400,600
cp_cox_crossfit,CP + Cox (Cross-Fit),0.905,5.989452906246775,0.17367346970827427,s036,21,20620434,strong_signal,Stronger covariate effect,3,0.6,1.2,1,0.35,0.97,2000,0.3,0.1,1500,6.17398283740452,0.3442857142857143,0,1400,600
cp_cox_full,CP + Cox,0.8983333333333333,6.106013567763758,0.1934641814653482,s036,22,20620435,strong_signal,Stronger covariate effect,3,0.6,1.2,1,0.35,0.97,2000,0.3,0.1,1500,6.31259976377667,0.34785714285714286,0.0014285714285714286,1400,600
cp_cox_crossfit,CP + Cox (Cross-Fit),0.8983333333333333,6.104863004411817,0.19443694502554784,s036,22,20620435,strong_signal,Stronger covariate effect,3,0.6,1.2,1,0.35,0.97,2000,0.3,0.1,1500,6.31259976377667,0.34785714285714286,0.0014285714285714286,1400,600
cp_cox_full,CP + Cox,0.9033333333333333,5.939933171319776,0.2058888624842159,s036,23,20620436,strong_signal,Stronger covariate effect,3,0.6,1.2,1,0.35,0.97,2000,0.3,0.1,1500,6.132966226136034,0.35428571428571426,7.142857142857143e-4,1400,600
cp_cox_crossfit,CP + Cox (Cross-Fit),0.9033333333333333,5.940650606209381,0.2051927739265287,s036,23,20620436,strong_signal,Stronger covariate effect,3,0.6,1.2,1,0.35,0.97,2000,0.3,0.1,1500,6.132966226136034,0.35428571428571426,7.142857142857143e-4,1400,600
cp_cox_full,CP + Cox,0.8783333333333333,5.899644301161997,0.30096054625721474,s036,24,20620437,strong_signal,Stronger covariate effect,3,0.6,1.2,1,0.35,0.97,2000,0.3,0.1,1500,6.179408372588225,0.32785714285714285,0.0014285714285714286,1400,600
cp_cox_crossfit,CP + Cox (Cross-Fit),0.9,5.941121653126217,0.2590675892846907,s036,24,20620437,strong_signal,Stronger covariate effect,3,0.6,1.2,1,0.35,0.97,2000,0.3,0.1,1500,6.179408372588225,0.32785714285714285,0.0014285714285714286,1400,600
cp_cox_full,CP + Cox,0.8816666666666667,6.289407141906803,0.32167633481077,s036,25,20620438,strong_signal,Stronger covariate effect,3,0.6,1.2,1,0.35,0.97,2000,0.3,0.1,1500,6.5577030419847,0.35928571428571426,0.0014285714285714286,1400,600
cp_cox_crossfit,CP + Cox (Cross-Fit),0.8866666666666667,6.297461899156706,0.3117054240365442,s036,25,20620438,strong_signal,Stronger covariate effect,3,0.6,1.2,1,0.35,0.97,2000,0.3,0.1,1500,6.5577030419847,0.35928571428571426,0.0014285714285714286,1400,600
cp_cox_full,CP + Cox,0.92,5.6454715871276235,0.29697157946506586,s036,26,20620439,strong_signal,Stronger covariate effect,3,0.6,1.2,1,0.35,0.97,2000,0.3,0.1,1500,5.905639992767282,0.3407142857142857,0.002857142857142857,1400,600
cp_cox_crossfit,CP + Cox (Cross-Fit),0.935,5.690940838663907,0.24547816725688826,s036,26,20620439,strong_signal,Stronger covariate effect,3,0.6,1.2,1,0.35,0.97,2000,0.3,0.1,1500,5.905639992767282,0.3407142857142857,0.002857142857142857,1400,600
cp_cox_full,CP + Cox,0.8966666666666666,5.582725630022728,0.18825633121855978,s036,27,20620440,strong_signal,Stronger covariate effect,3,0.6,1.2,1,0.35,0.97,2000,0.3,0.1,1500,5.798573596072119,0.34785714285714286,0,1400,600
cp_cox_crossfit,CP + Cox (Cross-Fit),0.9066666666666666,5.604644866300383,0.16898725048857902,s036,27,20620440,strong_signal,Stronger covariate effect,3,0.6,1.2,1,0.35,0.97,2000,0.3,0.1,1500,5.798573596072119,0.34785714285714286,0,1400,600
cp_cox_full,CP + Cox,0.91,6.01117323220347,0.2646266721512594,s036,28,20620441,strong_signal,Stronger covariate effect,3,0.6,1.2,1,0.35,0.97,2000,0.3,0.1,1500,6.213737165225983,0.3757142857142857,0,1400,600
cp_cox_crossfit,CP + Cox (Cross-Fit),0.9116666666666666,6.01409174783065,0.26179611238665723,s036,28,20620441,strong_signal,Stronger covariate effect,3,0.6,1.2,1,0.35,0.97,2000,0.3,0.1,1500,6.213737165225983,0.3757142857142857,0,1400,600
cp_cox_full,CP + Cox,0.9216666666666666,6.469423614299081,0.19675283562600104,s036,29,20620442,strong_signal,Stronger covariate effect,3,0.6,1.2,1,0.35,0.97,2000,0.3,0.1,1500,6.663504210266201,0.34285714285714286,7.142857142857143e-4,1400,600
cp_cox_crossfit,CP + Cox (Cross-Fit),0.9216666666666666,6.472264269721359,0.19374383800369208,s036,29,20620442,strong_signal,Stronger covariate effect,3,0.6,1.2,1,0.35,0.97,2000,0.3,0.1,1500,6.663504210266201,0.34285714285714286,7.142857142857143e-4,1400,600
cp_cox_full,CP + Cox,0.905,5.745770937465155,0.19965642127954106,s036,30,20620443,strong_signal,Stronger covariate effect,3,0.6,1.2,1,0.35,0.97,2000,0.3,0.1,1500,5.939128885345681,0.3678571428571429,0.002142857142857143,1400,600
cp_cox_crossfit,CP + Cox (Cross-Fit),0.905,5.745001647262333,0.2002508802455308,s036,30,20620443,strong_signal,Stronger covariate effect,3,0.6,1.2,1,0.35,0.97,2000,0.3,0.1,1500,5.939128885345681,0.3678571428571429,0.002142857142857143,1400,600
